trial_id,random_order,experiment_list,dataset_number,dataset_slug,dataset_label,stimulus_set,condition_id,condition_name,cohesion,transitivity,condition_trigger,item_trigger,n_images,img1,img1_role,img2,img2_role,img3,img3_role,img4,img4_role,between_image,audio_probe,between_audio,between_audio_lock_sec,source_dataset_folder
d001_set1_it_coh_list1,1,1,1,001_cough_throw_bones,cough_throw_bones,1,it_coh,intransitive_cohesive,cohesive,intransitive,3,1,4,JpegStimuliFullRes/1_cough_throw bones/1/coh_1.jpg,coh_1,JpegStimuliFullRes/1_cough_throw bones/1/coh_2.jpg,coh_2,JpegStimuliFullRes/1_cough_throw bones/1/it_target.jpg,it_target,JpegStimuliFullRes/1_cough_throw bones/1/end_coh_it.jpg,end_coh_it,BetweenTrials/nepal_2025_011_img_7005.jpg,0,,0,C:\Users\Sofya\Documents\Discourse part\gurung-stimuli\psychopy_gurung_v1\JpegStimuliFullRes\1_cough_throw bones
d001_set1_tr_ic_list1,2,1,1,001_cough_throw_bones,cough_throw_bones,1,tr_ic,transitive_incohesive,incohesive,transitive,2,1,3,JpegStimuliFullRes/1_cough_throw bones/1/ic_1.jpg,ic_1,JpegStimuliFullRes/1_cough_throw bones/1/tr_target.jpg,tr_target,JpegStimuliFullRes/1_cough_throw bones/1/end_ic_tr.jpg,end_ic_tr,,,BetweenTrials/nepal_2025_012_img_6732.jpg,0,,0,C:\Users\Sofya\Documents\Discourse part\gurung-stimuli\psychopy_gurung_v1\JpegStimuliFullRes\1_cough_throw bones
d001_set2_tr_coh_list1,3,1,1,001_cough_throw_bones,cough_throw_bones,2,tr_coh,transitive_cohesive,cohesive,transitive,1,2,3,JpegStimuliFullRes/1_cough_throw bones/2/coh_1.jpg,coh_1,JpegStimuliFullRes/1_cough_throw bones/2/coh_2.jpg,coh_2,JpegStimuliFullRes/1_cough_throw bones/2/tr_target.jpg,tr_target,,,BetweenTrials/nepal_2025_013_img_6809.jpg,0,,0,C:\Users\Sofya\Documents\Discourse part\gurung-stimuli\psychopy_gurung_v1\JpegStimuliFullRes\1_cough_throw bones
d001_set2_it_ic_list1,4,1,1,001_cough_throw_bones,cough_throw_bones,2,it_ic,intransitive_incohesive,incohesive,intransitive,4,2,3,JpegStimuliFullRes/1_cough_throw bones/2/ic_1.jpg,ic_1,JpegStimuliFullRes/1_cough_throw bones/2/it_target.jpg,it_target,JpegStimuliFullRes/1_cough_throw bones/2/end_ic_it.jpg,end_ic_it,,,BetweenTrials/nepal_2025_014_img_7032.jpg,0,,0,C:\Users\Sofya\Documents\Discourse part\gurung-stimuli\psychopy_gurung_v1\JpegStimuliFullRes\1_cough_throw bones
d001_set3_tr_coh_list1,5,1,1,001_cough_throw_bones,cough_throw_bones,3,tr_coh,transitive_cohesive,cohesive,transitive,1,3,3,JpegStimuliFullRes/1_cough_throw bones/3/coh_1.jpg,coh_1,JpegStimuliFullRes/1_cough_throw bones/3/coh_2.jpg,coh_2,JpegStimuliFullRes/1_cough_throw bones/3/tr_target.jpg,tr_target,,,BetweenTrials/nepal_2025_015_img_6927.jpg,0,,0,C:\Users\Sofya\Documents\Discourse part\gurung-stimuli\psychopy_gurung_v1\JpegStimuliFullRes\1_cough_throw bones
d001_set3_it_ic_list1,6,1,1,001_cough_throw_bones,cough_throw_bones,3,it_ic,intransitive_incohesive,incohesive,intransitive,4,3,3,JpegStimuliFullRes/1_cough_throw bones/3/ic_1.jpg,ic_1,JpegStimuliFullRes/1_cough_throw bones/3/it_target.jpg,it_target,JpegStimuliFullRes/1_cough_throw bones/3/end_ic_it.jpg,end_ic_it,,,BetweenTrials/nepal_2025_016_img_7116.jpg,0,,0,C:\Users\Sofya\Documents\Discourse part\gurung-stimuli\psychopy_gurung_v1\JpegStimuliFullRes\1_cough_throw bones
d001_set4_it_coh_list1,7,1,1,001_cough_throw_bones,cough_throw_bones,4,it_coh,intransitive_cohesive,cohesive,intransitive,3,4,4,JpegStimuliFullRes/1_cough_throw bones/4/coh_1.jpg,coh_1,JpegStimuliFullRes/1_cough_throw bones/4/coh_2.jpg,coh_2,JpegStimuliFullRes/1_cough_throw bones/4/it_target.jpg,it_target,JpegStimuliFullRes/1_cough_throw bones/4/end_coh_it.jpg,end_coh_it,BetweenTrials/nepal_2025_017_img_6921.jpg,0,,0,C:\Users\Sofya\Documents\Discourse part\gurung-stimuli\psychopy_gurung_v1\JpegStimuliFullRes\1_cough_throw bones
d001_set4_tr_ic_list1,8,1,1,001_cough_throw_bones,cough_throw_bones,4,tr_ic,transitive_incohesive,incohesive,transitive,2,4,3,JpegStimuliFullRes/1_cough_throw bones/4/ic_1.jpg,ic_1,JpegStimuliFullRes/1_cough_throw bones/4/tr_target.jpg,tr_target,JpegStimuliFullRes/1_cough_throw bones/4/end_ic_tr.jpg,end_ic_tr,,,BetweenTrials/nepal_2025_018_img_6853.jpg,0,,0,C:\Users\Sofya\Documents\Discourse part\gurung-stimuli\psychopy_gurung_v1\JpegStimuliFullRes\1_cough_throw bones
d002_set1_it_coh_list1,9,1,2,002_stand_weave_basket,stand_weave_basket,1,it_coh,intransitive_cohesive,cohesive,intransitive,3,5,4,JpegStimuliFullRes/2_stand_weave basket/1/coh_1.jpg,coh_1,JpegStimuliFullRes/2_stand_weave basket/1/coh_2.jpg,coh_2,JpegStimuliFullRes/2_stand_weave basket/1/it_target.jpg,it_target,JpegStimuliFullRes/2_stand_weave basket/1/end_coh_it.jpg,end_coh_it,BetweenTrials/nepal_2025_019_img_6735.jpg,0,,0,C:\Users\Sofya\Documents\Discourse part\gurung-stimuli\psychopy_gurung_v1\JpegStimuliFullRes\2_stand_weave basket
d002_set1_tr_ic_list1,10,1,2,002_stand_weave_basket,stand_weave_basket,1,tr_ic,transitive_incohesive,incohesive,transitive,2,5,3,JpegStimuliFullRes/2_stand_weave basket/1/ic_1.jpg,ic_1,JpegStimuliFullRes/2_stand_weave basket/1/tr_target.jpg,tr_target,JpegStimuliFullRes/2_stand_weave basket/1/end_ic_tr.jpg,end_ic_tr,,,BetweenTrials/nepal_2025_020_img_6774.jpg,0,,0,C:\Users\Sofya\Documents\Discourse part\gurung-stimuli\psychopy_gurung_v1\JpegStimuliFullRes\2_stand_weave basket
d002_set2_tr_coh_list1,11,1,2,002_stand_weave_basket,stand_weave_basket,2,tr_coh,transitive_cohesive,cohesive,transitive,1,6,3,JpegStimuliFullRes/2_stand_weave basket/2/coh_1.jpg,coh_1,JpegStimuliFullRes/2_stand_weave basket/2/coh_2.jpg,coh_2,JpegStimuliFullRes/2_stand_weave basket/2/tr_target.jpg,tr_target,,,BetweenTrials/nepal_2025_021_img_6855.jpg,0,,0,C:\Users\Sofya\Documents\Discourse part\gurung-stimuli\psychopy_gurung_v1\JpegStimuliFullRes\2_stand_weave basket
d002_set2_it_ic_list1,12,1,2,002_stand_weave_basket,stand_weave_basket,2,it_ic,intransitive_incohesive,incohesive,intransitive,4,6,3,JpegStimuliFullRes/2_stand_weave basket/2/ic_1.jpg,ic_1,JpegStimuliFullRes/2_stand_weave basket/2/it_target.jpg,it_target,JpegStimuliFullRes/2_stand_weave basket/2/end_ic_it.jpg,end_ic_it,,,BetweenTrials/nepal_2025_022_img_6741.jpg,0,,0,C:\Users\Sofya\Documents\Discourse part\gurung-stimuli\psychopy_gurung_v1\JpegStimuliFullRes\2_stand_weave basket
d002_set3_tr_coh_list1,13,1,2,002_stand_weave_basket,stand_weave_basket,3,tr_coh,transitive_cohesive,cohesive,transitive,1,7,3,JpegStimuliFullRes/2_stand_weave basket/3/coh_1.jpg,coh_1,JpegStimuliFullRes/2_stand_weave basket/3/coh_2.jpg,coh_2,JpegStimuliFullRes/2_stand_weave basket/3/tr_target.jpg,tr_target,,,BetweenTrials/nepal_2025_023_img_6730.jpg,0,,0,C:\Users\Sofya\Documents\Discourse part\gurung-stimuli\psychopy_gurung_v1\JpegStimuliFullRes\2_stand_weave basket
d002_set3_it_ic_list1,14,1,2,002_stand_weave_basket,stand_weave_basket,3,it_ic,intransitive_incohesive,incohesive,intransitive,4,7,3,JpegStimuliFullRes/2_stand_weave basket/3/ic_1.jpg,ic_1,JpegStimuliFullRes/2_stand_weave basket/3/it_target.jpg,it_target,JpegStimuliFullRes/2_stand_weave basket/3/end_ic_it.jpg,end_ic_it,,,BetweenTrials/nepal_2025_024_img_7011.jpg,0,,0,C:\Users\Sofya\Documents\Discourse part\gurung-stimuli\psychopy_gurung_v1\JpegStimuliFullRes\2_stand_weave basket
d002_set4_it_coh_list1,15,1,2,002_stand_weave_basket,stand_weave_basket,4,it_coh,intransitive_cohesive,cohesive,intransitive,3,8,4,JpegStimuliFullRes/2_stand_weave basket/4/coh_1.jpg,coh_1,JpegStimuliFullRes/2_stand_weave basket/4/coh_2.jpg,coh_2,JpegStimuliFullRes/2_stand_weave basket/4/it_target.jpg,it_target,JpegStimuliFullRes/2_stand_weave basket/4/end_coh_it.jpg,end_coh_it,BetweenTrials/nepal_2025_025_img_7021.jpg,0,,0,C:\Users\Sofya\Documents\Discourse part\gurung-stimuli\psychopy_gurung_v1\JpegStimuliFullRes\2_stand_weave basket
d002_set4_tr_ic_list1,16,1,2,002_stand_weave_basket,stand_weave_basket,4,tr_ic,transitive_incohesive,incohesive,transitive,2,8,3,JpegStimuliFullRes/2_stand_weave basket/4/ic_1.jpg,ic_1,JpegStimuliFullRes/2_stand_weave basket/4/tr_target.jpg,tr_target,JpegStimuliFullRes/2_stand_weave basket/4/end_ic_tr.jpg,end_ic_tr,,,BetweenTrials/nepal_2025_026_img_6903.jpg,0,,0,C:\Users\Sofya\Documents\Discourse part\gurung-stimuli\psychopy_gurung_v1\JpegStimuliFullRes\2_stand_weave basket
d003_set1_it_coh_list1,17,1,3,003_rest_cook_fish,rest_cook_fish,1,it_coh,intransitive_cohesive,cohesive,intransitive,3,9,4,JpegStimuliFullRes/3_rest_cook fish/1/coh_1.jpg,coh_1,JpegStimuliFullRes/3_rest_cook fish/1/coh_2.jpg,coh_2,JpegStimuliFullRes/3_rest_cook fish/1/it_target.jpg,it_target,JpegStimuliFullRes/3_rest_cook fish/1/end_coh_it.jpg,end_coh_it,BetweenTrials/nepal_2025_027_img_6829.jpg,0,,0,C:\Users\Sofya\Documents\Discourse part\gurung-stimuli\psychopy_gurung_v1\JpegStimuliFullRes\3_rest_cook fish
d003_set1_tr_ic_list1,18,1,3,003_rest_cook_fish,rest_cook_fish,1,tr_ic,transitive_incohesive,incohesive,transitive,2,9,3,JpegStimuliFullRes/3_rest_cook fish/1/ic_1.jpg,ic_1,JpegStimuliFullRes/3_rest_cook fish/1/tr_target.jpg,tr_target,JpegStimuliFullRes/3_rest_cook fish/1/end_ic_tr.jpg,end_ic_tr,,,BetweenTrials/nepal_2025_028_img_6974.jpg,0,,0,C:\Users\Sofya\Documents\Discourse part\gurung-stimuli\psychopy_gurung_v1\JpegStimuliFullRes\3_rest_cook fish
d003_set2_tr_coh_list1,19,1,3,003_rest_cook_fish,rest_cook_fish,2,tr_coh,transitive_cohesive,cohesive,transitive,1,10,3,JpegStimuliFullRes/3_rest_cook fish/2/coh_1.jpg,coh_1,JpegStimuliFullRes/3_rest_cook fish/2/coh_2.jpg,coh_2,JpegStimuliFullRes/3_rest_cook fish/2/tr_target.jpg,tr_target,,,BetweenTrials/nepal_2025_029_img_7129.jpg,0,,0,C:\Users\Sofya\Documents\Discourse part\gurung-stimuli\psychopy_gurung_v1\JpegStimuliFullRes\3_rest_cook fish
d003_set2_it_ic_list1,20,1,3,003_rest_cook_fish,rest_cook_fish,2,it_ic,intransitive_incohesive,incohesive,intransitive,4,10,3,JpegStimuliFullRes/3_rest_cook fish/2/ic_1.jpg,ic_1,JpegStimuliFullRes/3_rest_cook fish/2/it_target.jpg,it_target,JpegStimuliFullRes/3_rest_cook fish/2/end_ic_it.jpg,end_ic_it,,,BetweenTrials/nepal_2025_030_img_6781.jpg,0,,0,C:\Users\Sofya\Documents\Discourse part\gurung-stimuli\psychopy_gurung_v1\JpegStimuliFullRes\3_rest_cook fish
d003_set3_tr_coh_list1,21,1,3,003_rest_cook_fish,rest_cook_fish,3,tr_coh,transitive_cohesive,cohesive,transitive,1,11,3,JpegStimuliFullRes/3_rest_cook fish/3/coh_1.jpg,coh_1,JpegStimuliFullRes/3_rest_cook fish/3/coh_2.jpg,coh_2,JpegStimuliFullRes/3_rest_cook fish/3/tr_target.jpg,tr_target,,,BetweenTrials/nepal_2025_031_img_7006.jpg,0,,0,C:\Users\Sofya\Documents\Discourse part\gurung-stimuli\psychopy_gurung_v1\JpegStimuliFullRes\3_rest_cook fish
d003_set3_it_ic_list1,22,1,3,003_rest_cook_fish,rest_cook_fish,3,it_ic,intransitive_incohesive,incohesive,intransitive,4,11,3,JpegStimuliFullRes/3_rest_cook fish/3/ic_1.jpg,ic_1,JpegStimuliFullRes/3_rest_cook fish/3/it_target.jpg,it_target,JpegStimuliFullRes/3_rest_cook fish/3/end_ic_it.jpg,end_ic_it,,,BetweenTrials/nepal_2025_032_img_7051.jpg,0,,0,C:\Users\Sofya\Documents\Discourse part\gurung-stimuli\psychopy_gurung_v1\JpegStimuliFullRes\3_rest_cook fish
d003_set4_it_coh_list1,23,1,3,003_rest_cook_fish,rest_cook_fish,4,it_coh,intransitive_cohesive,cohesive,intransitive,3,12,4,JpegStimuliFullRes/3_rest_cook fish/4/coh_1.jpg,coh_1,JpegStimuliFullRes/3_rest_cook fish/4/coh_2.jpg,coh_2,JpegStimuliFullRes/3_rest_cook fish/4/it_target.jpg,it_target,JpegStimuliFullRes/3_rest_cook fish/4/end_coh_it.jpg,end_coh_it,BetweenTrials/nepal_2025_033_img_6727.jpg,0,,0,C:\Users\Sofya\Documents\Discourse part\gurung-stimuli\psychopy_gurung_v1\JpegStimuliFullRes\3_rest_cook fish
d003_set4_tr_ic_list1,24,1,3,003_rest_cook_fish,rest_cook_fish,4,tr_ic,transitive_incohesive,incohesive,transitive,2,12,3,JpegStimuliFullRes/3_rest_cook fish/4/ic_1.jpg,ic_1,JpegStimuliFullRes/3_rest_cook fish/4/tr_target.jpg,tr_target,JpegStimuliFullRes/3_rest_cook fish/4/end_ic_tr.jpg,end_ic_tr,,,BetweenTrials/nepal_2025_034_img_6913.jpg,0,,0,C:\Users\Sofya\Documents\Discourse part\gurung-stimuli\psychopy_gurung_v1\JpegStimuliFullRes\3_rest_cook fish
d004_set1_it_coh_list1,25,1,4,004_run_drink_tea,run_drink_tea,1,it_coh,intransitive_cohesive,cohesive,intransitive,3,13,4,JpegStimuliFullRes/4_run_drink tea/1/coh_1.jpg,coh_1,JpegStimuliFullRes/4_run_drink tea/1/coh_2.jpg,coh_2,JpegStimuliFullRes/4_run_drink tea/1/it_target.jpg,it_target,JpegStimuliFullRes/4_run_drink tea/1/end_coh_it.jpg,end_coh_it,BetweenTrials/nepal_2025_035_img_6724.jpg,0,,0,C:\Users\Sofya\Documents\Discourse part\gurung-stimuli\psychopy_gurung_v1\JpegStimuliFullRes\4_run_drink tea
d004_set1_tr_ic_list1,26,1,4,004_run_drink_tea,run_drink_tea,1,tr_ic,transitive_incohesive,incohesive,transitive,2,13,3,JpegStimuliFullRes/4_run_drink tea/1/ic_1.jpg,ic_1,JpegStimuliFullRes/4_run_drink tea/1/tr_target.jpg,tr_target,JpegStimuliFullRes/4_run_drink tea/1/end_ic_tr.jpg,end_ic_tr,,,BetweenTrials/nepal_2025_036_img_7023.jpg,0,,0,C:\Users\Sofya\Documents\Discourse part\gurung-stimuli\psychopy_gurung_v1\JpegStimuliFullRes\4_run_drink tea
d004_set2_tr_coh_list1,27,1,4,004_run_drink_tea,run_drink_tea,2,tr_coh,transitive_cohesive,cohesive,transitive,1,14,3,JpegStimuliFullRes/4_run_drink tea/2/coh_1.jpg,coh_1,JpegStimuliFullRes/4_run_drink tea/2/coh_2.jpg,coh_2,JpegStimuliFullRes/4_run_drink tea/2/tr_target.jpg,tr_target,,,BetweenTrials/nepal_2025_037_img_7043.jpg,0,,0,C:\Users\Sofya\Documents\Discourse part\gurung-stimuli\psychopy_gurung_v1\JpegStimuliFullRes\4_run_drink tea
d004_set2_it_ic_list1,28,1,4,004_run_drink_tea,run_drink_tea,2,it_ic,intransitive_incohesive,incohesive,intransitive,4,14,3,JpegStimuliFullRes/4_run_drink tea/2/ic_1.jpg,ic_1,JpegStimuliFullRes/4_run_drink tea/2/it_target.jpg,it_target,JpegStimuliFullRes/4_run_drink tea/2/end_ic_it.jpg,end_ic_it,,,BetweenTrials/nepal_2025_038_img_6822.jpg,0,,0,C:\Users\Sofya\Documents\Discourse part\gurung-stimuli\psychopy_gurung_v1\JpegStimuliFullRes\4_run_drink tea
d004_set3_tr_coh_list1,29,1,4,004_run_drink_tea,run_drink_tea,3,tr_coh,transitive_cohesive,cohesive,transitive,1,15,3,JpegStimuliFullRes/4_run_drink tea/3/coh_1.jpg,coh_1,JpegStimuliFullRes/4_run_drink tea/3/coh_2.jpg,coh_2,JpegStimuliFullRes/4_run_drink tea/3/tr_target.jpg,tr_target,,,BetweenTrials/nepal_2025_039_img_6717.jpg,0,,0,C:\Users\Sofya\Documents\Discourse part\gurung-stimuli\psychopy_gurung_v1\JpegStimuliFullRes\4_run_drink tea
d004_set3_it_ic_list1,30,1,4,004_run_drink_tea,run_drink_tea,3,it_ic,intransitive_incohesive,incohesive,intransitive,4,15,3,JpegStimuliFullRes/4_run_drink tea/3/ic_1.jpg,ic_1,JpegStimuliFullRes/4_run_drink tea/3/it_target.jpg,it_target,JpegStimuliFullRes/4_run_drink tea/3/end_ic_it.jpg,end_ic_it,,,BetweenTrials/nepal_2025_040_img_7035.jpg,0,,0,C:\Users\Sofya\Documents\Discourse part\gurung-stimuli\psychopy_gurung_v1\JpegStimuliFullRes\4_run_drink tea
d004_set4_it_coh_list1,31,1,4,004_run_drink_tea,run_drink_tea,4,it_coh,intransitive_cohesive,cohesive,intransitive,3,16,4,JpegStimuliFullRes/4_run_drink tea/4/coh_1.jpg,coh_1,JpegStimuliFullRes/4_run_drink tea/4/coh_2.jpg,coh_2,JpegStimuliFullRes/4_run_drink tea/4/it_target.jpg,it_target,JpegStimuliFullRes/4_run_drink tea/4/end_coh_it.jpg,end_coh_it,BetweenTrials/nepal_2025_041_img_7093.jpg,0,,0,C:\Users\Sofya\Documents\Discourse part\gurung-stimuli\psychopy_gurung_v1\JpegStimuliFullRes\4_run_drink tea
d004_set4_tr_ic_list1,32,1,4,004_run_drink_tea,run_drink_tea,4,tr_ic,transitive_incohesive,incohesive,transitive,2,16,3,JpegStimuliFullRes/4_run_drink tea/4/ic_1.jpg,ic_1,JpegStimuliFullRes/4_run_drink tea/4/tr_target.jpg,tr_target,JpegStimuliFullRes/4_run_drink tea/4/end_ic_tr.jpg,end_ic_tr,,,BetweenTrials/nepal_2025_042_img_6950.jpg,0,,0,C:\Users\Sofya\Documents\Discourse part\gurung-stimuli\psychopy_gurung_v1\JpegStimuliFullRes\4_run_drink tea
d005_set1_it_coh_list1,33,1,5,005_rest_build_wall,rest_build_wall,1,it_coh,intransitive_cohesive,cohesive,intransitive,3,17,4,JpegStimuliFullRes/5_rest_build wall/1/coh_1.jpg,coh_1,JpegStimuliFullRes/5_rest_build wall/1/coh_2.jpg,coh_2,JpegStimuliFullRes/5_rest_build wall/1/it_target.jpg,it_target,JpegStimuliFullRes/5_rest_build wall/1/end_coh_it.jpg,end_coh_it,BetweenTrials/nepal_2025_043_img_7008.jpg,0,,0,C:\Users\Sofya\Documents\Discourse part\gurung-stimuli\psychopy_gurung_v1\JpegStimuliFullRes\5_rest_build wall
d005_set1_tr_ic_list1,34,1,5,005_rest_build_wall,rest_build_wall,1,tr_ic,transitive_incohesive,incohesive,transitive,2,17,3,JpegStimuliFullRes/5_rest_build wall/1/ic_1.jpg,ic_1,JpegStimuliFullRes/5_rest_build wall/1/tr_target.jpg,tr_target,JpegStimuliFullRes/5_rest_build wall/1/end_ic_tr.jpg,end_ic_tr,,,BetweenTrials/nepal_2025_044_img_6932.jpg,0,,0,C:\Users\Sofya\Documents\Discourse part\gurung-stimuli\psychopy_gurung_v1\JpegStimuliFullRes\5_rest_build wall
d005_set2_tr_coh_list1,35,1,5,005_rest_build_wall,rest_build_wall,2,tr_coh,transitive_cohesive,cohesive,transitive,1,18,3,JpegStimuliFullRes/5_rest_build wall/2/coh_1.jpg,coh_1,JpegStimuliFullRes/5_rest_build wall/2/coh_2.jpg,coh_2,JpegStimuliFullRes/5_rest_build wall/2/tr_target.jpg,tr_target,,,BetweenTrials/nepal_2025_045_img_6894.jpg,0,,0,C:\Users\Sofya\Documents\Discourse part\gurung-stimuli\psychopy_gurung_v1\JpegStimuliFullRes\5_rest_build wall
d005_set2_it_ic_list1,36,1,5,005_rest_build_wall,rest_build_wall,2,it_ic,intransitive_incohesive,incohesive,intransitive,4,18,3,JpegStimuliFullRes/5_rest_build wall/2/ic_1.jpg,ic_1,JpegStimuliFullRes/5_rest_build wall/2/it_target.jpg,it_target,JpegStimuliFullRes/5_rest_build wall/2/end_ic_it.jpg,end_ic_it,,,BetweenTrials/nepal_2025_046_img_6783.jpg,0,,0,C:\Users\Sofya\Documents\Discourse part\gurung-stimuli\psychopy_gurung_v1\JpegStimuliFullRes\5_rest_build wall
d005_set3_tr_coh_list1,37,1,5,005_rest_build_wall,rest_build_wall,3,tr_coh,transitive_cohesive,cohesive,transitive,1,19,3,JpegStimuliFullRes/5_rest_build wall/3/coh_1.jpg,coh_1,JpegStimuliFullRes/5_rest_build wall/3/coh_2.jpg,coh_2,JpegStimuliFullRes/5_rest_build wall/3/tr_target.jpg,tr_target,,,BetweenTrials/nepal_2025_047_img_7090.jpg,0,,0,C:\Users\Sofya\Documents\Discourse part\gurung-stimuli\psychopy_gurung_v1\JpegStimuliFullRes\5_rest_build wall
d005_set3_it_ic_list1,38,1,5,005_rest_build_wall,rest_build_wall,3,it_ic,intransitive_incohesive,incohesive,intransitive,4,19,3,JpegStimuliFullRes/5_rest_build wall/3/ic_1.jpg,ic_1,JpegStimuliFullRes/5_rest_build wall/3/it_target.jpg,it_target,JpegStimuliFullRes/5_rest_build wall/3/end_ic_it.jpg,end_ic_it,,,BetweenTrials/nepal_2025_048_img_6975.jpg,0,,0,C:\Users\Sofya\Documents\Discourse part\gurung-stimuli\psychopy_gurung_v1\JpegStimuliFullRes\5_rest_build wall
d005_set4_it_coh_list1,39,1,5,005_rest_build_wall,rest_build_wall,4,it_coh,intransitive_cohesive,cohesive,intransitive,3,20,4,JpegStimuliFullRes/5_rest_build wall/4/coh_1.jpg,coh_1,JpegStimuliFullRes/5_rest_build wall/4/coh_2.jpg,coh_2,JpegStimuliFullRes/5_rest_build wall/4/it_target.jpg,it_target,JpegStimuliFullRes/5_rest_build wall/4/end_coh_it.jpg,end_coh_it,BetweenTrials/nepal_2025_049_img_6851.jpg,0,,0,C:\Users\Sofya\Documents\Discourse part\gurung-stimuli\psychopy_gurung_v1\JpegStimuliFullRes\5_rest_build wall
d005_set4_tr_ic_list1,40,1,5,005_rest_build_wall,rest_build_wall,4,tr_ic,transitive_incohesive,incohesive,transitive,2,20,3,JpegStimuliFullRes/5_rest_build wall/4/ic_1.jpg,ic_1,JpegStimuliFullRes/5_rest_build wall/4/tr_target.jpg,tr_target,JpegStimuliFullRes/5_rest_build wall/4/end_ic_tr.jpg,end_ic_tr,,,BetweenTrials/nepal_2025_050_img_6825.jpg,0,,0,C:\Users\Sofya\Documents\Discourse part\gurung-stimuli\psychopy_gurung_v1\JpegStimuliFullRes\5_rest_build wall
d006_set1_it_coh_list1,41,1,6,006_sleep_pluck_tomatoes,sleep_pluck_tomatoes,1,it_coh,intransitive_cohesive,cohesive,intransitive,3,21,4,JpegStimuliFullRes/6_sleep_pluck tomatoes/1/coh_1.jpg,coh_1,JpegStimuliFullRes/6_sleep_pluck tomatoes/1/coh_2.jpg,coh_2,JpegStimuliFullRes/6_sleep_pluck tomatoes/1/it_target.jpg,it_target,JpegStimuliFullRes/6_sleep_pluck tomatoes/1/end_coh_it.jpg,end_coh_it,BetweenTrials/nepal_2025_051_img_7091.jpg,0,,0,C:\Users\Sofya\Documents\Discourse part\gurung-stimuli\psychopy_gurung_v1\JpegStimuliFullRes\6_sleep_pluck tomatoes
d006_set1_tr_ic_list1,42,1,6,006_sleep_pluck_tomatoes,sleep_pluck_tomatoes,1,tr_ic,transitive_incohesive,incohesive,transitive,2,21,3,JpegStimuliFullRes/6_sleep_pluck tomatoes/1/ic_1.jpg,ic_1,JpegStimuliFullRes/6_sleep_pluck tomatoes/1/tr_target.jpg,tr_target,JpegStimuliFullRes/6_sleep_pluck tomatoes/1/end_ic_tr.jpg,end_ic_tr,,,BetweenTrials/nepal_2025_052_img_7094.jpg,0,,0,C:\Users\Sofya\Documents\Discourse part\gurung-stimuli\psychopy_gurung_v1\JpegStimuliFullRes\6_sleep_pluck tomatoes
d006_set2_tr_coh_list1,43,1,6,006_sleep_pluck_tomatoes,sleep_pluck_tomatoes,2,tr_coh,transitive_cohesive,cohesive,transitive,1,22,3,JpegStimuliFullRes/6_sleep_pluck tomatoes/2/coh_1.jpg,coh_1,JpegStimuliFullRes/6_sleep_pluck tomatoes/2/coh_2.jpg,coh_2,JpegStimuliFullRes/6_sleep_pluck tomatoes/2/tr_target.jpg,tr_target,,,BetweenTrials/nepal_2025_053_img_6866.jpg,0,,0,C:\Users\Sofya\Documents\Discourse part\gurung-stimuli\psychopy_gurung_v1\JpegStimuliFullRes\6_sleep_pluck tomatoes
d006_set2_it_ic_list1,44,1,6,006_sleep_pluck_tomatoes,sleep_pluck_tomatoes,2,it_ic,intransitive_incohesive,incohesive,intransitive,4,22,3,JpegStimuliFullRes/6_sleep_pluck tomatoes/2/ic_1.jpg,ic_1,JpegStimuliFullRes/6_sleep_pluck tomatoes/2/it_target.jpg,it_target,JpegStimuliFullRes/6_sleep_pluck tomatoes/2/end_ic_it.jpg,end_ic_it,,,BetweenTrials/nepal_2025_054_img_6953.jpg,0,,0,C:\Users\Sofya\Documents\Discourse part\gurung-stimuli\psychopy_gurung_v1\JpegStimuliFullRes\6_sleep_pluck tomatoes
d006_set3_tr_coh_list1,45,1,6,006_sleep_pluck_tomatoes,sleep_pluck_tomatoes,3,tr_coh,transitive_cohesive,cohesive,transitive,1,23,3,JpegStimuliFullRes/6_sleep_pluck tomatoes/3/coh_1.jpg,coh_1,JpegStimuliFullRes/6_sleep_pluck tomatoes/3/coh_2.jpg,coh_2,JpegStimuliFullRes/6_sleep_pluck tomatoes/3/tr_target.jpg,tr_target,,,BetweenTrials/nepal_2025_055_img_6743.jpg,0,,0,C:\Users\Sofya\Documents\Discourse part\gurung-stimuli\psychopy_gurung_v1\JpegStimuliFullRes\6_sleep_pluck tomatoes
d006_set3_it_ic_list1,46,1,6,006_sleep_pluck_tomatoes,sleep_pluck_tomatoes,3,it_ic,intransitive_incohesive,incohesive,intransitive,4,23,3,JpegStimuliFullRes/6_sleep_pluck tomatoes/3/ic_1.jpg,ic_1,JpegStimuliFullRes/6_sleep_pluck tomatoes/3/it_target.jpg,it_target,JpegStimuliFullRes/6_sleep_pluck tomatoes/3/end_ic_it.jpg,end_ic_it,,,BetweenTrials/nepal_2025_056_img_7017.jpg,0,,0,C:\Users\Sofya\Documents\Discourse part\gurung-stimuli\psychopy_gurung_v1\JpegStimuliFullRes\6_sleep_pluck tomatoes
d006_set4_it_coh_list1,47,1,6,006_sleep_pluck_tomatoes,sleep_pluck_tomatoes,4,it_coh,intransitive_cohesive,cohesive,intransitive,3,24,4,JpegStimuliFullRes/6_sleep_pluck tomatoes/4/coh_1.jpg,coh_1,JpegStimuliFullRes/6_sleep_pluck tomatoes/4/coh_2.jpg,coh_2,JpegStimuliFullRes/6_sleep_pluck tomatoes/4/it_target.jpg,it_target,JpegStimuliFullRes/6_sleep_pluck tomatoes/4/end_coh_it.jpg,end_coh_it,BetweenTrials/nepal_2025_057_img_6977.jpg,0,,0,C:\Users\Sofya\Documents\Discourse part\gurung-stimuli\psychopy_gurung_v1\JpegStimuliFullRes\6_sleep_pluck tomatoes
d006_set4_tr_ic_list1,48,1,6,006_sleep_pluck_tomatoes,sleep_pluck_tomatoes,4,tr_ic,transitive_incohesive,incohesive,transitive,2,24,3,JpegStimuliFullRes/6_sleep_pluck tomatoes/4/ic_1.jpg,ic_1,JpegStimuliFullRes/6_sleep_pluck tomatoes/4/tr_target.jpg,tr_target,JpegStimuliFullRes/6_sleep_pluck tomatoes/4/end_ic_tr.jpg,end_ic_tr,,,BetweenTrials/nepal_2025_058_img_6824.jpg,0,,0,C:\Users\Sofya\Documents\Discourse part\gurung-stimuli\psychopy_gurung_v1\JpegStimuliFullRes\6_sleep_pluck tomatoes
d007_set1_it_coh_list1,49,1,7,007_sit_make_fire,sit_make_fire,1,it_coh,intransitive_cohesive,cohesive,intransitive,3,25,4,JpegStimuliFullRes/7_sit_make fire/1/coh_1.jpg,coh_1,JpegStimuliFullRes/7_sit_make fire/1/coh_2.jpg,coh_2,JpegStimuliFullRes/7_sit_make fire/1/it_target.jpg,it_target,JpegStimuliFullRes/7_sit_make fire/1/end_coh_it.jpg,end_coh_it,BetweenTrials/nepal_2025_059_img_6779.jpg,0,,0,C:\Users\Sofya\Documents\Discourse part\gurung-stimuli\psychopy_gurung_v1\JpegStimuliFullRes\7_sit_make fire
d007_set1_tr_ic_list1,50,1,7,007_sit_make_fire,sit_make_fire,1,tr_ic,transitive_incohesive,incohesive,transitive,2,25,3,JpegStimuliFullRes/7_sit_make fire/1/ic_1.jpg,ic_1,JpegStimuliFullRes/7_sit_make fire/1/tr_target.jpg,tr_target,JpegStimuliFullRes/7_sit_make fire/1/end_ic_tr.jpg,end_ic_tr,,,BetweenTrials/nepal_2025_060_img_6905.jpg,0,,0,C:\Users\Sofya\Documents\Discourse part\gurung-stimuli\psychopy_gurung_v1\JpegStimuliFullRes\7_sit_make fire
d007_set2_tr_coh_list1,51,1,7,007_sit_make_fire,sit_make_fire,2,tr_coh,transitive_cohesive,cohesive,transitive,1,26,3,JpegStimuliFullRes/7_sit_make fire/2/coh_1.jpg,coh_1,JpegStimuliFullRes/7_sit_make fire/2/coh_2.jpg,coh_2,JpegStimuliFullRes/7_sit_make fire/2/tr_target.jpg,tr_target,,,BetweenTrials/nepal_2025_061_img_6896.jpg,0,,0,C:\Users\Sofya\Documents\Discourse part\gurung-stimuli\psychopy_gurung_v1\JpegStimuliFullRes\7_sit_make fire
d007_set2_it_ic_list1,52,1,7,007_sit_make_fire,sit_make_fire,2,it_ic,intransitive_incohesive,incohesive,intransitive,4,26,3,JpegStimuliFullRes/7_sit_make fire/2/ic_1.jpg,ic_1,JpegStimuliFullRes/7_sit_make fire/2/it_target.jpg,it_target,JpegStimuliFullRes/7_sit_make fire/2/end_ic_it.jpg,end_ic_it,,,BetweenTrials/nepal_2025_062_img_6814.jpg,0,,0,C:\Users\Sofya\Documents\Discourse part\gurung-stimuli\psychopy_gurung_v1\JpegStimuliFullRes\7_sit_make fire
d007_set3_tr_coh_list1,53,1,7,007_sit_make_fire,sit_make_fire,3,tr_coh,transitive_cohesive,cohesive,transitive,1,27,3,JpegStimuliFullRes/7_sit_make fire/3/coh_1.jpg,coh_1,JpegStimuliFullRes/7_sit_make fire/3/coh_2.jpg,coh_2,JpegStimuliFullRes/7_sit_make fire/3/tr_target.jpg,tr_target,,,BetweenTrials/nepal_2025_063_img_6934.jpg,0,,0,C:\Users\Sofya\Documents\Discourse part\gurung-stimuli\psychopy_gurung_v1\JpegStimuliFullRes\7_sit_make fire
d007_set3_it_ic_list1,54,1,7,007_sit_make_fire,sit_make_fire,3,it_ic,intransitive_incohesive,incohesive,intransitive,4,27,3,JpegStimuliFullRes/7_sit_make fire/3/ic_1.jpg,ic_1,JpegStimuliFullRes/7_sit_make fire/3/it_target.jpg,it_target,JpegStimuliFullRes/7_sit_make fire/3/end_ic_it.jpg,end_ic_it,,,BetweenTrials/nepal_2025_064_img_7002.jpg,0,,0,C:\Users\Sofya\Documents\Discourse part\gurung-stimuli\psychopy_gurung_v1\JpegStimuliFullRes\7_sit_make fire
d007_set4_it_coh_list1,55,1,7,007_sit_make_fire,sit_make_fire,4,it_coh,intransitive_cohesive,cohesive,intransitive,3,28,4,JpegStimuliFullRes/7_sit_make fire/4/coh_1.jpg,coh_1,JpegStimuliFullRes/7_sit_make fire/4/coh_2.jpg,coh_2,JpegStimuliFullRes/7_sit_make fire/4/it_target.jpg,it_target,JpegStimuliFullRes/7_sit_make fire/4/end_coh_it.jpg,end_coh_it,BetweenTrials/nepal_2025_065_img_6874.jpg,0,,0,C:\Users\Sofya\Documents\Discourse part\gurung-stimuli\psychopy_gurung_v1\JpegStimuliFullRes\7_sit_make fire
d007_set4_tr_ic_list1,56,1,7,007_sit_make_fire,sit_make_fire,4,tr_ic,transitive_incohesive,incohesive,transitive,2,28,3,JpegStimuliFullRes/7_sit_make fire/4/ic_1.jpg,ic_1,JpegStimuliFullRes/7_sit_make fire/4/tr_target.jpg,tr_target,JpegStimuliFullRes/7_sit_make fire/4/end_ic_tr.jpg,end_ic_tr,,,BetweenTrials/nepal_2025_066_img_7143.jpg,0,,0,C:\Users\Sofya\Documents\Discourse part\gurung-stimuli\psychopy_gurung_v1\JpegStimuliFullRes\7_sit_make fire
d008_set1_it_coh_list1,57,1,8,008_smile_weave_garland,smile_weave_garland,1,it_coh,intransitive_cohesive,cohesive,intransitive,3,29,4,JpegStimuliFullRes/8_smile_weave garland/1/coh_1.jpg,coh_1,JpegStimuliFullRes/8_smile_weave garland/1/coh_2.jpg,coh_2,JpegStimuliFullRes/8_smile_weave garland/1/it_target.jpg,it_target,JpegStimuliFullRes/8_smile_weave garland/1/end_coh_it.jpg,end_coh_it,BetweenTrials/nepal_2025_067_img_6859.jpg,0,,0,C:\Users\Sofya\Documents\Discourse part\gurung-stimuli\psychopy_gurung_v1\JpegStimuliFullRes\8_smile_weave garland
d008_set1_tr_ic_list1,58,1,8,008_smile_weave_garland,smile_weave_garland,1,tr_ic,transitive_incohesive,incohesive,transitive,2,29,3,JpegStimuliFullRes/8_smile_weave garland/1/ic_1.jpg,ic_1,JpegStimuliFullRes/8_smile_weave garland/1/tr_target.jpg,tr_target,JpegStimuliFullRes/8_smile_weave garland/1/end_ic_tr.jpg,end_ic_tr,,,BetweenTrials/nepal_2025_068_img_6918.jpg,0,,0,C:\Users\Sofya\Documents\Discourse part\gurung-stimuli\psychopy_gurung_v1\JpegStimuliFullRes\8_smile_weave garland
d008_set2_tr_coh_list1,59,1,8,008_smile_weave_garland,smile_weave_garland,2,tr_coh,transitive_cohesive,cohesive,transitive,1,30,3,JpegStimuliFullRes/8_smile_weave garland/2/coh_1.jpg,coh_1,JpegStimuliFullRes/8_smile_weave garland/2/coh_2.jpg,coh_2,JpegStimuliFullRes/8_smile_weave garland/2/tr_target.jpg,tr_target,,,BetweenTrials/nepal_2025_069_img_7128.jpg,0,,0,C:\Users\Sofya\Documents\Discourse part\gurung-stimuli\psychopy_gurung_v1\JpegStimuliFullRes\8_smile_weave garland
d008_set2_it_ic_list1,60,1,8,008_smile_weave_garland,smile_weave_garland,2,it_ic,intransitive_incohesive,incohesive,intransitive,4,30,3,JpegStimuliFullRes/8_smile_weave garland/2/ic_1.jpg,ic_1,JpegStimuliFullRes/8_smile_weave garland/2/it_target.jpg,it_target,JpegStimuliFullRes/8_smile_weave garland/2/end_ic_it.jpg,end_ic_it,,,BetweenTrials/nepal_2025_070_img_6862.jpg,0,,0,C:\Users\Sofya\Documents\Discourse part\gurung-stimuli\psychopy_gurung_v1\JpegStimuliFullRes\8_smile_weave garland
d008_set3_tr_coh_list1,61,1,8,008_smile_weave_garland,smile_weave_garland,3,tr_coh,transitive_cohesive,cohesive,transitive,1,31,3,JpegStimuliFullRes/8_smile_weave garland/3/coh_1.jpg,coh_1,JpegStimuliFullRes/8_smile_weave garland/3/coh_2.jpg,coh_2,JpegStimuliFullRes/8_smile_weave garland/3/tr_target.jpg,tr_target,,,BetweenTrials/nepal_2025_071_img_7013.jpg,0,,0,C:\Users\Sofya\Documents\Discourse part\gurung-stimuli\psychopy_gurung_v1\JpegStimuliFullRes\8_smile_weave garland
d008_set3_it_ic_list1,62,1,8,008_smile_weave_garland,smile_weave_garland,3,it_ic,intransitive_incohesive,incohesive,intransitive,4,31,3,JpegStimuliFullRes/8_smile_weave garland/3/ic_1.jpg,ic_1,JpegStimuliFullRes/8_smile_weave garland/3/it_target.jpg,it_target,JpegStimuliFullRes/8_smile_weave garland/3/end_ic_it.jpg,end_ic_it,,,BetweenTrials/nepal_2025_072_img_7127.jpg,0,,0,C:\Users\Sofya\Documents\Discourse part\gurung-stimuli\psychopy_gurung_v1\JpegStimuliFullRes\8_smile_weave garland
d008_set4_it_coh_list1,63,1,8,008_smile_weave_garland,smile_weave_garland,4,it_coh,intransitive_cohesive,cohesive,intransitive,3,32,4,JpegStimuliFullRes/8_smile_weave garland/4/coh_1.jpg,coh_1,JpegStimuliFullRes/8_smile_weave garland/4/coh_2.jpg,coh_2,JpegStimuliFullRes/8_smile_weave garland/4/it_target.jpg,it_target,JpegStimuliFullRes/8_smile_weave garland/4/end_coh_it.jpg,end_coh_it,BetweenTrials/nepal_2025_073_img_6845.jpg,0,,0,C:\Users\Sofya\Documents\Discourse part\gurung-stimuli\psychopy_gurung_v1\JpegStimuliFullRes\8_smile_weave garland
d008_set4_tr_ic_list1,64,1,8,008_smile_weave_garland,smile_weave_garland,4,tr_ic,transitive_incohesive,incohesive,transitive,2,32,3,JpegStimuliFullRes/8_smile_weave garland/4/ic_1.jpg,ic_1,JpegStimuliFullRes/8_smile_weave garland/4/tr_target.jpg,tr_target,JpegStimuliFullRes/8_smile_weave garland/4/end_ic_tr.jpg,end_ic_tr,,,BetweenTrials/nepal_2025_074_img_7054.jpg,0,,0,C:\Users\Sofya\Documents\Discourse part\gurung-stimuli\psychopy_gurung_v1\JpegStimuliFullRes\8_smile_weave garland
d009_set1_it_coh_list1,65,1,9,009_descend_harvest_rice,descend_harvest_rice,1,it_coh,intransitive_cohesive,cohesive,intransitive,3,33,4,JpegStimuliFullRes/9_descend_harvest rice/1/coh_1.jpg,coh_1,JpegStimuliFullRes/9_descend_harvest rice/1/coh_2.jpg,coh_2,JpegStimuliFullRes/9_descend_harvest rice/1/it_target.jpg,it_target,JpegStimuliFullRes/9_descend_harvest rice/1/end_coh_it.jpg,end_coh_it,BetweenTrials/nepal_2025_075_img_7063.jpg,0,,0,C:\Users\Sofya\Documents\Discourse part\gurung-stimuli\psychopy_gurung_v1\JpegStimuliFullRes\9_descend_harvest rice
d009_set1_tr_ic_list1,66,1,9,009_descend_harvest_rice,descend_harvest_rice,1,tr_ic,transitive_incohesive,incohesive,transitive,2,33,3,JpegStimuliFullRes/9_descend_harvest rice/1/ic_1.jpg,ic_1,JpegStimuliFullRes/9_descend_harvest rice/1/tr_target.jpg,tr_target,JpegStimuliFullRes/9_descend_harvest rice/1/end_ic_tr.jpg,end_ic_tr,,,BetweenTrials/nepal_2025_076_img_6796.jpg,0,,0,C:\Users\Sofya\Documents\Discourse part\gurung-stimuli\psychopy_gurung_v1\JpegStimuliFullRes\9_descend_harvest rice
d009_set2_tr_coh_list1,67,1,9,009_descend_harvest_rice,descend_harvest_rice,2,tr_coh,transitive_cohesive,cohesive,transitive,1,34,3,JpegStimuliFullRes/9_descend_harvest rice/2/coh_1.jpg,coh_1,JpegStimuliFullRes/9_descend_harvest rice/2/coh_2.jpg,coh_2,JpegStimuliFullRes/9_descend_harvest rice/2/tr_target.jpg,tr_target,,,BetweenTrials/nepal_2025_077_img_7080.jpg,0,,0,C:\Users\Sofya\Documents\Discourse part\gurung-stimuli\psychopy_gurung_v1\JpegStimuliFullRes\9_descend_harvest rice
d009_set2_it_ic_list1,68,1,9,009_descend_harvest_rice,descend_harvest_rice,2,it_ic,intransitive_incohesive,incohesive,intransitive,4,34,3,JpegStimuliFullRes/9_descend_harvest rice/2/ic_1.jpg,ic_1,JpegStimuliFullRes/9_descend_harvest rice/2/it_target.jpg,it_target,JpegStimuliFullRes/9_descend_harvest rice/2/end_ic_it.jpg,end_ic_it,,,BetweenTrials/nepal_2025_078_img_7138.jpg,0,,0,C:\Users\Sofya\Documents\Discourse part\gurung-stimuli\psychopy_gurung_v1\JpegStimuliFullRes\9_descend_harvest rice
d009_set3_tr_coh_list1,69,1,9,009_descend_harvest_rice,descend_harvest_rice,3,tr_coh,transitive_cohesive,cohesive,transitive,1,35,3,JpegStimuliFullRes/9_descend_harvest rice/3/coh_1.jpg,coh_1,JpegStimuliFullRes/9_descend_harvest rice/3/coh_2.jpg,coh_2,JpegStimuliFullRes/9_descend_harvest rice/3/tr_target.jpg,tr_target,,,BetweenTrials/nepal_2025_079_img_7082.jpg,0,,0,C:\Users\Sofya\Documents\Discourse part\gurung-stimuli\psychopy_gurung_v1\JpegStimuliFullRes\9_descend_harvest rice
d009_set3_it_ic_list1,70,1,9,009_descend_harvest_rice,descend_harvest_rice,3,it_ic,intransitive_incohesive,incohesive,intransitive,4,35,3,JpegStimuliFullRes/9_descend_harvest rice/3/ic_1.jpg,ic_1,JpegStimuliFullRes/9_descend_harvest rice/3/it_target.jpg,it_target,JpegStimuliFullRes/9_descend_harvest rice/3/end_ic_it.jpg,end_ic_it,,,BetweenTrials/nepal_2025_080_img_7056.jpg,0,,0,C:\Users\Sofya\Documents\Discourse part\gurung-stimuli\psychopy_gurung_v1\JpegStimuliFullRes\9_descend_harvest rice
d009_set4_it_coh_list1,71,1,9,009_descend_harvest_rice,descend_harvest_rice,4,it_coh,intransitive_cohesive,cohesive,intransitive,3,36,4,JpegStimuliFullRes/9_descend_harvest rice/4/coh_1.jpg,coh_1,JpegStimuliFullRes/9_descend_harvest rice/4/coh_2.jpg,coh_2,JpegStimuliFullRes/9_descend_harvest rice/4/it_target.jpg,it_target,JpegStimuliFullRes/9_descend_harvest rice/4/end_coh_it.jpg,end_coh_it,BetweenTrials/nepal_2025_081_img_7019.jpg,0,,0,C:\Users\Sofya\Documents\Discourse part\gurung-stimuli\psychopy_gurung_v1\JpegStimuliFullRes\9_descend_harvest rice
d009_set4_tr_ic_list1,72,1,9,009_descend_harvest_rice,descend_harvest_rice,4,tr_ic,transitive_incohesive,incohesive,transitive,2,36,3,JpegStimuliFullRes/9_descend_harvest rice/4/ic_1.jpg,ic_1,JpegStimuliFullRes/9_descend_harvest rice/4/tr_target.jpg,tr_target,JpegStimuliFullRes/9_descend_harvest rice/4/end_ic_tr.jpg,end_ic_tr,,,BetweenTrials/nepal_2025_082_img_6964.jpg,0,,0,C:\Users\Sofya\Documents\Discourse part\gurung-stimuli\psychopy_gurung_v1\JpegStimuliFullRes\9_descend_harvest rice
d010_set1_it_coh_list1,73,1,10,010_run_cook_pancakes,run_cook_pancakes,1,it_coh,intransitive_cohesive,cohesive,intransitive,3,37,4,JpegStimuliFullRes/10_run_cook pancakes/1/coh_1.jpg,coh_1,JpegStimuliFullRes/10_run_cook pancakes/1/coh_2.jpg,coh_2,JpegStimuliFullRes/10_run_cook pancakes/1/it_target.jpg,it_target,JpegStimuliFullRes/10_run_cook pancakes/1/end_coh_it.jpg,end_coh_it,BetweenTrials/nepal_2025_083_img_6996.jpg,0,,0,C:\Users\Sofya\Documents\Discourse part\gurung-stimuli\psychopy_gurung_v1\JpegStimuliFullRes\10_run_cook pancakes
d010_set1_tr_ic_list1,74,1,10,010_run_cook_pancakes,run_cook_pancakes,1,tr_ic,transitive_incohesive,incohesive,transitive,2,37,3,JpegStimuliFullRes/10_run_cook pancakes/1/ic_1.jpg,ic_1,JpegStimuliFullRes/10_run_cook pancakes/1/tr_target.jpg,tr_target,JpegStimuliFullRes/10_run_cook pancakes/1/end_ic_tr.jpg,end_ic_tr,,,BetweenTrials/nepal_2025_084_img_6794.jpg,0,,0,C:\Users\Sofya\Documents\Discourse part\gurung-stimuli\psychopy_gurung_v1\JpegStimuliFullRes\10_run_cook pancakes
d010_set2_tr_coh_list1,75,1,10,010_run_cook_pancakes,run_cook_pancakes,2,tr_coh,transitive_cohesive,cohesive,transitive,1,38,3,JpegStimuliFullRes/10_run_cook pancakes/2/coh_1.jpg,coh_1,JpegStimuliFullRes/10_run_cook pancakes/2/coh_2.jpg,coh_2,JpegStimuliFullRes/10_run_cook pancakes/2/tr_target.jpg,tr_target,,,BetweenTrials/nepal_2025_085_img_7003.jpg,0,,0,C:\Users\Sofya\Documents\Discourse part\gurung-stimuli\psychopy_gurung_v1\JpegStimuliFullRes\10_run_cook pancakes
d010_set2_it_ic_list1,76,1,10,010_run_cook_pancakes,run_cook_pancakes,2,it_ic,intransitive_incohesive,incohesive,intransitive,4,38,3,JpegStimuliFullRes/10_run_cook pancakes/2/ic_1.jpg,ic_1,JpegStimuliFullRes/10_run_cook pancakes/2/it_target.jpg,it_target,JpegStimuliFullRes/10_run_cook pancakes/2/end_ic_it.jpg,end_ic_it,,,BetweenTrials/nepal_2025_086_img_7042.jpg,0,,0,C:\Users\Sofya\Documents\Discourse part\gurung-stimuli\psychopy_gurung_v1\JpegStimuliFullRes\10_run_cook pancakes
d010_set3_tr_coh_list1,77,1,10,010_run_cook_pancakes,run_cook_pancakes,3,tr_coh,transitive_cohesive,cohesive,transitive,1,39,3,JpegStimuliFullRes/10_run_cook pancakes/3/coh_1.jpg,coh_1,JpegStimuliFullRes/10_run_cook pancakes/3/coh_2.jpg,coh_2,JpegStimuliFullRes/10_run_cook pancakes/3/tr_target.jpg,tr_target,,,BetweenTrials/nepal_2025_087_img_7004.jpg,0,,0,C:\Users\Sofya\Documents\Discourse part\gurung-stimuli\psychopy_gurung_v1\JpegStimuliFullRes\10_run_cook pancakes
d010_set3_it_ic_list1,78,1,10,010_run_cook_pancakes,run_cook_pancakes,3,it_ic,intransitive_incohesive,incohesive,intransitive,4,39,3,JpegStimuliFullRes/10_run_cook pancakes/3/ic_1.jpg,ic_1,JpegStimuliFullRes/10_run_cook pancakes/3/it_target.jpg,it_target,JpegStimuliFullRes/10_run_cook pancakes/3/end_ic_it.jpg,end_ic_it,,,BetweenTrials/nepal_2025_088_img_7022.jpg,0,,0,C:\Users\Sofya\Documents\Discourse part\gurung-stimuli\psychopy_gurung_v1\JpegStimuliFullRes\10_run_cook pancakes
d010_set4_it_coh_list1,79,1,10,010_run_cook_pancakes,run_cook_pancakes,4,it_coh,intransitive_cohesive,cohesive,intransitive,3,40,4,JpegStimuliFullRes/10_run_cook pancakes/4/coh_1.jpg,coh_1,JpegStimuliFullRes/10_run_cook pancakes/4/coh_2.jpg,coh_2,JpegStimuliFullRes/10_run_cook pancakes/4/it_target.jpg,it_target,JpegStimuliFullRes/10_run_cook pancakes/4/end_coh_it.jpg,end_coh_it,BetweenTrials/nepal_2025_089_img_6770.jpg,0,,0,C:\Users\Sofya\Documents\Discourse part\gurung-stimuli\psychopy_gurung_v1\JpegStimuliFullRes\10_run_cook pancakes
d010_set4_tr_ic_list1,80,1,10,010_run_cook_pancakes,run_cook_pancakes,4,tr_ic,transitive_incohesive,incohesive,transitive,2,40,3,JpegStimuliFullRes/10_run_cook pancakes/4/ic_1.jpg,ic_1,JpegStimuliFullRes/10_run_cook pancakes/4/tr_target.jpg,tr_target,JpegStimuliFullRes/10_run_cook pancakes/4/end_ic_tr.jpg,end_ic_tr,,,BetweenTrials/nepal_2025_090_img_7010.jpg,0,,0,C:\Users\Sofya\Documents\Discourse part\gurung-stimuli\psychopy_gurung_v1\JpegStimuliFullRes\10_run_cook pancakes
d011_set1_it_coh_list1,81,1,11,011_ascend_wipe_plate,ascend_wipe_plate,1,it_coh,intransitive_cohesive,cohesive,intransitive,3,41,4,JpegStimuliFullRes/11_ascend_wipe plate/1/coh_1.jpg,coh_1,JpegStimuliFullRes/11_ascend_wipe plate/1/coh_2.jpg,coh_2,JpegStimuliFullRes/11_ascend_wipe plate/1/it_target.jpg,it_target,JpegStimuliFullRes/11_ascend_wipe plate/1/end_coh_it.jpg,end_coh_it,BetweenTrials/nepal_2025_091_img_6885.jpg,0,,0,C:\Users\Sofya\Documents\Discourse part\gurung-stimuli\psychopy_gurung_v1\JpegStimuliFullRes\11_ascend_wipe plate
d011_set1_tr_ic_list1,82,1,11,011_ascend_wipe_plate,ascend_wipe_plate,1,tr_ic,transitive_incohesive,incohesive,transitive,2,41,3,JpegStimuliFullRes/11_ascend_wipe plate/1/ic_1.jpg,ic_1,JpegStimuliFullRes/11_ascend_wipe plate/1/tr_target.jpg,tr_target,JpegStimuliFullRes/11_ascend_wipe plate/1/end_ic_tr.jpg,end_ic_tr,,,BetweenTrials/nepal_2025_092_img_7034.jpg,0,,0,C:\Users\Sofya\Documents\Discourse part\gurung-stimuli\psychopy_gurung_v1\JpegStimuliFullRes\11_ascend_wipe plate
d011_set2_tr_coh_list1,83,1,11,011_ascend_wipe_plate,ascend_wipe_plate,2,tr_coh,transitive_cohesive,cohesive,transitive,1,42,3,JpegStimuliFullRes/11_ascend_wipe plate/2/coh_1.jpg,coh_1,JpegStimuliFullRes/11_ascend_wipe plate/2/coh_2.jpg,coh_2,JpegStimuliFullRes/11_ascend_wipe plate/2/tr_target.jpg,tr_target,,,BetweenTrials/nepal_2025_093_img_6924.jpg,0,,0,C:\Users\Sofya\Documents\Discourse part\gurung-stimuli\psychopy_gurung_v1\JpegStimuliFullRes\11_ascend_wipe plate
d011_set2_it_ic_list1,84,1,11,011_ascend_wipe_plate,ascend_wipe_plate,2,it_ic,intransitive_incohesive,incohesive,intransitive,4,42,3,JpegStimuliFullRes/11_ascend_wipe plate/2/ic_1.jpg,ic_1,JpegStimuliFullRes/11_ascend_wipe plate/2/it_target.jpg,it_target,JpegStimuliFullRes/11_ascend_wipe plate/2/end_ic_it.jpg,end_ic_it,,,BetweenTrials/nepal_2025_094_img_6757.jpg,0,,0,C:\Users\Sofya\Documents\Discourse part\gurung-stimuli\psychopy_gurung_v1\JpegStimuliFullRes\11_ascend_wipe plate
d011_set3_tr_coh_list1,85,1,11,011_ascend_wipe_plate,ascend_wipe_plate,3,tr_coh,transitive_cohesive,cohesive,transitive,1,43,3,JpegStimuliFullRes/11_ascend_wipe plate/3/coh_1.jpg,coh_1,JpegStimuliFullRes/11_ascend_wipe plate/3/coh_2.jpg,coh_2,JpegStimuliFullRes/11_ascend_wipe plate/3/tr_target.jpg,tr_target,,,BetweenTrials/nepal_2025_095_img_7122.jpg,0,,0,C:\Users\Sofya\Documents\Discourse part\gurung-stimuli\psychopy_gurung_v1\JpegStimuliFullRes\11_ascend_wipe plate
d011_set3_it_ic_list1,86,1,11,011_ascend_wipe_plate,ascend_wipe_plate,3,it_ic,intransitive_incohesive,incohesive,intransitive,4,43,3,JpegStimuliFullRes/11_ascend_wipe plate/3/ic_1.jpg,ic_1,JpegStimuliFullRes/11_ascend_wipe plate/3/it_target.jpg,it_target,JpegStimuliFullRes/11_ascend_wipe plate/3/end_ic_it.jpg,end_ic_it,,,BetweenTrials/nepal_2025_096_img_7134.jpg,0,,0,C:\Users\Sofya\Documents\Discourse part\gurung-stimuli\psychopy_gurung_v1\JpegStimuliFullRes\11_ascend_wipe plate
d011_set4_it_coh_list1,87,1,11,011_ascend_wipe_plate,ascend_wipe_plate,4,it_coh,intransitive_cohesive,cohesive,intransitive,3,44,4,JpegStimuliFullRes/11_ascend_wipe plate/4/coh_1.jpg,coh_1,JpegStimuliFullRes/11_ascend_wipe plate/4/coh_2.jpg,coh_2,JpegStimuliFullRes/11_ascend_wipe plate/4/it_target.jpg,it_target,JpegStimuliFullRes/11_ascend_wipe plate/4/end_coh_it.jpg,end_coh_it,BetweenTrials/nepal_2025_097_img_6968.jpg,0,,0,C:\Users\Sofya\Documents\Discourse part\gurung-stimuli\psychopy_gurung_v1\JpegStimuliFullRes\11_ascend_wipe plate
d011_set4_tr_ic_list1,88,1,11,011_ascend_wipe_plate,ascend_wipe_plate,4,tr_ic,transitive_incohesive,incohesive,transitive,2,44,3,JpegStimuliFullRes/11_ascend_wipe plate/4/ic_1.jpg,ic_1,JpegStimuliFullRes/11_ascend_wipe plate/4/tr_target.jpg,tr_target,JpegStimuliFullRes/11_ascend_wipe plate/4/end_ic_tr.jpg,end_ic_tr,,,BetweenTrials/nepal_2025_098_img_6939.jpg,0,,0,C:\Users\Sofya\Documents\Discourse part\gurung-stimuli\psychopy_gurung_v1\JpegStimuliFullRes\11_ascend_wipe plate
d012_set1_it_coh_list1,89,1,12,012_come_eat_rice,come_eat_rice,1,it_coh,intransitive_cohesive,cohesive,intransitive,3,45,4,JpegStimuliFullRes/12_come_eat rice/1/coh_1.jpg,coh_1,JpegStimuliFullRes/12_come_eat rice/1/coh_2.jpg,coh_2,JpegStimuliFullRes/12_come_eat rice/1/it_target.jpg,it_target,JpegStimuliFullRes/12_come_eat rice/1/end_coh_it.jpg,end_coh_it,BetweenTrials/nepal_2025_099_img_6808.jpg,0,,0,C:\Users\Sofya\Documents\Discourse part\gurung-stimuli\psychopy_gurung_v1\JpegStimuliFullRes\12_come_eat rice
d012_set1_tr_ic_list1,90,1,12,012_come_eat_rice,come_eat_rice,1,tr_ic,transitive_incohesive,incohesive,transitive,2,45,3,JpegStimuliFullRes/12_come_eat rice/1/ic_1.jpg,ic_1,JpegStimuliFullRes/12_come_eat rice/1/tr_target.jpg,tr_target,JpegStimuliFullRes/12_come_eat rice/1/end_ic_tr.jpg,end_ic_tr,,,BetweenTrials/nepal_2025_100_img_7060.jpg,0,,0,C:\Users\Sofya\Documents\Discourse part\gurung-stimuli\psychopy_gurung_v1\JpegStimuliFullRes\12_come_eat rice
d012_set2_tr_coh_list1,91,1,12,012_come_eat_rice,come_eat_rice,2,tr_coh,transitive_cohesive,cohesive,transitive,1,46,3,JpegStimuliFullRes/12_come_eat rice/2/coh_1.jpg,coh_1,JpegStimuliFullRes/12_come_eat rice/2/coh_2.jpg,coh_2,JpegStimuliFullRes/12_come_eat rice/2/tr_target.jpg,tr_target,,,BetweenTrials/nepal_2025_101_img_6831.jpg,0,,0,C:\Users\Sofya\Documents\Discourse part\gurung-stimuli\psychopy_gurung_v1\JpegStimuliFullRes\12_come_eat rice
d012_set2_it_ic_list1,92,1,12,012_come_eat_rice,come_eat_rice,2,it_ic,intransitive_incohesive,incohesive,intransitive,4,46,3,JpegStimuliFullRes/12_come_eat rice/2/ic_1.jpg,ic_1,JpegStimuliFullRes/12_come_eat rice/2/it_target.jpg,it_target,JpegStimuliFullRes/12_come_eat rice/2/end_ic_it.jpg,end_ic_it,,,BetweenTrials/nepal_2025_102_img_6772.jpg,0,,0,C:\Users\Sofya\Documents\Discourse part\gurung-stimuli\psychopy_gurung_v1\JpegStimuliFullRes\12_come_eat rice
d012_set3_tr_coh_list1,93,1,12,012_come_eat_rice,come_eat_rice,3,tr_coh,transitive_cohesive,cohesive,transitive,1,47,3,JpegStimuliFullRes/12_come_eat rice/3/coh_1.jpg,coh_1,JpegStimuliFullRes/12_come_eat rice/3/coh_2.jpg,coh_2,JpegStimuliFullRes/12_come_eat rice/3/tr_target.jpg,tr_target,,,BetweenTrials/nepal_2025_103_img_6811.jpg,0,,0,C:\Users\Sofya\Documents\Discourse part\gurung-stimuli\psychopy_gurung_v1\JpegStimuliFullRes\12_come_eat rice
d012_set3_it_ic_list1,94,1,12,012_come_eat_rice,come_eat_rice,3,it_ic,intransitive_incohesive,incohesive,intransitive,4,47,3,JpegStimuliFullRes/12_come_eat rice/3/ic_1.jpg,ic_1,JpegStimuliFullRes/12_come_eat rice/3/it_target.jpg,it_target,JpegStimuliFullRes/12_come_eat rice/3/end_ic_it.jpg,end_ic_it,,,BetweenTrials/nepal_2025_104_img_6868.jpg,0,,0,C:\Users\Sofya\Documents\Discourse part\gurung-stimuli\psychopy_gurung_v1\JpegStimuliFullRes\12_come_eat rice
d012_set4_it_coh_list1,95,1,12,012_come_eat_rice,come_eat_rice,4,it_coh,intransitive_cohesive,cohesive,intransitive,3,48,4,JpegStimuliFullRes/12_come_eat rice/4/coh_1.jpg,coh_1,JpegStimuliFullRes/12_come_eat rice/4/coh_2.jpg,coh_2,JpegStimuliFullRes/12_come_eat rice/4/it_target.jpg,it_target,JpegStimuliFullRes/12_come_eat rice/4/end_coh_it.jpg,end_coh_it,BetweenTrials/nepal_2025_105_img_6800.jpg,0,,0,C:\Users\Sofya\Documents\Discourse part\gurung-stimuli\psychopy_gurung_v1\JpegStimuliFullRes\12_come_eat rice
d012_set4_tr_ic_list1,96,1,12,012_come_eat_rice,come_eat_rice,4,tr_ic,transitive_incohesive,incohesive,transitive,2,48,3,JpegStimuliFullRes/12_come_eat rice/4/ic_1.jpg,ic_1,JpegStimuliFullRes/12_come_eat rice/4/tr_target.jpg,tr_target,JpegStimuliFullRes/12_come_eat rice/4/end_ic_tr.jpg,end_ic_tr,,,BetweenTrials/nepal_2025_106_img_6895.jpg,0,,0,C:\Users\Sofya\Documents\Discourse part\gurung-stimuli\psychopy_gurung_v1\JpegStimuliFullRes\12_come_eat rice
d013_set1_it_coh_list1,97,1,13,013_stand_wash_clothes,stand_wash_clothes,1,it_coh,intransitive_cohesive,cohesive,intransitive,3,49,4,JpegStimuliFullRes/13_stand_wash clothes/1/coh_1.jpg,coh_1,JpegStimuliFullRes/13_stand_wash clothes/1/coh_2.jpg,coh_2,JpegStimuliFullRes/13_stand_wash clothes/1/it_target.jpg,it_target,JpegStimuliFullRes/13_stand_wash clothes/1/end_coh_it.jpg,end_coh_it,BetweenTrials/nepal_2025_107_img_6991.jpg,0,,0,C:\Users\Sofya\Documents\Discourse part\gurung-stimuli\psychopy_gurung_v1\JpegStimuliFullRes\13_stand_wash clothes
d013_set1_tr_ic_list1,98,1,13,013_stand_wash_clothes,stand_wash_clothes,1,tr_ic,transitive_incohesive,incohesive,transitive,2,49,3,JpegStimuliFullRes/13_stand_wash clothes/1/ic_1.jpg,ic_1,JpegStimuliFullRes/13_stand_wash clothes/1/tr_target.jpg,tr_target,JpegStimuliFullRes/13_stand_wash clothes/1/end_ic_tr.jpg,end_ic_tr,,,BetweenTrials/nepal_2025_108_img_7104.jpg,0,,0,C:\Users\Sofya\Documents\Discourse part\gurung-stimuli\psychopy_gurung_v1\JpegStimuliFullRes\13_stand_wash clothes
d013_set2_tr_coh_list1,99,1,13,013_stand_wash_clothes,stand_wash_clothes,2,tr_coh,transitive_cohesive,cohesive,transitive,1,50,3,JpegStimuliFullRes/13_stand_wash clothes/2/coh_1.jpg,coh_1,JpegStimuliFullRes/13_stand_wash clothes/2/coh_2.jpg,coh_2,JpegStimuliFullRes/13_stand_wash clothes/2/tr_target.jpg,tr_target,,,BetweenTrials/nepal_2025_109_img_6864.jpg,0,,0,C:\Users\Sofya\Documents\Discourse part\gurung-stimuli\psychopy_gurung_v1\JpegStimuliFullRes\13_stand_wash clothes
d013_set2_it_ic_list1,100,1,13,013_stand_wash_clothes,stand_wash_clothes,2,it_ic,intransitive_incohesive,incohesive,intransitive,4,50,3,JpegStimuliFullRes/13_stand_wash clothes/2/ic_1.jpg,ic_1,JpegStimuliFullRes/13_stand_wash clothes/2/it_target.jpg,it_target,JpegStimuliFullRes/13_stand_wash clothes/2/end_ic_it.jpg,end_ic_it,,,BetweenTrials/nepal_2025_110_img_6979.jpg,0,,0,C:\Users\Sofya\Documents\Discourse part\gurung-stimuli\psychopy_gurung_v1\JpegStimuliFullRes\13_stand_wash clothes
d013_set3_tr_coh_list1,101,1,13,013_stand_wash_clothes,stand_wash_clothes,3,tr_coh,transitive_cohesive,cohesive,transitive,1,51,3,JpegStimuliFullRes/13_stand_wash clothes/3/coh_1.jpg,coh_1,JpegStimuliFullRes/13_stand_wash clothes/3/coh_2.jpg,coh_2,JpegStimuliFullRes/13_stand_wash clothes/3/tr_target.jpg,tr_target,,,BetweenTrials/nepal_2025_111_img_6951.jpg,0,,0,C:\Users\Sofya\Documents\Discourse part\gurung-stimuli\psychopy_gurung_v1\JpegStimuliFullRes\13_stand_wash clothes
d013_set3_it_ic_list1,102,1,13,013_stand_wash_clothes,stand_wash_clothes,3,it_ic,intransitive_incohesive,incohesive,intransitive,4,51,3,JpegStimuliFullRes/13_stand_wash clothes/3/ic_1.jpg,ic_1,JpegStimuliFullRes/13_stand_wash clothes/3/it_target.jpg,it_target,JpegStimuliFullRes/13_stand_wash clothes/3/end_ic_it.jpg,end_ic_it,,,BetweenTrials/nepal_2025_112_img_6965.jpg,0,,0,C:\Users\Sofya\Documents\Discourse part\gurung-stimuli\psychopy_gurung_v1\JpegStimuliFullRes\13_stand_wash clothes
d013_set4_it_coh_list1,103,1,13,013_stand_wash_clothes,stand_wash_clothes,4,it_coh,intransitive_cohesive,cohesive,intransitive,3,52,4,JpegStimuliFullRes/13_stand_wash clothes/4/coh_1.jpg,coh_1,JpegStimuliFullRes/13_stand_wash clothes/4/coh_2.jpg,coh_2,JpegStimuliFullRes/13_stand_wash clothes/4/it_target.jpg,it_target,JpegStimuliFullRes/13_stand_wash clothes/4/end_coh_it.jpg,end_coh_it,BetweenTrials/nepal_2025_113_img_6715.jpg,0,,0,C:\Users\Sofya\Documents\Discourse part\gurung-stimuli\psychopy_gurung_v1\JpegStimuliFullRes\13_stand_wash clothes
d013_set4_tr_ic_list1,104,1,13,013_stand_wash_clothes,stand_wash_clothes,4,tr_ic,transitive_incohesive,incohesive,transitive,2,52,3,JpegStimuliFullRes/13_stand_wash clothes/4/ic_1.jpg,ic_1,JpegStimuliFullRes/13_stand_wash clothes/4/tr_target.jpg,tr_target,JpegStimuliFullRes/13_stand_wash clothes/4/end_ic_tr.jpg,end_ic_tr,,,BetweenTrials/nepal_2025_114_img_7106.jpg,0,,0,C:\Users\Sofya\Documents\Discourse part\gurung-stimuli\psychopy_gurung_v1\JpegStimuliFullRes\13_stand_wash clothes
d014_set1_it_coh_list1,105,1,14,014_ascend_weave_raincoat,ascend_weave_raincoat,1,it_coh,intransitive_cohesive,cohesive,intransitive,3,53,4,JpegStimuliFullRes/14_ascend_weave raincoat/1/coh_1.jpg,coh_1,JpegStimuliFullRes/14_ascend_weave raincoat/1/coh_2.jpg,coh_2,JpegStimuliFullRes/14_ascend_weave raincoat/1/it_target.jpg,it_target,JpegStimuliFullRes/14_ascend_weave raincoat/1/end_coh_it.jpg,end_coh_it,BetweenTrials/nepal_2025_115_img_7105.jpg,0,,0,C:\Users\Sofya\Documents\Discourse part\gurung-stimuli\psychopy_gurung_v1\JpegStimuliFullRes\14_ascend_weave raincoat
d014_set1_tr_ic_list1,106,1,14,014_ascend_weave_raincoat,ascend_weave_raincoat,1,tr_ic,transitive_incohesive,incohesive,transitive,2,53,3,JpegStimuliFullRes/14_ascend_weave raincoat/1/ic_1.jpg,ic_1,JpegStimuliFullRes/14_ascend_weave raincoat/1/tr_target.jpg,tr_target,JpegStimuliFullRes/14_ascend_weave raincoat/1/end_ic_tr.jpg,end_ic_tr,,,BetweenTrials/nepal_2025_116_img_6835.jpg,0,,0,C:\Users\Sofya\Documents\Discourse part\gurung-stimuli\psychopy_gurung_v1\JpegStimuliFullRes\14_ascend_weave raincoat
d014_set2_tr_coh_list1,107,1,14,014_ascend_weave_raincoat,ascend_weave_raincoat,2,tr_coh,transitive_cohesive,cohesive,transitive,1,54,3,JpegStimuliFullRes/14_ascend_weave raincoat/2/coh_1.jpg,coh_1,JpegStimuliFullRes/14_ascend_weave raincoat/2/coh_2.jpg,coh_2,JpegStimuliFullRes/14_ascend_weave raincoat/2/tr_target.jpg,tr_target,,,BetweenTrials/nepal_2025_117_img_6848.jpg,0,,0,C:\Users\Sofya\Documents\Discourse part\gurung-stimuli\psychopy_gurung_v1\JpegStimuliFullRes\14_ascend_weave raincoat
d014_set2_it_ic_list1,108,1,14,014_ascend_weave_raincoat,ascend_weave_raincoat,2,it_ic,intransitive_incohesive,incohesive,intransitive,4,54,3,JpegStimuliFullRes/14_ascend_weave raincoat/2/ic_1.jpg,ic_1,JpegStimuliFullRes/14_ascend_weave raincoat/2/it_target.jpg,it_target,JpegStimuliFullRes/14_ascend_weave raincoat/2/end_ic_it.jpg,end_ic_it,,,BetweenTrials/nepal_2025_118_img_6882.jpg,0,,0,C:\Users\Sofya\Documents\Discourse part\gurung-stimuli\psychopy_gurung_v1\JpegStimuliFullRes\14_ascend_weave raincoat
d014_set3_tr_coh_list1,109,1,14,014_ascend_weave_raincoat,ascend_weave_raincoat,3,tr_coh,transitive_cohesive,cohesive,transitive,1,55,3,JpegStimuliFullRes/14_ascend_weave raincoat/3/coh_1.jpg,coh_1,JpegStimuliFullRes/14_ascend_weave raincoat/3/coh_2.jpg,coh_2,JpegStimuliFullRes/14_ascend_weave raincoat/3/tr_target.jpg,tr_target,,,BetweenTrials/nepal_2025_119_img_6849.jpg,0,,0,C:\Users\Sofya\Documents\Discourse part\gurung-stimuli\psychopy_gurung_v1\JpegStimuliFullRes\14_ascend_weave raincoat
d014_set3_it_ic_list1,110,1,14,014_ascend_weave_raincoat,ascend_weave_raincoat,3,it_ic,intransitive_incohesive,incohesive,intransitive,4,55,3,JpegStimuliFullRes/14_ascend_weave raincoat/3/ic_1.jpg,ic_1,JpegStimuliFullRes/14_ascend_weave raincoat/3/it_target.jpg,it_target,JpegStimuliFullRes/14_ascend_weave raincoat/3/end_ic_it.jpg,end_ic_it,,,BetweenTrials/nepal_2025_120_img_7145.jpg,0,,0,C:\Users\Sofya\Documents\Discourse part\gurung-stimuli\psychopy_gurung_v1\JpegStimuliFullRes\14_ascend_weave raincoat
d014_set4_it_coh_list1,111,1,14,014_ascend_weave_raincoat,ascend_weave_raincoat,4,it_coh,intransitive_cohesive,cohesive,intransitive,3,56,4,JpegStimuliFullRes/14_ascend_weave raincoat/4/coh_1.jpg,coh_1,JpegStimuliFullRes/14_ascend_weave raincoat/4/coh_2.jpg,coh_2,JpegStimuliFullRes/14_ascend_weave raincoat/4/it_target.jpg,it_target,JpegStimuliFullRes/14_ascend_weave raincoat/4/end_coh_it.jpg,end_coh_it,BetweenTrials/nepal_2025_121_img_6789.jpg,0,,0,C:\Users\Sofya\Documents\Discourse part\gurung-stimuli\psychopy_gurung_v1\JpegStimuliFullRes\14_ascend_weave raincoat
d014_set4_tr_ic_list1,112,1,14,014_ascend_weave_raincoat,ascend_weave_raincoat,4,tr_ic,transitive_incohesive,incohesive,transitive,2,56,3,JpegStimuliFullRes/14_ascend_weave raincoat/4/ic_1.jpg,ic_1,JpegStimuliFullRes/14_ascend_weave raincoat/4/tr_target.jpg,tr_target,JpegStimuliFullRes/14_ascend_weave raincoat/4/end_ic_tr.jpg,end_ic_tr,,,BetweenTrials/nepal_2025_122_img_6799.jpg,0,,0,C:\Users\Sofya\Documents\Discourse part\gurung-stimuli\psychopy_gurung_v1\JpegStimuliFullRes\14_ascend_weave raincoat
d015_set1_it_coh_list1,113,1,15,015_smile_clean_wall,smile_clean_wall,1,it_coh,intransitive_cohesive,cohesive,intransitive,3,57,4,JpegStimuliFullRes/15_smile_clean wall/1/coh_1.jpg,coh_1,JpegStimuliFullRes/15_smile_clean wall/1/coh_2.jpg,coh_2,JpegStimuliFullRes/15_smile_clean wall/1/it_target.jpg,it_target,JpegStimuliFullRes/15_smile_clean wall/1/end_coh_it.jpg,end_coh_it,BetweenTrials/nepal_2025_123_img_6889.jpg,0,,0,C:\Users\Sofya\Documents\Discourse part\gurung-stimuli\psychopy_gurung_v1\JpegStimuliFullRes\15_smile_clean wall
d015_set1_tr_ic_list1,114,1,15,015_smile_clean_wall,smile_clean_wall,1,tr_ic,transitive_incohesive,incohesive,transitive,2,57,3,JpegStimuliFullRes/15_smile_clean wall/1/ic_1.jpg,ic_1,JpegStimuliFullRes/15_smile_clean wall/1/tr_target.jpg,tr_target,JpegStimuliFullRes/15_smile_clean wall/1/end_ic_tr.jpg,end_ic_tr,,,BetweenTrials/nepal_2025_124_img_6992.jpg,0,,0,C:\Users\Sofya\Documents\Discourse part\gurung-stimuli\psychopy_gurung_v1\JpegStimuliFullRes\15_smile_clean wall
d015_set2_tr_coh_list1,115,1,15,015_smile_clean_wall,smile_clean_wall,2,tr_coh,transitive_cohesive,cohesive,transitive,1,58,3,JpegStimuliFullRes/15_smile_clean wall/2/coh_1.jpg,coh_1,JpegStimuliFullRes/15_smile_clean wall/2/coh_2.jpg,coh_2,JpegStimuliFullRes/15_smile_clean wall/2/tr_target.jpg,tr_target,,,BetweenTrials/nepal_2025_125_img_6876.jpg,0,,0,C:\Users\Sofya\Documents\Discourse part\gurung-stimuli\psychopy_gurung_v1\JpegStimuliFullRes\15_smile_clean wall
d015_set2_it_ic_list1,116,1,15,015_smile_clean_wall,smile_clean_wall,2,it_ic,intransitive_incohesive,incohesive,intransitive,4,58,3,JpegStimuliFullRes/15_smile_clean wall/2/ic_1.jpg,ic_1,JpegStimuliFullRes/15_smile_clean wall/2/it_target.jpg,it_target,JpegStimuliFullRes/15_smile_clean wall/2/end_ic_it.jpg,end_ic_it,,,BetweenTrials/nepal_2025_126_img_6902.jpg,0,,0,C:\Users\Sofya\Documents\Discourse part\gurung-stimuli\psychopy_gurung_v1\JpegStimuliFullRes\15_smile_clean wall
d015_set3_tr_coh_list1,117,1,15,015_smile_clean_wall,smile_clean_wall,3,tr_coh,transitive_cohesive,cohesive,transitive,1,59,3,JpegStimuliFullRes/15_smile_clean wall/3/coh_1.jpg,coh_1,JpegStimuliFullRes/15_smile_clean wall/3/coh_2.jpg,coh_2,JpegStimuliFullRes/15_smile_clean wall/3/tr_target.jpg,tr_target,,,BetweenTrials/nepal_2025_127_img_6892.jpg,0,,0,C:\Users\Sofya\Documents\Discourse part\gurung-stimuli\psychopy_gurung_v1\JpegStimuliFullRes\15_smile_clean wall
d015_set3_it_ic_list1,118,1,15,015_smile_clean_wall,smile_clean_wall,3,it_ic,intransitive_incohesive,incohesive,intransitive,4,59,3,JpegStimuliFullRes/15_smile_clean wall/3/ic_1.jpg,ic_1,JpegStimuliFullRes/15_smile_clean wall/3/it_target.jpg,it_target,JpegStimuliFullRes/15_smile_clean wall/3/end_ic_it.jpg,end_ic_it,,,BetweenTrials/nepal_2025_128_img_6899.jpg,0,,0,C:\Users\Sofya\Documents\Discourse part\gurung-stimuli\psychopy_gurung_v1\JpegStimuliFullRes\15_smile_clean wall
d015_set4_it_coh_list1,119,1,15,015_smile_clean_wall,smile_clean_wall,4,it_coh,intransitive_cohesive,cohesive,intransitive,3,60,4,JpegStimuliFullRes/15_smile_clean wall/4/coh_1.jpg,coh_1,JpegStimuliFullRes/15_smile_clean wall/4/coh_2.jpg,coh_2,JpegStimuliFullRes/15_smile_clean wall/4/it_target.jpg,it_target,JpegStimuliFullRes/15_smile_clean wall/4/end_coh_it.jpg,end_coh_it,BetweenTrials/nepal_2025_129_img_6989.jpg,0,,0,C:\Users\Sofya\Documents\Discourse part\gurung-stimuli\psychopy_gurung_v1\JpegStimuliFullRes\15_smile_clean wall
d015_set4_tr_ic_list1,120,1,15,015_smile_clean_wall,smile_clean_wall,4,tr_ic,transitive_incohesive,incohesive,transitive,2,60,3,JpegStimuliFullRes/15_smile_clean wall/4/ic_1.jpg,ic_1,JpegStimuliFullRes/15_smile_clean wall/4/tr_target.jpg,tr_target,JpegStimuliFullRes/15_smile_clean wall/4/end_ic_tr.jpg,end_ic_tr,,,BetweenTrials/nepal_2025_130_img_6758.jpg,0,,0,C:\Users\Sofya\Documents\Discourse part\gurung-stimuli\psychopy_gurung_v1\JpegStimuliFullRes\15_smile_clean wall
d016_set1_it_coh_list1,121,1,16,016_sleep_wash_dish,sleep_wash_dish,1,it_coh,intransitive_cohesive,cohesive,intransitive,3,61,4,JpegStimuliFullRes/16_sleep_wash dish/1/coh_1.jpg,coh_1,JpegStimuliFullRes/16_sleep_wash dish/1/coh_2.jpg,coh_2,JpegStimuliFullRes/16_sleep_wash dish/1/it_target.jpg,it_target,JpegStimuliFullRes/16_sleep_wash dish/1/end_coh_it.jpg,end_coh_it,BetweenTrials/nepal_2025_131_img_6922.jpg,0,,0,C:\Users\Sofya\Documents\Discourse part\gurung-stimuli\psychopy_gurung_v1\JpegStimuliFullRes\16_sleep_wash dish
d016_set1_tr_ic_list1,122,1,16,016_sleep_wash_dish,sleep_wash_dish,1,tr_ic,transitive_incohesive,incohesive,transitive,2,61,3,JpegStimuliFullRes/16_sleep_wash dish/1/ic_1.jpg,ic_1,JpegStimuliFullRes/16_sleep_wash dish/1/tr_target.jpg,tr_target,JpegStimuliFullRes/16_sleep_wash dish/1/end_ic_tr.jpg,end_ic_tr,,,BetweenTrials/nepal_2025_132_img_6767.jpg,0,,0,C:\Users\Sofya\Documents\Discourse part\gurung-stimuli\psychopy_gurung_v1\JpegStimuliFullRes\16_sleep_wash dish
d016_set2_tr_coh_list1,123,1,16,016_sleep_wash_dish,sleep_wash_dish,2,tr_coh,transitive_cohesive,cohesive,transitive,1,62,3,JpegStimuliFullRes/16_sleep_wash dish/2/coh_1.jpg,coh_1,JpegStimuliFullRes/16_sleep_wash dish/2/coh_2.jpg,coh_2,JpegStimuliFullRes/16_sleep_wash dish/2/tr_target.jpg,tr_target,,,BetweenTrials/nepal_2025_133_img_6940.jpg,0,,0,C:\Users\Sofya\Documents\Discourse part\gurung-stimuli\psychopy_gurung_v1\JpegStimuliFullRes\16_sleep_wash dish
d016_set2_it_ic_list1,124,1,16,016_sleep_wash_dish,sleep_wash_dish,2,it_ic,intransitive_incohesive,incohesive,intransitive,4,62,3,JpegStimuliFullRes/16_sleep_wash dish/2/ic_1.jpg,ic_1,JpegStimuliFullRes/16_sleep_wash dish/2/it_target.jpg,it_target,JpegStimuliFullRes/16_sleep_wash dish/2/end_ic_it.jpg,end_ic_it,,,BetweenTrials/nepal_2025_134_img_6761.jpg,0,,0,C:\Users\Sofya\Documents\Discourse part\gurung-stimuli\psychopy_gurung_v1\JpegStimuliFullRes\16_sleep_wash dish
d016_set3_tr_coh_list1,125,1,16,016_sleep_wash_dish,sleep_wash_dish,3,tr_coh,transitive_cohesive,cohesive,transitive,1,63,3,JpegStimuliFullRes/16_sleep_wash dish/3/coh_1.jpg,coh_1,JpegStimuliFullRes/16_sleep_wash dish/3/coh_2.jpg,coh_2,JpegStimuliFullRes/16_sleep_wash dish/3/tr_target.jpg,tr_target,,,BetweenTrials/nepal_2025_135_img_7112.jpg,0,,0,C:\Users\Sofya\Documents\Discourse part\gurung-stimuli\psychopy_gurung_v1\JpegStimuliFullRes\16_sleep_wash dish
d016_set3_it_ic_list1,126,1,16,016_sleep_wash_dish,sleep_wash_dish,3,it_ic,intransitive_incohesive,incohesive,intransitive,4,63,3,JpegStimuliFullRes/16_sleep_wash dish/3/ic_1.jpg,ic_1,JpegStimuliFullRes/16_sleep_wash dish/3/it_target.jpg,it_target,JpegStimuliFullRes/16_sleep_wash dish/3/end_ic_it.jpg,end_ic_it,,,BetweenTrials/nepal_2025_136_img_7101.jpg,0,,0,C:\Users\Sofya\Documents\Discourse part\gurung-stimuli\psychopy_gurung_v1\JpegStimuliFullRes\16_sleep_wash dish
d016_set4_it_coh_list1,127,1,16,016_sleep_wash_dish,sleep_wash_dish,4,it_coh,intransitive_cohesive,cohesive,intransitive,3,64,4,JpegStimuliFullRes/16_sleep_wash dish/4/coh_1.jpg,coh_1,JpegStimuliFullRes/16_sleep_wash dish/4/coh_2.jpg,coh_2,JpegStimuliFullRes/16_sleep_wash dish/4/it_target.jpg,it_target,JpegStimuliFullRes/16_sleep_wash dish/4/end_coh_it.jpg,end_coh_it,BetweenTrials/nepal_2025_137_img_6976.jpg,0,,0,C:\Users\Sofya\Documents\Discourse part\gurung-stimuli\psychopy_gurung_v1\JpegStimuliFullRes\16_sleep_wash dish
d016_set4_tr_ic_list1,128,1,16,016_sleep_wash_dish,sleep_wash_dish,4,tr_ic,transitive_incohesive,incohesive,transitive,2,64,3,JpegStimuliFullRes/16_sleep_wash dish/4/ic_1.jpg,ic_1,JpegStimuliFullRes/16_sleep_wash dish/4/tr_target.jpg,tr_target,JpegStimuliFullRes/16_sleep_wash dish/4/end_ic_tr.jpg,end_ic_tr,,,BetweenTrials/nepal_2025_138_img_6980.jpg,0,,0,C:\Users\Sofya\Documents\Discourse part\gurung-stimuli\psychopy_gurung_v1\JpegStimuliFullRes\16_sleep_wash dish
d017_set1_it_coh_list1,129,1,17,017_rest_hang_picture,rest_hang_picture,1,it_coh,intransitive_cohesive,cohesive,intransitive,3,65,4,JpegStimuliFullRes/17_rest_hang picture/1/coh_1.jpg,coh_1,JpegStimuliFullRes/17_rest_hang picture/1/coh_2.jpg,coh_2,JpegStimuliFullRes/17_rest_hang picture/1/it_target.jpg,it_target,JpegStimuliFullRes/17_rest_hang picture/1/end_coh_it.jpg,end_coh_it,BetweenTrials/nepal_2025_139_img_7081.jpg,0,,0,C:\Users\Sofya\Documents\Discourse part\gurung-stimuli\psychopy_gurung_v1\JpegStimuliFullRes\17_rest_hang picture
d017_set1_tr_ic_list1,130,1,17,017_rest_hang_picture,rest_hang_picture,1,tr_ic,transitive_incohesive,incohesive,transitive,2,65,3,JpegStimuliFullRes/17_rest_hang picture/1/ic_1.jpg,ic_1,JpegStimuliFullRes/17_rest_hang picture/1/tr_target.jpg,tr_target,JpegStimuliFullRes/17_rest_hang picture/1/end_ic_tr.jpg,end_ic_tr,,,BetweenTrials/nepal_2025_140_img_7053.jpg,0,,0,C:\Users\Sofya\Documents\Discourse part\gurung-stimuli\psychopy_gurung_v1\JpegStimuliFullRes\17_rest_hang picture
d017_set2_tr_coh_list1,131,1,17,017_rest_hang_picture,rest_hang_picture,2,tr_coh,transitive_cohesive,cohesive,transitive,1,66,3,JpegStimuliFullRes/17_rest_hang picture/2/coh_1.jpg,coh_1,JpegStimuliFullRes/17_rest_hang picture/2/coh_2.jpg,coh_2,JpegStimuliFullRes/17_rest_hang picture/2/tr_target.jpg,tr_target,,,BetweenTrials/nepal_2025_141_img_6847.jpg,0,,0,C:\Users\Sofya\Documents\Discourse part\gurung-stimuli\psychopy_gurung_v1\JpegStimuliFullRes\17_rest_hang picture
d017_set2_it_ic_list1,132,1,17,017_rest_hang_picture,rest_hang_picture,2,it_ic,intransitive_incohesive,incohesive,intransitive,4,66,3,JpegStimuliFullRes/17_rest_hang picture/2/ic_1.jpg,ic_1,JpegStimuliFullRes/17_rest_hang picture/2/it_target.jpg,it_target,JpegStimuliFullRes/17_rest_hang picture/2/end_ic_it.jpg,end_ic_it,,,BetweenTrials/nepal_2025_142_img_6981.jpg,0,,0,C:\Users\Sofya\Documents\Discourse part\gurung-stimuli\psychopy_gurung_v1\JpegStimuliFullRes\17_rest_hang picture
d017_set3_tr_coh_list1,133,1,17,017_rest_hang_picture,rest_hang_picture,3,tr_coh,transitive_cohesive,cohesive,transitive,1,67,3,JpegStimuliFullRes/17_rest_hang picture/3/coh_1.jpg,coh_1,JpegStimuliFullRes/17_rest_hang picture/3/coh_2.jpg,coh_2,JpegStimuliFullRes/17_rest_hang picture/3/tr_target.jpg,tr_target,,,BetweenTrials/nepal_2025_143_img_6907.jpg,0,,0,C:\Users\Sofya\Documents\Discourse part\gurung-stimuli\psychopy_gurung_v1\JpegStimuliFullRes\17_rest_hang picture
d017_set3_it_ic_list1,134,1,17,017_rest_hang_picture,rest_hang_picture,3,it_ic,intransitive_incohesive,incohesive,intransitive,4,67,3,JpegStimuliFullRes/17_rest_hang picture/3/ic_1.jpg,ic_1,JpegStimuliFullRes/17_rest_hang picture/3/it_target.jpg,it_target,JpegStimuliFullRes/17_rest_hang picture/3/end_ic_it.jpg,end_ic_it,,,BetweenTrials/nepal_2025_144_img_6716.jpg,0,,0,C:\Users\Sofya\Documents\Discourse part\gurung-stimuli\psychopy_gurung_v1\JpegStimuliFullRes\17_rest_hang picture
d017_set4_it_coh_list1,135,1,17,017_rest_hang_picture,rest_hang_picture,4,it_coh,intransitive_cohesive,cohesive,intransitive,3,68,4,JpegStimuliFullRes/17_rest_hang picture/4/coh_1.jpg,coh_1,JpegStimuliFullRes/17_rest_hang picture/4/coh_2.jpg,coh_2,JpegStimuliFullRes/17_rest_hang picture/4/it_target.jpg,it_target,JpegStimuliFullRes/17_rest_hang picture/4/end_coh_it.jpg,end_coh_it,BetweenTrials/nepal_2025_145_img_6833.jpg,0,,0,C:\Users\Sofya\Documents\Discourse part\gurung-stimuli\psychopy_gurung_v1\JpegStimuliFullRes\17_rest_hang picture
d017_set4_tr_ic_list1,136,1,17,017_rest_hang_picture,rest_hang_picture,4,tr_ic,transitive_incohesive,incohesive,transitive,2,68,3,JpegStimuliFullRes/17_rest_hang picture/4/ic_1.jpg,ic_1,JpegStimuliFullRes/17_rest_hang picture/4/tr_target.jpg,tr_target,JpegStimuliFullRes/17_rest_hang picture/4/end_ic_tr.jpg,end_ic_tr,,,BetweenTrials/nepal_2025_146_img_7113.jpg,0,,0,C:\Users\Sofya\Documents\Discourse part\gurung-stimuli\psychopy_gurung_v1\JpegStimuliFullRes\17_rest_hang picture
d018_set1_it_coh_list1,137,1,18,018_yawn_put_on_cap,yawn_put_on_cap,1,it_coh,intransitive_cohesive,cohesive,intransitive,3,69,4,JpegStimuliFullRes/18_yawn_put on cap/1/coh_1.jpg,coh_1,JpegStimuliFullRes/18_yawn_put on cap/1/coh_2.jpg,coh_2,JpegStimuliFullRes/18_yawn_put on cap/1/it_target.jpg,it_target,JpegStimuliFullRes/18_yawn_put on cap/1/end_coh_it.jpg,end_coh_it,BetweenTrials/nepal_2025_147_img_7086.jpg,0,,0,C:\Users\Sofya\Documents\Discourse part\gurung-stimuli\psychopy_gurung_v1\JpegStimuliFullRes\18_yawn_put on cap
d018_set1_tr_ic_list1,138,1,18,018_yawn_put_on_cap,yawn_put_on_cap,1,tr_ic,transitive_incohesive,incohesive,transitive,2,69,3,JpegStimuliFullRes/18_yawn_put on cap/1/ic_1.jpg,ic_1,JpegStimuliFullRes/18_yawn_put on cap/1/tr_target.jpg,tr_target,JpegStimuliFullRes/18_yawn_put on cap/1/end_ic_tr.jpg,end_ic_tr,,,BetweenTrials/nepal_2025_148_img_6994.jpg,0,,0,C:\Users\Sofya\Documents\Discourse part\gurung-stimuli\psychopy_gurung_v1\JpegStimuliFullRes\18_yawn_put on cap
d018_set2_tr_coh_list1,139,1,18,018_yawn_put_on_cap,yawn_put_on_cap,2,tr_coh,transitive_cohesive,cohesive,transitive,1,70,3,JpegStimuliFullRes/18_yawn_put on cap/2/coh_1.jpg,coh_1,JpegStimuliFullRes/18_yawn_put on cap/2/coh_2.jpg,coh_2,JpegStimuliFullRes/18_yawn_put on cap/2/tr_target.jpg,tr_target,,,BetweenTrials/nepal_2025_149_img_7119.jpg,0,,0,C:\Users\Sofya\Documents\Discourse part\gurung-stimuli\psychopy_gurung_v1\JpegStimuliFullRes\18_yawn_put on cap
d018_set2_it_ic_list1,140,1,18,018_yawn_put_on_cap,yawn_put_on_cap,2,it_ic,intransitive_incohesive,incohesive,intransitive,4,70,3,JpegStimuliFullRes/18_yawn_put on cap/2/ic_1.jpg,ic_1,JpegStimuliFullRes/18_yawn_put on cap/2/it_target.jpg,it_target,JpegStimuliFullRes/18_yawn_put on cap/2/end_ic_it.jpg,end_ic_it,,,BetweenTrials/nepal_2025_150_img_7079.jpg,0,,0,C:\Users\Sofya\Documents\Discourse part\gurung-stimuli\psychopy_gurung_v1\JpegStimuliFullRes\18_yawn_put on cap
d018_set3_tr_coh_list1,141,1,18,018_yawn_put_on_cap,yawn_put_on_cap,3,tr_coh,transitive_cohesive,cohesive,transitive,1,71,3,JpegStimuliFullRes/18_yawn_put on cap/3/coh_1.jpg,coh_1,JpegStimuliFullRes/18_yawn_put on cap/3/coh_2.jpg,coh_2,JpegStimuliFullRes/18_yawn_put on cap/3/tr_target.jpg,tr_target,,,BetweenTrials/nepal_2025_151_img_6742.jpg,0,,0,C:\Users\Sofya\Documents\Discourse part\gurung-stimuli\psychopy_gurung_v1\JpegStimuliFullRes\18_yawn_put on cap
d018_set3_it_ic_list1,142,1,18,018_yawn_put_on_cap,yawn_put_on_cap,3,it_ic,intransitive_incohesive,incohesive,intransitive,4,71,3,JpegStimuliFullRes/18_yawn_put on cap/3/ic_1.jpg,ic_1,JpegStimuliFullRes/18_yawn_put on cap/3/it_target.jpg,it_target,JpegStimuliFullRes/18_yawn_put on cap/3/end_ic_it.jpg,end_ic_it,,,BetweenTrials/nepal_2025_152_img_6925.jpg,0,,0,C:\Users\Sofya\Documents\Discourse part\gurung-stimuli\psychopy_gurung_v1\JpegStimuliFullRes\18_yawn_put on cap
d018_set4_it_coh_list1,143,1,18,018_yawn_put_on_cap,yawn_put_on_cap,4,it_coh,intransitive_cohesive,cohesive,intransitive,3,72,4,JpegStimuliFullRes/18_yawn_put on cap/4/coh_1.jpg,coh_1,JpegStimuliFullRes/18_yawn_put on cap/4/coh_2.jpg,coh_2,JpegStimuliFullRes/18_yawn_put on cap/4/it_target.jpg,it_target,JpegStimuliFullRes/18_yawn_put on cap/4/end_coh_it.jpg,end_coh_it,BetweenTrials/nepal_2025_153_img_7126.jpg,0,,0,C:\Users\Sofya\Documents\Discourse part\gurung-stimuli\psychopy_gurung_v1\JpegStimuliFullRes\18_yawn_put on cap
d018_set4_tr_ic_list1,144,1,18,018_yawn_put_on_cap,yawn_put_on_cap,4,tr_ic,transitive_incohesive,incohesive,transitive,2,72,3,JpegStimuliFullRes/18_yawn_put on cap/4/ic_1.jpg,ic_1,JpegStimuliFullRes/18_yawn_put on cap/4/tr_target.jpg,tr_target,JpegStimuliFullRes/18_yawn_put on cap/4/end_ic_tr.jpg,end_ic_tr,,,BetweenTrials/nepal_2025_154_img_7045.jpg,0,,0,C:\Users\Sofya\Documents\Discourse part\gurung-stimuli\psychopy_gurung_v1\JpegStimuliFullRes\18_yawn_put on cap
d019_set1_it_coh_list1,145,1,19,019_sit_crack_egg,sit_crack_egg,1,it_coh,intransitive_cohesive,cohesive,intransitive,3,73,4,JpegStimuliFullRes/19_sit_crack egg/1/coh_1.jpg,coh_1,JpegStimuliFullRes/19_sit_crack egg/1/coh_2.jpg,coh_2,JpegStimuliFullRes/19_sit_crack egg/1/it_target.jpg,it_target,JpegStimuliFullRes/19_sit_crack egg/1/end_coh_it.jpg,end_coh_it,BetweenTrials/nepal_2025_155_img_6887.jpg,0,,0,C:\Users\Sofya\Documents\Discourse part\gurung-stimuli\psychopy_gurung_v1\JpegStimuliFullRes\19_sit_crack egg
d019_set1_tr_ic_list1,146,1,19,019_sit_crack_egg,sit_crack_egg,1,tr_ic,transitive_incohesive,incohesive,transitive,2,73,3,JpegStimuliFullRes/19_sit_crack egg/1/ic_1.jpg,ic_1,JpegStimuliFullRes/19_sit_crack egg/1/tr_target.jpg,tr_target,JpegStimuliFullRes/19_sit_crack egg/1/end_ic_tr.jpg,end_ic_tr,,,BetweenTrials/nepal_2025_156_img_6984.jpg,0,,0,C:\Users\Sofya\Documents\Discourse part\gurung-stimuli\psychopy_gurung_v1\JpegStimuliFullRes\19_sit_crack egg
d019_set2_tr_coh_list1,147,1,19,019_sit_crack_egg,sit_crack_egg,2,tr_coh,transitive_cohesive,cohesive,transitive,1,74,3,JpegStimuliFullRes/19_sit_crack egg/2/coh_1.jpg,coh_1,JpegStimuliFullRes/19_sit_crack egg/2/coh_2.jpg,coh_2,JpegStimuliFullRes/19_sit_crack egg/2/tr_target.jpg,tr_target,,,BetweenTrials/nepal_2025_157_img_6911.jpg,0,,0,C:\Users\Sofya\Documents\Discourse part\gurung-stimuli\psychopy_gurung_v1\JpegStimuliFullRes\19_sit_crack egg
d019_set2_it_ic_list1,148,1,19,019_sit_crack_egg,sit_crack_egg,2,it_ic,intransitive_incohesive,incohesive,intransitive,4,74,3,JpegStimuliFullRes/19_sit_crack egg/2/ic_1.jpg,ic_1,JpegStimuliFullRes/19_sit_crack egg/2/it_target.jpg,it_target,JpegStimuliFullRes/19_sit_crack egg/2/end_ic_it.jpg,end_ic_it,,,BetweenTrials/nepal_2025_158_img_6759.jpg,0,,0,C:\Users\Sofya\Documents\Discourse part\gurung-stimuli\psychopy_gurung_v1\JpegStimuliFullRes\19_sit_crack egg
d019_set3_tr_coh_list1,149,1,19,019_sit_crack_egg,sit_crack_egg,3,tr_coh,transitive_cohesive,cohesive,transitive,1,75,3,JpegStimuliFullRes/19_sit_crack egg/3/coh_1.jpg,coh_1,JpegStimuliFullRes/19_sit_crack egg/3/coh_2.jpg,coh_2,JpegStimuliFullRes/19_sit_crack egg/3/tr_target.jpg,tr_target,,,BetweenTrials/nepal_2025_159_img_6773.jpg,0,,0,C:\Users\Sofya\Documents\Discourse part\gurung-stimuli\psychopy_gurung_v1\JpegStimuliFullRes\19_sit_crack egg
d019_set3_it_ic_list1,150,1,19,019_sit_crack_egg,sit_crack_egg,3,it_ic,intransitive_incohesive,incohesive,intransitive,4,75,3,JpegStimuliFullRes/19_sit_crack egg/3/ic_1.jpg,ic_1,JpegStimuliFullRes/19_sit_crack egg/3/it_target.jpg,it_target,JpegStimuliFullRes/19_sit_crack egg/3/end_ic_it.jpg,end_ic_it,,,BetweenTrials/nepal_2025_160_img_6844.jpg,0,,0,C:\Users\Sofya\Documents\Discourse part\gurung-stimuli\psychopy_gurung_v1\JpegStimuliFullRes\19_sit_crack egg
d019_set4_it_coh_list1,151,1,19,019_sit_crack_egg,sit_crack_egg,4,it_coh,intransitive_cohesive,cohesive,intransitive,3,76,4,JpegStimuliFullRes/19_sit_crack egg/4/coh_1.jpg,coh_1,JpegStimuliFullRes/19_sit_crack egg/4/coh_2.jpg,coh_2,JpegStimuliFullRes/19_sit_crack egg/4/it_target.jpg,it_target,JpegStimuliFullRes/19_sit_crack egg/4/end_coh_it.jpg,end_coh_it,BetweenTrials/nepal_2025_161_img_6713.jpg,0,,0,C:\Users\Sofya\Documents\Discourse part\gurung-stimuli\psychopy_gurung_v1\JpegStimuliFullRes\19_sit_crack egg
d019_set4_tr_ic_list1,152,1,19,019_sit_crack_egg,sit_crack_egg,4,tr_ic,transitive_incohesive,incohesive,transitive,2,76,3,JpegStimuliFullRes/19_sit_crack egg/4/ic_1.jpg,ic_1,JpegStimuliFullRes/19_sit_crack egg/4/tr_target.jpg,tr_target,JpegStimuliFullRes/19_sit_crack egg/4/end_ic_tr.jpg,end_ic_tr,,,BetweenTrials/nepal_2025_162_img_7024.jpg,0,,0,C:\Users\Sofya\Documents\Discourse part\gurung-stimuli\psychopy_gurung_v1\JpegStimuliFullRes\19_sit_crack egg
d020_set1_it_coh_list1,153,1,20,020_come_plant_sapling,come_plant_sapling,1,it_coh,intransitive_cohesive,cohesive,intransitive,3,77,4,JpegStimuliFullRes/20_come_plant sapling/1/coh_1.jpg,coh_1,JpegStimuliFullRes/20_come_plant sapling/1/coh_2.jpg,coh_2,JpegStimuliFullRes/20_come_plant sapling/1/it_target.jpg,it_target,JpegStimuliFullRes/20_come_plant sapling/1/end_coh_it.jpg,end_coh_it,BetweenTrials/nepal_2025_163_img_6904.jpg,0,,0,C:\Users\Sofya\Documents\Discourse part\gurung-stimuli\psychopy_gurung_v1\JpegStimuliFullRes\20_come_plant sapling
d020_set1_tr_ic_list1,154,1,20,020_come_plant_sapling,come_plant_sapling,1,tr_ic,transitive_incohesive,incohesive,transitive,2,77,3,JpegStimuliFullRes/20_come_plant sapling/1/ic_1.jpg,ic_1,JpegStimuliFullRes/20_come_plant sapling/1/tr_target.jpg,tr_target,JpegStimuliFullRes/20_come_plant sapling/1/end_ic_tr.jpg,end_ic_tr,,,BetweenTrials/nepal_2025_164_img_6736.jpg,0,,0,C:\Users\Sofya\Documents\Discourse part\gurung-stimuli\psychopy_gurung_v1\JpegStimuliFullRes\20_come_plant sapling
d020_set2_tr_coh_list1,155,1,20,020_come_plant_sapling,come_plant_sapling,2,tr_coh,transitive_cohesive,cohesive,transitive,1,78,3,JpegStimuliFullRes/20_come_plant sapling/2/coh_1.jpg,coh_1,JpegStimuliFullRes/20_come_plant sapling/2/coh_2.jpg,coh_2,JpegStimuliFullRes/20_come_plant sapling/2/tr_target.jpg,tr_target,,,BetweenTrials/nepal_2025_165_img_6997.jpg,0,,0,C:\Users\Sofya\Documents\Discourse part\gurung-stimuli\psychopy_gurung_v1\JpegStimuliFullRes\20_come_plant sapling
d020_set2_it_ic_list1,156,1,20,020_come_plant_sapling,come_plant_sapling,2,it_ic,intransitive_incohesive,incohesive,intransitive,4,78,3,JpegStimuliFullRes/20_come_plant sapling/2/ic_1.jpg,ic_1,JpegStimuliFullRes/20_come_plant sapling/2/it_target.jpg,it_target,JpegStimuliFullRes/20_come_plant sapling/2/end_ic_it.jpg,end_ic_it,,,BetweenTrials/nepal_2025_166_img_6798.jpg,0,,0,C:\Users\Sofya\Documents\Discourse part\gurung-stimuli\psychopy_gurung_v1\JpegStimuliFullRes\20_come_plant sapling
d020_set3_tr_coh_list1,157,1,20,020_come_plant_sapling,come_plant_sapling,3,tr_coh,transitive_cohesive,cohesive,transitive,1,79,3,JpegStimuliFullRes/20_come_plant sapling/3/coh_1.jpg,coh_1,JpegStimuliFullRes/20_come_plant sapling/3/coh_2.jpg,coh_2,JpegStimuliFullRes/20_come_plant sapling/3/tr_target.jpg,tr_target,,,BetweenTrials/nepal_2025_167_img_6938.jpg,0,,0,C:\Users\Sofya\Documents\Discourse part\gurung-stimuli\psychopy_gurung_v1\JpegStimuliFullRes\20_come_plant sapling
d020_set3_it_ic_list1,158,1,20,020_come_plant_sapling,come_plant_sapling,3,it_ic,intransitive_incohesive,incohesive,intransitive,4,79,3,JpegStimuliFullRes/20_come_plant sapling/3/ic_1.jpg,ic_1,JpegStimuliFullRes/20_come_plant sapling/3/it_target.jpg,it_target,JpegStimuliFullRes/20_come_plant sapling/3/end_ic_it.jpg,end_ic_it,,,BetweenTrials/nepal_2025_168_img_7016.jpg,0,,0,C:\Users\Sofya\Documents\Discourse part\gurung-stimuli\psychopy_gurung_v1\JpegStimuliFullRes\20_come_plant sapling
d020_set4_it_coh_list1,159,1,20,020_come_plant_sapling,come_plant_sapling,4,it_coh,intransitive_cohesive,cohesive,intransitive,3,80,4,JpegStimuliFullRes/20_come_plant sapling/4/coh_1.jpg,coh_1,JpegStimuliFullRes/20_come_plant sapling/4/coh_2.jpg,coh_2,JpegStimuliFullRes/20_come_plant sapling/4/it_target.jpg,it_target,JpegStimuliFullRes/20_come_plant sapling/4/end_coh_it.jpg,end_coh_it,BetweenTrials/nepal_2025_169_img_6999.jpg,0,,0,C:\Users\Sofya\Documents\Discourse part\gurung-stimuli\psychopy_gurung_v1\JpegStimuliFullRes\20_come_plant sapling
d020_set4_tr_ic_list1,160,1,20,020_come_plant_sapling,come_plant_sapling,4,tr_ic,transitive_incohesive,incohesive,transitive,2,80,3,JpegStimuliFullRes/20_come_plant sapling/4/ic_1.jpg,ic_1,JpegStimuliFullRes/20_come_plant sapling/4/tr_target.jpg,tr_target,JpegStimuliFullRes/20_come_plant sapling/4/end_ic_tr.jpg,end_ic_tr,,,BetweenTrials/nepal_2025_170_img_6916.jpg,0,,0,C:\Users\Sofya\Documents\Discourse part\gurung-stimuli\psychopy_gurung_v1\JpegStimuliFullRes\20_come_plant sapling
d021_set1_it_coh_list1,161,1,21,021_cough_burn_bottles,cough_burn_bottles,1,it_coh,intransitive_cohesive,cohesive,intransitive,3,81,4,JpegStimuliFullRes/21_cough_burn bottles/1/coh_1.jpg,coh_1,JpegStimuliFullRes/21_cough_burn bottles/1/coh_2.jpg,coh_2,JpegStimuliFullRes/21_cough_burn bottles/1/it_target.jpg,it_target,JpegStimuliFullRes/21_cough_burn bottles/1/end_coh_it.jpg,end_coh_it,BetweenTrials/nepal_2025_171_img_6792.jpg,0,,0,C:\Users\Sofya\Documents\Discourse part\gurung-stimuli\psychopy_gurung_v1\JpegStimuliFullRes\21_cough_burn bottles
d021_set1_tr_ic_list1,162,1,21,021_cough_burn_bottles,cough_burn_bottles,1,tr_ic,transitive_incohesive,incohesive,transitive,2,81,3,JpegStimuliFullRes/21_cough_burn bottles/1/ic_1.jpg,ic_1,JpegStimuliFullRes/21_cough_burn bottles/1/tr_target.jpg,tr_target,JpegStimuliFullRes/21_cough_burn bottles/1/end_ic_tr.jpg,end_ic_tr,,,BetweenTrials/nepal_2025_172_img_6804.jpg,0,,0,C:\Users\Sofya\Documents\Discourse part\gurung-stimuli\psychopy_gurung_v1\JpegStimuliFullRes\21_cough_burn bottles
d021_set2_tr_coh_list1,163,1,21,021_cough_burn_bottles,cough_burn_bottles,2,tr_coh,transitive_cohesive,cohesive,transitive,1,82,3,JpegStimuliFullRes/21_cough_burn bottles/2/coh_1.jpg,coh_1,JpegStimuliFullRes/21_cough_burn bottles/2/coh_2.jpg,coh_2,JpegStimuliFullRes/21_cough_burn bottles/2/tr_target.jpg,tr_target,,,BetweenTrials/nepal_2025_173_img_6960.jpg,0,,0,C:\Users\Sofya\Documents\Discourse part\gurung-stimuli\psychopy_gurung_v1\JpegStimuliFullRes\21_cough_burn bottles
d021_set2_it_ic_list1,164,1,21,021_cough_burn_bottles,cough_burn_bottles,2,it_ic,intransitive_incohesive,incohesive,intransitive,4,82,3,JpegStimuliFullRes/21_cough_burn bottles/2/ic_1.jpg,ic_1,JpegStimuliFullRes/21_cough_burn bottles/2/it_target.jpg,it_target,JpegStimuliFullRes/21_cough_burn bottles/2/end_ic_it.jpg,end_ic_it,,,BetweenTrials/nepal_2025_174_img_6827.jpg,0,,0,C:\Users\Sofya\Documents\Discourse part\gurung-stimuli\psychopy_gurung_v1\JpegStimuliFullRes\21_cough_burn bottles
d021_set3_tr_coh_list1,165,1,21,021_cough_burn_bottles,cough_burn_bottles,3,tr_coh,transitive_cohesive,cohesive,transitive,1,83,3,JpegStimuliFullRes/21_cough_burn bottles/3/coh_1.jpg,coh_1,JpegStimuliFullRes/21_cough_burn bottles/3/coh_2.jpg,coh_2,JpegStimuliFullRes/21_cough_burn bottles/3/tr_target.jpg,tr_target,,,BetweenTrials/nepal_2025_175_img_6793.jpg,0,,0,C:\Users\Sofya\Documents\Discourse part\gurung-stimuli\psychopy_gurung_v1\JpegStimuliFullRes\21_cough_burn bottles
d021_set3_it_ic_list1,166,1,21,021_cough_burn_bottles,cough_burn_bottles,3,it_ic,intransitive_incohesive,incohesive,intransitive,4,83,3,JpegStimuliFullRes/21_cough_burn bottles/3/ic_1.jpg,ic_1,JpegStimuliFullRes/21_cough_burn bottles/3/it_target.jpg,it_target,JpegStimuliFullRes/21_cough_burn bottles/3/end_ic_it.jpg,end_ic_it,,,BetweenTrials/nepal_2025_176_img_7061.jpg,0,,0,C:\Users\Sofya\Documents\Discourse part\gurung-stimuli\psychopy_gurung_v1\JpegStimuliFullRes\21_cough_burn bottles
d021_set4_it_coh_list1,167,1,21,021_cough_burn_bottles,cough_burn_bottles,4,it_coh,intransitive_cohesive,cohesive,intransitive,3,84,4,JpegStimuliFullRes/21_cough_burn bottles/4/coh_1.jpg,coh_1,JpegStimuliFullRes/21_cough_burn bottles/4/coh_2.jpg,coh_2,JpegStimuliFullRes/21_cough_burn bottles/4/it_target.jpg,it_target,JpegStimuliFullRes/21_cough_burn bottles/4/end_coh_it.jpg,end_coh_it,BetweenTrials/nepal_2025_177_img_7065.jpg,0,,0,C:\Users\Sofya\Documents\Discourse part\gurung-stimuli\psychopy_gurung_v1\JpegStimuliFullRes\21_cough_burn bottles
d021_set4_tr_ic_list1,168,1,21,021_cough_burn_bottles,cough_burn_bottles,4,tr_ic,transitive_incohesive,incohesive,transitive,2,84,3,JpegStimuliFullRes/21_cough_burn bottles/4/ic_1.jpg,ic_1,JpegStimuliFullRes/21_cough_burn bottles/4/tr_target.jpg,tr_target,JpegStimuliFullRes/21_cough_burn bottles/4/end_ic_tr.jpg,end_ic_tr,,,BetweenTrials/nepal_2025_178_img_7136.jpg,0,,0,C:\Users\Sofya\Documents\Discourse part\gurung-stimuli\psychopy_gurung_v1\JpegStimuliFullRes\21_cough_burn bottles
d022_set1_it_coh_list1,169,1,22,022_come_push_chest,come_push_chest,1,it_coh,intransitive_cohesive,cohesive,intransitive,3,85,4,JpegStimuliFullRes/22_come_push chest/1/coh_1.jpg,coh_1,JpegStimuliFullRes/22_come_push chest/1/coh_2.jpg,coh_2,JpegStimuliFullRes/22_come_push chest/1/it_target.jpg,it_target,JpegStimuliFullRes/22_come_push chest/1/end_coh_it.jpg,end_coh_it,BetweenTrials/nepal_2025_179_img_7083.jpg,0,,0,C:\Users\Sofya\Documents\Discourse part\gurung-stimuli\psychopy_gurung_v1\JpegStimuliFullRes\22_come_push chest
d022_set1_tr_ic_list1,170,1,22,022_come_push_chest,come_push_chest,1,tr_ic,transitive_incohesive,incohesive,transitive,2,85,3,JpegStimuliFullRes/22_come_push chest/1/ic_1.jpg,ic_1,JpegStimuliFullRes/22_come_push chest/1/tr_target.jpg,tr_target,JpegStimuliFullRes/22_come_push chest/1/end_ic_tr.jpg,end_ic_tr,,,BetweenTrials/nepal_2025_180_img_6978.jpg,0,,0,C:\Users\Sofya\Documents\Discourse part\gurung-stimuli\psychopy_gurung_v1\JpegStimuliFullRes\22_come_push chest
d022_set2_tr_coh_list1,171,1,22,022_come_push_chest,come_push_chest,2,tr_coh,transitive_cohesive,cohesive,transitive,1,86,3,JpegStimuliFullRes/22_come_push chest/2/coh_1.jpg,coh_1,JpegStimuliFullRes/22_come_push chest/2/coh_2.jpg,coh_2,JpegStimuliFullRes/22_come_push chest/2/tr_target.jpg,tr_target,,,BetweenTrials/nepal_2025_181_img_6937.jpg,0,,0,C:\Users\Sofya\Documents\Discourse part\gurung-stimuli\psychopy_gurung_v1\JpegStimuliFullRes\22_come_push chest
d022_set2_it_ic_list1,172,1,22,022_come_push_chest,come_push_chest,2,it_ic,intransitive_incohesive,incohesive,intransitive,4,86,3,JpegStimuliFullRes/22_come_push chest/2/ic_1.jpg,ic_1,JpegStimuliFullRes/22_come_push chest/2/it_target.jpg,it_target,JpegStimuliFullRes/22_come_push chest/2/end_ic_it.jpg,end_ic_it,,,BetweenTrials/nepal_2025_182_img_7111.jpg,0,,0,C:\Users\Sofya\Documents\Discourse part\gurung-stimuli\psychopy_gurung_v1\JpegStimuliFullRes\22_come_push chest
d022_set3_tr_coh_list1,173,1,22,022_come_push_chest,come_push_chest,3,tr_coh,transitive_cohesive,cohesive,transitive,1,87,3,JpegStimuliFullRes/22_come_push chest/3/coh_1.jpg,coh_1,JpegStimuliFullRes/22_come_push chest/3/coh_2.jpg,coh_2,JpegStimuliFullRes/22_come_push chest/3/tr_target.jpg,tr_target,,,BetweenTrials/nepal_2025_183_img_7141.jpg,0,,0,C:\Users\Sofya\Documents\Discourse part\gurung-stimuli\psychopy_gurung_v1\JpegStimuliFullRes\22_come_push chest
d022_set3_it_ic_list1,174,1,22,022_come_push_chest,come_push_chest,3,it_ic,intransitive_incohesive,incohesive,intransitive,4,87,3,JpegStimuliFullRes/22_come_push chest/3/ic_1.jpg,ic_1,JpegStimuliFullRes/22_come_push chest/3/it_target.jpg,it_target,JpegStimuliFullRes/22_come_push chest/3/end_ic_it.jpg,end_ic_it,,,BetweenTrials/nepal_2025_184_img_6955.jpg,0,,0,C:\Users\Sofya\Documents\Discourse part\gurung-stimuli\psychopy_gurung_v1\JpegStimuliFullRes\22_come_push chest
d022_set4_it_coh_list1,175,1,22,022_come_push_chest,come_push_chest,4,it_coh,intransitive_cohesive,cohesive,intransitive,3,88,4,JpegStimuliFullRes/22_come_push chest/4/coh_1.jpg,coh_1,JpegStimuliFullRes/22_come_push chest/4/coh_2.jpg,coh_2,JpegStimuliFullRes/22_come_push chest/4/it_target.jpg,it_target,JpegStimuliFullRes/22_come_push chest/4/end_coh_it.jpg,end_coh_it,BetweenTrials/nepal_2025_185_img_7015.jpg,0,,0,C:\Users\Sofya\Documents\Discourse part\gurung-stimuli\psychopy_gurung_v1\JpegStimuliFullRes\22_come_push chest
d022_set4_tr_ic_list1,176,1,22,022_come_push_chest,come_push_chest,4,tr_ic,transitive_incohesive,incohesive,transitive,2,88,3,JpegStimuliFullRes/22_come_push chest/4/ic_1.jpg,ic_1,JpegStimuliFullRes/22_come_push chest/4/tr_target.jpg,tr_target,JpegStimuliFullRes/22_come_push chest/4/end_ic_tr.jpg,end_ic_tr,,,BetweenTrials/nepal_2025_186_img_6956.jpg,0,,0,C:\Users\Sofya\Documents\Discourse part\gurung-stimuli\psychopy_gurung_v1\JpegStimuliFullRes\22_come_push chest
d023_set1_it_coh_list1,177,1,23,023_stand_tear_paper,stand_tear_paper,1,it_coh,intransitive_cohesive,cohesive,intransitive,3,89,4,JpegStimuliFullRes/23_stand_tear paper/1/coh_1.jpg,coh_1,JpegStimuliFullRes/23_stand_tear paper/1/coh_2.jpg,coh_2,JpegStimuliFullRes/23_stand_tear paper/1/it_target.jpg,it_target,JpegStimuliFullRes/23_stand_tear paper/1/end_coh_it.jpg,end_coh_it,BetweenTrials/nepal_2025_187_img_7142.jpg,0,,0,C:\Users\Sofya\Documents\Discourse part\gurung-stimuli\psychopy_gurung_v1\JpegStimuliFullRes\23_stand_tear paper
d023_set1_tr_ic_list1,178,1,23,023_stand_tear_paper,stand_tear_paper,1,tr_ic,transitive_incohesive,incohesive,transitive,2,89,3,JpegStimuliFullRes/23_stand_tear paper/1/ic_1.jpg,ic_1,JpegStimuliFullRes/23_stand_tear paper/1/tr_target.jpg,tr_target,JpegStimuliFullRes/23_stand_tear paper/1/end_ic_tr.jpg,end_ic_tr,,,BetweenTrials/nepal_2025_188_img_6744.jpg,0,,0,C:\Users\Sofya\Documents\Discourse part\gurung-stimuli\psychopy_gurung_v1\JpegStimuliFullRes\23_stand_tear paper
d023_set2_tr_coh_list1,179,1,23,023_stand_tear_paper,stand_tear_paper,2,tr_coh,transitive_cohesive,cohesive,transitive,1,90,3,JpegStimuliFullRes/23_stand_tear paper/2/coh_1.jpg,coh_1,JpegStimuliFullRes/23_stand_tear paper/2/coh_2.jpg,coh_2,JpegStimuliFullRes/23_stand_tear paper/2/tr_target.jpg,tr_target,,,BetweenTrials/nepal_2025_189_img_6954.jpg,0,,0,C:\Users\Sofya\Documents\Discourse part\gurung-stimuli\psychopy_gurung_v1\JpegStimuliFullRes\23_stand_tear paper
d023_set2_it_ic_list1,180,1,23,023_stand_tear_paper,stand_tear_paper,2,it_ic,intransitive_incohesive,incohesive,intransitive,4,90,3,JpegStimuliFullRes/23_stand_tear paper/2/ic_1.jpg,ic_1,JpegStimuliFullRes/23_stand_tear paper/2/it_target.jpg,it_target,JpegStimuliFullRes/23_stand_tear paper/2/end_ic_it.jpg,end_ic_it,,,BetweenTrials/nepal_2025_190_img_6729.jpg,0,,0,C:\Users\Sofya\Documents\Discourse part\gurung-stimuli\psychopy_gurung_v1\JpegStimuliFullRes\23_stand_tear paper
d023_set3_tr_coh_list1,181,1,23,023_stand_tear_paper,stand_tear_paper,3,tr_coh,transitive_cohesive,cohesive,transitive,1,91,3,JpegStimuliFullRes/23_stand_tear paper/3/coh_1.jpg,coh_1,JpegStimuliFullRes/23_stand_tear paper/3/coh_2.jpg,coh_2,JpegStimuliFullRes/23_stand_tear paper/3/tr_target.jpg,tr_target,,,BetweenTrials/nepal_2025_191_img_7123.jpg,0,,0,C:\Users\Sofya\Documents\Discourse part\gurung-stimuli\psychopy_gurung_v1\JpegStimuliFullRes\23_stand_tear paper
d023_set3_it_ic_list1,182,1,23,023_stand_tear_paper,stand_tear_paper,3,it_ic,intransitive_incohesive,incohesive,intransitive,4,91,3,JpegStimuliFullRes/23_stand_tear paper/3/ic_1.jpg,ic_1,JpegStimuliFullRes/23_stand_tear paper/3/it_target.jpg,it_target,JpegStimuliFullRes/23_stand_tear paper/3/end_ic_it.jpg,end_ic_it,,,BetweenTrials/nepal_2025_192_img_6718.jpg,0,,0,C:\Users\Sofya\Documents\Discourse part\gurung-stimuli\psychopy_gurung_v1\JpegStimuliFullRes\23_stand_tear paper
d023_set4_it_coh_list1,183,1,23,023_stand_tear_paper,stand_tear_paper,4,it_coh,intransitive_cohesive,cohesive,intransitive,3,92,4,JpegStimuliFullRes/23_stand_tear paper/4/coh_1.jpg,coh_1,JpegStimuliFullRes/23_stand_tear paper/4/coh_2.jpg,coh_2,JpegStimuliFullRes/23_stand_tear paper/4/it_target.jpg,it_target,JpegStimuliFullRes/23_stand_tear paper/4/end_coh_it.jpg,end_coh_it,BetweenTrials/nepal_2025_193_img_6908.jpg,0,,0,C:\Users\Sofya\Documents\Discourse part\gurung-stimuli\psychopy_gurung_v1\JpegStimuliFullRes\23_stand_tear paper
d023_set4_tr_ic_list1,184,1,23,023_stand_tear_paper,stand_tear_paper,4,tr_ic,transitive_incohesive,incohesive,transitive,2,92,3,JpegStimuliFullRes/23_stand_tear paper/4/ic_1.jpg,ic_1,JpegStimuliFullRes/23_stand_tear paper/4/tr_target.jpg,tr_target,JpegStimuliFullRes/23_stand_tear paper/4/end_ic_tr.jpg,end_ic_tr,,,BetweenTrials/nepal_2025_194_img_6815.jpg,0,,0,C:\Users\Sofya\Documents\Discourse part\gurung-stimuli\psychopy_gurung_v1\JpegStimuliFullRes\23_stand_tear paper
d024_set1_it_coh_list1,185,1,24,024_descend_paint_bench,descend_paint_bench,1,it_coh,intransitive_cohesive,cohesive,intransitive,3,93,4,JpegStimuliFullRes/24_descend_paint bench/1/coh_1.jpg,coh_1,JpegStimuliFullRes/24_descend_paint bench/1/coh_2.jpg,coh_2,JpegStimuliFullRes/24_descend_paint bench/1/it_target.jpg,it_target,JpegStimuliFullRes/24_descend_paint bench/1/end_coh_it.jpg,end_coh_it,BetweenTrials/nepal_2025_195_img_7071.jpg,0,,0,C:\Users\Sofya\Documents\Discourse part\gurung-stimuli\psychopy_gurung_v1\JpegStimuliFullRes\24_descend_paint bench
d024_set1_tr_ic_list1,186,1,24,024_descend_paint_bench,descend_paint_bench,1,tr_ic,transitive_incohesive,incohesive,transitive,2,93,3,JpegStimuliFullRes/24_descend_paint bench/1/ic_1.jpg,ic_1,JpegStimuliFullRes/24_descend_paint bench/1/tr_target.jpg,tr_target,JpegStimuliFullRes/24_descend_paint bench/1/end_ic_tr.jpg,end_ic_tr,,,BetweenTrials/nepal_2025_196_img_7041.jpg,0,,0,C:\Users\Sofya\Documents\Discourse part\gurung-stimuli\psychopy_gurung_v1\JpegStimuliFullRes\24_descend_paint bench
d024_set2_tr_coh_list1,187,1,24,024_descend_paint_bench,descend_paint_bench,2,tr_coh,transitive_cohesive,cohesive,transitive,1,94,3,JpegStimuliFullRes/24_descend_paint bench/2/coh_1.jpg,coh_1,JpegStimuliFullRes/24_descend_paint bench/2/coh_2.jpg,coh_2,JpegStimuliFullRes/24_descend_paint bench/2/tr_target.jpg,tr_target,,,BetweenTrials/nepal_2025_197_img_6780.jpg,0,,0,C:\Users\Sofya\Documents\Discourse part\gurung-stimuli\psychopy_gurung_v1\JpegStimuliFullRes\24_descend_paint bench
d024_set2_it_ic_list1,188,1,24,024_descend_paint_bench,descend_paint_bench,2,it_ic,intransitive_incohesive,incohesive,intransitive,4,94,3,JpegStimuliFullRes/24_descend_paint bench/2/ic_1.jpg,ic_1,JpegStimuliFullRes/24_descend_paint bench/2/it_target.jpg,it_target,JpegStimuliFullRes/24_descend_paint bench/2/end_ic_it.jpg,end_ic_it,,,BetweenTrials/nepal_2025_198_img_7040.jpg,0,,0,C:\Users\Sofya\Documents\Discourse part\gurung-stimuli\psychopy_gurung_v1\JpegStimuliFullRes\24_descend_paint bench
d024_set3_tr_coh_list1,189,1,24,024_descend_paint_bench,descend_paint_bench,3,tr_coh,transitive_cohesive,cohesive,transitive,1,95,3,JpegStimuliFullRes/24_descend_paint bench/3/coh_1.jpg,coh_1,JpegStimuliFullRes/24_descend_paint bench/3/coh_2.jpg,coh_2,JpegStimuliFullRes/24_descend_paint bench/3/tr_target.jpg,tr_target,,,BetweenTrials/nepal_2025_199_img_6863.jpg,0,,0,C:\Users\Sofya\Documents\Discourse part\gurung-stimuli\psychopy_gurung_v1\JpegStimuliFullRes\24_descend_paint bench
d024_set3_it_ic_list1,190,1,24,024_descend_paint_bench,descend_paint_bench,3,it_ic,intransitive_incohesive,incohesive,intransitive,4,95,3,JpegStimuliFullRes/24_descend_paint bench/3/ic_1.jpg,ic_1,JpegStimuliFullRes/24_descend_paint bench/3/it_target.jpg,it_target,JpegStimuliFullRes/24_descend_paint bench/3/end_ic_it.jpg,end_ic_it,,,BetweenTrials/nepal_2025_200_img_7025.jpg,0,,0,C:\Users\Sofya\Documents\Discourse part\gurung-stimuli\psychopy_gurung_v1\JpegStimuliFullRes\24_descend_paint bench
d024_set4_it_coh_list1,191,1,24,024_descend_paint_bench,descend_paint_bench,4,it_coh,intransitive_cohesive,cohesive,intransitive,3,96,4,JpegStimuliFullRes/24_descend_paint bench/4/coh_1.jpg,coh_1,JpegStimuliFullRes/24_descend_paint bench/4/coh_2.jpg,coh_2,JpegStimuliFullRes/24_descend_paint bench/4/it_target.jpg,it_target,JpegStimuliFullRes/24_descend_paint bench/4/end_coh_it.jpg,end_coh_it,BetweenTrials/nepal_2025_201_img_6948.jpg,0,,0,C:\Users\Sofya\Documents\Discourse part\gurung-stimuli\psychopy_gurung_v1\JpegStimuliFullRes\24_descend_paint bench
d024_set4_tr_ic_list1,192,1,24,024_descend_paint_bench,descend_paint_bench,4,tr_ic,transitive_incohesive,incohesive,transitive,2,96,3,JpegStimuliFullRes/24_descend_paint bench/4/ic_1.jpg,ic_1,JpegStimuliFullRes/24_descend_paint bench/4/tr_target.jpg,tr_target,JpegStimuliFullRes/24_descend_paint bench/4/end_ic_tr.jpg,end_ic_tr,,,BetweenTrials/nepal_2025_202_img_6861.jpg,0,,0,C:\Users\Sofya\Documents\Discourse part\gurung-stimuli\psychopy_gurung_v1\JpegStimuliFullRes\24_descend_paint bench
d025_set1_it_coh_list1,193,1,25,025_yawn_lock_door,yawn_lock_door,1,it_coh,intransitive_cohesive,cohesive,intransitive,3,97,4,JpegStimuliFullRes/25_yawn_lock door/1/coh_1.jpg,coh_1,JpegStimuliFullRes/25_yawn_lock door/1/coh_2.jpg,coh_2,JpegStimuliFullRes/25_yawn_lock door/1/it_target.jpg,it_target,JpegStimuliFullRes/25_yawn_lock door/1/end_coh_it.jpg,end_coh_it,BetweenTrials/nepal_2025_203_img_6872.jpg,0,,0,C:\Users\Sofya\Documents\Discourse part\gurung-stimuli\psychopy_gurung_v1\JpegStimuliFullRes\25_yawn_lock door
d025_set1_tr_ic_list1,194,1,25,025_yawn_lock_door,yawn_lock_door,1,tr_ic,transitive_incohesive,incohesive,transitive,2,97,3,JpegStimuliFullRes/25_yawn_lock door/1/ic_1.jpg,ic_1,JpegStimuliFullRes/25_yawn_lock door/1/tr_target.jpg,tr_target,JpegStimuliFullRes/25_yawn_lock door/1/end_ic_tr.jpg,end_ic_tr,,,BetweenTrials/nepal_2025_204_img_6947.jpg,0,,0,C:\Users\Sofya\Documents\Discourse part\gurung-stimuli\psychopy_gurung_v1\JpegStimuliFullRes\25_yawn_lock door
d025_set2_tr_coh_list1,195,1,25,025_yawn_lock_door,yawn_lock_door,2,tr_coh,transitive_cohesive,cohesive,transitive,1,98,3,JpegStimuliFullRes/25_yawn_lock door/2/coh_1.jpg,coh_1,JpegStimuliFullRes/25_yawn_lock door/2/coh_2.jpg,coh_2,JpegStimuliFullRes/25_yawn_lock door/2/tr_target.jpg,tr_target,,,BetweenTrials/nepal_2025_205_img_6929.jpg,0,,0,C:\Users\Sofya\Documents\Discourse part\gurung-stimuli\psychopy_gurung_v1\JpegStimuliFullRes\25_yawn_lock door
d025_set2_it_ic_list1,196,1,25,025_yawn_lock_door,yawn_lock_door,2,it_ic,intransitive_incohesive,incohesive,intransitive,4,98,3,JpegStimuliFullRes/25_yawn_lock door/2/ic_1.jpg,ic_1,JpegStimuliFullRes/25_yawn_lock door/2/it_target.jpg,it_target,JpegStimuliFullRes/25_yawn_lock door/2/end_ic_it.jpg,end_ic_it,,,BetweenTrials/nepal_2025_206_img_7070.jpg,0,,0,C:\Users\Sofya\Documents\Discourse part\gurung-stimuli\psychopy_gurung_v1\JpegStimuliFullRes\25_yawn_lock door
d025_set3_tr_coh_list1,197,1,25,025_yawn_lock_door,yawn_lock_door,3,tr_coh,transitive_cohesive,cohesive,transitive,1,99,3,JpegStimuliFullRes/25_yawn_lock door/3/coh_1.jpg,coh_1,JpegStimuliFullRes/25_yawn_lock door/3/coh_2.jpg,coh_2,JpegStimuliFullRes/25_yawn_lock door/3/tr_target.jpg,tr_target,,,BetweenTrials/nepal_2025_207_img_6987.jpg,0,,0,C:\Users\Sofya\Documents\Discourse part\gurung-stimuli\psychopy_gurung_v1\JpegStimuliFullRes\25_yawn_lock door
d025_set3_it_ic_list1,198,1,25,025_yawn_lock_door,yawn_lock_door,3,it_ic,intransitive_incohesive,incohesive,intransitive,4,99,3,JpegStimuliFullRes/25_yawn_lock door/3/ic_1.jpg,ic_1,JpegStimuliFullRes/25_yawn_lock door/3/it_target.jpg,it_target,JpegStimuliFullRes/25_yawn_lock door/3/end_ic_it.jpg,end_ic_it,,,BetweenTrials/nepal_2025_208_img_6883.jpg,0,,0,C:\Users\Sofya\Documents\Discourse part\gurung-stimuli\psychopy_gurung_v1\JpegStimuliFullRes\25_yawn_lock door
d025_set4_it_coh_list1,199,1,25,025_yawn_lock_door,yawn_lock_door,4,it_coh,intransitive_cohesive,cohesive,intransitive,3,100,4,JpegStimuliFullRes/25_yawn_lock door/4/coh_1.jpg,coh_1,JpegStimuliFullRes/25_yawn_lock door/4/coh_2.jpg,coh_2,JpegStimuliFullRes/25_yawn_lock door/4/it_target.jpg,it_target,JpegStimuliFullRes/25_yawn_lock door/4/end_coh_it.jpg,end_coh_it,BetweenTrials/nepal_2025_209_img_6823.jpg,0,,0,C:\Users\Sofya\Documents\Discourse part\gurung-stimuli\psychopy_gurung_v1\JpegStimuliFullRes\25_yawn_lock door
d025_set4_tr_ic_list1,200,1,25,025_yawn_lock_door,yawn_lock_door,4,tr_ic,transitive_incohesive,incohesive,transitive,2,100,3,JpegStimuliFullRes/25_yawn_lock door/4/ic_1.jpg,ic_1,JpegStimuliFullRes/25_yawn_lock door/4/tr_target.jpg,tr_target,JpegStimuliFullRes/25_yawn_lock door/4/end_ic_tr.jpg,end_ic_tr,,,BetweenTrials/nepal_2025_210_img_6777.jpg,0,,0,C:\Users\Sofya\Documents\Discourse part\gurung-stimuli\psychopy_gurung_v1\JpegStimuliFullRes\25_yawn_lock door
d026_set1_it_coh_list1,201,1,26,026_sleep_drag_log,sleep_drag_log,1,it_coh,intransitive_cohesive,cohesive,intransitive,3,101,4,JpegStimuliFullRes/26_sleep_drag log/1/coh_1.jpg,coh_1,JpegStimuliFullRes/26_sleep_drag log/1/coh_2.jpg,coh_2,JpegStimuliFullRes/26_sleep_drag log/1/it_target.jpg,it_target,JpegStimuliFullRes/26_sleep_drag log/1/end_coh_it.jpg,end_coh_it,BetweenTrials/nepal_2025_211_img_6813.jpg,0,,0,C:\Users\Sofya\Documents\Discourse part\gurung-stimuli\psychopy_gurung_v1\JpegStimuliFullRes\26_sleep_drag log
d026_set1_tr_ic_list1,202,1,26,026_sleep_drag_log,sleep_drag_log,1,tr_ic,transitive_incohesive,incohesive,transitive,2,101,3,JpegStimuliFullRes/26_sleep_drag log/1/ic_1.jpg,ic_1,JpegStimuliFullRes/26_sleep_drag log/1/tr_target.jpg,tr_target,JpegStimuliFullRes/26_sleep_drag log/1/end_ic_tr.jpg,end_ic_tr,,,BetweenTrials/nepal_2025_212_img_6890.jpg,0,,0,C:\Users\Sofya\Documents\Discourse part\gurung-stimuli\psychopy_gurung_v1\JpegStimuliFullRes\26_sleep_drag log
d026_set2_tr_coh_list1,203,1,26,026_sleep_drag_log,sleep_drag_log,2,tr_coh,transitive_cohesive,cohesive,transitive,1,102,3,JpegStimuliFullRes/26_sleep_drag log/2/coh_1.jpg,coh_1,JpegStimuliFullRes/26_sleep_drag log/2/coh_2.jpg,coh_2,JpegStimuliFullRes/26_sleep_drag log/2/tr_target.jpg,tr_target,,,BetweenTrials/nepal_2025_213_img_7047.jpg,0,,0,C:\Users\Sofya\Documents\Discourse part\gurung-stimuli\psychopy_gurung_v1\JpegStimuliFullRes\26_sleep_drag log
d026_set2_it_ic_list1,204,1,26,026_sleep_drag_log,sleep_drag_log,2,it_ic,intransitive_incohesive,incohesive,intransitive,4,102,3,JpegStimuliFullRes/26_sleep_drag log/2/ic_1.jpg,ic_1,JpegStimuliFullRes/26_sleep_drag log/2/it_target.jpg,it_target,JpegStimuliFullRes/26_sleep_drag log/2/end_ic_it.jpg,end_ic_it,,,BetweenTrials/nepal_2025_214_img_6787.jpg,0,,0,C:\Users\Sofya\Documents\Discourse part\gurung-stimuli\psychopy_gurung_v1\JpegStimuliFullRes\26_sleep_drag log
d026_set3_tr_coh_list1,205,1,26,026_sleep_drag_log,sleep_drag_log,3,tr_coh,transitive_cohesive,cohesive,transitive,1,103,3,JpegStimuliFullRes/26_sleep_drag log/3/coh_1.jpg,coh_1,JpegStimuliFullRes/26_sleep_drag log/3/coh_2.jpg,coh_2,JpegStimuliFullRes/26_sleep_drag log/3/tr_target.jpg,tr_target,,,BetweenTrials/nepal_2025_215_img_6801.jpg,0,,0,C:\Users\Sofya\Documents\Discourse part\gurung-stimuli\psychopy_gurung_v1\JpegStimuliFullRes\26_sleep_drag log
d026_set3_it_ic_list1,206,1,26,026_sleep_drag_log,sleep_drag_log,3,it_ic,intransitive_incohesive,incohesive,intransitive,4,103,3,JpegStimuliFullRes/26_sleep_drag log/3/ic_1.jpg,ic_1,JpegStimuliFullRes/26_sleep_drag log/3/it_target.jpg,it_target,JpegStimuliFullRes/26_sleep_drag log/3/end_ic_it.jpg,end_ic_it,,,BetweenTrials/nepal_2025_216_img_6788.jpg,0,,0,C:\Users\Sofya\Documents\Discourse part\gurung-stimuli\psychopy_gurung_v1\JpegStimuliFullRes\26_sleep_drag log
d026_set4_it_coh_list1,207,1,26,026_sleep_drag_log,sleep_drag_log,4,it_coh,intransitive_cohesive,cohesive,intransitive,3,104,4,JpegStimuliFullRes/26_sleep_drag log/4/coh_1.jpg,coh_1,JpegStimuliFullRes/26_sleep_drag log/4/coh_2.jpg,coh_2,JpegStimuliFullRes/26_sleep_drag log/4/it_target.jpg,it_target,JpegStimuliFullRes/26_sleep_drag log/4/end_coh_it.jpg,end_coh_it,BetweenTrials/nepal_2025_217_img_6820.jpg,0,,0,C:\Users\Sofya\Documents\Discourse part\gurung-stimuli\psychopy_gurung_v1\JpegStimuliFullRes\26_sleep_drag log
d026_set4_tr_ic_list1,208,1,26,026_sleep_drag_log,sleep_drag_log,4,tr_ic,transitive_incohesive,incohesive,transitive,2,104,3,JpegStimuliFullRes/26_sleep_drag log/4/ic_1.jpg,ic_1,JpegStimuliFullRes/26_sleep_drag log/4/tr_target.jpg,tr_target,JpegStimuliFullRes/26_sleep_drag log/4/end_ic_tr.jpg,end_ic_tr,,,BetweenTrials/nepal_2025_218_img_7027.jpg,0,,0,C:\Users\Sofya\Documents\Discourse part\gurung-stimuli\psychopy_gurung_v1\JpegStimuliFullRes\26_sleep_drag log
d027_set1_it_coh_list1,209,1,27,027_jump_pull_blanket,jump_pull_blanket,1,it_coh,intransitive_cohesive,cohesive,intransitive,3,105,4,JpegStimuliFullRes/27_jump_pull blanket/1/coh_1.jpg,coh_1,JpegStimuliFullRes/27_jump_pull blanket/1/coh_2.jpg,coh_2,JpegStimuliFullRes/27_jump_pull blanket/1/it_target.jpg,it_target,JpegStimuliFullRes/27_jump_pull blanket/1/end_coh_it.jpg,end_coh_it,BetweenTrials/nepal_2025_219_img_7096.jpg,0,,0,C:\Users\Sofya\Documents\Discourse part\gurung-stimuli\psychopy_gurung_v1\JpegStimuliFullRes\27_jump_pull blanket
d027_set1_tr_ic_list1,210,1,27,027_jump_pull_blanket,jump_pull_blanket,1,tr_ic,transitive_incohesive,incohesive,transitive,2,105,3,JpegStimuliFullRes/27_jump_pull blanket/1/ic_1.jpg,ic_1,JpegStimuliFullRes/27_jump_pull blanket/1/tr_target.jpg,tr_target,JpegStimuliFullRes/27_jump_pull blanket/1/end_ic_tr.jpg,end_ic_tr,,,BetweenTrials/nepal_2025_220_img_6931.jpg,0,,0,C:\Users\Sofya\Documents\Discourse part\gurung-stimuli\psychopy_gurung_v1\JpegStimuliFullRes\27_jump_pull blanket
d027_set2_tr_coh_list1,211,1,27,027_jump_pull_blanket,jump_pull_blanket,2,tr_coh,transitive_cohesive,cohesive,transitive,1,106,3,JpegStimuliFullRes/27_jump_pull blanket/2/coh_1.jpg,coh_1,JpegStimuliFullRes/27_jump_pull blanket/2/coh_2.jpg,coh_2,JpegStimuliFullRes/27_jump_pull blanket/2/tr_target.jpg,tr_target,,,BetweenTrials/nepal_2025_221_img_6988.jpg,0,,0,C:\Users\Sofya\Documents\Discourse part\gurung-stimuli\psychopy_gurung_v1\JpegStimuliFullRes\27_jump_pull blanket
d027_set2_it_ic_list1,212,1,27,027_jump_pull_blanket,jump_pull_blanket,2,it_ic,intransitive_incohesive,incohesive,intransitive,4,106,3,JpegStimuliFullRes/27_jump_pull blanket/2/ic_1.jpg,ic_1,JpegStimuliFullRes/27_jump_pull blanket/2/it_target.jpg,it_target,JpegStimuliFullRes/27_jump_pull blanket/2/end_ic_it.jpg,end_ic_it,,,BetweenTrials/nepal_2025_222_img_6737.jpg,0,,0,C:\Users\Sofya\Documents\Discourse part\gurung-stimuli\psychopy_gurung_v1\JpegStimuliFullRes\27_jump_pull blanket
d027_set3_tr_coh_list1,213,1,27,027_jump_pull_blanket,jump_pull_blanket,3,tr_coh,transitive_cohesive,cohesive,transitive,1,107,3,JpegStimuliFullRes/27_jump_pull blanket/3/coh_1.jpg,coh_1,JpegStimuliFullRes/27_jump_pull blanket/3/coh_2.jpg,coh_2,JpegStimuliFullRes/27_jump_pull blanket/3/tr_target.jpg,tr_target,,,BetweenTrials/nepal_2025_223_img_7087.jpg,0,,0,C:\Users\Sofya\Documents\Discourse part\gurung-stimuli\psychopy_gurung_v1\JpegStimuliFullRes\27_jump_pull blanket
d027_set3_it_ic_list1,214,1,27,027_jump_pull_blanket,jump_pull_blanket,3,it_ic,intransitive_incohesive,incohesive,intransitive,4,107,3,JpegStimuliFullRes/27_jump_pull blanket/3/ic_1.jpg,ic_1,JpegStimuliFullRes/27_jump_pull blanket/3/it_target.jpg,it_target,JpegStimuliFullRes/27_jump_pull blanket/3/end_ic_it.jpg,end_ic_it,,,BetweenTrials/nepal_2025_224_img_6877.jpg,0,,0,C:\Users\Sofya\Documents\Discourse part\gurung-stimuli\psychopy_gurung_v1\JpegStimuliFullRes\27_jump_pull blanket
d027_set4_it_coh_list1,215,1,27,027_jump_pull_blanket,jump_pull_blanket,4,it_coh,intransitive_cohesive,cohesive,intransitive,3,108,4,JpegStimuliFullRes/27_jump_pull blanket/4/coh_1.jpg,coh_1,JpegStimuliFullRes/27_jump_pull blanket/4/coh_2.jpg,coh_2,JpegStimuliFullRes/27_jump_pull blanket/4/it_target.jpg,it_target,JpegStimuliFullRes/27_jump_pull blanket/4/end_coh_it.jpg,end_coh_it,BetweenTrials/nepal_2025_225_img_7092.jpg,0,,0,C:\Users\Sofya\Documents\Discourse part\gurung-stimuli\psychopy_gurung_v1\JpegStimuliFullRes\27_jump_pull blanket
d027_set4_tr_ic_list1,216,1,27,027_jump_pull_blanket,jump_pull_blanket,4,tr_ic,transitive_incohesive,incohesive,transitive,2,108,3,JpegStimuliFullRes/27_jump_pull blanket/4/ic_1.jpg,ic_1,JpegStimuliFullRes/27_jump_pull blanket/4/tr_target.jpg,tr_target,JpegStimuliFullRes/27_jump_pull blanket/4/end_ic_tr.jpg,end_ic_tr,,,BetweenTrials/nepal_2025_226_img_7073.jpg,0,,0,C:\Users\Sofya\Documents\Discourse part\gurung-stimuli\psychopy_gurung_v1\JpegStimuliFullRes\27_jump_pull blanket
d028_set1_it_coh_list1,217,1,28,028_jump_peel_orange,jump_peel_orange,1,it_coh,intransitive_cohesive,cohesive,intransitive,3,109,4,JpegStimuliFullRes/28_jump_peel orange/1/coh_1.jpg,coh_1,JpegStimuliFullRes/28_jump_peel orange/1/coh_2.jpg,coh_2,JpegStimuliFullRes/28_jump_peel orange/1/it_target.jpg,it_target,JpegStimuliFullRes/28_jump_peel orange/1/end_coh_it.jpg,end_coh_it,BetweenTrials/nepal_2025_227_img_6941.jpg,0,,0,C:\Users\Sofya\Documents\Discourse part\gurung-stimuli\psychopy_gurung_v1\JpegStimuliFullRes\28_jump_peel orange
d028_set1_tr_ic_list1,218,1,28,028_jump_peel_orange,jump_peel_orange,1,tr_ic,transitive_incohesive,incohesive,transitive,2,109,3,JpegStimuliFullRes/28_jump_peel orange/1/ic_1.jpg,ic_1,JpegStimuliFullRes/28_jump_peel orange/1/tr_target.jpg,tr_target,JpegStimuliFullRes/28_jump_peel orange/1/end_ic_tr.jpg,end_ic_tr,,,BetweenTrials/nepal_2025_228_img_6926.jpg,0,,0,C:\Users\Sofya\Documents\Discourse part\gurung-stimuli\psychopy_gurung_v1\JpegStimuliFullRes\28_jump_peel orange
d028_set2_tr_coh_list1,219,1,28,028_jump_peel_orange,jump_peel_orange,2,tr_coh,transitive_cohesive,cohesive,transitive,1,110,3,JpegStimuliFullRes/28_jump_peel orange/2/coh_1.jpg,coh_1,JpegStimuliFullRes/28_jump_peel orange/2/coh_2.jpg,coh_2,JpegStimuliFullRes/28_jump_peel orange/2/tr_target.jpg,tr_target,,,BetweenTrials/nepal_2025_229_img_7125.jpg,0,,0,C:\Users\Sofya\Documents\Discourse part\gurung-stimuli\psychopy_gurung_v1\JpegStimuliFullRes\28_jump_peel orange
d028_set2_it_ic_list1,220,1,28,028_jump_peel_orange,jump_peel_orange,2,it_ic,intransitive_incohesive,incohesive,intransitive,4,110,3,JpegStimuliFullRes/28_jump_peel orange/2/ic_1.jpg,ic_1,JpegStimuliFullRes/28_jump_peel orange/2/it_target.jpg,it_target,JpegStimuliFullRes/28_jump_peel orange/2/end_ic_it.jpg,end_ic_it,,,BetweenTrials/nepal_2025_230_img_6928.jpg,0,,0,C:\Users\Sofya\Documents\Discourse part\gurung-stimuli\psychopy_gurung_v1\JpegStimuliFullRes\28_jump_peel orange
d028_set3_tr_coh_list1,221,1,28,028_jump_peel_orange,jump_peel_orange,3,tr_coh,transitive_cohesive,cohesive,transitive,1,111,3,JpegStimuliFullRes/28_jump_peel orange/3/coh_1.jpg,coh_1,JpegStimuliFullRes/28_jump_peel orange/3/coh_2.jpg,coh_2,JpegStimuliFullRes/28_jump_peel orange/3/tr_target.jpg,tr_target,,,BetweenTrials/nepal_2025_231_img_7107.jpg,0,,0,C:\Users\Sofya\Documents\Discourse part\gurung-stimuli\psychopy_gurung_v1\JpegStimuliFullRes\28_jump_peel orange
d028_set3_it_ic_list1,222,1,28,028_jump_peel_orange,jump_peel_orange,3,it_ic,intransitive_incohesive,incohesive,intransitive,4,111,3,JpegStimuliFullRes/28_jump_peel orange/3/ic_1.jpg,ic_1,JpegStimuliFullRes/28_jump_peel orange/3/it_target.jpg,it_target,JpegStimuliFullRes/28_jump_peel orange/3/end_ic_it.jpg,end_ic_it,,,BetweenTrials/nepal_2025_232_img_6879.jpg,0,,0,C:\Users\Sofya\Documents\Discourse part\gurung-stimuli\psychopy_gurung_v1\JpegStimuliFullRes\28_jump_peel orange
d028_set4_it_coh_list1,223,1,28,028_jump_peel_orange,jump_peel_orange,4,it_coh,intransitive_cohesive,cohesive,intransitive,3,112,4,JpegStimuliFullRes/28_jump_peel orange/4/coh_1.jpg,coh_1,JpegStimuliFullRes/28_jump_peel orange/4/coh_2.jpg,coh_2,JpegStimuliFullRes/28_jump_peel orange/4/it_target.jpg,it_target,JpegStimuliFullRes/28_jump_peel orange/4/end_coh_it.jpg,end_coh_it,BetweenTrials/nepal_2025_233_img_6828.jpg,0,,0,C:\Users\Sofya\Documents\Discourse part\gurung-stimuli\psychopy_gurung_v1\JpegStimuliFullRes\28_jump_peel orange
d028_set4_tr_ic_list1,224,1,28,028_jump_peel_orange,jump_peel_orange,4,tr_ic,transitive_incohesive,incohesive,transitive,2,112,3,JpegStimuliFullRes/28_jump_peel orange/4/ic_1.jpg,ic_1,JpegStimuliFullRes/28_jump_peel orange/4/tr_target.jpg,tr_target,JpegStimuliFullRes/28_jump_peel orange/4/end_ic_tr.jpg,end_ic_tr,,,BetweenTrials/nepal_2025_234_img_6865.jpg,0,,0,C:\Users\Sofya\Documents\Discourse part\gurung-stimuli\psychopy_gurung_v1\JpegStimuliFullRes\28_jump_peel orange
d029_set1_it_coh_list1,225,1,29,029_sit_cut_potato,sit_cut_potato,1,it_coh,intransitive_cohesive,cohesive,intransitive,3,113,4,JpegStimuliFullRes/29_sit_cut potato/1/coh_1.jpg,coh_1,JpegStimuliFullRes/29_sit_cut potato/1/coh_2.jpg,coh_2,JpegStimuliFullRes/29_sit_cut potato/1/it_target.jpg,it_target,JpegStimuliFullRes/29_sit_cut potato/1/end_coh_it.jpg,end_coh_it,BetweenTrials/nepal_2025_235_img_6957.jpg,0,,0,C:\Users\Sofya\Documents\Discourse part\gurung-stimuli\psychopy_gurung_v1\JpegStimuliFullRes\29_sit_cut potato
d029_set1_tr_ic_list1,226,1,29,029_sit_cut_potato,sit_cut_potato,1,tr_ic,transitive_incohesive,incohesive,transitive,2,113,3,JpegStimuliFullRes/29_sit_cut potato/1/ic_1.jpg,ic_1,JpegStimuliFullRes/29_sit_cut potato/1/tr_target.jpg,tr_target,JpegStimuliFullRes/29_sit_cut potato/1/end_ic_tr.jpg,end_ic_tr,,,BetweenTrials/nepal_2025_236_img_6850.jpg,0,,0,C:\Users\Sofya\Documents\Discourse part\gurung-stimuli\psychopy_gurung_v1\JpegStimuliFullRes\29_sit_cut potato
d029_set2_tr_coh_list1,227,1,29,029_sit_cut_potato,sit_cut_potato,2,tr_coh,transitive_cohesive,cohesive,transitive,1,114,3,JpegStimuliFullRes/29_sit_cut potato/2/coh_1.jpg,coh_1,JpegStimuliFullRes/29_sit_cut potato/2/coh_2.jpg,coh_2,JpegStimuliFullRes/29_sit_cut potato/2/tr_target.jpg,tr_target,,,BetweenTrials/nepal_2025_237_img_6857.jpg,0,,0,C:\Users\Sofya\Documents\Discourse part\gurung-stimuli\psychopy_gurung_v1\JpegStimuliFullRes\29_sit_cut potato
d029_set2_it_ic_list1,228,1,29,029_sit_cut_potato,sit_cut_potato,2,it_ic,intransitive_incohesive,incohesive,intransitive,4,114,3,JpegStimuliFullRes/29_sit_cut potato/2/ic_1.jpg,ic_1,JpegStimuliFullRes/29_sit_cut potato/2/it_target.jpg,it_target,JpegStimuliFullRes/29_sit_cut potato/2/end_ic_it.jpg,end_ic_it,,,BetweenTrials/nepal_2025_238_img_6806.jpg,0,,0,C:\Users\Sofya\Documents\Discourse part\gurung-stimuli\psychopy_gurung_v1\JpegStimuliFullRes\29_sit_cut potato
d029_set3_tr_coh_list1,229,1,29,029_sit_cut_potato,sit_cut_potato,3,tr_coh,transitive_cohesive,cohesive,transitive,1,115,3,JpegStimuliFullRes/29_sit_cut potato/3/coh_1.jpg,coh_1,JpegStimuliFullRes/29_sit_cut potato/3/coh_2.jpg,coh_2,JpegStimuliFullRes/29_sit_cut potato/3/tr_target.jpg,tr_target,,,BetweenTrials/nepal_2025_239_img_6768.jpg,0,,0,C:\Users\Sofya\Documents\Discourse part\gurung-stimuli\psychopy_gurung_v1\JpegStimuliFullRes\29_sit_cut potato
d029_set3_it_ic_list1,230,1,29,029_sit_cut_potato,sit_cut_potato,3,it_ic,intransitive_incohesive,incohesive,intransitive,4,115,3,JpegStimuliFullRes/29_sit_cut potato/3/ic_1.jpg,ic_1,JpegStimuliFullRes/29_sit_cut potato/3/it_target.jpg,it_target,JpegStimuliFullRes/29_sit_cut potato/3/end_ic_it.jpg,end_ic_it,,,BetweenTrials/nepal_2025_240_img_6786.jpg,0,,0,C:\Users\Sofya\Documents\Discourse part\gurung-stimuli\psychopy_gurung_v1\JpegStimuliFullRes\29_sit_cut potato
d029_set4_it_coh_list1,231,1,29,029_sit_cut_potato,sit_cut_potato,4,it_coh,intransitive_cohesive,cohesive,intransitive,3,116,4,JpegStimuliFullRes/29_sit_cut potato/4/coh_1.jpg,coh_1,JpegStimuliFullRes/29_sit_cut potato/4/coh_2.jpg,coh_2,JpegStimuliFullRes/29_sit_cut potato/4/it_target.jpg,it_target,JpegStimuliFullRes/29_sit_cut potato/4/end_coh_it.jpg,end_coh_it,BetweenTrials/nepal_2025_241_img_7139.jpg,0,,0,C:\Users\Sofya\Documents\Discourse part\gurung-stimuli\psychopy_gurung_v1\JpegStimuliFullRes\29_sit_cut potato
d029_set4_tr_ic_list1,232,1,29,029_sit_cut_potato,sit_cut_potato,4,tr_ic,transitive_incohesive,incohesive,transitive,2,116,3,JpegStimuliFullRes/29_sit_cut potato/4/ic_1.jpg,ic_1,JpegStimuliFullRes/29_sit_cut potato/4/tr_target.jpg,tr_target,JpegStimuliFullRes/29_sit_cut potato/4/end_ic_tr.jpg,end_ic_tr,,,BetweenTrials/nepal_2025_242_img_6764.jpg,0,,0,C:\Users\Sofya\Documents\Discourse part\gurung-stimuli\psychopy_gurung_v1\JpegStimuliFullRes\29_sit_cut potato
d030_set1_it_coh_list1,233,1,30,030_smile_make_momos,smile_make_momos,1,it_coh,intransitive_cohesive,cohesive,intransitive,3,117,4,JpegStimuliFullRes/30_smile_make momos/1/coh_1.jpg,coh_1,JpegStimuliFullRes/30_smile_make momos/1/coh_2.jpg,coh_2,JpegStimuliFullRes/30_smile_make momos/1/it_target.jpg,it_target,JpegStimuliFullRes/30_smile_make momos/1/end_coh_it.jpg,end_coh_it,BetweenTrials/nepal_2025_243_img_7140.jpg,0,,0,C:\Users\Sofya\Documents\Discourse part\gurung-stimuli\psychopy_gurung_v1\JpegStimuliFullRes\30_smile_make momos
d030_set1_tr_ic_list1,234,1,30,030_smile_make_momos,smile_make_momos,1,tr_ic,transitive_incohesive,incohesive,transitive,2,117,3,JpegStimuliFullRes/30_smile_make momos/1/ic_1.jpg,ic_1,JpegStimuliFullRes/30_smile_make momos/1/tr_target.jpg,tr_target,JpegStimuliFullRes/30_smile_make momos/1/end_ic_tr.jpg,end_ic_tr,,,BetweenTrials/nepal_2025_244_img_7088.jpg,0,,0,C:\Users\Sofya\Documents\Discourse part\gurung-stimuli\psychopy_gurung_v1\JpegStimuliFullRes\30_smile_make momos
d030_set2_tr_coh_list1,235,1,30,030_smile_make_momos,smile_make_momos,2,tr_coh,transitive_cohesive,cohesive,transitive,1,118,3,JpegStimuliFullRes/30_smile_make momos/2/coh_1.jpg,coh_1,JpegStimuliFullRes/30_smile_make momos/2/coh_2.jpg,coh_2,JpegStimuliFullRes/30_smile_make momos/2/tr_target.jpg,tr_target,,,BetweenTrials/nepal_2025_245_img_7062.jpg,0,,0,C:\Users\Sofya\Documents\Discourse part\gurung-stimuli\psychopy_gurung_v1\JpegStimuliFullRes\30_smile_make momos
d030_set2_it_ic_list1,236,1,30,030_smile_make_momos,smile_make_momos,2,it_ic,intransitive_incohesive,incohesive,intransitive,4,118,3,JpegStimuliFullRes/30_smile_make momos/2/ic_1.jpg,ic_1,JpegStimuliFullRes/30_smile_make momos/2/it_target.jpg,it_target,JpegStimuliFullRes/30_smile_make momos/2/end_ic_it.jpg,end_ic_it,,,BetweenTrials/nepal_2025_246_img_6995.jpg,0,,0,C:\Users\Sofya\Documents\Discourse part\gurung-stimuli\psychopy_gurung_v1\JpegStimuliFullRes\30_smile_make momos
d030_set3_tr_coh_list1,237,1,30,030_smile_make_momos,smile_make_momos,3,tr_coh,transitive_cohesive,cohesive,transitive,1,119,3,JpegStimuliFullRes/30_smile_make momos/3/coh_1.jpg,coh_1,JpegStimuliFullRes/30_smile_make momos/3/coh_2.jpg,coh_2,JpegStimuliFullRes/30_smile_make momos/3/tr_target.jpg,tr_target,,,BetweenTrials/nepal_2025_247_img_6891.jpg,0,,0,C:\Users\Sofya\Documents\Discourse part\gurung-stimuli\psychopy_gurung_v1\JpegStimuliFullRes\30_smile_make momos
d030_set3_it_ic_list1,238,1,30,030_smile_make_momos,smile_make_momos,3,it_ic,intransitive_incohesive,incohesive,intransitive,4,119,3,JpegStimuliFullRes/30_smile_make momos/3/ic_1.jpg,ic_1,JpegStimuliFullRes/30_smile_make momos/3/it_target.jpg,it_target,JpegStimuliFullRes/30_smile_make momos/3/end_ic_it.jpg,end_ic_it,,,BetweenTrials/nepal_2025_248_img_6771.jpg,0,,0,C:\Users\Sofya\Documents\Discourse part\gurung-stimuli\psychopy_gurung_v1\JpegStimuliFullRes\30_smile_make momos
d030_set4_it_coh_list1,239,1,30,030_smile_make_momos,smile_make_momos,4,it_coh,intransitive_cohesive,cohesive,intransitive,3,120,4,JpegStimuliFullRes/30_smile_make momos/4/coh_1.jpg,coh_1,JpegStimuliFullRes/30_smile_make momos/4/coh_2.jpg,coh_2,JpegStimuliFullRes/30_smile_make momos/4/it_target.jpg,it_target,JpegStimuliFullRes/30_smile_make momos/4/end_coh_it.jpg,end_coh_it,BetweenTrials/nepal_2025_249_img_7058.jpg,0,,0,C:\Users\Sofya\Documents\Discourse part\gurung-stimuli\psychopy_gurung_v1\JpegStimuliFullRes\30_smile_make momos
d030_set4_tr_ic_list1,240,1,30,030_smile_make_momos,smile_make_momos,4,tr_ic,transitive_incohesive,incohesive,transitive,2,120,3,JpegStimuliFullRes/30_smile_make momos/4/ic_1.jpg,ic_1,JpegStimuliFullRes/30_smile_make momos/4/tr_target.jpg,tr_target,JpegStimuliFullRes/30_smile_make momos/4/end_ic_tr.jpg,end_ic_tr,,,BetweenTrials/nepal_2025_250_img_6867.jpg,0,,0,C:\Users\Sofya\Documents\Discourse part\gurung-stimuli\psychopy_gurung_v1\JpegStimuliFullRes\30_smile_make momos
