trial_id,random_order,experiment_list,dataset_number,dataset_slug,dataset_label,stimulus_set,condition_id,condition_name,cohesion,transitivity,condition_trigger,item_trigger,n_images,img1,img1_role,img2,img2_role,img3,img3_role,img4,img4_role,between_image,audio_probe,between_audio,between_audio_lock_sec,source_dataset_folder
d001_set1_tr_coh_list2,1,2,1,001_cough_throw_bones,cough_throw_bones,1,tr_coh,transitive_cohesive,cohesive,transitive,1,1,3,JpegStimuliFullRes/1_cough_throw bones/1/coh_1.jpg,coh_1,JpegStimuliFullRes/1_cough_throw bones/1/coh_2.jpg,coh_2,JpegStimuliFullRes/1_cough_throw bones/1/tr_target.jpg,tr_target,,,BetweenTrials/nepal_2025_011_img_7005.jpg,0,,0,C:\Users\Sofya\Documents\Discourse part\gurung-stimuli\psychopy_gurung_v1\JpegStimuliFullRes\1_cough_throw bones
d001_set1_it_ic_list2,2,2,1,001_cough_throw_bones,cough_throw_bones,1,it_ic,intransitive_incohesive,incohesive,intransitive,4,1,3,JpegStimuliFullRes/1_cough_throw bones/1/ic_1.jpg,ic_1,JpegStimuliFullRes/1_cough_throw bones/1/it_target.jpg,it_target,JpegStimuliFullRes/1_cough_throw bones/1/end_ic_it.jpg,end_ic_it,,,BetweenTrials/nepal_2025_012_img_6732.jpg,0,,0,C:\Users\Sofya\Documents\Discourse part\gurung-stimuli\psychopy_gurung_v1\JpegStimuliFullRes\1_cough_throw bones
d001_set2_it_coh_list2,3,2,1,001_cough_throw_bones,cough_throw_bones,2,it_coh,intransitive_cohesive,cohesive,intransitive,3,2,4,JpegStimuliFullRes/1_cough_throw bones/2/coh_1.jpg,coh_1,JpegStimuliFullRes/1_cough_throw bones/2/coh_2.jpg,coh_2,JpegStimuliFullRes/1_cough_throw bones/2/it_target.jpg,it_target,JpegStimuliFullRes/1_cough_throw bones/2/end_coh_it.jpg,end_coh_it,BetweenTrials/nepal_2025_013_img_6809.jpg,0,,0,C:\Users\Sofya\Documents\Discourse part\gurung-stimuli\psychopy_gurung_v1\JpegStimuliFullRes\1_cough_throw bones
d001_set2_tr_ic_list2,4,2,1,001_cough_throw_bones,cough_throw_bones,2,tr_ic,transitive_incohesive,incohesive,transitive,2,2,3,JpegStimuliFullRes/1_cough_throw bones/2/ic_1.jpg,ic_1,JpegStimuliFullRes/1_cough_throw bones/2/tr_target.jpg,tr_target,JpegStimuliFullRes/1_cough_throw bones/2/end_ic_tr.jpg,end_ic_tr,,,BetweenTrials/nepal_2025_014_img_7032.jpg,0,,0,C:\Users\Sofya\Documents\Discourse part\gurung-stimuli\psychopy_gurung_v1\JpegStimuliFullRes\1_cough_throw bones
d001_set3_it_coh_list2,5,2,1,001_cough_throw_bones,cough_throw_bones,3,it_coh,intransitive_cohesive,cohesive,intransitive,3,3,4,JpegStimuliFullRes/1_cough_throw bones/3/coh_1.jpg,coh_1,JpegStimuliFullRes/1_cough_throw bones/3/coh_2.jpg,coh_2,JpegStimuliFullRes/1_cough_throw bones/3/it_target.jpg,it_target,JpegStimuliFullRes/1_cough_throw bones/3/end_coh_it.jpg,end_coh_it,BetweenTrials/nepal_2025_015_img_6927.jpg,0,,0,C:\Users\Sofya\Documents\Discourse part\gurung-stimuli\psychopy_gurung_v1\JpegStimuliFullRes\1_cough_throw bones
d001_set3_tr_ic_list2,6,2,1,001_cough_throw_bones,cough_throw_bones,3,tr_ic,transitive_incohesive,incohesive,transitive,2,3,3,JpegStimuliFullRes/1_cough_throw bones/3/ic_1.jpg,ic_1,JpegStimuliFullRes/1_cough_throw bones/3/tr_target.jpg,tr_target,JpegStimuliFullRes/1_cough_throw bones/3/end_ic_tr.jpg,end_ic_tr,,,BetweenTrials/nepal_2025_016_img_7116.jpg,0,,0,C:\Users\Sofya\Documents\Discourse part\gurung-stimuli\psychopy_gurung_v1\JpegStimuliFullRes\1_cough_throw bones
d001_set4_tr_coh_list2,7,2,1,001_cough_throw_bones,cough_throw_bones,4,tr_coh,transitive_cohesive,cohesive,transitive,1,4,3,JpegStimuliFullRes/1_cough_throw bones/4/coh_1.jpg,coh_1,JpegStimuliFullRes/1_cough_throw bones/4/coh_2.jpg,coh_2,JpegStimuliFullRes/1_cough_throw bones/4/tr_target.jpg,tr_target,,,BetweenTrials/nepal_2025_017_img_6921.jpg,0,,0,C:\Users\Sofya\Documents\Discourse part\gurung-stimuli\psychopy_gurung_v1\JpegStimuliFullRes\1_cough_throw bones
d001_set4_it_ic_list2,8,2,1,001_cough_throw_bones,cough_throw_bones,4,it_ic,intransitive_incohesive,incohesive,intransitive,4,4,3,JpegStimuliFullRes/1_cough_throw bones/4/ic_1.jpg,ic_1,JpegStimuliFullRes/1_cough_throw bones/4/it_target.jpg,it_target,JpegStimuliFullRes/1_cough_throw bones/4/end_ic_it.jpg,end_ic_it,,,BetweenTrials/nepal_2025_018_img_6853.jpg,0,,0,C:\Users\Sofya\Documents\Discourse part\gurung-stimuli\psychopy_gurung_v1\JpegStimuliFullRes\1_cough_throw bones
d002_set1_tr_coh_list2,9,2,2,002_stand_weave_basket,stand_weave_basket,1,tr_coh,transitive_cohesive,cohesive,transitive,1,5,3,JpegStimuliFullRes/2_stand_weave basket/1/coh_1.jpg,coh_1,JpegStimuliFullRes/2_stand_weave basket/1/coh_2.jpg,coh_2,JpegStimuliFullRes/2_stand_weave basket/1/tr_target.jpg,tr_target,,,BetweenTrials/nepal_2025_019_img_6735.jpg,0,,0,C:\Users\Sofya\Documents\Discourse part\gurung-stimuli\psychopy_gurung_v1\JpegStimuliFullRes\2_stand_weave basket
d002_set1_it_ic_list2,10,2,2,002_stand_weave_basket,stand_weave_basket,1,it_ic,intransitive_incohesive,incohesive,intransitive,4,5,3,JpegStimuliFullRes/2_stand_weave basket/1/ic_1.jpg,ic_1,JpegStimuliFullRes/2_stand_weave basket/1/it_target.jpg,it_target,JpegStimuliFullRes/2_stand_weave basket/1/end_ic_it.jpg,end_ic_it,,,BetweenTrials/nepal_2025_020_img_6774.jpg,0,,0,C:\Users\Sofya\Documents\Discourse part\gurung-stimuli\psychopy_gurung_v1\JpegStimuliFullRes\2_stand_weave basket
d002_set2_it_coh_list2,11,2,2,002_stand_weave_basket,stand_weave_basket,2,it_coh,intransitive_cohesive,cohesive,intransitive,3,6,4,JpegStimuliFullRes/2_stand_weave basket/2/coh_1.jpg,coh_1,JpegStimuliFullRes/2_stand_weave basket/2/coh_2.jpg,coh_2,JpegStimuliFullRes/2_stand_weave basket/2/it_target.jpg,it_target,JpegStimuliFullRes/2_stand_weave basket/2/end_coh_it.jpg,end_coh_it,BetweenTrials/nepal_2025_021_img_6855.jpg,0,,0,C:\Users\Sofya\Documents\Discourse part\gurung-stimuli\psychopy_gurung_v1\JpegStimuliFullRes\2_stand_weave basket
d002_set2_tr_ic_list2,12,2,2,002_stand_weave_basket,stand_weave_basket,2,tr_ic,transitive_incohesive,incohesive,transitive,2,6,3,JpegStimuliFullRes/2_stand_weave basket/2/ic_1.jpg,ic_1,JpegStimuliFullRes/2_stand_weave basket/2/tr_target.jpg,tr_target,JpegStimuliFullRes/2_stand_weave basket/2/end_ic_tr.jpg,end_ic_tr,,,BetweenTrials/nepal_2025_022_img_6741.jpg,0,,0,C:\Users\Sofya\Documents\Discourse part\gurung-stimuli\psychopy_gurung_v1\JpegStimuliFullRes\2_stand_weave basket
d002_set3_it_coh_list2,13,2,2,002_stand_weave_basket,stand_weave_basket,3,it_coh,intransitive_cohesive,cohesive,intransitive,3,7,4,JpegStimuliFullRes/2_stand_weave basket/3/coh_1.jpg,coh_1,JpegStimuliFullRes/2_stand_weave basket/3/coh_2.jpg,coh_2,JpegStimuliFullRes/2_stand_weave basket/3/it_target.jpg,it_target,JpegStimuliFullRes/2_stand_weave basket/3/end_coh_it.jpg,end_coh_it,BetweenTrials/nepal_2025_023_img_6730.jpg,0,,0,C:\Users\Sofya\Documents\Discourse part\gurung-stimuli\psychopy_gurung_v1\JpegStimuliFullRes\2_stand_weave basket
d002_set3_tr_ic_list2,14,2,2,002_stand_weave_basket,stand_weave_basket,3,tr_ic,transitive_incohesive,incohesive,transitive,2,7,3,JpegStimuliFullRes/2_stand_weave basket/3/ic_1.jpg,ic_1,JpegStimuliFullRes/2_stand_weave basket/3/tr_target.jpg,tr_target,JpegStimuliFullRes/2_stand_weave basket/3/end_ic_tr.jpg,end_ic_tr,,,BetweenTrials/nepal_2025_024_img_7011.jpg,0,,0,C:\Users\Sofya\Documents\Discourse part\gurung-stimuli\psychopy_gurung_v1\JpegStimuliFullRes\2_stand_weave basket
d002_set4_tr_coh_list2,15,2,2,002_stand_weave_basket,stand_weave_basket,4,tr_coh,transitive_cohesive,cohesive,transitive,1,8,3,JpegStimuliFullRes/2_stand_weave basket/4/coh_1.jpg,coh_1,JpegStimuliFullRes/2_stand_weave basket/4/coh_2.jpg,coh_2,JpegStimuliFullRes/2_stand_weave basket/4/tr_target.jpg,tr_target,,,BetweenTrials/nepal_2025_025_img_7021.jpg,0,,0,C:\Users\Sofya\Documents\Discourse part\gurung-stimuli\psychopy_gurung_v1\JpegStimuliFullRes\2_stand_weave basket
d002_set4_it_ic_list2,16,2,2,002_stand_weave_basket,stand_weave_basket,4,it_ic,intransitive_incohesive,incohesive,intransitive,4,8,3,JpegStimuliFullRes/2_stand_weave basket/4/ic_1.jpg,ic_1,JpegStimuliFullRes/2_stand_weave basket/4/it_target.jpg,it_target,JpegStimuliFullRes/2_stand_weave basket/4/end_ic_it.jpg,end_ic_it,,,BetweenTrials/nepal_2025_026_img_6903.jpg,0,,0,C:\Users\Sofya\Documents\Discourse part\gurung-stimuli\psychopy_gurung_v1\JpegStimuliFullRes\2_stand_weave basket
d003_set1_tr_coh_list2,17,2,3,003_rest_cook_fish,rest_cook_fish,1,tr_coh,transitive_cohesive,cohesive,transitive,1,9,3,JpegStimuliFullRes/3_rest_cook fish/1/coh_1.jpg,coh_1,JpegStimuliFullRes/3_rest_cook fish/1/coh_2.jpg,coh_2,JpegStimuliFullRes/3_rest_cook fish/1/tr_target.jpg,tr_target,,,BetweenTrials/nepal_2025_027_img_6829.jpg,0,,0,C:\Users\Sofya\Documents\Discourse part\gurung-stimuli\psychopy_gurung_v1\JpegStimuliFullRes\3_rest_cook fish
d003_set1_it_ic_list2,18,2,3,003_rest_cook_fish,rest_cook_fish,1,it_ic,intransitive_incohesive,incohesive,intransitive,4,9,3,JpegStimuliFullRes/3_rest_cook fish/1/ic_1.jpg,ic_1,JpegStimuliFullRes/3_rest_cook fish/1/it_target.jpg,it_target,JpegStimuliFullRes/3_rest_cook fish/1/end_ic_it.jpg,end_ic_it,,,BetweenTrials/nepal_2025_028_img_6974.jpg,0,,0,C:\Users\Sofya\Documents\Discourse part\gurung-stimuli\psychopy_gurung_v1\JpegStimuliFullRes\3_rest_cook fish
d003_set2_it_coh_list2,19,2,3,003_rest_cook_fish,rest_cook_fish,2,it_coh,intransitive_cohesive,cohesive,intransitive,3,10,4,JpegStimuliFullRes/3_rest_cook fish/2/coh_1.jpg,coh_1,JpegStimuliFullRes/3_rest_cook fish/2/coh_2.jpg,coh_2,JpegStimuliFullRes/3_rest_cook fish/2/it_target.jpg,it_target,JpegStimuliFullRes/3_rest_cook fish/2/end_coh_it.jpg,end_coh_it,BetweenTrials/nepal_2025_029_img_7129.jpg,0,,0,C:\Users\Sofya\Documents\Discourse part\gurung-stimuli\psychopy_gurung_v1\JpegStimuliFullRes\3_rest_cook fish
d003_set2_tr_ic_list2,20,2,3,003_rest_cook_fish,rest_cook_fish,2,tr_ic,transitive_incohesive,incohesive,transitive,2,10,3,JpegStimuliFullRes/3_rest_cook fish/2/ic_1.jpg,ic_1,JpegStimuliFullRes/3_rest_cook fish/2/tr_target.jpg,tr_target,JpegStimuliFullRes/3_rest_cook fish/2/end_ic_tr.jpg,end_ic_tr,,,BetweenTrials/nepal_2025_030_img_6781.jpg,0,,0,C:\Users\Sofya\Documents\Discourse part\gurung-stimuli\psychopy_gurung_v1\JpegStimuliFullRes\3_rest_cook fish
d003_set3_it_coh_list2,21,2,3,003_rest_cook_fish,rest_cook_fish,3,it_coh,intransitive_cohesive,cohesive,intransitive,3,11,4,JpegStimuliFullRes/3_rest_cook fish/3/coh_1.jpg,coh_1,JpegStimuliFullRes/3_rest_cook fish/3/coh_2.jpg,coh_2,JpegStimuliFullRes/3_rest_cook fish/3/it_target.jpg,it_target,JpegStimuliFullRes/3_rest_cook fish/3/end_coh_it.jpg,end_coh_it,BetweenTrials/nepal_2025_031_img_7006.jpg,0,,0,C:\Users\Sofya\Documents\Discourse part\gurung-stimuli\psychopy_gurung_v1\JpegStimuliFullRes\3_rest_cook fish
d003_set3_tr_ic_list2,22,2,3,003_rest_cook_fish,rest_cook_fish,3,tr_ic,transitive_incohesive,incohesive,transitive,2,11,3,JpegStimuliFullRes/3_rest_cook fish/3/ic_1.jpg,ic_1,JpegStimuliFullRes/3_rest_cook fish/3/tr_target.jpg,tr_target,JpegStimuliFullRes/3_rest_cook fish/3/end_ic_tr.jpg,end_ic_tr,,,BetweenTrials/nepal_2025_032_img_7051.jpg,0,,0,C:\Users\Sofya\Documents\Discourse part\gurung-stimuli\psychopy_gurung_v1\JpegStimuliFullRes\3_rest_cook fish
d003_set4_tr_coh_list2,23,2,3,003_rest_cook_fish,rest_cook_fish,4,tr_coh,transitive_cohesive,cohesive,transitive,1,12,3,JpegStimuliFullRes/3_rest_cook fish/4/coh_1.jpg,coh_1,JpegStimuliFullRes/3_rest_cook fish/4/coh_2.jpg,coh_2,JpegStimuliFullRes/3_rest_cook fish/4/tr_target.jpg,tr_target,,,BetweenTrials/nepal_2025_033_img_6727.jpg,0,,0,C:\Users\Sofya\Documents\Discourse part\gurung-stimuli\psychopy_gurung_v1\JpegStimuliFullRes\3_rest_cook fish
d003_set4_it_ic_list2,24,2,3,003_rest_cook_fish,rest_cook_fish,4,it_ic,intransitive_incohesive,incohesive,intransitive,4,12,3,JpegStimuliFullRes/3_rest_cook fish/4/ic_1.jpg,ic_1,JpegStimuliFullRes/3_rest_cook fish/4/it_target.jpg,it_target,JpegStimuliFullRes/3_rest_cook fish/4/end_ic_it.jpg,end_ic_it,,,BetweenTrials/nepal_2025_034_img_6913.jpg,0,,0,C:\Users\Sofya\Documents\Discourse part\gurung-stimuli\psychopy_gurung_v1\JpegStimuliFullRes\3_rest_cook fish
d004_set1_tr_coh_list2,25,2,4,004_run_drink_tea,run_drink_tea,1,tr_coh,transitive_cohesive,cohesive,transitive,1,13,3,JpegStimuliFullRes/4_run_drink tea/1/coh_1.jpg,coh_1,JpegStimuliFullRes/4_run_drink tea/1/coh_2.jpg,coh_2,JpegStimuliFullRes/4_run_drink tea/1/tr_target.jpg,tr_target,,,BetweenTrials/nepal_2025_035_img_6724.jpg,0,,0,C:\Users\Sofya\Documents\Discourse part\gurung-stimuli\psychopy_gurung_v1\JpegStimuliFullRes\4_run_drink tea
d004_set1_it_ic_list2,26,2,4,004_run_drink_tea,run_drink_tea,1,it_ic,intransitive_incohesive,incohesive,intransitive,4,13,3,JpegStimuliFullRes/4_run_drink tea/1/ic_1.jpg,ic_1,JpegStimuliFullRes/4_run_drink tea/1/it_target.jpg,it_target,JpegStimuliFullRes/4_run_drink tea/1/end_ic_it.jpg,end_ic_it,,,BetweenTrials/nepal_2025_036_img_7023.jpg,0,,0,C:\Users\Sofya\Documents\Discourse part\gurung-stimuli\psychopy_gurung_v1\JpegStimuliFullRes\4_run_drink tea
d004_set2_it_coh_list2,27,2,4,004_run_drink_tea,run_drink_tea,2,it_coh,intransitive_cohesive,cohesive,intransitive,3,14,4,JpegStimuliFullRes/4_run_drink tea/2/coh_1.jpg,coh_1,JpegStimuliFullRes/4_run_drink tea/2/coh_2.jpg,coh_2,JpegStimuliFullRes/4_run_drink tea/2/it_target.jpg,it_target,JpegStimuliFullRes/4_run_drink tea/2/end_coh_it.jpg,end_coh_it,BetweenTrials/nepal_2025_037_img_7043.jpg,0,,0,C:\Users\Sofya\Documents\Discourse part\gurung-stimuli\psychopy_gurung_v1\JpegStimuliFullRes\4_run_drink tea
d004_set2_tr_ic_list2,28,2,4,004_run_drink_tea,run_drink_tea,2,tr_ic,transitive_incohesive,incohesive,transitive,2,14,3,JpegStimuliFullRes/4_run_drink tea/2/ic_1.jpg,ic_1,JpegStimuliFullRes/4_run_drink tea/2/tr_target.jpg,tr_target,JpegStimuliFullRes/4_run_drink tea/2/end_ic_tr.jpg,end_ic_tr,,,BetweenTrials/nepal_2025_038_img_6822.jpg,0,,0,C:\Users\Sofya\Documents\Discourse part\gurung-stimuli\psychopy_gurung_v1\JpegStimuliFullRes\4_run_drink tea
d004_set3_it_coh_list2,29,2,4,004_run_drink_tea,run_drink_tea,3,it_coh,intransitive_cohesive,cohesive,intransitive,3,15,4,JpegStimuliFullRes/4_run_drink tea/3/coh_1.jpg,coh_1,JpegStimuliFullRes/4_run_drink tea/3/coh_2.jpg,coh_2,JpegStimuliFullRes/4_run_drink tea/3/it_target.jpg,it_target,JpegStimuliFullRes/4_run_drink tea/3/end_coh_it.jpg,end_coh_it,BetweenTrials/nepal_2025_039_img_6717.jpg,0,,0,C:\Users\Sofya\Documents\Discourse part\gurung-stimuli\psychopy_gurung_v1\JpegStimuliFullRes\4_run_drink tea
d004_set3_tr_ic_list2,30,2,4,004_run_drink_tea,run_drink_tea,3,tr_ic,transitive_incohesive,incohesive,transitive,2,15,3,JpegStimuliFullRes/4_run_drink tea/3/ic_1.jpg,ic_1,JpegStimuliFullRes/4_run_drink tea/3/tr_target.jpg,tr_target,JpegStimuliFullRes/4_run_drink tea/3/end_ic_tr.jpg,end_ic_tr,,,BetweenTrials/nepal_2025_040_img_7035.jpg,0,,0,C:\Users\Sofya\Documents\Discourse part\gurung-stimuli\psychopy_gurung_v1\JpegStimuliFullRes\4_run_drink tea
d004_set4_tr_coh_list2,31,2,4,004_run_drink_tea,run_drink_tea,4,tr_coh,transitive_cohesive,cohesive,transitive,1,16,3,JpegStimuliFullRes/4_run_drink tea/4/coh_1.jpg,coh_1,JpegStimuliFullRes/4_run_drink tea/4/coh_2.jpg,coh_2,JpegStimuliFullRes/4_run_drink tea/4/tr_target.jpg,tr_target,,,BetweenTrials/nepal_2025_041_img_7093.jpg,0,,0,C:\Users\Sofya\Documents\Discourse part\gurung-stimuli\psychopy_gurung_v1\JpegStimuliFullRes\4_run_drink tea
d004_set4_it_ic_list2,32,2,4,004_run_drink_tea,run_drink_tea,4,it_ic,intransitive_incohesive,incohesive,intransitive,4,16,3,JpegStimuliFullRes/4_run_drink tea/4/ic_1.jpg,ic_1,JpegStimuliFullRes/4_run_drink tea/4/it_target.jpg,it_target,JpegStimuliFullRes/4_run_drink tea/4/end_ic_it.jpg,end_ic_it,,,BetweenTrials/nepal_2025_042_img_6950.jpg,0,,0,C:\Users\Sofya\Documents\Discourse part\gurung-stimuli\psychopy_gurung_v1\JpegStimuliFullRes\4_run_drink tea
d005_set1_tr_coh_list2,33,2,5,005_rest_build_wall,rest_build_wall,1,tr_coh,transitive_cohesive,cohesive,transitive,1,17,3,JpegStimuliFullRes/5_rest_build wall/1/coh_1.jpg,coh_1,JpegStimuliFullRes/5_rest_build wall/1/coh_2.jpg,coh_2,JpegStimuliFullRes/5_rest_build wall/1/tr_target.jpg,tr_target,,,BetweenTrials/nepal_2025_043_img_7008.jpg,0,,0,C:\Users\Sofya\Documents\Discourse part\gurung-stimuli\psychopy_gurung_v1\JpegStimuliFullRes\5_rest_build wall
d005_set1_it_ic_list2,34,2,5,005_rest_build_wall,rest_build_wall,1,it_ic,intransitive_incohesive,incohesive,intransitive,4,17,3,JpegStimuliFullRes/5_rest_build wall/1/ic_1.jpg,ic_1,JpegStimuliFullRes/5_rest_build wall/1/it_target.jpg,it_target,JpegStimuliFullRes/5_rest_build wall/1/end_ic_it.jpg,end_ic_it,,,BetweenTrials/nepal_2025_044_img_6932.jpg,0,,0,C:\Users\Sofya\Documents\Discourse part\gurung-stimuli\psychopy_gurung_v1\JpegStimuliFullRes\5_rest_build wall
d005_set2_it_coh_list2,35,2,5,005_rest_build_wall,rest_build_wall,2,it_coh,intransitive_cohesive,cohesive,intransitive,3,18,4,JpegStimuliFullRes/5_rest_build wall/2/coh_1.jpg,coh_1,JpegStimuliFullRes/5_rest_build wall/2/coh_2.jpg,coh_2,JpegStimuliFullRes/5_rest_build wall/2/it_target.jpg,it_target,JpegStimuliFullRes/5_rest_build wall/2/end_coh_it.jpg,end_coh_it,BetweenTrials/nepal_2025_045_img_6894.jpg,0,,0,C:\Users\Sofya\Documents\Discourse part\gurung-stimuli\psychopy_gurung_v1\JpegStimuliFullRes\5_rest_build wall
d005_set2_tr_ic_list2,36,2,5,005_rest_build_wall,rest_build_wall,2,tr_ic,transitive_incohesive,incohesive,transitive,2,18,3,JpegStimuliFullRes/5_rest_build wall/2/ic_1.jpg,ic_1,JpegStimuliFullRes/5_rest_build wall/2/tr_target.jpg,tr_target,JpegStimuliFullRes/5_rest_build wall/2/end_ic_tr.jpg,end_ic_tr,,,BetweenTrials/nepal_2025_046_img_6783.jpg,0,,0,C:\Users\Sofya\Documents\Discourse part\gurung-stimuli\psychopy_gurung_v1\JpegStimuliFullRes\5_rest_build wall
d005_set3_it_coh_list2,37,2,5,005_rest_build_wall,rest_build_wall,3,it_coh,intransitive_cohesive,cohesive,intransitive,3,19,4,JpegStimuliFullRes/5_rest_build wall/3/coh_1.jpg,coh_1,JpegStimuliFullRes/5_rest_build wall/3/coh_2.jpg,coh_2,JpegStimuliFullRes/5_rest_build wall/3/it_target.jpg,it_target,JpegStimuliFullRes/5_rest_build wall/3/end_coh_it.jpg,end_coh_it,BetweenTrials/nepal_2025_047_img_7090.jpg,0,,0,C:\Users\Sofya\Documents\Discourse part\gurung-stimuli\psychopy_gurung_v1\JpegStimuliFullRes\5_rest_build wall
d005_set3_tr_ic_list2,38,2,5,005_rest_build_wall,rest_build_wall,3,tr_ic,transitive_incohesive,incohesive,transitive,2,19,3,JpegStimuliFullRes/5_rest_build wall/3/ic_1.jpg,ic_1,JpegStimuliFullRes/5_rest_build wall/3/tr_target.jpg,tr_target,JpegStimuliFullRes/5_rest_build wall/3/end_ic_tr.jpg,end_ic_tr,,,BetweenTrials/nepal_2025_048_img_6975.jpg,0,,0,C:\Users\Sofya\Documents\Discourse part\gurung-stimuli\psychopy_gurung_v1\JpegStimuliFullRes\5_rest_build wall
d005_set4_tr_coh_list2,39,2,5,005_rest_build_wall,rest_build_wall,4,tr_coh,transitive_cohesive,cohesive,transitive,1,20,3,JpegStimuliFullRes/5_rest_build wall/4/coh_1.jpg,coh_1,JpegStimuliFullRes/5_rest_build wall/4/coh_2.jpg,coh_2,JpegStimuliFullRes/5_rest_build wall/4/tr_target.jpg,tr_target,,,BetweenTrials/nepal_2025_049_img_6851.jpg,0,,0,C:\Users\Sofya\Documents\Discourse part\gurung-stimuli\psychopy_gurung_v1\JpegStimuliFullRes\5_rest_build wall
d005_set4_it_ic_list2,40,2,5,005_rest_build_wall,rest_build_wall,4,it_ic,intransitive_incohesive,incohesive,intransitive,4,20,3,JpegStimuliFullRes/5_rest_build wall/4/ic_1.jpg,ic_1,JpegStimuliFullRes/5_rest_build wall/4/it_target.jpg,it_target,JpegStimuliFullRes/5_rest_build wall/4/end_ic_it.jpg,end_ic_it,,,BetweenTrials/nepal_2025_050_img_6825.jpg,0,,0,C:\Users\Sofya\Documents\Discourse part\gurung-stimuli\psychopy_gurung_v1\JpegStimuliFullRes\5_rest_build wall
d006_set1_tr_coh_list2,41,2,6,006_sleep_pluck_tomatoes,sleep_pluck_tomatoes,1,tr_coh,transitive_cohesive,cohesive,transitive,1,21,3,JpegStimuliFullRes/6_sleep_pluck tomatoes/1/coh_1.jpg,coh_1,JpegStimuliFullRes/6_sleep_pluck tomatoes/1/coh_2.jpg,coh_2,JpegStimuliFullRes/6_sleep_pluck tomatoes/1/tr_target.jpg,tr_target,,,BetweenTrials/nepal_2025_051_img_7091.jpg,0,,0,C:\Users\Sofya\Documents\Discourse part\gurung-stimuli\psychopy_gurung_v1\JpegStimuliFullRes\6_sleep_pluck tomatoes
d006_set1_it_ic_list2,42,2,6,006_sleep_pluck_tomatoes,sleep_pluck_tomatoes,1,it_ic,intransitive_incohesive,incohesive,intransitive,4,21,3,JpegStimuliFullRes/6_sleep_pluck tomatoes/1/ic_1.jpg,ic_1,JpegStimuliFullRes/6_sleep_pluck tomatoes/1/it_target.jpg,it_target,JpegStimuliFullRes/6_sleep_pluck tomatoes/1/end_ic_it.jpg,end_ic_it,,,BetweenTrials/nepal_2025_052_img_7094.jpg,0,,0,C:\Users\Sofya\Documents\Discourse part\gurung-stimuli\psychopy_gurung_v1\JpegStimuliFullRes\6_sleep_pluck tomatoes
d006_set2_it_coh_list2,43,2,6,006_sleep_pluck_tomatoes,sleep_pluck_tomatoes,2,it_coh,intransitive_cohesive,cohesive,intransitive,3,22,4,JpegStimuliFullRes/6_sleep_pluck tomatoes/2/coh_1.jpg,coh_1,JpegStimuliFullRes/6_sleep_pluck tomatoes/2/coh_2.jpg,coh_2,JpegStimuliFullRes/6_sleep_pluck tomatoes/2/it_target.jpg,it_target,JpegStimuliFullRes/6_sleep_pluck tomatoes/2/end_coh_it.jpg,end_coh_it,BetweenTrials/nepal_2025_053_img_6866.jpg,0,,0,C:\Users\Sofya\Documents\Discourse part\gurung-stimuli\psychopy_gurung_v1\JpegStimuliFullRes\6_sleep_pluck tomatoes
d006_set2_tr_ic_list2,44,2,6,006_sleep_pluck_tomatoes,sleep_pluck_tomatoes,2,tr_ic,transitive_incohesive,incohesive,transitive,2,22,3,JpegStimuliFullRes/6_sleep_pluck tomatoes/2/ic_1.jpg,ic_1,JpegStimuliFullRes/6_sleep_pluck tomatoes/2/tr_target.jpg,tr_target,JpegStimuliFullRes/6_sleep_pluck tomatoes/2/end_ic_tr.jpg,end_ic_tr,,,BetweenTrials/nepal_2025_054_img_6953.jpg,0,,0,C:\Users\Sofya\Documents\Discourse part\gurung-stimuli\psychopy_gurung_v1\JpegStimuliFullRes\6_sleep_pluck tomatoes
d006_set3_it_coh_list2,45,2,6,006_sleep_pluck_tomatoes,sleep_pluck_tomatoes,3,it_coh,intransitive_cohesive,cohesive,intransitive,3,23,4,JpegStimuliFullRes/6_sleep_pluck tomatoes/3/coh_1.jpg,coh_1,JpegStimuliFullRes/6_sleep_pluck tomatoes/3/coh_2.jpg,coh_2,JpegStimuliFullRes/6_sleep_pluck tomatoes/3/it_target.jpg,it_target,JpegStimuliFullRes/6_sleep_pluck tomatoes/3/end_coh_it.jpg,end_coh_it,BetweenTrials/nepal_2025_055_img_6743.jpg,0,,0,C:\Users\Sofya\Documents\Discourse part\gurung-stimuli\psychopy_gurung_v1\JpegStimuliFullRes\6_sleep_pluck tomatoes
d006_set3_tr_ic_list2,46,2,6,006_sleep_pluck_tomatoes,sleep_pluck_tomatoes,3,tr_ic,transitive_incohesive,incohesive,transitive,2,23,3,JpegStimuliFullRes/6_sleep_pluck tomatoes/3/ic_1.jpg,ic_1,JpegStimuliFullRes/6_sleep_pluck tomatoes/3/tr_target.jpg,tr_target,JpegStimuliFullRes/6_sleep_pluck tomatoes/3/end_ic_tr.jpg,end_ic_tr,,,BetweenTrials/nepal_2025_056_img_7017.jpg,0,,0,C:\Users\Sofya\Documents\Discourse part\gurung-stimuli\psychopy_gurung_v1\JpegStimuliFullRes\6_sleep_pluck tomatoes
d006_set4_tr_coh_list2,47,2,6,006_sleep_pluck_tomatoes,sleep_pluck_tomatoes,4,tr_coh,transitive_cohesive,cohesive,transitive,1,24,3,JpegStimuliFullRes/6_sleep_pluck tomatoes/4/coh_1.jpg,coh_1,JpegStimuliFullRes/6_sleep_pluck tomatoes/4/coh_2.jpg,coh_2,JpegStimuliFullRes/6_sleep_pluck tomatoes/4/tr_target.jpg,tr_target,,,BetweenTrials/nepal_2025_057_img_6977.jpg,0,,0,C:\Users\Sofya\Documents\Discourse part\gurung-stimuli\psychopy_gurung_v1\JpegStimuliFullRes\6_sleep_pluck tomatoes
d006_set4_it_ic_list2,48,2,6,006_sleep_pluck_tomatoes,sleep_pluck_tomatoes,4,it_ic,intransitive_incohesive,incohesive,intransitive,4,24,3,JpegStimuliFullRes/6_sleep_pluck tomatoes/4/ic_1.jpg,ic_1,JpegStimuliFullRes/6_sleep_pluck tomatoes/4/it_target.jpg,it_target,JpegStimuliFullRes/6_sleep_pluck tomatoes/4/end_ic_it.jpg,end_ic_it,,,BetweenTrials/nepal_2025_058_img_6824.jpg,0,,0,C:\Users\Sofya\Documents\Discourse part\gurung-stimuli\psychopy_gurung_v1\JpegStimuliFullRes\6_sleep_pluck tomatoes
d007_set1_tr_coh_list2,49,2,7,007_sit_make_fire,sit_make_fire,1,tr_coh,transitive_cohesive,cohesive,transitive,1,25,3,JpegStimuliFullRes/7_sit_make fire/1/coh_1.jpg,coh_1,JpegStimuliFullRes/7_sit_make fire/1/coh_2.jpg,coh_2,JpegStimuliFullRes/7_sit_make fire/1/tr_target.jpg,tr_target,,,BetweenTrials/nepal_2025_059_img_6779.jpg,0,,0,C:\Users\Sofya\Documents\Discourse part\gurung-stimuli\psychopy_gurung_v1\JpegStimuliFullRes\7_sit_make fire
d007_set1_it_ic_list2,50,2,7,007_sit_make_fire,sit_make_fire,1,it_ic,intransitive_incohesive,incohesive,intransitive,4,25,3,JpegStimuliFullRes/7_sit_make fire/1/ic_1.jpg,ic_1,JpegStimuliFullRes/7_sit_make fire/1/it_target.jpg,it_target,JpegStimuliFullRes/7_sit_make fire/1/end_ic_it.jpg,end_ic_it,,,BetweenTrials/nepal_2025_060_img_6905.jpg,0,,0,C:\Users\Sofya\Documents\Discourse part\gurung-stimuli\psychopy_gurung_v1\JpegStimuliFullRes\7_sit_make fire
d007_set2_it_coh_list2,51,2,7,007_sit_make_fire,sit_make_fire,2,it_coh,intransitive_cohesive,cohesive,intransitive,3,26,4,JpegStimuliFullRes/7_sit_make fire/2/coh_1.jpg,coh_1,JpegStimuliFullRes/7_sit_make fire/2/coh_2.jpg,coh_2,JpegStimuliFullRes/7_sit_make fire/2/it_target.jpg,it_target,JpegStimuliFullRes/7_sit_make fire/2/end_coh_it.jpg,end_coh_it,BetweenTrials/nepal_2025_061_img_6896.jpg,0,,0,C:\Users\Sofya\Documents\Discourse part\gurung-stimuli\psychopy_gurung_v1\JpegStimuliFullRes\7_sit_make fire
d007_set2_tr_ic_list2,52,2,7,007_sit_make_fire,sit_make_fire,2,tr_ic,transitive_incohesive,incohesive,transitive,2,26,3,JpegStimuliFullRes/7_sit_make fire/2/ic_1.jpg,ic_1,JpegStimuliFullRes/7_sit_make fire/2/tr_target.jpg,tr_target,JpegStimuliFullRes/7_sit_make fire/2/end_ic_tr.jpg,end_ic_tr,,,BetweenTrials/nepal_2025_062_img_6814.jpg,0,,0,C:\Users\Sofya\Documents\Discourse part\gurung-stimuli\psychopy_gurung_v1\JpegStimuliFullRes\7_sit_make fire
d007_set3_it_coh_list2,53,2,7,007_sit_make_fire,sit_make_fire,3,it_coh,intransitive_cohesive,cohesive,intransitive,3,27,4,JpegStimuliFullRes/7_sit_make fire/3/coh_1.jpg,coh_1,JpegStimuliFullRes/7_sit_make fire/3/coh_2.jpg,coh_2,JpegStimuliFullRes/7_sit_make fire/3/it_target.jpg,it_target,JpegStimuliFullRes/7_sit_make fire/3/end_coh_it.jpg,end_coh_it,BetweenTrials/nepal_2025_063_img_6934.jpg,0,,0,C:\Users\Sofya\Documents\Discourse part\gurung-stimuli\psychopy_gurung_v1\JpegStimuliFullRes\7_sit_make fire
d007_set3_tr_ic_list2,54,2,7,007_sit_make_fire,sit_make_fire,3,tr_ic,transitive_incohesive,incohesive,transitive,2,27,3,JpegStimuliFullRes/7_sit_make fire/3/ic_1.jpg,ic_1,JpegStimuliFullRes/7_sit_make fire/3/tr_target.jpg,tr_target,JpegStimuliFullRes/7_sit_make fire/3/end_ic_tr.jpg,end_ic_tr,,,BetweenTrials/nepal_2025_064_img_7002.jpg,0,,0,C:\Users\Sofya\Documents\Discourse part\gurung-stimuli\psychopy_gurung_v1\JpegStimuliFullRes\7_sit_make fire
d007_set4_tr_coh_list2,55,2,7,007_sit_make_fire,sit_make_fire,4,tr_coh,transitive_cohesive,cohesive,transitive,1,28,3,JpegStimuliFullRes/7_sit_make fire/4/coh_1.jpg,coh_1,JpegStimuliFullRes/7_sit_make fire/4/coh_2.jpg,coh_2,JpegStimuliFullRes/7_sit_make fire/4/tr_target.jpg,tr_target,,,BetweenTrials/nepal_2025_065_img_6874.jpg,0,,0,C:\Users\Sofya\Documents\Discourse part\gurung-stimuli\psychopy_gurung_v1\JpegStimuliFullRes\7_sit_make fire
d007_set4_it_ic_list2,56,2,7,007_sit_make_fire,sit_make_fire,4,it_ic,intransitive_incohesive,incohesive,intransitive,4,28,3,JpegStimuliFullRes/7_sit_make fire/4/ic_1.jpg,ic_1,JpegStimuliFullRes/7_sit_make fire/4/it_target.jpg,it_target,JpegStimuliFullRes/7_sit_make fire/4/end_ic_it.jpg,end_ic_it,,,BetweenTrials/nepal_2025_066_img_7143.jpg,0,,0,C:\Users\Sofya\Documents\Discourse part\gurung-stimuli\psychopy_gurung_v1\JpegStimuliFullRes\7_sit_make fire
d008_set1_tr_coh_list2,57,2,8,008_smile_weave_garland,smile_weave_garland,1,tr_coh,transitive_cohesive,cohesive,transitive,1,29,3,JpegStimuliFullRes/8_smile_weave garland/1/coh_1.jpg,coh_1,JpegStimuliFullRes/8_smile_weave garland/1/coh_2.jpg,coh_2,JpegStimuliFullRes/8_smile_weave garland/1/tr_target.jpg,tr_target,,,BetweenTrials/nepal_2025_067_img_6859.jpg,0,,0,C:\Users\Sofya\Documents\Discourse part\gurung-stimuli\psychopy_gurung_v1\JpegStimuliFullRes\8_smile_weave garland
d008_set1_it_ic_list2,58,2,8,008_smile_weave_garland,smile_weave_garland,1,it_ic,intransitive_incohesive,incohesive,intransitive,4,29,3,JpegStimuliFullRes/8_smile_weave garland/1/ic_1.jpg,ic_1,JpegStimuliFullRes/8_smile_weave garland/1/it_target.jpg,it_target,JpegStimuliFullRes/8_smile_weave garland/1/end_ic_it.jpg,end_ic_it,,,BetweenTrials/nepal_2025_068_img_6918.jpg,0,,0,C:\Users\Sofya\Documents\Discourse part\gurung-stimuli\psychopy_gurung_v1\JpegStimuliFullRes\8_smile_weave garland
d008_set2_it_coh_list2,59,2,8,008_smile_weave_garland,smile_weave_garland,2,it_coh,intransitive_cohesive,cohesive,intransitive,3,30,4,JpegStimuliFullRes/8_smile_weave garland/2/coh_1.jpg,coh_1,JpegStimuliFullRes/8_smile_weave garland/2/coh_2.jpg,coh_2,JpegStimuliFullRes/8_smile_weave garland/2/it_target.jpg,it_target,JpegStimuliFullRes/8_smile_weave garland/2/end_coh_it.jpg,end_coh_it,BetweenTrials/nepal_2025_069_img_7128.jpg,0,,0,C:\Users\Sofya\Documents\Discourse part\gurung-stimuli\psychopy_gurung_v1\JpegStimuliFullRes\8_smile_weave garland
d008_set2_tr_ic_list2,60,2,8,008_smile_weave_garland,smile_weave_garland,2,tr_ic,transitive_incohesive,incohesive,transitive,2,30,3,JpegStimuliFullRes/8_smile_weave garland/2/ic_1.jpg,ic_1,JpegStimuliFullRes/8_smile_weave garland/2/tr_target.jpg,tr_target,JpegStimuliFullRes/8_smile_weave garland/2/end_ic_tr.jpg,end_ic_tr,,,BetweenTrials/nepal_2025_070_img_6862.jpg,0,,0,C:\Users\Sofya\Documents\Discourse part\gurung-stimuli\psychopy_gurung_v1\JpegStimuliFullRes\8_smile_weave garland
d008_set3_it_coh_list2,61,2,8,008_smile_weave_garland,smile_weave_garland,3,it_coh,intransitive_cohesive,cohesive,intransitive,3,31,4,JpegStimuliFullRes/8_smile_weave garland/3/coh_1.jpg,coh_1,JpegStimuliFullRes/8_smile_weave garland/3/coh_2.jpg,coh_2,JpegStimuliFullRes/8_smile_weave garland/3/it_target.jpg,it_target,JpegStimuliFullRes/8_smile_weave garland/3/end_coh_it.jpg,end_coh_it,BetweenTrials/nepal_2025_071_img_7013.jpg,0,,0,C:\Users\Sofya\Documents\Discourse part\gurung-stimuli\psychopy_gurung_v1\JpegStimuliFullRes\8_smile_weave garland
d008_set3_tr_ic_list2,62,2,8,008_smile_weave_garland,smile_weave_garland,3,tr_ic,transitive_incohesive,incohesive,transitive,2,31,3,JpegStimuliFullRes/8_smile_weave garland/3/ic_1.jpg,ic_1,JpegStimuliFullRes/8_smile_weave garland/3/tr_target.jpg,tr_target,JpegStimuliFullRes/8_smile_weave garland/3/end_ic_tr.jpg,end_ic_tr,,,BetweenTrials/nepal_2025_072_img_7127.jpg,0,,0,C:\Users\Sofya\Documents\Discourse part\gurung-stimuli\psychopy_gurung_v1\JpegStimuliFullRes\8_smile_weave garland
d008_set4_tr_coh_list2,63,2,8,008_smile_weave_garland,smile_weave_garland,4,tr_coh,transitive_cohesive,cohesive,transitive,1,32,3,JpegStimuliFullRes/8_smile_weave garland/4/coh_1.jpg,coh_1,JpegStimuliFullRes/8_smile_weave garland/4/coh_2.jpg,coh_2,JpegStimuliFullRes/8_smile_weave garland/4/tr_target.jpg,tr_target,,,BetweenTrials/nepal_2025_073_img_6845.jpg,0,,0,C:\Users\Sofya\Documents\Discourse part\gurung-stimuli\psychopy_gurung_v1\JpegStimuliFullRes\8_smile_weave garland
d008_set4_it_ic_list2,64,2,8,008_smile_weave_garland,smile_weave_garland,4,it_ic,intransitive_incohesive,incohesive,intransitive,4,32,3,JpegStimuliFullRes/8_smile_weave garland/4/ic_1.jpg,ic_1,JpegStimuliFullRes/8_smile_weave garland/4/it_target.jpg,it_target,JpegStimuliFullRes/8_smile_weave garland/4/end_ic_it.jpg,end_ic_it,,,BetweenTrials/nepal_2025_074_img_7054.jpg,0,,0,C:\Users\Sofya\Documents\Discourse part\gurung-stimuli\psychopy_gurung_v1\JpegStimuliFullRes\8_smile_weave garland
d009_set1_tr_coh_list2,65,2,9,009_descend_harvest_rice,descend_harvest_rice,1,tr_coh,transitive_cohesive,cohesive,transitive,1,33,3,JpegStimuliFullRes/9_descend_harvest rice/1/coh_1.jpg,coh_1,JpegStimuliFullRes/9_descend_harvest rice/1/coh_2.jpg,coh_2,JpegStimuliFullRes/9_descend_harvest rice/1/tr_target.jpg,tr_target,,,BetweenTrials/nepal_2025_075_img_7063.jpg,0,,0,C:\Users\Sofya\Documents\Discourse part\gurung-stimuli\psychopy_gurung_v1\JpegStimuliFullRes\9_descend_harvest rice
d009_set1_it_ic_list2,66,2,9,009_descend_harvest_rice,descend_harvest_rice,1,it_ic,intransitive_incohesive,incohesive,intransitive,4,33,3,JpegStimuliFullRes/9_descend_harvest rice/1/ic_1.jpg,ic_1,JpegStimuliFullRes/9_descend_harvest rice/1/it_target.jpg,it_target,JpegStimuliFullRes/9_descend_harvest rice/1/end_ic_it.jpg,end_ic_it,,,BetweenTrials/nepal_2025_076_img_6796.jpg,0,,0,C:\Users\Sofya\Documents\Discourse part\gurung-stimuli\psychopy_gurung_v1\JpegStimuliFullRes\9_descend_harvest rice
d009_set2_it_coh_list2,67,2,9,009_descend_harvest_rice,descend_harvest_rice,2,it_coh,intransitive_cohesive,cohesive,intransitive,3,34,4,JpegStimuliFullRes/9_descend_harvest rice/2/coh_1.jpg,coh_1,JpegStimuliFullRes/9_descend_harvest rice/2/coh_2.jpg,coh_2,JpegStimuliFullRes/9_descend_harvest rice/2/it_target.jpg,it_target,JpegStimuliFullRes/9_descend_harvest rice/2/end_coh_it.jpg,end_coh_it,BetweenTrials/nepal_2025_077_img_7080.jpg,0,,0,C:\Users\Sofya\Documents\Discourse part\gurung-stimuli\psychopy_gurung_v1\JpegStimuliFullRes\9_descend_harvest rice
d009_set2_tr_ic_list2,68,2,9,009_descend_harvest_rice,descend_harvest_rice,2,tr_ic,transitive_incohesive,incohesive,transitive,2,34,3,JpegStimuliFullRes/9_descend_harvest rice/2/ic_1.jpg,ic_1,JpegStimuliFullRes/9_descend_harvest rice/2/tr_target.jpg,tr_target,JpegStimuliFullRes/9_descend_harvest rice/2/end_ic_tr.jpg,end_ic_tr,,,BetweenTrials/nepal_2025_078_img_7138.jpg,0,,0,C:\Users\Sofya\Documents\Discourse part\gurung-stimuli\psychopy_gurung_v1\JpegStimuliFullRes\9_descend_harvest rice
d009_set3_it_coh_list2,69,2,9,009_descend_harvest_rice,descend_harvest_rice,3,it_coh,intransitive_cohesive,cohesive,intransitive,3,35,4,JpegStimuliFullRes/9_descend_harvest rice/3/coh_1.jpg,coh_1,JpegStimuliFullRes/9_descend_harvest rice/3/coh_2.jpg,coh_2,JpegStimuliFullRes/9_descend_harvest rice/3/it_target.jpg,it_target,JpegStimuliFullRes/9_descend_harvest rice/3/end_coh_it.jpg,end_coh_it,BetweenTrials/nepal_2025_079_img_7082.jpg,0,,0,C:\Users\Sofya\Documents\Discourse part\gurung-stimuli\psychopy_gurung_v1\JpegStimuliFullRes\9_descend_harvest rice
d009_set3_tr_ic_list2,70,2,9,009_descend_harvest_rice,descend_harvest_rice,3,tr_ic,transitive_incohesive,incohesive,transitive,2,35,3,JpegStimuliFullRes/9_descend_harvest rice/3/ic_1.jpg,ic_1,JpegStimuliFullRes/9_descend_harvest rice/3/tr_target.jpg,tr_target,JpegStimuliFullRes/9_descend_harvest rice/3/end_ic_tr.jpg,end_ic_tr,,,BetweenTrials/nepal_2025_080_img_7056.jpg,0,,0,C:\Users\Sofya\Documents\Discourse part\gurung-stimuli\psychopy_gurung_v1\JpegStimuliFullRes\9_descend_harvest rice
d009_set4_tr_coh_list2,71,2,9,009_descend_harvest_rice,descend_harvest_rice,4,tr_coh,transitive_cohesive,cohesive,transitive,1,36,3,JpegStimuliFullRes/9_descend_harvest rice/4/coh_1.jpg,coh_1,JpegStimuliFullRes/9_descend_harvest rice/4/coh_2.jpg,coh_2,JpegStimuliFullRes/9_descend_harvest rice/4/tr_target.jpg,tr_target,,,BetweenTrials/nepal_2025_081_img_7019.jpg,0,,0,C:\Users\Sofya\Documents\Discourse part\gurung-stimuli\psychopy_gurung_v1\JpegStimuliFullRes\9_descend_harvest rice
d009_set4_it_ic_list2,72,2,9,009_descend_harvest_rice,descend_harvest_rice,4,it_ic,intransitive_incohesive,incohesive,intransitive,4,36,3,JpegStimuliFullRes/9_descend_harvest rice/4/ic_1.jpg,ic_1,JpegStimuliFullRes/9_descend_harvest rice/4/it_target.jpg,it_target,JpegStimuliFullRes/9_descend_harvest rice/4/end_ic_it.jpg,end_ic_it,,,BetweenTrials/nepal_2025_082_img_6964.jpg,0,,0,C:\Users\Sofya\Documents\Discourse part\gurung-stimuli\psychopy_gurung_v1\JpegStimuliFullRes\9_descend_harvest rice
d010_set1_tr_coh_list2,73,2,10,010_run_cook_pancakes,run_cook_pancakes,1,tr_coh,transitive_cohesive,cohesive,transitive,1,37,3,JpegStimuliFullRes/10_run_cook pancakes/1/coh_1.jpg,coh_1,JpegStimuliFullRes/10_run_cook pancakes/1/coh_2.jpg,coh_2,JpegStimuliFullRes/10_run_cook pancakes/1/tr_target.jpg,tr_target,,,BetweenTrials/nepal_2025_083_img_6996.jpg,0,,0,C:\Users\Sofya\Documents\Discourse part\gurung-stimuli\psychopy_gurung_v1\JpegStimuliFullRes\10_run_cook pancakes
d010_set1_it_ic_list2,74,2,10,010_run_cook_pancakes,run_cook_pancakes,1,it_ic,intransitive_incohesive,incohesive,intransitive,4,37,3,JpegStimuliFullRes/10_run_cook pancakes/1/ic_1.jpg,ic_1,JpegStimuliFullRes/10_run_cook pancakes/1/it_target.jpg,it_target,JpegStimuliFullRes/10_run_cook pancakes/1/end_ic_it.jpg,end_ic_it,,,BetweenTrials/nepal_2025_084_img_6794.jpg,0,,0,C:\Users\Sofya\Documents\Discourse part\gurung-stimuli\psychopy_gurung_v1\JpegStimuliFullRes\10_run_cook pancakes
d010_set2_it_coh_list2,75,2,10,010_run_cook_pancakes,run_cook_pancakes,2,it_coh,intransitive_cohesive,cohesive,intransitive,3,38,4,JpegStimuliFullRes/10_run_cook pancakes/2/coh_1.jpg,coh_1,JpegStimuliFullRes/10_run_cook pancakes/2/coh_2.jpg,coh_2,JpegStimuliFullRes/10_run_cook pancakes/2/it_target.jpg,it_target,JpegStimuliFullRes/10_run_cook pancakes/2/end_coh_it.jpg,end_coh_it,BetweenTrials/nepal_2025_085_img_7003.jpg,0,,0,C:\Users\Sofya\Documents\Discourse part\gurung-stimuli\psychopy_gurung_v1\JpegStimuliFullRes\10_run_cook pancakes
d010_set2_tr_ic_list2,76,2,10,010_run_cook_pancakes,run_cook_pancakes,2,tr_ic,transitive_incohesive,incohesive,transitive,2,38,3,JpegStimuliFullRes/10_run_cook pancakes/2/ic_1.jpg,ic_1,JpegStimuliFullRes/10_run_cook pancakes/2/tr_target.jpg,tr_target,JpegStimuliFullRes/10_run_cook pancakes/2/end_ic_tr.jpg,end_ic_tr,,,BetweenTrials/nepal_2025_086_img_7042.jpg,0,,0,C:\Users\Sofya\Documents\Discourse part\gurung-stimuli\psychopy_gurung_v1\JpegStimuliFullRes\10_run_cook pancakes
d010_set3_it_coh_list2,77,2,10,010_run_cook_pancakes,run_cook_pancakes,3,it_coh,intransitive_cohesive,cohesive,intransitive,3,39,4,JpegStimuliFullRes/10_run_cook pancakes/3/coh_1.jpg,coh_1,JpegStimuliFullRes/10_run_cook pancakes/3/coh_2.jpg,coh_2,JpegStimuliFullRes/10_run_cook pancakes/3/it_target.jpg,it_target,JpegStimuliFullRes/10_run_cook pancakes/3/end_coh_it.jpg,end_coh_it,BetweenTrials/nepal_2025_087_img_7004.jpg,0,,0,C:\Users\Sofya\Documents\Discourse part\gurung-stimuli\psychopy_gurung_v1\JpegStimuliFullRes\10_run_cook pancakes
d010_set3_tr_ic_list2,78,2,10,010_run_cook_pancakes,run_cook_pancakes,3,tr_ic,transitive_incohesive,incohesive,transitive,2,39,3,JpegStimuliFullRes/10_run_cook pancakes/3/ic_1.jpg,ic_1,JpegStimuliFullRes/10_run_cook pancakes/3/tr_target.jpg,tr_target,JpegStimuliFullRes/10_run_cook pancakes/3/end_ic_tr.jpg,end_ic_tr,,,BetweenTrials/nepal_2025_088_img_7022.jpg,0,,0,C:\Users\Sofya\Documents\Discourse part\gurung-stimuli\psychopy_gurung_v1\JpegStimuliFullRes\10_run_cook pancakes
d010_set4_tr_coh_list2,79,2,10,010_run_cook_pancakes,run_cook_pancakes,4,tr_coh,transitive_cohesive,cohesive,transitive,1,40,3,JpegStimuliFullRes/10_run_cook pancakes/4/coh_1.jpg,coh_1,JpegStimuliFullRes/10_run_cook pancakes/4/coh_2.jpg,coh_2,JpegStimuliFullRes/10_run_cook pancakes/4/tr_target.jpg,tr_target,,,BetweenTrials/nepal_2025_089_img_6770.jpg,0,,0,C:\Users\Sofya\Documents\Discourse part\gurung-stimuli\psychopy_gurung_v1\JpegStimuliFullRes\10_run_cook pancakes
d010_set4_it_ic_list2,80,2,10,010_run_cook_pancakes,run_cook_pancakes,4,it_ic,intransitive_incohesive,incohesive,intransitive,4,40,3,JpegStimuliFullRes/10_run_cook pancakes/4/ic_1.jpg,ic_1,JpegStimuliFullRes/10_run_cook pancakes/4/it_target.jpg,it_target,JpegStimuliFullRes/10_run_cook pancakes/4/end_ic_it.jpg,end_ic_it,,,BetweenTrials/nepal_2025_090_img_7010.jpg,0,,0,C:\Users\Sofya\Documents\Discourse part\gurung-stimuli\psychopy_gurung_v1\JpegStimuliFullRes\10_run_cook pancakes
d011_set1_tr_coh_list2,81,2,11,011_ascend_wipe_plate,ascend_wipe_plate,1,tr_coh,transitive_cohesive,cohesive,transitive,1,41,3,JpegStimuliFullRes/11_ascend_wipe plate/1/coh_1.jpg,coh_1,JpegStimuliFullRes/11_ascend_wipe plate/1/coh_2.jpg,coh_2,JpegStimuliFullRes/11_ascend_wipe plate/1/tr_target.jpg,tr_target,,,BetweenTrials/nepal_2025_091_img_6885.jpg,0,,0,C:\Users\Sofya\Documents\Discourse part\gurung-stimuli\psychopy_gurung_v1\JpegStimuliFullRes\11_ascend_wipe plate
d011_set1_it_ic_list2,82,2,11,011_ascend_wipe_plate,ascend_wipe_plate,1,it_ic,intransitive_incohesive,incohesive,intransitive,4,41,3,JpegStimuliFullRes/11_ascend_wipe plate/1/ic_1.jpg,ic_1,JpegStimuliFullRes/11_ascend_wipe plate/1/it_target.jpg,it_target,JpegStimuliFullRes/11_ascend_wipe plate/1/end_ic_it.jpg,end_ic_it,,,BetweenTrials/nepal_2025_092_img_7034.jpg,0,,0,C:\Users\Sofya\Documents\Discourse part\gurung-stimuli\psychopy_gurung_v1\JpegStimuliFullRes\11_ascend_wipe plate
d011_set2_it_coh_list2,83,2,11,011_ascend_wipe_plate,ascend_wipe_plate,2,it_coh,intransitive_cohesive,cohesive,intransitive,3,42,4,JpegStimuliFullRes/11_ascend_wipe plate/2/coh_1.jpg,coh_1,JpegStimuliFullRes/11_ascend_wipe plate/2/coh_2.jpg,coh_2,JpegStimuliFullRes/11_ascend_wipe plate/2/it_target.jpg,it_target,JpegStimuliFullRes/11_ascend_wipe plate/2/end_coh_it.jpg,end_coh_it,BetweenTrials/nepal_2025_093_img_6924.jpg,0,,0,C:\Users\Sofya\Documents\Discourse part\gurung-stimuli\psychopy_gurung_v1\JpegStimuliFullRes\11_ascend_wipe plate
d011_set2_tr_ic_list2,84,2,11,011_ascend_wipe_plate,ascend_wipe_plate,2,tr_ic,transitive_incohesive,incohesive,transitive,2,42,3,JpegStimuliFullRes/11_ascend_wipe plate/2/ic_1.jpg,ic_1,JpegStimuliFullRes/11_ascend_wipe plate/2/tr_target.jpg,tr_target,JpegStimuliFullRes/11_ascend_wipe plate/2/end_ic_tr.jpg,end_ic_tr,,,BetweenTrials/nepal_2025_094_img_6757.jpg,0,,0,C:\Users\Sofya\Documents\Discourse part\gurung-stimuli\psychopy_gurung_v1\JpegStimuliFullRes\11_ascend_wipe plate
d011_set3_it_coh_list2,85,2,11,011_ascend_wipe_plate,ascend_wipe_plate,3,it_coh,intransitive_cohesive,cohesive,intransitive,3,43,4,JpegStimuliFullRes/11_ascend_wipe plate/3/coh_1.jpg,coh_1,JpegStimuliFullRes/11_ascend_wipe plate/3/coh_2.jpg,coh_2,JpegStimuliFullRes/11_ascend_wipe plate/3/it_target.jpg,it_target,JpegStimuliFullRes/11_ascend_wipe plate/3/end_coh_it.jpg,end_coh_it,BetweenTrials/nepal_2025_095_img_7122.jpg,0,,0,C:\Users\Sofya\Documents\Discourse part\gurung-stimuli\psychopy_gurung_v1\JpegStimuliFullRes\11_ascend_wipe plate
d011_set3_tr_ic_list2,86,2,11,011_ascend_wipe_plate,ascend_wipe_plate,3,tr_ic,transitive_incohesive,incohesive,transitive,2,43,3,JpegStimuliFullRes/11_ascend_wipe plate/3/ic_1.jpg,ic_1,JpegStimuliFullRes/11_ascend_wipe plate/3/tr_target.jpg,tr_target,JpegStimuliFullRes/11_ascend_wipe plate/3/end_ic_tr.jpg,end_ic_tr,,,BetweenTrials/nepal_2025_096_img_7134.jpg,0,,0,C:\Users\Sofya\Documents\Discourse part\gurung-stimuli\psychopy_gurung_v1\JpegStimuliFullRes\11_ascend_wipe plate
d011_set4_tr_coh_list2,87,2,11,011_ascend_wipe_plate,ascend_wipe_plate,4,tr_coh,transitive_cohesive,cohesive,transitive,1,44,3,JpegStimuliFullRes/11_ascend_wipe plate/4/coh_1.jpg,coh_1,JpegStimuliFullRes/11_ascend_wipe plate/4/coh_2.jpg,coh_2,JpegStimuliFullRes/11_ascend_wipe plate/4/tr_target.jpg,tr_target,,,BetweenTrials/nepal_2025_097_img_6968.jpg,0,,0,C:\Users\Sofya\Documents\Discourse part\gurung-stimuli\psychopy_gurung_v1\JpegStimuliFullRes\11_ascend_wipe plate
d011_set4_it_ic_list2,88,2,11,011_ascend_wipe_plate,ascend_wipe_plate,4,it_ic,intransitive_incohesive,incohesive,intransitive,4,44,3,JpegStimuliFullRes/11_ascend_wipe plate/4/ic_1.jpg,ic_1,JpegStimuliFullRes/11_ascend_wipe plate/4/it_target.jpg,it_target,JpegStimuliFullRes/11_ascend_wipe plate/4/end_ic_it.jpg,end_ic_it,,,BetweenTrials/nepal_2025_098_img_6939.jpg,0,,0,C:\Users\Sofya\Documents\Discourse part\gurung-stimuli\psychopy_gurung_v1\JpegStimuliFullRes\11_ascend_wipe plate
d012_set1_tr_coh_list2,89,2,12,012_come_eat_rice,come_eat_rice,1,tr_coh,transitive_cohesive,cohesive,transitive,1,45,3,JpegStimuliFullRes/12_come_eat rice/1/coh_1.jpg,coh_1,JpegStimuliFullRes/12_come_eat rice/1/coh_2.jpg,coh_2,JpegStimuliFullRes/12_come_eat rice/1/tr_target.jpg,tr_target,,,BetweenTrials/nepal_2025_099_img_6808.jpg,0,,0,C:\Users\Sofya\Documents\Discourse part\gurung-stimuli\psychopy_gurung_v1\JpegStimuliFullRes\12_come_eat rice
d012_set1_it_ic_list2,90,2,12,012_come_eat_rice,come_eat_rice,1,it_ic,intransitive_incohesive,incohesive,intransitive,4,45,3,JpegStimuliFullRes/12_come_eat rice/1/ic_1.jpg,ic_1,JpegStimuliFullRes/12_come_eat rice/1/it_target.jpg,it_target,JpegStimuliFullRes/12_come_eat rice/1/end_ic_it.jpg,end_ic_it,,,BetweenTrials/nepal_2025_100_img_7060.jpg,0,,0,C:\Users\Sofya\Documents\Discourse part\gurung-stimuli\psychopy_gurung_v1\JpegStimuliFullRes\12_come_eat rice
d012_set2_it_coh_list2,91,2,12,012_come_eat_rice,come_eat_rice,2,it_coh,intransitive_cohesive,cohesive,intransitive,3,46,4,JpegStimuliFullRes/12_come_eat rice/2/coh_1.jpg,coh_1,JpegStimuliFullRes/12_come_eat rice/2/coh_2.jpg,coh_2,JpegStimuliFullRes/12_come_eat rice/2/it_target.jpg,it_target,JpegStimuliFullRes/12_come_eat rice/2/end_coh_it.jpg,end_coh_it,BetweenTrials/nepal_2025_101_img_6831.jpg,0,,0,C:\Users\Sofya\Documents\Discourse part\gurung-stimuli\psychopy_gurung_v1\JpegStimuliFullRes\12_come_eat rice
d012_set2_tr_ic_list2,92,2,12,012_come_eat_rice,come_eat_rice,2,tr_ic,transitive_incohesive,incohesive,transitive,2,46,3,JpegStimuliFullRes/12_come_eat rice/2/ic_1.jpg,ic_1,JpegStimuliFullRes/12_come_eat rice/2/tr_target.jpg,tr_target,JpegStimuliFullRes/12_come_eat rice/2/end_ic_tr.jpg,end_ic_tr,,,BetweenTrials/nepal_2025_102_img_6772.jpg,0,,0,C:\Users\Sofya\Documents\Discourse part\gurung-stimuli\psychopy_gurung_v1\JpegStimuliFullRes\12_come_eat rice
d012_set3_it_coh_list2,93,2,12,012_come_eat_rice,come_eat_rice,3,it_coh,intransitive_cohesive,cohesive,intransitive,3,47,4,JpegStimuliFullRes/12_come_eat rice/3/coh_1.jpg,coh_1,JpegStimuliFullRes/12_come_eat rice/3/coh_2.jpg,coh_2,JpegStimuliFullRes/12_come_eat rice/3/it_target.jpg,it_target,JpegStimuliFullRes/12_come_eat rice/3/end_coh_it.jpg,end_coh_it,BetweenTrials/nepal_2025_103_img_6811.jpg,0,,0,C:\Users\Sofya\Documents\Discourse part\gurung-stimuli\psychopy_gurung_v1\JpegStimuliFullRes\12_come_eat rice
d012_set3_tr_ic_list2,94,2,12,012_come_eat_rice,come_eat_rice,3,tr_ic,transitive_incohesive,incohesive,transitive,2,47,3,JpegStimuliFullRes/12_come_eat rice/3/ic_1.jpg,ic_1,JpegStimuliFullRes/12_come_eat rice/3/tr_target.jpg,tr_target,JpegStimuliFullRes/12_come_eat rice/3/end_ic_tr.jpg,end_ic_tr,,,BetweenTrials/nepal_2025_104_img_6868.jpg,0,,0,C:\Users\Sofya\Documents\Discourse part\gurung-stimuli\psychopy_gurung_v1\JpegStimuliFullRes\12_come_eat rice
d012_set4_tr_coh_list2,95,2,12,012_come_eat_rice,come_eat_rice,4,tr_coh,transitive_cohesive,cohesive,transitive,1,48,3,JpegStimuliFullRes/12_come_eat rice/4/coh_1.jpg,coh_1,JpegStimuliFullRes/12_come_eat rice/4/coh_2.jpg,coh_2,JpegStimuliFullRes/12_come_eat rice/4/tr_target.jpg,tr_target,,,BetweenTrials/nepal_2025_105_img_6800.jpg,0,,0,C:\Users\Sofya\Documents\Discourse part\gurung-stimuli\psychopy_gurung_v1\JpegStimuliFullRes\12_come_eat rice
d012_set4_it_ic_list2,96,2,12,012_come_eat_rice,come_eat_rice,4,it_ic,intransitive_incohesive,incohesive,intransitive,4,48,3,JpegStimuliFullRes/12_come_eat rice/4/ic_1.jpg,ic_1,JpegStimuliFullRes/12_come_eat rice/4/it_target.jpg,it_target,JpegStimuliFullRes/12_come_eat rice/4/end_ic_it.jpg,end_ic_it,,,BetweenTrials/nepal_2025_106_img_6895.jpg,0,,0,C:\Users\Sofya\Documents\Discourse part\gurung-stimuli\psychopy_gurung_v1\JpegStimuliFullRes\12_come_eat rice
d013_set1_tr_coh_list2,97,2,13,013_stand_wash_clothes,stand_wash_clothes,1,tr_coh,transitive_cohesive,cohesive,transitive,1,49,3,JpegStimuliFullRes/13_stand_wash clothes/1/coh_1.jpg,coh_1,JpegStimuliFullRes/13_stand_wash clothes/1/coh_2.jpg,coh_2,JpegStimuliFullRes/13_stand_wash clothes/1/tr_target.jpg,tr_target,,,BetweenTrials/nepal_2025_107_img_6991.jpg,0,,0,C:\Users\Sofya\Documents\Discourse part\gurung-stimuli\psychopy_gurung_v1\JpegStimuliFullRes\13_stand_wash clothes
d013_set1_it_ic_list2,98,2,13,013_stand_wash_clothes,stand_wash_clothes,1,it_ic,intransitive_incohesive,incohesive,intransitive,4,49,3,JpegStimuliFullRes/13_stand_wash clothes/1/ic_1.jpg,ic_1,JpegStimuliFullRes/13_stand_wash clothes/1/it_target.jpg,it_target,JpegStimuliFullRes/13_stand_wash clothes/1/end_ic_it.jpg,end_ic_it,,,BetweenTrials/nepal_2025_108_img_7104.jpg,0,,0,C:\Users\Sofya\Documents\Discourse part\gurung-stimuli\psychopy_gurung_v1\JpegStimuliFullRes\13_stand_wash clothes
d013_set2_it_coh_list2,99,2,13,013_stand_wash_clothes,stand_wash_clothes,2,it_coh,intransitive_cohesive,cohesive,intransitive,3,50,4,JpegStimuliFullRes/13_stand_wash clothes/2/coh_1.jpg,coh_1,JpegStimuliFullRes/13_stand_wash clothes/2/coh_2.jpg,coh_2,JpegStimuliFullRes/13_stand_wash clothes/2/it_target.jpg,it_target,JpegStimuliFullRes/13_stand_wash clothes/2/end_coh_it.jpg,end_coh_it,BetweenTrials/nepal_2025_109_img_6864.jpg,0,,0,C:\Users\Sofya\Documents\Discourse part\gurung-stimuli\psychopy_gurung_v1\JpegStimuliFullRes\13_stand_wash clothes
d013_set2_tr_ic_list2,100,2,13,013_stand_wash_clothes,stand_wash_clothes,2,tr_ic,transitive_incohesive,incohesive,transitive,2,50,3,JpegStimuliFullRes/13_stand_wash clothes/2/ic_1.jpg,ic_1,JpegStimuliFullRes/13_stand_wash clothes/2/tr_target.jpg,tr_target,JpegStimuliFullRes/13_stand_wash clothes/2/end_ic_tr.jpg,end_ic_tr,,,BetweenTrials/nepal_2025_110_img_6979.jpg,0,,0,C:\Users\Sofya\Documents\Discourse part\gurung-stimuli\psychopy_gurung_v1\JpegStimuliFullRes\13_stand_wash clothes
d013_set3_it_coh_list2,101,2,13,013_stand_wash_clothes,stand_wash_clothes,3,it_coh,intransitive_cohesive,cohesive,intransitive,3,51,4,JpegStimuliFullRes/13_stand_wash clothes/3/coh_1.jpg,coh_1,JpegStimuliFullRes/13_stand_wash clothes/3/coh_2.jpg,coh_2,JpegStimuliFullRes/13_stand_wash clothes/3/it_target.jpg,it_target,JpegStimuliFullRes/13_stand_wash clothes/3/end_coh_it.jpg,end_coh_it,BetweenTrials/nepal_2025_111_img_6951.jpg,0,,0,C:\Users\Sofya\Documents\Discourse part\gurung-stimuli\psychopy_gurung_v1\JpegStimuliFullRes\13_stand_wash clothes
d013_set3_tr_ic_list2,102,2,13,013_stand_wash_clothes,stand_wash_clothes,3,tr_ic,transitive_incohesive,incohesive,transitive,2,51,3,JpegStimuliFullRes/13_stand_wash clothes/3/ic_1.jpg,ic_1,JpegStimuliFullRes/13_stand_wash clothes/3/tr_target.jpg,tr_target,JpegStimuliFullRes/13_stand_wash clothes/3/end_ic_tr.jpg,end_ic_tr,,,BetweenTrials/nepal_2025_112_img_6965.jpg,0,,0,C:\Users\Sofya\Documents\Discourse part\gurung-stimuli\psychopy_gurung_v1\JpegStimuliFullRes\13_stand_wash clothes
d013_set4_tr_coh_list2,103,2,13,013_stand_wash_clothes,stand_wash_clothes,4,tr_coh,transitive_cohesive,cohesive,transitive,1,52,3,JpegStimuliFullRes/13_stand_wash clothes/4/coh_1.jpg,coh_1,JpegStimuliFullRes/13_stand_wash clothes/4/coh_2.jpg,coh_2,JpegStimuliFullRes/13_stand_wash clothes/4/tr_target.jpg,tr_target,,,BetweenTrials/nepal_2025_113_img_6715.jpg,0,,0,C:\Users\Sofya\Documents\Discourse part\gurung-stimuli\psychopy_gurung_v1\JpegStimuliFullRes\13_stand_wash clothes
d013_set4_it_ic_list2,104,2,13,013_stand_wash_clothes,stand_wash_clothes,4,it_ic,intransitive_incohesive,incohesive,intransitive,4,52,3,JpegStimuliFullRes/13_stand_wash clothes/4/ic_1.jpg,ic_1,JpegStimuliFullRes/13_stand_wash clothes/4/it_target.jpg,it_target,JpegStimuliFullRes/13_stand_wash clothes/4/end_ic_it.jpg,end_ic_it,,,BetweenTrials/nepal_2025_114_img_7106.jpg,0,,0,C:\Users\Sofya\Documents\Discourse part\gurung-stimuli\psychopy_gurung_v1\JpegStimuliFullRes\13_stand_wash clothes
d014_set1_tr_coh_list2,105,2,14,014_ascend_weave_raincoat,ascend_weave_raincoat,1,tr_coh,transitive_cohesive,cohesive,transitive,1,53,3,JpegStimuliFullRes/14_ascend_weave raincoat/1/coh_1.jpg,coh_1,JpegStimuliFullRes/14_ascend_weave raincoat/1/coh_2.jpg,coh_2,JpegStimuliFullRes/14_ascend_weave raincoat/1/tr_target.jpg,tr_target,,,BetweenTrials/nepal_2025_115_img_7105.jpg,0,,0,C:\Users\Sofya\Documents\Discourse part\gurung-stimuli\psychopy_gurung_v1\JpegStimuliFullRes\14_ascend_weave raincoat
d014_set1_it_ic_list2,106,2,14,014_ascend_weave_raincoat,ascend_weave_raincoat,1,it_ic,intransitive_incohesive,incohesive,intransitive,4,53,3,JpegStimuliFullRes/14_ascend_weave raincoat/1/ic_1.jpg,ic_1,JpegStimuliFullRes/14_ascend_weave raincoat/1/it_target.jpg,it_target,JpegStimuliFullRes/14_ascend_weave raincoat/1/end_ic_it.jpg,end_ic_it,,,BetweenTrials/nepal_2025_116_img_6835.jpg,0,,0,C:\Users\Sofya\Documents\Discourse part\gurung-stimuli\psychopy_gurung_v1\JpegStimuliFullRes\14_ascend_weave raincoat
d014_set2_it_coh_list2,107,2,14,014_ascend_weave_raincoat,ascend_weave_raincoat,2,it_coh,intransitive_cohesive,cohesive,intransitive,3,54,4,JpegStimuliFullRes/14_ascend_weave raincoat/2/coh_1.jpg,coh_1,JpegStimuliFullRes/14_ascend_weave raincoat/2/coh_2.jpg,coh_2,JpegStimuliFullRes/14_ascend_weave raincoat/2/it_target.jpg,it_target,JpegStimuliFullRes/14_ascend_weave raincoat/2/end_coh_it.jpg,end_coh_it,BetweenTrials/nepal_2025_117_img_6848.jpg,0,,0,C:\Users\Sofya\Documents\Discourse part\gurung-stimuli\psychopy_gurung_v1\JpegStimuliFullRes\14_ascend_weave raincoat
d014_set2_tr_ic_list2,108,2,14,014_ascend_weave_raincoat,ascend_weave_raincoat,2,tr_ic,transitive_incohesive,incohesive,transitive,2,54,3,JpegStimuliFullRes/14_ascend_weave raincoat/2/ic_1.jpg,ic_1,JpegStimuliFullRes/14_ascend_weave raincoat/2/tr_target.jpg,tr_target,JpegStimuliFullRes/14_ascend_weave raincoat/2/end_ic_tr.jpg,end_ic_tr,,,BetweenTrials/nepal_2025_118_img_6882.jpg,0,,0,C:\Users\Sofya\Documents\Discourse part\gurung-stimuli\psychopy_gurung_v1\JpegStimuliFullRes\14_ascend_weave raincoat
d014_set3_it_coh_list2,109,2,14,014_ascend_weave_raincoat,ascend_weave_raincoat,3,it_coh,intransitive_cohesive,cohesive,intransitive,3,55,4,JpegStimuliFullRes/14_ascend_weave raincoat/3/coh_1.jpg,coh_1,JpegStimuliFullRes/14_ascend_weave raincoat/3/coh_2.jpg,coh_2,JpegStimuliFullRes/14_ascend_weave raincoat/3/it_target.jpg,it_target,JpegStimuliFullRes/14_ascend_weave raincoat/3/end_coh_it.jpg,end_coh_it,BetweenTrials/nepal_2025_119_img_6849.jpg,0,,0,C:\Users\Sofya\Documents\Discourse part\gurung-stimuli\psychopy_gurung_v1\JpegStimuliFullRes\14_ascend_weave raincoat
d014_set3_tr_ic_list2,110,2,14,014_ascend_weave_raincoat,ascend_weave_raincoat,3,tr_ic,transitive_incohesive,incohesive,transitive,2,55,3,JpegStimuliFullRes/14_ascend_weave raincoat/3/ic_1.jpg,ic_1,JpegStimuliFullRes/14_ascend_weave raincoat/3/tr_target.jpg,tr_target,JpegStimuliFullRes/14_ascend_weave raincoat/3/end_ic_tr.jpg,end_ic_tr,,,BetweenTrials/nepal_2025_120_img_7145.jpg,0,,0,C:\Users\Sofya\Documents\Discourse part\gurung-stimuli\psychopy_gurung_v1\JpegStimuliFullRes\14_ascend_weave raincoat
d014_set4_tr_coh_list2,111,2,14,014_ascend_weave_raincoat,ascend_weave_raincoat,4,tr_coh,transitive_cohesive,cohesive,transitive,1,56,3,JpegStimuliFullRes/14_ascend_weave raincoat/4/coh_1.jpg,coh_1,JpegStimuliFullRes/14_ascend_weave raincoat/4/coh_2.jpg,coh_2,JpegStimuliFullRes/14_ascend_weave raincoat/4/tr_target.jpg,tr_target,,,BetweenTrials/nepal_2025_121_img_6789.jpg,0,,0,C:\Users\Sofya\Documents\Discourse part\gurung-stimuli\psychopy_gurung_v1\JpegStimuliFullRes\14_ascend_weave raincoat
d014_set4_it_ic_list2,112,2,14,014_ascend_weave_raincoat,ascend_weave_raincoat,4,it_ic,intransitive_incohesive,incohesive,intransitive,4,56,3,JpegStimuliFullRes/14_ascend_weave raincoat/4/ic_1.jpg,ic_1,JpegStimuliFullRes/14_ascend_weave raincoat/4/it_target.jpg,it_target,JpegStimuliFullRes/14_ascend_weave raincoat/4/end_ic_it.jpg,end_ic_it,,,BetweenTrials/nepal_2025_122_img_6799.jpg,0,,0,C:\Users\Sofya\Documents\Discourse part\gurung-stimuli\psychopy_gurung_v1\JpegStimuliFullRes\14_ascend_weave raincoat
d015_set1_tr_coh_list2,113,2,15,015_smile_clean_wall,smile_clean_wall,1,tr_coh,transitive_cohesive,cohesive,transitive,1,57,3,JpegStimuliFullRes/15_smile_clean wall/1/coh_1.jpg,coh_1,JpegStimuliFullRes/15_smile_clean wall/1/coh_2.jpg,coh_2,JpegStimuliFullRes/15_smile_clean wall/1/tr_target.jpg,tr_target,,,BetweenTrials/nepal_2025_123_img_6889.jpg,0,,0,C:\Users\Sofya\Documents\Discourse part\gurung-stimuli\psychopy_gurung_v1\JpegStimuliFullRes\15_smile_clean wall
d015_set1_it_ic_list2,114,2,15,015_smile_clean_wall,smile_clean_wall,1,it_ic,intransitive_incohesive,incohesive,intransitive,4,57,3,JpegStimuliFullRes/15_smile_clean wall/1/ic_1.jpg,ic_1,JpegStimuliFullRes/15_smile_clean wall/1/it_target.jpg,it_target,JpegStimuliFullRes/15_smile_clean wall/1/end_ic_it.jpg,end_ic_it,,,BetweenTrials/nepal_2025_124_img_6992.jpg,0,,0,C:\Users\Sofya\Documents\Discourse part\gurung-stimuli\psychopy_gurung_v1\JpegStimuliFullRes\15_smile_clean wall
d015_set2_it_coh_list2,115,2,15,015_smile_clean_wall,smile_clean_wall,2,it_coh,intransitive_cohesive,cohesive,intransitive,3,58,4,JpegStimuliFullRes/15_smile_clean wall/2/coh_1.jpg,coh_1,JpegStimuliFullRes/15_smile_clean wall/2/coh_2.jpg,coh_2,JpegStimuliFullRes/15_smile_clean wall/2/it_target.jpg,it_target,JpegStimuliFullRes/15_smile_clean wall/2/end_coh_it.jpg,end_coh_it,BetweenTrials/nepal_2025_125_img_6876.jpg,0,,0,C:\Users\Sofya\Documents\Discourse part\gurung-stimuli\psychopy_gurung_v1\JpegStimuliFullRes\15_smile_clean wall
d015_set2_tr_ic_list2,116,2,15,015_smile_clean_wall,smile_clean_wall,2,tr_ic,transitive_incohesive,incohesive,transitive,2,58,3,JpegStimuliFullRes/15_smile_clean wall/2/ic_1.jpg,ic_1,JpegStimuliFullRes/15_smile_clean wall/2/tr_target.jpg,tr_target,JpegStimuliFullRes/15_smile_clean wall/2/end_ic_tr.jpg,end_ic_tr,,,BetweenTrials/nepal_2025_126_img_6902.jpg,0,,0,C:\Users\Sofya\Documents\Discourse part\gurung-stimuli\psychopy_gurung_v1\JpegStimuliFullRes\15_smile_clean wall
d015_set3_it_coh_list2,117,2,15,015_smile_clean_wall,smile_clean_wall,3,it_coh,intransitive_cohesive,cohesive,intransitive,3,59,4,JpegStimuliFullRes/15_smile_clean wall/3/coh_1.jpg,coh_1,JpegStimuliFullRes/15_smile_clean wall/3/coh_2.jpg,coh_2,JpegStimuliFullRes/15_smile_clean wall/3/it_target.jpg,it_target,JpegStimuliFullRes/15_smile_clean wall/3/end_coh_it.jpg,end_coh_it,BetweenTrials/nepal_2025_127_img_6892.jpg,0,,0,C:\Users\Sofya\Documents\Discourse part\gurung-stimuli\psychopy_gurung_v1\JpegStimuliFullRes\15_smile_clean wall
d015_set3_tr_ic_list2,118,2,15,015_smile_clean_wall,smile_clean_wall,3,tr_ic,transitive_incohesive,incohesive,transitive,2,59,3,JpegStimuliFullRes/15_smile_clean wall/3/ic_1.jpg,ic_1,JpegStimuliFullRes/15_smile_clean wall/3/tr_target.jpg,tr_target,JpegStimuliFullRes/15_smile_clean wall/3/end_ic_tr.jpg,end_ic_tr,,,BetweenTrials/nepal_2025_128_img_6899.jpg,0,,0,C:\Users\Sofya\Documents\Discourse part\gurung-stimuli\psychopy_gurung_v1\JpegStimuliFullRes\15_smile_clean wall
d015_set4_tr_coh_list2,119,2,15,015_smile_clean_wall,smile_clean_wall,4,tr_coh,transitive_cohesive,cohesive,transitive,1,60,3,JpegStimuliFullRes/15_smile_clean wall/4/coh_1.jpg,coh_1,JpegStimuliFullRes/15_smile_clean wall/4/coh_2.jpg,coh_2,JpegStimuliFullRes/15_smile_clean wall/4/tr_target.jpg,tr_target,,,BetweenTrials/nepal_2025_129_img_6989.jpg,0,,0,C:\Users\Sofya\Documents\Discourse part\gurung-stimuli\psychopy_gurung_v1\JpegStimuliFullRes\15_smile_clean wall
d015_set4_it_ic_list2,120,2,15,015_smile_clean_wall,smile_clean_wall,4,it_ic,intransitive_incohesive,incohesive,intransitive,4,60,3,JpegStimuliFullRes/15_smile_clean wall/4/ic_1.jpg,ic_1,JpegStimuliFullRes/15_smile_clean wall/4/it_target.jpg,it_target,JpegStimuliFullRes/15_smile_clean wall/4/end_ic_it.jpg,end_ic_it,,,BetweenTrials/nepal_2025_130_img_6758.jpg,0,,0,C:\Users\Sofya\Documents\Discourse part\gurung-stimuli\psychopy_gurung_v1\JpegStimuliFullRes\15_smile_clean wall
d016_set1_tr_coh_list2,121,2,16,016_sleep_wash_dish,sleep_wash_dish,1,tr_coh,transitive_cohesive,cohesive,transitive,1,61,3,JpegStimuliFullRes/16_sleep_wash dish/1/coh_1.jpg,coh_1,JpegStimuliFullRes/16_sleep_wash dish/1/coh_2.jpg,coh_2,JpegStimuliFullRes/16_sleep_wash dish/1/tr_target.jpg,tr_target,,,BetweenTrials/nepal_2025_131_img_6922.jpg,0,,0,C:\Users\Sofya\Documents\Discourse part\gurung-stimuli\psychopy_gurung_v1\JpegStimuliFullRes\16_sleep_wash dish
d016_set1_it_ic_list2,122,2,16,016_sleep_wash_dish,sleep_wash_dish,1,it_ic,intransitive_incohesive,incohesive,intransitive,4,61,3,JpegStimuliFullRes/16_sleep_wash dish/1/ic_1.jpg,ic_1,JpegStimuliFullRes/16_sleep_wash dish/1/it_target.jpg,it_target,JpegStimuliFullRes/16_sleep_wash dish/1/end_ic_it.jpg,end_ic_it,,,BetweenTrials/nepal_2025_132_img_6767.jpg,0,,0,C:\Users\Sofya\Documents\Discourse part\gurung-stimuli\psychopy_gurung_v1\JpegStimuliFullRes\16_sleep_wash dish
d016_set2_it_coh_list2,123,2,16,016_sleep_wash_dish,sleep_wash_dish,2,it_coh,intransitive_cohesive,cohesive,intransitive,3,62,4,JpegStimuliFullRes/16_sleep_wash dish/2/coh_1.jpg,coh_1,JpegStimuliFullRes/16_sleep_wash dish/2/coh_2.jpg,coh_2,JpegStimuliFullRes/16_sleep_wash dish/2/it_target.jpg,it_target,JpegStimuliFullRes/16_sleep_wash dish/2/end_coh_it.jpg,end_coh_it,BetweenTrials/nepal_2025_133_img_6940.jpg,0,,0,C:\Users\Sofya\Documents\Discourse part\gurung-stimuli\psychopy_gurung_v1\JpegStimuliFullRes\16_sleep_wash dish
d016_set2_tr_ic_list2,124,2,16,016_sleep_wash_dish,sleep_wash_dish,2,tr_ic,transitive_incohesive,incohesive,transitive,2,62,3,JpegStimuliFullRes/16_sleep_wash dish/2/ic_1.jpg,ic_1,JpegStimuliFullRes/16_sleep_wash dish/2/tr_target.jpg,tr_target,JpegStimuliFullRes/16_sleep_wash dish/2/end_ic_tr.jpg,end_ic_tr,,,BetweenTrials/nepal_2025_134_img_6761.jpg,0,,0,C:\Users\Sofya\Documents\Discourse part\gurung-stimuli\psychopy_gurung_v1\JpegStimuliFullRes\16_sleep_wash dish
d016_set3_it_coh_list2,125,2,16,016_sleep_wash_dish,sleep_wash_dish,3,it_coh,intransitive_cohesive,cohesive,intransitive,3,63,4,JpegStimuliFullRes/16_sleep_wash dish/3/coh_1.jpg,coh_1,JpegStimuliFullRes/16_sleep_wash dish/3/coh_2.jpg,coh_2,JpegStimuliFullRes/16_sleep_wash dish/3/it_target.jpg,it_target,JpegStimuliFullRes/16_sleep_wash dish/3/end_coh_it.jpg,end_coh_it,BetweenTrials/nepal_2025_135_img_7112.jpg,0,,0,C:\Users\Sofya\Documents\Discourse part\gurung-stimuli\psychopy_gurung_v1\JpegStimuliFullRes\16_sleep_wash dish
d016_set3_tr_ic_list2,126,2,16,016_sleep_wash_dish,sleep_wash_dish,3,tr_ic,transitive_incohesive,incohesive,transitive,2,63,3,JpegStimuliFullRes/16_sleep_wash dish/3/ic_1.jpg,ic_1,JpegStimuliFullRes/16_sleep_wash dish/3/tr_target.jpg,tr_target,JpegStimuliFullRes/16_sleep_wash dish/3/end_ic_tr.jpg,end_ic_tr,,,BetweenTrials/nepal_2025_136_img_7101.jpg,0,,0,C:\Users\Sofya\Documents\Discourse part\gurung-stimuli\psychopy_gurung_v1\JpegStimuliFullRes\16_sleep_wash dish
d016_set4_tr_coh_list2,127,2,16,016_sleep_wash_dish,sleep_wash_dish,4,tr_coh,transitive_cohesive,cohesive,transitive,1,64,3,JpegStimuliFullRes/16_sleep_wash dish/4/coh_1.jpg,coh_1,JpegStimuliFullRes/16_sleep_wash dish/4/coh_2.jpg,coh_2,JpegStimuliFullRes/16_sleep_wash dish/4/tr_target.jpg,tr_target,,,BetweenTrials/nepal_2025_137_img_6976.jpg,0,,0,C:\Users\Sofya\Documents\Discourse part\gurung-stimuli\psychopy_gurung_v1\JpegStimuliFullRes\16_sleep_wash dish
d016_set4_it_ic_list2,128,2,16,016_sleep_wash_dish,sleep_wash_dish,4,it_ic,intransitive_incohesive,incohesive,intransitive,4,64,3,JpegStimuliFullRes/16_sleep_wash dish/4/ic_1.jpg,ic_1,JpegStimuliFullRes/16_sleep_wash dish/4/it_target.jpg,it_target,JpegStimuliFullRes/16_sleep_wash dish/4/end_ic_it.jpg,end_ic_it,,,BetweenTrials/nepal_2025_138_img_6980.jpg,0,,0,C:\Users\Sofya\Documents\Discourse part\gurung-stimuli\psychopy_gurung_v1\JpegStimuliFullRes\16_sleep_wash dish
d017_set1_tr_coh_list2,129,2,17,017_rest_hang_picture,rest_hang_picture,1,tr_coh,transitive_cohesive,cohesive,transitive,1,65,3,JpegStimuliFullRes/17_rest_hang picture/1/coh_1.jpg,coh_1,JpegStimuliFullRes/17_rest_hang picture/1/coh_2.jpg,coh_2,JpegStimuliFullRes/17_rest_hang picture/1/tr_target.jpg,tr_target,,,BetweenTrials/nepal_2025_139_img_7081.jpg,0,,0,C:\Users\Sofya\Documents\Discourse part\gurung-stimuli\psychopy_gurung_v1\JpegStimuliFullRes\17_rest_hang picture
d017_set1_it_ic_list2,130,2,17,017_rest_hang_picture,rest_hang_picture,1,it_ic,intransitive_incohesive,incohesive,intransitive,4,65,3,JpegStimuliFullRes/17_rest_hang picture/1/ic_1.jpg,ic_1,JpegStimuliFullRes/17_rest_hang picture/1/it_target.jpg,it_target,JpegStimuliFullRes/17_rest_hang picture/1/end_ic_it.jpg,end_ic_it,,,BetweenTrials/nepal_2025_140_img_7053.jpg,0,,0,C:\Users\Sofya\Documents\Discourse part\gurung-stimuli\psychopy_gurung_v1\JpegStimuliFullRes\17_rest_hang picture
d017_set2_it_coh_list2,131,2,17,017_rest_hang_picture,rest_hang_picture,2,it_coh,intransitive_cohesive,cohesive,intransitive,3,66,4,JpegStimuliFullRes/17_rest_hang picture/2/coh_1.jpg,coh_1,JpegStimuliFullRes/17_rest_hang picture/2/coh_2.jpg,coh_2,JpegStimuliFullRes/17_rest_hang picture/2/it_target.jpg,it_target,JpegStimuliFullRes/17_rest_hang picture/2/end_coh_it.jpg,end_coh_it,BetweenTrials/nepal_2025_141_img_6847.jpg,0,,0,C:\Users\Sofya\Documents\Discourse part\gurung-stimuli\psychopy_gurung_v1\JpegStimuliFullRes\17_rest_hang picture
d017_set2_tr_ic_list2,132,2,17,017_rest_hang_picture,rest_hang_picture,2,tr_ic,transitive_incohesive,incohesive,transitive,2,66,3,JpegStimuliFullRes/17_rest_hang picture/2/ic_1.jpg,ic_1,JpegStimuliFullRes/17_rest_hang picture/2/tr_target.jpg,tr_target,JpegStimuliFullRes/17_rest_hang picture/2/end_ic_tr.jpg,end_ic_tr,,,BetweenTrials/nepal_2025_142_img_6981.jpg,0,,0,C:\Users\Sofya\Documents\Discourse part\gurung-stimuli\psychopy_gurung_v1\JpegStimuliFullRes\17_rest_hang picture
d017_set3_it_coh_list2,133,2,17,017_rest_hang_picture,rest_hang_picture,3,it_coh,intransitive_cohesive,cohesive,intransitive,3,67,4,JpegStimuliFullRes/17_rest_hang picture/3/coh_1.jpg,coh_1,JpegStimuliFullRes/17_rest_hang picture/3/coh_2.jpg,coh_2,JpegStimuliFullRes/17_rest_hang picture/3/it_target.jpg,it_target,JpegStimuliFullRes/17_rest_hang picture/3/end_coh_it.jpg,end_coh_it,BetweenTrials/nepal_2025_143_img_6907.jpg,0,,0,C:\Users\Sofya\Documents\Discourse part\gurung-stimuli\psychopy_gurung_v1\JpegStimuliFullRes\17_rest_hang picture
d017_set3_tr_ic_list2,134,2,17,017_rest_hang_picture,rest_hang_picture,3,tr_ic,transitive_incohesive,incohesive,transitive,2,67,3,JpegStimuliFullRes/17_rest_hang picture/3/ic_1.jpg,ic_1,JpegStimuliFullRes/17_rest_hang picture/3/tr_target.jpg,tr_target,JpegStimuliFullRes/17_rest_hang picture/3/end_ic_tr.jpg,end_ic_tr,,,BetweenTrials/nepal_2025_144_img_6716.jpg,0,,0,C:\Users\Sofya\Documents\Discourse part\gurung-stimuli\psychopy_gurung_v1\JpegStimuliFullRes\17_rest_hang picture
d017_set4_tr_coh_list2,135,2,17,017_rest_hang_picture,rest_hang_picture,4,tr_coh,transitive_cohesive,cohesive,transitive,1,68,3,JpegStimuliFullRes/17_rest_hang picture/4/coh_1.jpg,coh_1,JpegStimuliFullRes/17_rest_hang picture/4/coh_2.jpg,coh_2,JpegStimuliFullRes/17_rest_hang picture/4/tr_target.jpg,tr_target,,,BetweenTrials/nepal_2025_145_img_6833.jpg,0,,0,C:\Users\Sofya\Documents\Discourse part\gurung-stimuli\psychopy_gurung_v1\JpegStimuliFullRes\17_rest_hang picture
d017_set4_it_ic_list2,136,2,17,017_rest_hang_picture,rest_hang_picture,4,it_ic,intransitive_incohesive,incohesive,intransitive,4,68,3,JpegStimuliFullRes/17_rest_hang picture/4/ic_1.jpg,ic_1,JpegStimuliFullRes/17_rest_hang picture/4/it_target.jpg,it_target,JpegStimuliFullRes/17_rest_hang picture/4/end_ic_it.jpg,end_ic_it,,,BetweenTrials/nepal_2025_146_img_7113.jpg,0,,0,C:\Users\Sofya\Documents\Discourse part\gurung-stimuli\psychopy_gurung_v1\JpegStimuliFullRes\17_rest_hang picture
d018_set1_tr_coh_list2,137,2,18,018_yawn_put_on_cap,yawn_put_on_cap,1,tr_coh,transitive_cohesive,cohesive,transitive,1,69,3,JpegStimuliFullRes/18_yawn_put on cap/1/coh_1.jpg,coh_1,JpegStimuliFullRes/18_yawn_put on cap/1/coh_2.jpg,coh_2,JpegStimuliFullRes/18_yawn_put on cap/1/tr_target.jpg,tr_target,,,BetweenTrials/nepal_2025_147_img_7086.jpg,0,,0,C:\Users\Sofya\Documents\Discourse part\gurung-stimuli\psychopy_gurung_v1\JpegStimuliFullRes\18_yawn_put on cap
d018_set1_it_ic_list2,138,2,18,018_yawn_put_on_cap,yawn_put_on_cap,1,it_ic,intransitive_incohesive,incohesive,intransitive,4,69,3,JpegStimuliFullRes/18_yawn_put on cap/1/ic_1.jpg,ic_1,JpegStimuliFullRes/18_yawn_put on cap/1/it_target.jpg,it_target,JpegStimuliFullRes/18_yawn_put on cap/1/end_ic_it.jpg,end_ic_it,,,BetweenTrials/nepal_2025_148_img_6994.jpg,0,,0,C:\Users\Sofya\Documents\Discourse part\gurung-stimuli\psychopy_gurung_v1\JpegStimuliFullRes\18_yawn_put on cap
d018_set2_it_coh_list2,139,2,18,018_yawn_put_on_cap,yawn_put_on_cap,2,it_coh,intransitive_cohesive,cohesive,intransitive,3,70,4,JpegStimuliFullRes/18_yawn_put on cap/2/coh_1.jpg,coh_1,JpegStimuliFullRes/18_yawn_put on cap/2/coh_2.jpg,coh_2,JpegStimuliFullRes/18_yawn_put on cap/2/it_target.jpg,it_target,JpegStimuliFullRes/18_yawn_put on cap/2/end_coh_it.jpg,end_coh_it,BetweenTrials/nepal_2025_149_img_7119.jpg,0,,0,C:\Users\Sofya\Documents\Discourse part\gurung-stimuli\psychopy_gurung_v1\JpegStimuliFullRes\18_yawn_put on cap
d018_set2_tr_ic_list2,140,2,18,018_yawn_put_on_cap,yawn_put_on_cap,2,tr_ic,transitive_incohesive,incohesive,transitive,2,70,3,JpegStimuliFullRes/18_yawn_put on cap/2/ic_1.jpg,ic_1,JpegStimuliFullRes/18_yawn_put on cap/2/tr_target.jpg,tr_target,JpegStimuliFullRes/18_yawn_put on cap/2/end_ic_tr.jpg,end_ic_tr,,,BetweenTrials/nepal_2025_150_img_7079.jpg,0,,0,C:\Users\Sofya\Documents\Discourse part\gurung-stimuli\psychopy_gurung_v1\JpegStimuliFullRes\18_yawn_put on cap
d018_set3_it_coh_list2,141,2,18,018_yawn_put_on_cap,yawn_put_on_cap,3,it_coh,intransitive_cohesive,cohesive,intransitive,3,71,4,JpegStimuliFullRes/18_yawn_put on cap/3/coh_1.jpg,coh_1,JpegStimuliFullRes/18_yawn_put on cap/3/coh_2.jpg,coh_2,JpegStimuliFullRes/18_yawn_put on cap/3/it_target.jpg,it_target,JpegStimuliFullRes/18_yawn_put on cap/3/end_coh_it.jpg,end_coh_it,BetweenTrials/nepal_2025_151_img_6742.jpg,0,,0,C:\Users\Sofya\Documents\Discourse part\gurung-stimuli\psychopy_gurung_v1\JpegStimuliFullRes\18_yawn_put on cap
d018_set3_tr_ic_list2,142,2,18,018_yawn_put_on_cap,yawn_put_on_cap,3,tr_ic,transitive_incohesive,incohesive,transitive,2,71,3,JpegStimuliFullRes/18_yawn_put on cap/3/ic_1.jpg,ic_1,JpegStimuliFullRes/18_yawn_put on cap/3/tr_target.jpg,tr_target,JpegStimuliFullRes/18_yawn_put on cap/3/end_ic_tr.jpg,end_ic_tr,,,BetweenTrials/nepal_2025_152_img_6925.jpg,0,,0,C:\Users\Sofya\Documents\Discourse part\gurung-stimuli\psychopy_gurung_v1\JpegStimuliFullRes\18_yawn_put on cap
d018_set4_tr_coh_list2,143,2,18,018_yawn_put_on_cap,yawn_put_on_cap,4,tr_coh,transitive_cohesive,cohesive,transitive,1,72,3,JpegStimuliFullRes/18_yawn_put on cap/4/coh_1.jpg,coh_1,JpegStimuliFullRes/18_yawn_put on cap/4/coh_2.jpg,coh_2,JpegStimuliFullRes/18_yawn_put on cap/4/tr_target.jpg,tr_target,,,BetweenTrials/nepal_2025_153_img_7126.jpg,0,,0,C:\Users\Sofya\Documents\Discourse part\gurung-stimuli\psychopy_gurung_v1\JpegStimuliFullRes\18_yawn_put on cap
d018_set4_it_ic_list2,144,2,18,018_yawn_put_on_cap,yawn_put_on_cap,4,it_ic,intransitive_incohesive,incohesive,intransitive,4,72,3,JpegStimuliFullRes/18_yawn_put on cap/4/ic_1.jpg,ic_1,JpegStimuliFullRes/18_yawn_put on cap/4/it_target.jpg,it_target,JpegStimuliFullRes/18_yawn_put on cap/4/end_ic_it.jpg,end_ic_it,,,BetweenTrials/nepal_2025_154_img_7045.jpg,0,,0,C:\Users\Sofya\Documents\Discourse part\gurung-stimuli\psychopy_gurung_v1\JpegStimuliFullRes\18_yawn_put on cap
d019_set1_tr_coh_list2,145,2,19,019_sit_crack_egg,sit_crack_egg,1,tr_coh,transitive_cohesive,cohesive,transitive,1,73,3,JpegStimuliFullRes/19_sit_crack egg/1/coh_1.jpg,coh_1,JpegStimuliFullRes/19_sit_crack egg/1/coh_2.jpg,coh_2,JpegStimuliFullRes/19_sit_crack egg/1/tr_target.jpg,tr_target,,,BetweenTrials/nepal_2025_155_img_6887.jpg,0,,0,C:\Users\Sofya\Documents\Discourse part\gurung-stimuli\psychopy_gurung_v1\JpegStimuliFullRes\19_sit_crack egg
d019_set1_it_ic_list2,146,2,19,019_sit_crack_egg,sit_crack_egg,1,it_ic,intransitive_incohesive,incohesive,intransitive,4,73,3,JpegStimuliFullRes/19_sit_crack egg/1/ic_1.jpg,ic_1,JpegStimuliFullRes/19_sit_crack egg/1/it_target.jpg,it_target,JpegStimuliFullRes/19_sit_crack egg/1/end_ic_it.jpg,end_ic_it,,,BetweenTrials/nepal_2025_156_img_6984.jpg,0,,0,C:\Users\Sofya\Documents\Discourse part\gurung-stimuli\psychopy_gurung_v1\JpegStimuliFullRes\19_sit_crack egg
d019_set2_it_coh_list2,147,2,19,019_sit_crack_egg,sit_crack_egg,2,it_coh,intransitive_cohesive,cohesive,intransitive,3,74,4,JpegStimuliFullRes/19_sit_crack egg/2/coh_1.jpg,coh_1,JpegStimuliFullRes/19_sit_crack egg/2/coh_2.jpg,coh_2,JpegStimuliFullRes/19_sit_crack egg/2/it_target.jpg,it_target,JpegStimuliFullRes/19_sit_crack egg/2/end_coh_it.jpg,end_coh_it,BetweenTrials/nepal_2025_157_img_6911.jpg,0,,0,C:\Users\Sofya\Documents\Discourse part\gurung-stimuli\psychopy_gurung_v1\JpegStimuliFullRes\19_sit_crack egg
d019_set2_tr_ic_list2,148,2,19,019_sit_crack_egg,sit_crack_egg,2,tr_ic,transitive_incohesive,incohesive,transitive,2,74,3,JpegStimuliFullRes/19_sit_crack egg/2/ic_1.jpg,ic_1,JpegStimuliFullRes/19_sit_crack egg/2/tr_target.jpg,tr_target,JpegStimuliFullRes/19_sit_crack egg/2/end_ic_tr.jpg,end_ic_tr,,,BetweenTrials/nepal_2025_158_img_6759.jpg,0,,0,C:\Users\Sofya\Documents\Discourse part\gurung-stimuli\psychopy_gurung_v1\JpegStimuliFullRes\19_sit_crack egg
d019_set3_it_coh_list2,149,2,19,019_sit_crack_egg,sit_crack_egg,3,it_coh,intransitive_cohesive,cohesive,intransitive,3,75,4,JpegStimuliFullRes/19_sit_crack egg/3/coh_1.jpg,coh_1,JpegStimuliFullRes/19_sit_crack egg/3/coh_2.jpg,coh_2,JpegStimuliFullRes/19_sit_crack egg/3/it_target.jpg,it_target,JpegStimuliFullRes/19_sit_crack egg/3/end_coh_it.jpg,end_coh_it,BetweenTrials/nepal_2025_159_img_6773.jpg,0,,0,C:\Users\Sofya\Documents\Discourse part\gurung-stimuli\psychopy_gurung_v1\JpegStimuliFullRes\19_sit_crack egg
d019_set3_tr_ic_list2,150,2,19,019_sit_crack_egg,sit_crack_egg,3,tr_ic,transitive_incohesive,incohesive,transitive,2,75,3,JpegStimuliFullRes/19_sit_crack egg/3/ic_1.jpg,ic_1,JpegStimuliFullRes/19_sit_crack egg/3/tr_target.jpg,tr_target,JpegStimuliFullRes/19_sit_crack egg/3/end_ic_tr.jpg,end_ic_tr,,,BetweenTrials/nepal_2025_160_img_6844.jpg,0,,0,C:\Users\Sofya\Documents\Discourse part\gurung-stimuli\psychopy_gurung_v1\JpegStimuliFullRes\19_sit_crack egg
d019_set4_tr_coh_list2,151,2,19,019_sit_crack_egg,sit_crack_egg,4,tr_coh,transitive_cohesive,cohesive,transitive,1,76,3,JpegStimuliFullRes/19_sit_crack egg/4/coh_1.jpg,coh_1,JpegStimuliFullRes/19_sit_crack egg/4/coh_2.jpg,coh_2,JpegStimuliFullRes/19_sit_crack egg/4/tr_target.jpg,tr_target,,,BetweenTrials/nepal_2025_161_img_6713.jpg,0,,0,C:\Users\Sofya\Documents\Discourse part\gurung-stimuli\psychopy_gurung_v1\JpegStimuliFullRes\19_sit_crack egg
d019_set4_it_ic_list2,152,2,19,019_sit_crack_egg,sit_crack_egg,4,it_ic,intransitive_incohesive,incohesive,intransitive,4,76,3,JpegStimuliFullRes/19_sit_crack egg/4/ic_1.jpg,ic_1,JpegStimuliFullRes/19_sit_crack egg/4/it_target.jpg,it_target,JpegStimuliFullRes/19_sit_crack egg/4/end_ic_it.jpg,end_ic_it,,,BetweenTrials/nepal_2025_162_img_7024.jpg,0,,0,C:\Users\Sofya\Documents\Discourse part\gurung-stimuli\psychopy_gurung_v1\JpegStimuliFullRes\19_sit_crack egg
d020_set1_tr_coh_list2,153,2,20,020_come_plant_sapling,come_plant_sapling,1,tr_coh,transitive_cohesive,cohesive,transitive,1,77,3,JpegStimuliFullRes/20_come_plant sapling/1/coh_1.jpg,coh_1,JpegStimuliFullRes/20_come_plant sapling/1/coh_2.jpg,coh_2,JpegStimuliFullRes/20_come_plant sapling/1/tr_target.jpg,tr_target,,,BetweenTrials/nepal_2025_163_img_6904.jpg,0,,0,C:\Users\Sofya\Documents\Discourse part\gurung-stimuli\psychopy_gurung_v1\JpegStimuliFullRes\20_come_plant sapling
d020_set1_it_ic_list2,154,2,20,020_come_plant_sapling,come_plant_sapling,1,it_ic,intransitive_incohesive,incohesive,intransitive,4,77,3,JpegStimuliFullRes/20_come_plant sapling/1/ic_1.jpg,ic_1,JpegStimuliFullRes/20_come_plant sapling/1/it_target.jpg,it_target,JpegStimuliFullRes/20_come_plant sapling/1/end_ic_it.jpg,end_ic_it,,,BetweenTrials/nepal_2025_164_img_6736.jpg,0,,0,C:\Users\Sofya\Documents\Discourse part\gurung-stimuli\psychopy_gurung_v1\JpegStimuliFullRes\20_come_plant sapling
d020_set2_it_coh_list2,155,2,20,020_come_plant_sapling,come_plant_sapling,2,it_coh,intransitive_cohesive,cohesive,intransitive,3,78,4,JpegStimuliFullRes/20_come_plant sapling/2/coh_1.jpg,coh_1,JpegStimuliFullRes/20_come_plant sapling/2/coh_2.jpg,coh_2,JpegStimuliFullRes/20_come_plant sapling/2/it_target.jpg,it_target,JpegStimuliFullRes/20_come_plant sapling/2/end_coh_it.jpg,end_coh_it,BetweenTrials/nepal_2025_165_img_6997.jpg,0,,0,C:\Users\Sofya\Documents\Discourse part\gurung-stimuli\psychopy_gurung_v1\JpegStimuliFullRes\20_come_plant sapling
d020_set2_tr_ic_list2,156,2,20,020_come_plant_sapling,come_plant_sapling,2,tr_ic,transitive_incohesive,incohesive,transitive,2,78,3,JpegStimuliFullRes/20_come_plant sapling/2/ic_1.jpg,ic_1,JpegStimuliFullRes/20_come_plant sapling/2/tr_target.jpg,tr_target,JpegStimuliFullRes/20_come_plant sapling/2/end_ic_tr.jpg,end_ic_tr,,,BetweenTrials/nepal_2025_166_img_6798.jpg,0,,0,C:\Users\Sofya\Documents\Discourse part\gurung-stimuli\psychopy_gurung_v1\JpegStimuliFullRes\20_come_plant sapling
d020_set3_it_coh_list2,157,2,20,020_come_plant_sapling,come_plant_sapling,3,it_coh,intransitive_cohesive,cohesive,intransitive,3,79,4,JpegStimuliFullRes/20_come_plant sapling/3/coh_1.jpg,coh_1,JpegStimuliFullRes/20_come_plant sapling/3/coh_2.jpg,coh_2,JpegStimuliFullRes/20_come_plant sapling/3/it_target.jpg,it_target,JpegStimuliFullRes/20_come_plant sapling/3/end_coh_it.jpg,end_coh_it,BetweenTrials/nepal_2025_167_img_6938.jpg,0,,0,C:\Users\Sofya\Documents\Discourse part\gurung-stimuli\psychopy_gurung_v1\JpegStimuliFullRes\20_come_plant sapling
d020_set3_tr_ic_list2,158,2,20,020_come_plant_sapling,come_plant_sapling,3,tr_ic,transitive_incohesive,incohesive,transitive,2,79,3,JpegStimuliFullRes/20_come_plant sapling/3/ic_1.jpg,ic_1,JpegStimuliFullRes/20_come_plant sapling/3/tr_target.jpg,tr_target,JpegStimuliFullRes/20_come_plant sapling/3/end_ic_tr.jpg,end_ic_tr,,,BetweenTrials/nepal_2025_168_img_7016.jpg,0,,0,C:\Users\Sofya\Documents\Discourse part\gurung-stimuli\psychopy_gurung_v1\JpegStimuliFullRes\20_come_plant sapling
d020_set4_tr_coh_list2,159,2,20,020_come_plant_sapling,come_plant_sapling,4,tr_coh,transitive_cohesive,cohesive,transitive,1,80,3,JpegStimuliFullRes/20_come_plant sapling/4/coh_1.jpg,coh_1,JpegStimuliFullRes/20_come_plant sapling/4/coh_2.jpg,coh_2,JpegStimuliFullRes/20_come_plant sapling/4/tr_target.jpg,tr_target,,,BetweenTrials/nepal_2025_169_img_6999.jpg,0,,0,C:\Users\Sofya\Documents\Discourse part\gurung-stimuli\psychopy_gurung_v1\JpegStimuliFullRes\20_come_plant sapling
d020_set4_it_ic_list2,160,2,20,020_come_plant_sapling,come_plant_sapling,4,it_ic,intransitive_incohesive,incohesive,intransitive,4,80,3,JpegStimuliFullRes/20_come_plant sapling/4/ic_1.jpg,ic_1,JpegStimuliFullRes/20_come_plant sapling/4/it_target.jpg,it_target,JpegStimuliFullRes/20_come_plant sapling/4/end_ic_it.jpg,end_ic_it,,,BetweenTrials/nepal_2025_170_img_6916.jpg,0,,0,C:\Users\Sofya\Documents\Discourse part\gurung-stimuli\psychopy_gurung_v1\JpegStimuliFullRes\20_come_plant sapling
d021_set1_tr_coh_list2,161,2,21,021_cough_burn_bottles,cough_burn_bottles,1,tr_coh,transitive_cohesive,cohesive,transitive,1,81,3,JpegStimuliFullRes/21_cough_burn bottles/1/coh_1.jpg,coh_1,JpegStimuliFullRes/21_cough_burn bottles/1/coh_2.jpg,coh_2,JpegStimuliFullRes/21_cough_burn bottles/1/tr_target.jpg,tr_target,,,BetweenTrials/nepal_2025_171_img_6792.jpg,0,,0,C:\Users\Sofya\Documents\Discourse part\gurung-stimuli\psychopy_gurung_v1\JpegStimuliFullRes\21_cough_burn bottles
d021_set1_it_ic_list2,162,2,21,021_cough_burn_bottles,cough_burn_bottles,1,it_ic,intransitive_incohesive,incohesive,intransitive,4,81,3,JpegStimuliFullRes/21_cough_burn bottles/1/ic_1.jpg,ic_1,JpegStimuliFullRes/21_cough_burn bottles/1/it_target.jpg,it_target,JpegStimuliFullRes/21_cough_burn bottles/1/end_ic_it.jpg,end_ic_it,,,BetweenTrials/nepal_2025_172_img_6804.jpg,0,,0,C:\Users\Sofya\Documents\Discourse part\gurung-stimuli\psychopy_gurung_v1\JpegStimuliFullRes\21_cough_burn bottles
d021_set2_it_coh_list2,163,2,21,021_cough_burn_bottles,cough_burn_bottles,2,it_coh,intransitive_cohesive,cohesive,intransitive,3,82,4,JpegStimuliFullRes/21_cough_burn bottles/2/coh_1.jpg,coh_1,JpegStimuliFullRes/21_cough_burn bottles/2/coh_2.jpg,coh_2,JpegStimuliFullRes/21_cough_burn bottles/2/it_target.jpg,it_target,JpegStimuliFullRes/21_cough_burn bottles/2/end_coh_it.jpg,end_coh_it,BetweenTrials/nepal_2025_173_img_6960.jpg,0,,0,C:\Users\Sofya\Documents\Discourse part\gurung-stimuli\psychopy_gurung_v1\JpegStimuliFullRes\21_cough_burn bottles
d021_set2_tr_ic_list2,164,2,21,021_cough_burn_bottles,cough_burn_bottles,2,tr_ic,transitive_incohesive,incohesive,transitive,2,82,3,JpegStimuliFullRes/21_cough_burn bottles/2/ic_1.jpg,ic_1,JpegStimuliFullRes/21_cough_burn bottles/2/tr_target.jpg,tr_target,JpegStimuliFullRes/21_cough_burn bottles/2/end_ic_tr.jpg,end_ic_tr,,,BetweenTrials/nepal_2025_174_img_6827.jpg,0,,0,C:\Users\Sofya\Documents\Discourse part\gurung-stimuli\psychopy_gurung_v1\JpegStimuliFullRes\21_cough_burn bottles
d021_set3_it_coh_list2,165,2,21,021_cough_burn_bottles,cough_burn_bottles,3,it_coh,intransitive_cohesive,cohesive,intransitive,3,83,4,JpegStimuliFullRes/21_cough_burn bottles/3/coh_1.jpg,coh_1,JpegStimuliFullRes/21_cough_burn bottles/3/coh_2.jpg,coh_2,JpegStimuliFullRes/21_cough_burn bottles/3/it_target.jpg,it_target,JpegStimuliFullRes/21_cough_burn bottles/3/end_coh_it.jpg,end_coh_it,BetweenTrials/nepal_2025_175_img_6793.jpg,0,,0,C:\Users\Sofya\Documents\Discourse part\gurung-stimuli\psychopy_gurung_v1\JpegStimuliFullRes\21_cough_burn bottles
d021_set3_tr_ic_list2,166,2,21,021_cough_burn_bottles,cough_burn_bottles,3,tr_ic,transitive_incohesive,incohesive,transitive,2,83,3,JpegStimuliFullRes/21_cough_burn bottles/3/ic_1.jpg,ic_1,JpegStimuliFullRes/21_cough_burn bottles/3/tr_target.jpg,tr_target,JpegStimuliFullRes/21_cough_burn bottles/3/end_ic_tr.jpg,end_ic_tr,,,BetweenTrials/nepal_2025_176_img_7061.jpg,0,,0,C:\Users\Sofya\Documents\Discourse part\gurung-stimuli\psychopy_gurung_v1\JpegStimuliFullRes\21_cough_burn bottles
d021_set4_tr_coh_list2,167,2,21,021_cough_burn_bottles,cough_burn_bottles,4,tr_coh,transitive_cohesive,cohesive,transitive,1,84,3,JpegStimuliFullRes/21_cough_burn bottles/4/coh_1.jpg,coh_1,JpegStimuliFullRes/21_cough_burn bottles/4/coh_2.jpg,coh_2,JpegStimuliFullRes/21_cough_burn bottles/4/tr_target.jpg,tr_target,,,BetweenTrials/nepal_2025_177_img_7065.jpg,0,,0,C:\Users\Sofya\Documents\Discourse part\gurung-stimuli\psychopy_gurung_v1\JpegStimuliFullRes\21_cough_burn bottles
d021_set4_it_ic_list2,168,2,21,021_cough_burn_bottles,cough_burn_bottles,4,it_ic,intransitive_incohesive,incohesive,intransitive,4,84,3,JpegStimuliFullRes/21_cough_burn bottles/4/ic_1.jpg,ic_1,JpegStimuliFullRes/21_cough_burn bottles/4/it_target.jpg,it_target,JpegStimuliFullRes/21_cough_burn bottles/4/end_ic_it.jpg,end_ic_it,,,BetweenTrials/nepal_2025_178_img_7136.jpg,0,,0,C:\Users\Sofya\Documents\Discourse part\gurung-stimuli\psychopy_gurung_v1\JpegStimuliFullRes\21_cough_burn bottles
d022_set1_tr_coh_list2,169,2,22,022_come_push_chest,come_push_chest,1,tr_coh,transitive_cohesive,cohesive,transitive,1,85,3,JpegStimuliFullRes/22_come_push chest/1/coh_1.jpg,coh_1,JpegStimuliFullRes/22_come_push chest/1/coh_2.jpg,coh_2,JpegStimuliFullRes/22_come_push chest/1/tr_target.jpg,tr_target,,,BetweenTrials/nepal_2025_179_img_7083.jpg,0,,0,C:\Users\Sofya\Documents\Discourse part\gurung-stimuli\psychopy_gurung_v1\JpegStimuliFullRes\22_come_push chest
d022_set1_it_ic_list2,170,2,22,022_come_push_chest,come_push_chest,1,it_ic,intransitive_incohesive,incohesive,intransitive,4,85,3,JpegStimuliFullRes/22_come_push chest/1/ic_1.jpg,ic_1,JpegStimuliFullRes/22_come_push chest/1/it_target.jpg,it_target,JpegStimuliFullRes/22_come_push chest/1/end_ic_it.jpg,end_ic_it,,,BetweenTrials/nepal_2025_180_img_6978.jpg,0,,0,C:\Users\Sofya\Documents\Discourse part\gurung-stimuli\psychopy_gurung_v1\JpegStimuliFullRes\22_come_push chest
d022_set2_it_coh_list2,171,2,22,022_come_push_chest,come_push_chest,2,it_coh,intransitive_cohesive,cohesive,intransitive,3,86,4,JpegStimuliFullRes/22_come_push chest/2/coh_1.jpg,coh_1,JpegStimuliFullRes/22_come_push chest/2/coh_2.jpg,coh_2,JpegStimuliFullRes/22_come_push chest/2/it_target.jpg,it_target,JpegStimuliFullRes/22_come_push chest/2/end_coh_it.jpg,end_coh_it,BetweenTrials/nepal_2025_181_img_6937.jpg,0,,0,C:\Users\Sofya\Documents\Discourse part\gurung-stimuli\psychopy_gurung_v1\JpegStimuliFullRes\22_come_push chest
d022_set2_tr_ic_list2,172,2,22,022_come_push_chest,come_push_chest,2,tr_ic,transitive_incohesive,incohesive,transitive,2,86,3,JpegStimuliFullRes/22_come_push chest/2/ic_1.jpg,ic_1,JpegStimuliFullRes/22_come_push chest/2/tr_target.jpg,tr_target,JpegStimuliFullRes/22_come_push chest/2/end_ic_tr.jpg,end_ic_tr,,,BetweenTrials/nepal_2025_182_img_7111.jpg,0,,0,C:\Users\Sofya\Documents\Discourse part\gurung-stimuli\psychopy_gurung_v1\JpegStimuliFullRes\22_come_push chest
d022_set3_it_coh_list2,173,2,22,022_come_push_chest,come_push_chest,3,it_coh,intransitive_cohesive,cohesive,intransitive,3,87,4,JpegStimuliFullRes/22_come_push chest/3/coh_1.jpg,coh_1,JpegStimuliFullRes/22_come_push chest/3/coh_2.jpg,coh_2,JpegStimuliFullRes/22_come_push chest/3/it_target.jpg,it_target,JpegStimuliFullRes/22_come_push chest/3/end_coh_it.jpg,end_coh_it,BetweenTrials/nepal_2025_183_img_7141.jpg,0,,0,C:\Users\Sofya\Documents\Discourse part\gurung-stimuli\psychopy_gurung_v1\JpegStimuliFullRes\22_come_push chest
d022_set3_tr_ic_list2,174,2,22,022_come_push_chest,come_push_chest,3,tr_ic,transitive_incohesive,incohesive,transitive,2,87,3,JpegStimuliFullRes/22_come_push chest/3/ic_1.jpg,ic_1,JpegStimuliFullRes/22_come_push chest/3/tr_target.jpg,tr_target,JpegStimuliFullRes/22_come_push chest/3/end_ic_tr.jpg,end_ic_tr,,,BetweenTrials/nepal_2025_184_img_6955.jpg,0,,0,C:\Users\Sofya\Documents\Discourse part\gurung-stimuli\psychopy_gurung_v1\JpegStimuliFullRes\22_come_push chest
d022_set4_tr_coh_list2,175,2,22,022_come_push_chest,come_push_chest,4,tr_coh,transitive_cohesive,cohesive,transitive,1,88,3,JpegStimuliFullRes/22_come_push chest/4/coh_1.jpg,coh_1,JpegStimuliFullRes/22_come_push chest/4/coh_2.jpg,coh_2,JpegStimuliFullRes/22_come_push chest/4/tr_target.jpg,tr_target,,,BetweenTrials/nepal_2025_185_img_7015.jpg,0,,0,C:\Users\Sofya\Documents\Discourse part\gurung-stimuli\psychopy_gurung_v1\JpegStimuliFullRes\22_come_push chest
d022_set4_it_ic_list2,176,2,22,022_come_push_chest,come_push_chest,4,it_ic,intransitive_incohesive,incohesive,intransitive,4,88,3,JpegStimuliFullRes/22_come_push chest/4/ic_1.jpg,ic_1,JpegStimuliFullRes/22_come_push chest/4/it_target.jpg,it_target,JpegStimuliFullRes/22_come_push chest/4/end_ic_it.jpg,end_ic_it,,,BetweenTrials/nepal_2025_186_img_6956.jpg,0,,0,C:\Users\Sofya\Documents\Discourse part\gurung-stimuli\psychopy_gurung_v1\JpegStimuliFullRes\22_come_push chest
d023_set1_tr_coh_list2,177,2,23,023_stand_tear_paper,stand_tear_paper,1,tr_coh,transitive_cohesive,cohesive,transitive,1,89,3,JpegStimuliFullRes/23_stand_tear paper/1/coh_1.jpg,coh_1,JpegStimuliFullRes/23_stand_tear paper/1/coh_2.jpg,coh_2,JpegStimuliFullRes/23_stand_tear paper/1/tr_target.jpg,tr_target,,,BetweenTrials/nepal_2025_187_img_7142.jpg,0,,0,C:\Users\Sofya\Documents\Discourse part\gurung-stimuli\psychopy_gurung_v1\JpegStimuliFullRes\23_stand_tear paper
d023_set1_it_ic_list2,178,2,23,023_stand_tear_paper,stand_tear_paper,1,it_ic,intransitive_incohesive,incohesive,intransitive,4,89,3,JpegStimuliFullRes/23_stand_tear paper/1/ic_1.jpg,ic_1,JpegStimuliFullRes/23_stand_tear paper/1/it_target.jpg,it_target,JpegStimuliFullRes/23_stand_tear paper/1/end_ic_it.jpg,end_ic_it,,,BetweenTrials/nepal_2025_188_img_6744.jpg,0,,0,C:\Users\Sofya\Documents\Discourse part\gurung-stimuli\psychopy_gurung_v1\JpegStimuliFullRes\23_stand_tear paper
d023_set2_it_coh_list2,179,2,23,023_stand_tear_paper,stand_tear_paper,2,it_coh,intransitive_cohesive,cohesive,intransitive,3,90,4,JpegStimuliFullRes/23_stand_tear paper/2/coh_1.jpg,coh_1,JpegStimuliFullRes/23_stand_tear paper/2/coh_2.jpg,coh_2,JpegStimuliFullRes/23_stand_tear paper/2/it_target.jpg,it_target,JpegStimuliFullRes/23_stand_tear paper/2/end_coh_it.jpg,end_coh_it,BetweenTrials/nepal_2025_189_img_6954.jpg,0,,0,C:\Users\Sofya\Documents\Discourse part\gurung-stimuli\psychopy_gurung_v1\JpegStimuliFullRes\23_stand_tear paper
d023_set2_tr_ic_list2,180,2,23,023_stand_tear_paper,stand_tear_paper,2,tr_ic,transitive_incohesive,incohesive,transitive,2,90,3,JpegStimuliFullRes/23_stand_tear paper/2/ic_1.jpg,ic_1,JpegStimuliFullRes/23_stand_tear paper/2/tr_target.jpg,tr_target,JpegStimuliFullRes/23_stand_tear paper/2/end_ic_tr.jpg,end_ic_tr,,,BetweenTrials/nepal_2025_190_img_6729.jpg,0,,0,C:\Users\Sofya\Documents\Discourse part\gurung-stimuli\psychopy_gurung_v1\JpegStimuliFullRes\23_stand_tear paper
d023_set3_it_coh_list2,181,2,23,023_stand_tear_paper,stand_tear_paper,3,it_coh,intransitive_cohesive,cohesive,intransitive,3,91,4,JpegStimuliFullRes/23_stand_tear paper/3/coh_1.jpg,coh_1,JpegStimuliFullRes/23_stand_tear paper/3/coh_2.jpg,coh_2,JpegStimuliFullRes/23_stand_tear paper/3/it_target.jpg,it_target,JpegStimuliFullRes/23_stand_tear paper/3/end_coh_it.jpg,end_coh_it,BetweenTrials/nepal_2025_191_img_7123.jpg,0,,0,C:\Users\Sofya\Documents\Discourse part\gurung-stimuli\psychopy_gurung_v1\JpegStimuliFullRes\23_stand_tear paper
d023_set3_tr_ic_list2,182,2,23,023_stand_tear_paper,stand_tear_paper,3,tr_ic,transitive_incohesive,incohesive,transitive,2,91,3,JpegStimuliFullRes/23_stand_tear paper/3/ic_1.jpg,ic_1,JpegStimuliFullRes/23_stand_tear paper/3/tr_target.jpg,tr_target,JpegStimuliFullRes/23_stand_tear paper/3/end_ic_tr.jpg,end_ic_tr,,,BetweenTrials/nepal_2025_192_img_6718.jpg,0,,0,C:\Users\Sofya\Documents\Discourse part\gurung-stimuli\psychopy_gurung_v1\JpegStimuliFullRes\23_stand_tear paper
d023_set4_tr_coh_list2,183,2,23,023_stand_tear_paper,stand_tear_paper,4,tr_coh,transitive_cohesive,cohesive,transitive,1,92,3,JpegStimuliFullRes/23_stand_tear paper/4/coh_1.jpg,coh_1,JpegStimuliFullRes/23_stand_tear paper/4/coh_2.jpg,coh_2,JpegStimuliFullRes/23_stand_tear paper/4/tr_target.jpg,tr_target,,,BetweenTrials/nepal_2025_193_img_6908.jpg,0,,0,C:\Users\Sofya\Documents\Discourse part\gurung-stimuli\psychopy_gurung_v1\JpegStimuliFullRes\23_stand_tear paper
d023_set4_it_ic_list2,184,2,23,023_stand_tear_paper,stand_tear_paper,4,it_ic,intransitive_incohesive,incohesive,intransitive,4,92,3,JpegStimuliFullRes/23_stand_tear paper/4/ic_1.jpg,ic_1,JpegStimuliFullRes/23_stand_tear paper/4/it_target.jpg,it_target,JpegStimuliFullRes/23_stand_tear paper/4/end_ic_it.jpg,end_ic_it,,,BetweenTrials/nepal_2025_194_img_6815.jpg,0,,0,C:\Users\Sofya\Documents\Discourse part\gurung-stimuli\psychopy_gurung_v1\JpegStimuliFullRes\23_stand_tear paper
d024_set1_tr_coh_list2,185,2,24,024_descend_paint_bench,descend_paint_bench,1,tr_coh,transitive_cohesive,cohesive,transitive,1,93,3,JpegStimuliFullRes/24_descend_paint bench/1/coh_1.jpg,coh_1,JpegStimuliFullRes/24_descend_paint bench/1/coh_2.jpg,coh_2,JpegStimuliFullRes/24_descend_paint bench/1/tr_target.jpg,tr_target,,,BetweenTrials/nepal_2025_195_img_7071.jpg,0,,0,C:\Users\Sofya\Documents\Discourse part\gurung-stimuli\psychopy_gurung_v1\JpegStimuliFullRes\24_descend_paint bench
d024_set1_it_ic_list2,186,2,24,024_descend_paint_bench,descend_paint_bench,1,it_ic,intransitive_incohesive,incohesive,intransitive,4,93,3,JpegStimuliFullRes/24_descend_paint bench/1/ic_1.jpg,ic_1,JpegStimuliFullRes/24_descend_paint bench/1/it_target.jpg,it_target,JpegStimuliFullRes/24_descend_paint bench/1/end_ic_it.jpg,end_ic_it,,,BetweenTrials/nepal_2025_196_img_7041.jpg,0,,0,C:\Users\Sofya\Documents\Discourse part\gurung-stimuli\psychopy_gurung_v1\JpegStimuliFullRes\24_descend_paint bench
d024_set2_it_coh_list2,187,2,24,024_descend_paint_bench,descend_paint_bench,2,it_coh,intransitive_cohesive,cohesive,intransitive,3,94,4,JpegStimuliFullRes/24_descend_paint bench/2/coh_1.jpg,coh_1,JpegStimuliFullRes/24_descend_paint bench/2/coh_2.jpg,coh_2,JpegStimuliFullRes/24_descend_paint bench/2/it_target.jpg,it_target,JpegStimuliFullRes/24_descend_paint bench/2/end_coh_it.jpg,end_coh_it,BetweenTrials/nepal_2025_197_img_6780.jpg,0,,0,C:\Users\Sofya\Documents\Discourse part\gurung-stimuli\psychopy_gurung_v1\JpegStimuliFullRes\24_descend_paint bench
d024_set2_tr_ic_list2,188,2,24,024_descend_paint_bench,descend_paint_bench,2,tr_ic,transitive_incohesive,incohesive,transitive,2,94,3,JpegStimuliFullRes/24_descend_paint bench/2/ic_1.jpg,ic_1,JpegStimuliFullRes/24_descend_paint bench/2/tr_target.jpg,tr_target,JpegStimuliFullRes/24_descend_paint bench/2/end_ic_tr.jpg,end_ic_tr,,,BetweenTrials/nepal_2025_198_img_7040.jpg,0,,0,C:\Users\Sofya\Documents\Discourse part\gurung-stimuli\psychopy_gurung_v1\JpegStimuliFullRes\24_descend_paint bench
d024_set3_it_coh_list2,189,2,24,024_descend_paint_bench,descend_paint_bench,3,it_coh,intransitive_cohesive,cohesive,intransitive,3,95,4,JpegStimuliFullRes/24_descend_paint bench/3/coh_1.jpg,coh_1,JpegStimuliFullRes/24_descend_paint bench/3/coh_2.jpg,coh_2,JpegStimuliFullRes/24_descend_paint bench/3/it_target.jpg,it_target,JpegStimuliFullRes/24_descend_paint bench/3/end_coh_it.jpg,end_coh_it,BetweenTrials/nepal_2025_199_img_6863.jpg,0,,0,C:\Users\Sofya\Documents\Discourse part\gurung-stimuli\psychopy_gurung_v1\JpegStimuliFullRes\24_descend_paint bench
d024_set3_tr_ic_list2,190,2,24,024_descend_paint_bench,descend_paint_bench,3,tr_ic,transitive_incohesive,incohesive,transitive,2,95,3,JpegStimuliFullRes/24_descend_paint bench/3/ic_1.jpg,ic_1,JpegStimuliFullRes/24_descend_paint bench/3/tr_target.jpg,tr_target,JpegStimuliFullRes/24_descend_paint bench/3/end_ic_tr.jpg,end_ic_tr,,,BetweenTrials/nepal_2025_200_img_7025.jpg,0,,0,C:\Users\Sofya\Documents\Discourse part\gurung-stimuli\psychopy_gurung_v1\JpegStimuliFullRes\24_descend_paint bench
d024_set4_tr_coh_list2,191,2,24,024_descend_paint_bench,descend_paint_bench,4,tr_coh,transitive_cohesive,cohesive,transitive,1,96,3,JpegStimuliFullRes/24_descend_paint bench/4/coh_1.jpg,coh_1,JpegStimuliFullRes/24_descend_paint bench/4/coh_2.jpg,coh_2,JpegStimuliFullRes/24_descend_paint bench/4/tr_target.jpg,tr_target,,,BetweenTrials/nepal_2025_201_img_6948.jpg,0,,0,C:\Users\Sofya\Documents\Discourse part\gurung-stimuli\psychopy_gurung_v1\JpegStimuliFullRes\24_descend_paint bench
d024_set4_it_ic_list2,192,2,24,024_descend_paint_bench,descend_paint_bench,4,it_ic,intransitive_incohesive,incohesive,intransitive,4,96,3,JpegStimuliFullRes/24_descend_paint bench/4/ic_1.jpg,ic_1,JpegStimuliFullRes/24_descend_paint bench/4/it_target.jpg,it_target,JpegStimuliFullRes/24_descend_paint bench/4/end_ic_it.jpg,end_ic_it,,,BetweenTrials/nepal_2025_202_img_6861.jpg,0,,0,C:\Users\Sofya\Documents\Discourse part\gurung-stimuli\psychopy_gurung_v1\JpegStimuliFullRes\24_descend_paint bench
d025_set1_tr_coh_list2,193,2,25,025_yawn_lock_door,yawn_lock_door,1,tr_coh,transitive_cohesive,cohesive,transitive,1,97,3,JpegStimuliFullRes/25_yawn_lock door/1/coh_1.jpg,coh_1,JpegStimuliFullRes/25_yawn_lock door/1/coh_2.jpg,coh_2,JpegStimuliFullRes/25_yawn_lock door/1/tr_target.jpg,tr_target,,,BetweenTrials/nepal_2025_203_img_6872.jpg,0,,0,C:\Users\Sofya\Documents\Discourse part\gurung-stimuli\psychopy_gurung_v1\JpegStimuliFullRes\25_yawn_lock door
d025_set1_it_ic_list2,194,2,25,025_yawn_lock_door,yawn_lock_door,1,it_ic,intransitive_incohesive,incohesive,intransitive,4,97,3,JpegStimuliFullRes/25_yawn_lock door/1/ic_1.jpg,ic_1,JpegStimuliFullRes/25_yawn_lock door/1/it_target.jpg,it_target,JpegStimuliFullRes/25_yawn_lock door/1/end_ic_it.jpg,end_ic_it,,,BetweenTrials/nepal_2025_204_img_6947.jpg,0,,0,C:\Users\Sofya\Documents\Discourse part\gurung-stimuli\psychopy_gurung_v1\JpegStimuliFullRes\25_yawn_lock door
d025_set2_it_coh_list2,195,2,25,025_yawn_lock_door,yawn_lock_door,2,it_coh,intransitive_cohesive,cohesive,intransitive,3,98,4,JpegStimuliFullRes/25_yawn_lock door/2/coh_1.jpg,coh_1,JpegStimuliFullRes/25_yawn_lock door/2/coh_2.jpg,coh_2,JpegStimuliFullRes/25_yawn_lock door/2/it_target.jpg,it_target,JpegStimuliFullRes/25_yawn_lock door/2/end_coh_it.jpg,end_coh_it,BetweenTrials/nepal_2025_205_img_6929.jpg,0,,0,C:\Users\Sofya\Documents\Discourse part\gurung-stimuli\psychopy_gurung_v1\JpegStimuliFullRes\25_yawn_lock door
d025_set2_tr_ic_list2,196,2,25,025_yawn_lock_door,yawn_lock_door,2,tr_ic,transitive_incohesive,incohesive,transitive,2,98,3,JpegStimuliFullRes/25_yawn_lock door/2/ic_1.jpg,ic_1,JpegStimuliFullRes/25_yawn_lock door/2/tr_target.jpg,tr_target,JpegStimuliFullRes/25_yawn_lock door/2/end_ic_tr.jpg,end_ic_tr,,,BetweenTrials/nepal_2025_206_img_7070.jpg,0,,0,C:\Users\Sofya\Documents\Discourse part\gurung-stimuli\psychopy_gurung_v1\JpegStimuliFullRes\25_yawn_lock door
d025_set3_it_coh_list2,197,2,25,025_yawn_lock_door,yawn_lock_door,3,it_coh,intransitive_cohesive,cohesive,intransitive,3,99,4,JpegStimuliFullRes/25_yawn_lock door/3/coh_1.jpg,coh_1,JpegStimuliFullRes/25_yawn_lock door/3/coh_2.jpg,coh_2,JpegStimuliFullRes/25_yawn_lock door/3/it_target.jpg,it_target,JpegStimuliFullRes/25_yawn_lock door/3/end_coh_it.jpg,end_coh_it,BetweenTrials/nepal_2025_207_img_6987.jpg,0,,0,C:\Users\Sofya\Documents\Discourse part\gurung-stimuli\psychopy_gurung_v1\JpegStimuliFullRes\25_yawn_lock door
d025_set3_tr_ic_list2,198,2,25,025_yawn_lock_door,yawn_lock_door,3,tr_ic,transitive_incohesive,incohesive,transitive,2,99,3,JpegStimuliFullRes/25_yawn_lock door/3/ic_1.jpg,ic_1,JpegStimuliFullRes/25_yawn_lock door/3/tr_target.jpg,tr_target,JpegStimuliFullRes/25_yawn_lock door/3/end_ic_tr.jpg,end_ic_tr,,,BetweenTrials/nepal_2025_208_img_6883.jpg,0,,0,C:\Users\Sofya\Documents\Discourse part\gurung-stimuli\psychopy_gurung_v1\JpegStimuliFullRes\25_yawn_lock door
d025_set4_tr_coh_list2,199,2,25,025_yawn_lock_door,yawn_lock_door,4,tr_coh,transitive_cohesive,cohesive,transitive,1,100,3,JpegStimuliFullRes/25_yawn_lock door/4/coh_1.jpg,coh_1,JpegStimuliFullRes/25_yawn_lock door/4/coh_2.jpg,coh_2,JpegStimuliFullRes/25_yawn_lock door/4/tr_target.jpg,tr_target,,,BetweenTrials/nepal_2025_209_img_6823.jpg,0,,0,C:\Users\Sofya\Documents\Discourse part\gurung-stimuli\psychopy_gurung_v1\JpegStimuliFullRes\25_yawn_lock door
d025_set4_it_ic_list2,200,2,25,025_yawn_lock_door,yawn_lock_door,4,it_ic,intransitive_incohesive,incohesive,intransitive,4,100,3,JpegStimuliFullRes/25_yawn_lock door/4/ic_1.jpg,ic_1,JpegStimuliFullRes/25_yawn_lock door/4/it_target.jpg,it_target,JpegStimuliFullRes/25_yawn_lock door/4/end_ic_it.jpg,end_ic_it,,,BetweenTrials/nepal_2025_210_img_6777.jpg,0,,0,C:\Users\Sofya\Documents\Discourse part\gurung-stimuli\psychopy_gurung_v1\JpegStimuliFullRes\25_yawn_lock door
d026_set1_tr_coh_list2,201,2,26,026_sleep_drag_log,sleep_drag_log,1,tr_coh,transitive_cohesive,cohesive,transitive,1,101,3,JpegStimuliFullRes/26_sleep_drag log/1/coh_1.jpg,coh_1,JpegStimuliFullRes/26_sleep_drag log/1/coh_2.jpg,coh_2,JpegStimuliFullRes/26_sleep_drag log/1/tr_target.jpg,tr_target,,,BetweenTrials/nepal_2025_211_img_6813.jpg,0,,0,C:\Users\Sofya\Documents\Discourse part\gurung-stimuli\psychopy_gurung_v1\JpegStimuliFullRes\26_sleep_drag log
d026_set1_it_ic_list2,202,2,26,026_sleep_drag_log,sleep_drag_log,1,it_ic,intransitive_incohesive,incohesive,intransitive,4,101,3,JpegStimuliFullRes/26_sleep_drag log/1/ic_1.jpg,ic_1,JpegStimuliFullRes/26_sleep_drag log/1/it_target.jpg,it_target,JpegStimuliFullRes/26_sleep_drag log/1/end_ic_it.jpg,end_ic_it,,,BetweenTrials/nepal_2025_212_img_6890.jpg,0,,0,C:\Users\Sofya\Documents\Discourse part\gurung-stimuli\psychopy_gurung_v1\JpegStimuliFullRes\26_sleep_drag log
d026_set2_it_coh_list2,203,2,26,026_sleep_drag_log,sleep_drag_log,2,it_coh,intransitive_cohesive,cohesive,intransitive,3,102,4,JpegStimuliFullRes/26_sleep_drag log/2/coh_1.jpg,coh_1,JpegStimuliFullRes/26_sleep_drag log/2/coh_2.jpg,coh_2,JpegStimuliFullRes/26_sleep_drag log/2/it_target.jpg,it_target,JpegStimuliFullRes/26_sleep_drag log/2/end_coh_it.jpg,end_coh_it,BetweenTrials/nepal_2025_213_img_7047.jpg,0,,0,C:\Users\Sofya\Documents\Discourse part\gurung-stimuli\psychopy_gurung_v1\JpegStimuliFullRes\26_sleep_drag log
d026_set2_tr_ic_list2,204,2,26,026_sleep_drag_log,sleep_drag_log,2,tr_ic,transitive_incohesive,incohesive,transitive,2,102,3,JpegStimuliFullRes/26_sleep_drag log/2/ic_1.jpg,ic_1,JpegStimuliFullRes/26_sleep_drag log/2/tr_target.jpg,tr_target,JpegStimuliFullRes/26_sleep_drag log/2/end_ic_tr.jpg,end_ic_tr,,,BetweenTrials/nepal_2025_214_img_6787.jpg,0,,0,C:\Users\Sofya\Documents\Discourse part\gurung-stimuli\psychopy_gurung_v1\JpegStimuliFullRes\26_sleep_drag log
d026_set3_it_coh_list2,205,2,26,026_sleep_drag_log,sleep_drag_log,3,it_coh,intransitive_cohesive,cohesive,intransitive,3,103,4,JpegStimuliFullRes/26_sleep_drag log/3/coh_1.jpg,coh_1,JpegStimuliFullRes/26_sleep_drag log/3/coh_2.jpg,coh_2,JpegStimuliFullRes/26_sleep_drag log/3/it_target.jpg,it_target,JpegStimuliFullRes/26_sleep_drag log/3/end_coh_it.jpg,end_coh_it,BetweenTrials/nepal_2025_215_img_6801.jpg,0,,0,C:\Users\Sofya\Documents\Discourse part\gurung-stimuli\psychopy_gurung_v1\JpegStimuliFullRes\26_sleep_drag log
d026_set3_tr_ic_list2,206,2,26,026_sleep_drag_log,sleep_drag_log,3,tr_ic,transitive_incohesive,incohesive,transitive,2,103,3,JpegStimuliFullRes/26_sleep_drag log/3/ic_1.jpg,ic_1,JpegStimuliFullRes/26_sleep_drag log/3/tr_target.jpg,tr_target,JpegStimuliFullRes/26_sleep_drag log/3/end_ic_tr.jpg,end_ic_tr,,,BetweenTrials/nepal_2025_216_img_6788.jpg,0,,0,C:\Users\Sofya\Documents\Discourse part\gurung-stimuli\psychopy_gurung_v1\JpegStimuliFullRes\26_sleep_drag log
d026_set4_tr_coh_list2,207,2,26,026_sleep_drag_log,sleep_drag_log,4,tr_coh,transitive_cohesive,cohesive,transitive,1,104,3,JpegStimuliFullRes/26_sleep_drag log/4/coh_1.jpg,coh_1,JpegStimuliFullRes/26_sleep_drag log/4/coh_2.jpg,coh_2,JpegStimuliFullRes/26_sleep_drag log/4/tr_target.jpg,tr_target,,,BetweenTrials/nepal_2025_217_img_6820.jpg,0,,0,C:\Users\Sofya\Documents\Discourse part\gurung-stimuli\psychopy_gurung_v1\JpegStimuliFullRes\26_sleep_drag log
d026_set4_it_ic_list2,208,2,26,026_sleep_drag_log,sleep_drag_log,4,it_ic,intransitive_incohesive,incohesive,intransitive,4,104,3,JpegStimuliFullRes/26_sleep_drag log/4/ic_1.jpg,ic_1,JpegStimuliFullRes/26_sleep_drag log/4/it_target.jpg,it_target,JpegStimuliFullRes/26_sleep_drag log/4/end_ic_it.jpg,end_ic_it,,,BetweenTrials/nepal_2025_218_img_7027.jpg,0,,0,C:\Users\Sofya\Documents\Discourse part\gurung-stimuli\psychopy_gurung_v1\JpegStimuliFullRes\26_sleep_drag log
d027_set1_tr_coh_list2,209,2,27,027_jump_pull_blanket,jump_pull_blanket,1,tr_coh,transitive_cohesive,cohesive,transitive,1,105,3,JpegStimuliFullRes/27_jump_pull blanket/1/coh_1.jpg,coh_1,JpegStimuliFullRes/27_jump_pull blanket/1/coh_2.jpg,coh_2,JpegStimuliFullRes/27_jump_pull blanket/1/tr_target.jpg,tr_target,,,BetweenTrials/nepal_2025_219_img_7096.jpg,0,,0,C:\Users\Sofya\Documents\Discourse part\gurung-stimuli\psychopy_gurung_v1\JpegStimuliFullRes\27_jump_pull blanket
d027_set1_it_ic_list2,210,2,27,027_jump_pull_blanket,jump_pull_blanket,1,it_ic,intransitive_incohesive,incohesive,intransitive,4,105,3,JpegStimuliFullRes/27_jump_pull blanket/1/ic_1.jpg,ic_1,JpegStimuliFullRes/27_jump_pull blanket/1/it_target.jpg,it_target,JpegStimuliFullRes/27_jump_pull blanket/1/end_ic_it.jpg,end_ic_it,,,BetweenTrials/nepal_2025_220_img_6931.jpg,0,,0,C:\Users\Sofya\Documents\Discourse part\gurung-stimuli\psychopy_gurung_v1\JpegStimuliFullRes\27_jump_pull blanket
d027_set2_it_coh_list2,211,2,27,027_jump_pull_blanket,jump_pull_blanket,2,it_coh,intransitive_cohesive,cohesive,intransitive,3,106,4,JpegStimuliFullRes/27_jump_pull blanket/2/coh_1.jpg,coh_1,JpegStimuliFullRes/27_jump_pull blanket/2/coh_2.jpg,coh_2,JpegStimuliFullRes/27_jump_pull blanket/2/it_target.jpg,it_target,JpegStimuliFullRes/27_jump_pull blanket/2/end_coh_it.jpg,end_coh_it,BetweenTrials/nepal_2025_221_img_6988.jpg,0,,0,C:\Users\Sofya\Documents\Discourse part\gurung-stimuli\psychopy_gurung_v1\JpegStimuliFullRes\27_jump_pull blanket
d027_set2_tr_ic_list2,212,2,27,027_jump_pull_blanket,jump_pull_blanket,2,tr_ic,transitive_incohesive,incohesive,transitive,2,106,3,JpegStimuliFullRes/27_jump_pull blanket/2/ic_1.jpg,ic_1,JpegStimuliFullRes/27_jump_pull blanket/2/tr_target.jpg,tr_target,JpegStimuliFullRes/27_jump_pull blanket/2/end_ic_tr.jpg,end_ic_tr,,,BetweenTrials/nepal_2025_222_img_6737.jpg,0,,0,C:\Users\Sofya\Documents\Discourse part\gurung-stimuli\psychopy_gurung_v1\JpegStimuliFullRes\27_jump_pull blanket
d027_set3_it_coh_list2,213,2,27,027_jump_pull_blanket,jump_pull_blanket,3,it_coh,intransitive_cohesive,cohesive,intransitive,3,107,4,JpegStimuliFullRes/27_jump_pull blanket/3/coh_1.jpg,coh_1,JpegStimuliFullRes/27_jump_pull blanket/3/coh_2.jpg,coh_2,JpegStimuliFullRes/27_jump_pull blanket/3/it_target.jpg,it_target,JpegStimuliFullRes/27_jump_pull blanket/3/end_coh_it.jpg,end_coh_it,BetweenTrials/nepal_2025_223_img_7087.jpg,0,,0,C:\Users\Sofya\Documents\Discourse part\gurung-stimuli\psychopy_gurung_v1\JpegStimuliFullRes\27_jump_pull blanket
d027_set3_tr_ic_list2,214,2,27,027_jump_pull_blanket,jump_pull_blanket,3,tr_ic,transitive_incohesive,incohesive,transitive,2,107,3,JpegStimuliFullRes/27_jump_pull blanket/3/ic_1.jpg,ic_1,JpegStimuliFullRes/27_jump_pull blanket/3/tr_target.jpg,tr_target,JpegStimuliFullRes/27_jump_pull blanket/3/end_ic_tr.jpg,end_ic_tr,,,BetweenTrials/nepal_2025_224_img_6877.jpg,0,,0,C:\Users\Sofya\Documents\Discourse part\gurung-stimuli\psychopy_gurung_v1\JpegStimuliFullRes\27_jump_pull blanket
d027_set4_tr_coh_list2,215,2,27,027_jump_pull_blanket,jump_pull_blanket,4,tr_coh,transitive_cohesive,cohesive,transitive,1,108,3,JpegStimuliFullRes/27_jump_pull blanket/4/coh_1.jpg,coh_1,JpegStimuliFullRes/27_jump_pull blanket/4/coh_2.jpg,coh_2,JpegStimuliFullRes/27_jump_pull blanket/4/tr_target.jpg,tr_target,,,BetweenTrials/nepal_2025_225_img_7092.jpg,0,,0,C:\Users\Sofya\Documents\Discourse part\gurung-stimuli\psychopy_gurung_v1\JpegStimuliFullRes\27_jump_pull blanket
d027_set4_it_ic_list2,216,2,27,027_jump_pull_blanket,jump_pull_blanket,4,it_ic,intransitive_incohesive,incohesive,intransitive,4,108,3,JpegStimuliFullRes/27_jump_pull blanket/4/ic_1.jpg,ic_1,JpegStimuliFullRes/27_jump_pull blanket/4/it_target.jpg,it_target,JpegStimuliFullRes/27_jump_pull blanket/4/end_ic_it.jpg,end_ic_it,,,BetweenTrials/nepal_2025_226_img_7073.jpg,0,,0,C:\Users\Sofya\Documents\Discourse part\gurung-stimuli\psychopy_gurung_v1\JpegStimuliFullRes\27_jump_pull blanket
d028_set1_tr_coh_list2,217,2,28,028_jump_peel_orange,jump_peel_orange,1,tr_coh,transitive_cohesive,cohesive,transitive,1,109,3,JpegStimuliFullRes/28_jump_peel orange/1/coh_1.jpg,coh_1,JpegStimuliFullRes/28_jump_peel orange/1/coh_2.jpg,coh_2,JpegStimuliFullRes/28_jump_peel orange/1/tr_target.jpg,tr_target,,,BetweenTrials/nepal_2025_227_img_6941.jpg,0,,0,C:\Users\Sofya\Documents\Discourse part\gurung-stimuli\psychopy_gurung_v1\JpegStimuliFullRes\28_jump_peel orange
d028_set1_it_ic_list2,218,2,28,028_jump_peel_orange,jump_peel_orange,1,it_ic,intransitive_incohesive,incohesive,intransitive,4,109,3,JpegStimuliFullRes/28_jump_peel orange/1/ic_1.jpg,ic_1,JpegStimuliFullRes/28_jump_peel orange/1/it_target.jpg,it_target,JpegStimuliFullRes/28_jump_peel orange/1/end_ic_it.jpg,end_ic_it,,,BetweenTrials/nepal_2025_228_img_6926.jpg,0,,0,C:\Users\Sofya\Documents\Discourse part\gurung-stimuli\psychopy_gurung_v1\JpegStimuliFullRes\28_jump_peel orange
d028_set2_it_coh_list2,219,2,28,028_jump_peel_orange,jump_peel_orange,2,it_coh,intransitive_cohesive,cohesive,intransitive,3,110,4,JpegStimuliFullRes/28_jump_peel orange/2/coh_1.jpg,coh_1,JpegStimuliFullRes/28_jump_peel orange/2/coh_2.jpg,coh_2,JpegStimuliFullRes/28_jump_peel orange/2/it_target.jpg,it_target,JpegStimuliFullRes/28_jump_peel orange/2/end_coh_it.jpg,end_coh_it,BetweenTrials/nepal_2025_229_img_7125.jpg,0,,0,C:\Users\Sofya\Documents\Discourse part\gurung-stimuli\psychopy_gurung_v1\JpegStimuliFullRes\28_jump_peel orange
d028_set2_tr_ic_list2,220,2,28,028_jump_peel_orange,jump_peel_orange,2,tr_ic,transitive_incohesive,incohesive,transitive,2,110,3,JpegStimuliFullRes/28_jump_peel orange/2/ic_1.jpg,ic_1,JpegStimuliFullRes/28_jump_peel orange/2/tr_target.jpg,tr_target,JpegStimuliFullRes/28_jump_peel orange/2/end_ic_tr.jpg,end_ic_tr,,,BetweenTrials/nepal_2025_230_img_6928.jpg,0,,0,C:\Users\Sofya\Documents\Discourse part\gurung-stimuli\psychopy_gurung_v1\JpegStimuliFullRes\28_jump_peel orange
d028_set3_it_coh_list2,221,2,28,028_jump_peel_orange,jump_peel_orange,3,it_coh,intransitive_cohesive,cohesive,intransitive,3,111,4,JpegStimuliFullRes/28_jump_peel orange/3/coh_1.jpg,coh_1,JpegStimuliFullRes/28_jump_peel orange/3/coh_2.jpg,coh_2,JpegStimuliFullRes/28_jump_peel orange/3/it_target.jpg,it_target,JpegStimuliFullRes/28_jump_peel orange/3/end_coh_it.jpg,end_coh_it,BetweenTrials/nepal_2025_231_img_7107.jpg,0,,0,C:\Users\Sofya\Documents\Discourse part\gurung-stimuli\psychopy_gurung_v1\JpegStimuliFullRes\28_jump_peel orange
d028_set3_tr_ic_list2,222,2,28,028_jump_peel_orange,jump_peel_orange,3,tr_ic,transitive_incohesive,incohesive,transitive,2,111,3,JpegStimuliFullRes/28_jump_peel orange/3/ic_1.jpg,ic_1,JpegStimuliFullRes/28_jump_peel orange/3/tr_target.jpg,tr_target,JpegStimuliFullRes/28_jump_peel orange/3/end_ic_tr.jpg,end_ic_tr,,,BetweenTrials/nepal_2025_232_img_6879.jpg,0,,0,C:\Users\Sofya\Documents\Discourse part\gurung-stimuli\psychopy_gurung_v1\JpegStimuliFullRes\28_jump_peel orange
d028_set4_tr_coh_list2,223,2,28,028_jump_peel_orange,jump_peel_orange,4,tr_coh,transitive_cohesive,cohesive,transitive,1,112,3,JpegStimuliFullRes/28_jump_peel orange/4/coh_1.jpg,coh_1,JpegStimuliFullRes/28_jump_peel orange/4/coh_2.jpg,coh_2,JpegStimuliFullRes/28_jump_peel orange/4/tr_target.jpg,tr_target,,,BetweenTrials/nepal_2025_233_img_6828.jpg,0,,0,C:\Users\Sofya\Documents\Discourse part\gurung-stimuli\psychopy_gurung_v1\JpegStimuliFullRes\28_jump_peel orange
d028_set4_it_ic_list2,224,2,28,028_jump_peel_orange,jump_peel_orange,4,it_ic,intransitive_incohesive,incohesive,intransitive,4,112,3,JpegStimuliFullRes/28_jump_peel orange/4/ic_1.jpg,ic_1,JpegStimuliFullRes/28_jump_peel orange/4/it_target.jpg,it_target,JpegStimuliFullRes/28_jump_peel orange/4/end_ic_it.jpg,end_ic_it,,,BetweenTrials/nepal_2025_234_img_6865.jpg,0,,0,C:\Users\Sofya\Documents\Discourse part\gurung-stimuli\psychopy_gurung_v1\JpegStimuliFullRes\28_jump_peel orange
d029_set1_tr_coh_list2,225,2,29,029_sit_cut_potato,sit_cut_potato,1,tr_coh,transitive_cohesive,cohesive,transitive,1,113,3,JpegStimuliFullRes/29_sit_cut potato/1/coh_1.jpg,coh_1,JpegStimuliFullRes/29_sit_cut potato/1/coh_2.jpg,coh_2,JpegStimuliFullRes/29_sit_cut potato/1/tr_target.jpg,tr_target,,,BetweenTrials/nepal_2025_235_img_6957.jpg,0,,0,C:\Users\Sofya\Documents\Discourse part\gurung-stimuli\psychopy_gurung_v1\JpegStimuliFullRes\29_sit_cut potato
d029_set1_it_ic_list2,226,2,29,029_sit_cut_potato,sit_cut_potato,1,it_ic,intransitive_incohesive,incohesive,intransitive,4,113,3,JpegStimuliFullRes/29_sit_cut potato/1/ic_1.jpg,ic_1,JpegStimuliFullRes/29_sit_cut potato/1/it_target.jpg,it_target,JpegStimuliFullRes/29_sit_cut potato/1/end_ic_it.jpg,end_ic_it,,,BetweenTrials/nepal_2025_236_img_6850.jpg,0,,0,C:\Users\Sofya\Documents\Discourse part\gurung-stimuli\psychopy_gurung_v1\JpegStimuliFullRes\29_sit_cut potato
d029_set2_it_coh_list2,227,2,29,029_sit_cut_potato,sit_cut_potato,2,it_coh,intransitive_cohesive,cohesive,intransitive,3,114,4,JpegStimuliFullRes/29_sit_cut potato/2/coh_1.jpg,coh_1,JpegStimuliFullRes/29_sit_cut potato/2/coh_2.jpg,coh_2,JpegStimuliFullRes/29_sit_cut potato/2/it_target.jpg,it_target,JpegStimuliFullRes/29_sit_cut potato/2/end_coh_it.jpg,end_coh_it,BetweenTrials/nepal_2025_237_img_6857.jpg,0,,0,C:\Users\Sofya\Documents\Discourse part\gurung-stimuli\psychopy_gurung_v1\JpegStimuliFullRes\29_sit_cut potato
d029_set2_tr_ic_list2,228,2,29,029_sit_cut_potato,sit_cut_potato,2,tr_ic,transitive_incohesive,incohesive,transitive,2,114,3,JpegStimuliFullRes/29_sit_cut potato/2/ic_1.jpg,ic_1,JpegStimuliFullRes/29_sit_cut potato/2/tr_target.jpg,tr_target,JpegStimuliFullRes/29_sit_cut potato/2/end_ic_tr.jpg,end_ic_tr,,,BetweenTrials/nepal_2025_238_img_6806.jpg,0,,0,C:\Users\Sofya\Documents\Discourse part\gurung-stimuli\psychopy_gurung_v1\JpegStimuliFullRes\29_sit_cut potato
d029_set3_it_coh_list2,229,2,29,029_sit_cut_potato,sit_cut_potato,3,it_coh,intransitive_cohesive,cohesive,intransitive,3,115,4,JpegStimuliFullRes/29_sit_cut potato/3/coh_1.jpg,coh_1,JpegStimuliFullRes/29_sit_cut potato/3/coh_2.jpg,coh_2,JpegStimuliFullRes/29_sit_cut potato/3/it_target.jpg,it_target,JpegStimuliFullRes/29_sit_cut potato/3/end_coh_it.jpg,end_coh_it,BetweenTrials/nepal_2025_239_img_6768.jpg,0,,0,C:\Users\Sofya\Documents\Discourse part\gurung-stimuli\psychopy_gurung_v1\JpegStimuliFullRes\29_sit_cut potato
d029_set3_tr_ic_list2,230,2,29,029_sit_cut_potato,sit_cut_potato,3,tr_ic,transitive_incohesive,incohesive,transitive,2,115,3,JpegStimuliFullRes/29_sit_cut potato/3/ic_1.jpg,ic_1,JpegStimuliFullRes/29_sit_cut potato/3/tr_target.jpg,tr_target,JpegStimuliFullRes/29_sit_cut potato/3/end_ic_tr.jpg,end_ic_tr,,,BetweenTrials/nepal_2025_240_img_6786.jpg,0,,0,C:\Users\Sofya\Documents\Discourse part\gurung-stimuli\psychopy_gurung_v1\JpegStimuliFullRes\29_sit_cut potato
d029_set4_tr_coh_list2,231,2,29,029_sit_cut_potato,sit_cut_potato,4,tr_coh,transitive_cohesive,cohesive,transitive,1,116,3,JpegStimuliFullRes/29_sit_cut potato/4/coh_1.jpg,coh_1,JpegStimuliFullRes/29_sit_cut potato/4/coh_2.jpg,coh_2,JpegStimuliFullRes/29_sit_cut potato/4/tr_target.jpg,tr_target,,,BetweenTrials/nepal_2025_241_img_7139.jpg,0,,0,C:\Users\Sofya\Documents\Discourse part\gurung-stimuli\psychopy_gurung_v1\JpegStimuliFullRes\29_sit_cut potato
d029_set4_it_ic_list2,232,2,29,029_sit_cut_potato,sit_cut_potato,4,it_ic,intransitive_incohesive,incohesive,intransitive,4,116,3,JpegStimuliFullRes/29_sit_cut potato/4/ic_1.jpg,ic_1,JpegStimuliFullRes/29_sit_cut potato/4/it_target.jpg,it_target,JpegStimuliFullRes/29_sit_cut potato/4/end_ic_it.jpg,end_ic_it,,,BetweenTrials/nepal_2025_242_img_6764.jpg,0,,0,C:\Users\Sofya\Documents\Discourse part\gurung-stimuli\psychopy_gurung_v1\JpegStimuliFullRes\29_sit_cut potato
d030_set1_tr_coh_list2,233,2,30,030_smile_make_momos,smile_make_momos,1,tr_coh,transitive_cohesive,cohesive,transitive,1,117,3,JpegStimuliFullRes/30_smile_make momos/1/coh_1.jpg,coh_1,JpegStimuliFullRes/30_smile_make momos/1/coh_2.jpg,coh_2,JpegStimuliFullRes/30_smile_make momos/1/tr_target.jpg,tr_target,,,BetweenTrials/nepal_2025_243_img_7140.jpg,0,,0,C:\Users\Sofya\Documents\Discourse part\gurung-stimuli\psychopy_gurung_v1\JpegStimuliFullRes\30_smile_make momos
d030_set1_it_ic_list2,234,2,30,030_smile_make_momos,smile_make_momos,1,it_ic,intransitive_incohesive,incohesive,intransitive,4,117,3,JpegStimuliFullRes/30_smile_make momos/1/ic_1.jpg,ic_1,JpegStimuliFullRes/30_smile_make momos/1/it_target.jpg,it_target,JpegStimuliFullRes/30_smile_make momos/1/end_ic_it.jpg,end_ic_it,,,BetweenTrials/nepal_2025_244_img_7088.jpg,0,,0,C:\Users\Sofya\Documents\Discourse part\gurung-stimuli\psychopy_gurung_v1\JpegStimuliFullRes\30_smile_make momos
d030_set2_it_coh_list2,235,2,30,030_smile_make_momos,smile_make_momos,2,it_coh,intransitive_cohesive,cohesive,intransitive,3,118,4,JpegStimuliFullRes/30_smile_make momos/2/coh_1.jpg,coh_1,JpegStimuliFullRes/30_smile_make momos/2/coh_2.jpg,coh_2,JpegStimuliFullRes/30_smile_make momos/2/it_target.jpg,it_target,JpegStimuliFullRes/30_smile_make momos/2/end_coh_it.jpg,end_coh_it,BetweenTrials/nepal_2025_245_img_7062.jpg,0,,0,C:\Users\Sofya\Documents\Discourse part\gurung-stimuli\psychopy_gurung_v1\JpegStimuliFullRes\30_smile_make momos
d030_set2_tr_ic_list2,236,2,30,030_smile_make_momos,smile_make_momos,2,tr_ic,transitive_incohesive,incohesive,transitive,2,118,3,JpegStimuliFullRes/30_smile_make momos/2/ic_1.jpg,ic_1,JpegStimuliFullRes/30_smile_make momos/2/tr_target.jpg,tr_target,JpegStimuliFullRes/30_smile_make momos/2/end_ic_tr.jpg,end_ic_tr,,,BetweenTrials/nepal_2025_246_img_6995.jpg,0,,0,C:\Users\Sofya\Documents\Discourse part\gurung-stimuli\psychopy_gurung_v1\JpegStimuliFullRes\30_smile_make momos
d030_set3_it_coh_list2,237,2,30,030_smile_make_momos,smile_make_momos,3,it_coh,intransitive_cohesive,cohesive,intransitive,3,119,4,JpegStimuliFullRes/30_smile_make momos/3/coh_1.jpg,coh_1,JpegStimuliFullRes/30_smile_make momos/3/coh_2.jpg,coh_2,JpegStimuliFullRes/30_smile_make momos/3/it_target.jpg,it_target,JpegStimuliFullRes/30_smile_make momos/3/end_coh_it.jpg,end_coh_it,BetweenTrials/nepal_2025_247_img_6891.jpg,0,,0,C:\Users\Sofya\Documents\Discourse part\gurung-stimuli\psychopy_gurung_v1\JpegStimuliFullRes\30_smile_make momos
d030_set3_tr_ic_list2,238,2,30,030_smile_make_momos,smile_make_momos,3,tr_ic,transitive_incohesive,incohesive,transitive,2,119,3,JpegStimuliFullRes/30_smile_make momos/3/ic_1.jpg,ic_1,JpegStimuliFullRes/30_smile_make momos/3/tr_target.jpg,tr_target,JpegStimuliFullRes/30_smile_make momos/3/end_ic_tr.jpg,end_ic_tr,,,BetweenTrials/nepal_2025_248_img_6771.jpg,0,,0,C:\Users\Sofya\Documents\Discourse part\gurung-stimuli\psychopy_gurung_v1\JpegStimuliFullRes\30_smile_make momos
d030_set4_tr_coh_list2,239,2,30,030_smile_make_momos,smile_make_momos,4,tr_coh,transitive_cohesive,cohesive,transitive,1,120,3,JpegStimuliFullRes/30_smile_make momos/4/coh_1.jpg,coh_1,JpegStimuliFullRes/30_smile_make momos/4/coh_2.jpg,coh_2,JpegStimuliFullRes/30_smile_make momos/4/tr_target.jpg,tr_target,,,BetweenTrials/nepal_2025_249_img_7058.jpg,0,,0,C:\Users\Sofya\Documents\Discourse part\gurung-stimuli\psychopy_gurung_v1\JpegStimuliFullRes\30_smile_make momos
d030_set4_it_ic_list2,240,2,30,030_smile_make_momos,smile_make_momos,4,it_ic,intransitive_incohesive,incohesive,intransitive,4,120,3,JpegStimuliFullRes/30_smile_make momos/4/ic_1.jpg,ic_1,JpegStimuliFullRes/30_smile_make momos/4/it_target.jpg,it_target,JpegStimuliFullRes/30_smile_make momos/4/end_ic_it.jpg,end_ic_it,,,BetweenTrials/nepal_2025_250_img_6867.jpg,0,,0,C:\Users\Sofya\Documents\Discourse part\gurung-stimuli\psychopy_gurung_v1\JpegStimuliFullRes\30_smile_make momos
