index,status,source_relative,target_relative,source_bytes,source_width,source_height,source_colorspace,target_bytes,target_width,target_height,target_colorspace,target_sha256
1,skipped_exists,1_cough_throw bones/1/coh_1.png,1_cough_throw bones/1/coh_1.jpg,3212145,1024,1536,sRGB,324501,1024,1536,sRGB,b077e1696be6fea6d171810206f1294a77b02e729dc4f48119f46f5c1a86c109
2,skipped_exists,1_cough_throw bones/1/coh_2.png,1_cough_throw bones/1/coh_2.jpg,2870670,1024,1536,sRGB,269542,1024,1536,sRGB,823a76d64acf4e34faacfb4d63f275c58f25300a2eb5cab600e878c085198ec9
3,skipped_exists,1_cough_throw bones/1/end_coh_it.png,1_cough_throw bones/1/end_coh_it.jpg,2322170,1024,1536,sRGB,178616,1024,1536,sRGB,a6167cc0c858d61efbe1b38a97d2886959bd6222c5daab35b72f923a1d5d4530
4,skipped_exists,1_cough_throw bones/1/end_ic_it.png,1_cough_throw bones/1/end_ic_it.jpg,2185135,1024,1535,sRGB,199057,1024,1536,sRGB,22294c835821a4fc0e09da27ef63a3c8ee1f04668a4b6755570af7c4ada3bc2d
5,skipped_exists,1_cough_throw bones/1/end_ic_tr.png,1_cough_throw bones/1/end_ic_tr.jpg,2401358,1024,1536,sRGB,255719,1024,1536,sRGB,8ca5ef866b2083a7b8cee699fe8c3749f07891fee5b2fd00b699f29a219299aa
6,skipped_exists,1_cough_throw bones/1/ic_1.png,1_cough_throw bones/1/ic_1.jpg,2430796,1024,1536,sRGB,247988,1024,1536,sRGB,ff4a8d158a2829fb5e77a5e9ada6cc3b6b992b10a1872d9b09454353d0da3f21
7,skipped_exists,1_cough_throw bones/1/it_target.png,1_cough_throw bones/1/it_target.jpg,2341368,1024,1536,sRGB,186796,1024,1536,sRGB,440a5de96634d9e5cb4a2518754717628b7f2ca17bc28df6f0e9071ccc8bcfd1
8,skipped_exists,1_cough_throw bones/1/tr_target.png,1_cough_throw bones/1/tr_target.jpg,2046179,1024,1536,sRGB,146650,1024,1536,sRGB,8008dae0bb7beece881e79d144b3fcc6342c8c7fa1a200acaea777762df4065d
9,skipped_exists,1_cough_throw bones/2/coh_1.png,1_cough_throw bones/2/coh_1.jpg,2889220,1024,1536,sRGB,315015,1024,1536,sRGB,bcc127dccbb36dc0aa10a96d826a59692bc1993cc5e5e301330e73b3fbb2fc1c
10,skipped_exists,1_cough_throw bones/2/coh_2.png,1_cough_throw bones/2/coh_2.jpg,2685120,1024,1536,sRGB,280323,1024,1536,sRGB,a9246b42b88163c371ac72ad2fd2ba096b2ad978035a074b306a076fd73ade5d
11,skipped_exists,1_cough_throw bones/2/end_coh_it.png,1_cough_throw bones/2/end_coh_it.jpg,2484817,1024,1536,sRGB,255298,1024,1536,sRGB,898fcee619cda4e24020875f62be2fc97043c365546f5dee945734477acb1682
12,skipped_exists,1_cough_throw bones/2/end_ic_it.png,1_cough_throw bones/2/end_ic_it.jpg,2431443,1024,1536,sRGB,232049,1024,1536,sRGB,6c9444d9412df21bcc4e08bbfd8831c98876122876c0159be8ee92d0ea6f450c
13,skipped_exists,1_cough_throw bones/2/end_ic_tr.png,1_cough_throw bones/2/end_ic_tr.jpg,2397704,1024,1536,sRGB,240228,1024,1536,sRGB,e9f21971b697003eb56506ce68f2f243d1468f3d8bd52cb70f53d021eee10c27
14,skipped_exists,1_cough_throw bones/2/ic_1.png,1_cough_throw bones/2/ic_1.jpg,2540897,1024,1536,sRGB,270845,1024,1536,sRGB,0a9195d2785bcf1516d9fe38e729f975f3bc98aa6894e713dfc3865c2c673220
15,skipped_exists,1_cough_throw bones/2/it_target.png,1_cough_throw bones/2/it_target.jpg,2336118,1024,1536,sRGB,206389,1024,1536,sRGB,bd7cafbd5809efda60795959b9ffb8d65db76ae628f726ca4ccff20619bf4750
16,skipped_exists,1_cough_throw bones/2/tr_target.png,1_cough_throw bones/2/tr_target.jpg,2049392,1024,1536,sRGB,153418,1024,1536,sRGB,9d7df89992e5833aaff8ae2c17af0d765094ea6ad4772444c653666d19ae67e6
17,skipped_exists,1_cough_throw bones/3/coh_1.png,1_cough_throw bones/3/coh_1.jpg,2754861,1024,1536,sRGB,286894,1024,1536,sRGB,d9539898c709e5d1d1fddb984870fe92ea02371dafa5c3d93ed0b9093cfba186
18,skipped_exists,1_cough_throw bones/3/coh_2.png,1_cough_throw bones/3/coh_2.jpg,2482522,1024,1536,sRGB,239763,1024,1536,sRGB,688d9a165e27825b0a24f11bca522542d8ec3905f7aae920e17674182cd38cd0
19,skipped_exists,1_cough_throw bones/3/end_coh_it.png,1_cough_throw bones/3/end_coh_it.jpg,2504542,1024,1536,sRGB,254276,1024,1536,sRGB,38ed9dc5c34bf8787ed5bd7baf59d145311f85250aff102bd02549211a0f73e9
20,skipped_exists,1_cough_throw bones/3/end_ic_it.png,1_cough_throw bones/3/end_ic_it.jpg,2155603,1024,1536,sRGB,192951,1024,1536,sRGB,9c19aab9188438ac6f9508a6ac0c3529adf36019bced9ede91af2be04d7423ba
21,skipped_exists,1_cough_throw bones/3/end_ic_tr.png,1_cough_throw bones/3/end_ic_tr.jpg,2379324,1024,1536,sRGB,236090,1024,1536,sRGB,6be2b8c641588b7423bd4399a3785b351b1ee6ee7b9599b97e1a46950f539bcf
22,skipped_exists,1_cough_throw bones/3/ic_1.png,1_cough_throw bones/3/ic_1.jpg,2418704,1024,1536,sRGB,239105,1024,1536,sRGB,db88c40a2fbdd037152830fbbe412ec9dff4865b036c5fd227c318fdaacd3f52
23,skipped_exists,1_cough_throw bones/3/it_target.png,1_cough_throw bones/3/it_target.jpg,2288728,1024,1536,sRGB,210327,1024,1536,sRGB,e1f599a22cfbe5ea2787c4fbe8ab5109284e88d2354938a4b55024deba24f464
24,skipped_exists,1_cough_throw bones/3/tr_target.png,1_cough_throw bones/3/tr_target.jpg,2429329,1024,1536,sRGB,218987,1024,1536,sRGB,77e3279a0c81ef028a1cd8a01a36002017fee8971360d811efef48d24602d77e
25,skipped_exists,1_cough_throw bones/4/coh_1.png,1_cough_throw bones/4/coh_1.jpg,2568312,1024,1536,sRGB,268195,1024,1536,sRGB,61fe2a5a44ead402e4430023c2305ac0afed8ea47c6ffdb120d5a8593623092f
26,skipped_exists,1_cough_throw bones/4/coh_2.png,1_cough_throw bones/4/coh_2.jpg,2500117,1024,1536,sRGB,256057,1024,1536,sRGB,ff37a8f6284df16c414385676defaf09a9064a77d78b2be12fecc774e5be6d50
27,skipped_exists,1_cough_throw bones/4/end_coh_it.png,1_cough_throw bones/4/end_coh_it.jpg,2446165,1024,1536,sRGB,243344,1024,1536,sRGB,995199e92b68988e38557c183923b97c607fe9d9e082369eccd91b7f6e213676
28,skipped_exists,1_cough_throw bones/4/end_ic_it.png,1_cough_throw bones/4/end_ic_it.jpg,2616250,1024,1536,sRGB,269876,1024,1536,sRGB,c25ec8f46f68073ad9e76df7d1e31334a6b2af1ca44b48fc1aeb5d40ce21ce23
29,skipped_exists,1_cough_throw bones/4/end_ic_tr.png,1_cough_throw bones/4/end_ic_tr.jpg,2363738,1024,1536,sRGB,238242,1024,1536,sRGB,91489f2c5a8aa31b0a98f08f580079f8eb1bda363e19df6a6c30a9f2dcad3531
30,skipped_exists,1_cough_throw bones/4/ic_1.png,1_cough_throw bones/4/ic_1.jpg,2637809,1024,1536,sRGB,264263,1024,1536,sRGB,78332be85c39d3f9c2c020023f2a70562c5f071cee35f80087a492e323e81ad4
31,skipped_exists,1_cough_throw bones/4/it_target.png,1_cough_throw bones/4/it_target.jpg,2238626,1024,1536,sRGB,189698,1024,1536,sRGB,f620c59a6efd90a92e61b67b09ecbdc9b9cd10ddb6ed3b7d2b64de679506d8ba
32,skipped_exists,1_cough_throw bones/4/tr_target.png,1_cough_throw bones/4/tr_target.jpg,2210499,1024,1536,sRGB,181585,1024,1536,sRGB,829990c004439fd68b3fe74b7fb39ceb1720964e92c757d45a0275a0c437cd6d
33,skipped_exists,2_stand_weave basket/1/coh_1.png,2_stand_weave basket/1/coh_1.jpg,2749612,1024,1536,sRGB,259078,1024,1536,sRGB,f4e7c460d648010b874a6f7f491b3d7ab5a9367b36bdf9df986ff2829566d208
34,skipped_exists,2_stand_weave basket/1/coh_2.png,2_stand_weave basket/1/coh_2.jpg,2267056,1024,1536,sRGB,236470,1024,1536,sRGB,cdd4d5a52d65e40680167d3087533513388c09bc63ca1ac903f10c87757c928e
35,skipped_exists,2_stand_weave basket/1/end_coh_it.png,2_stand_weave basket/1/end_coh_it.jpg,2588130,1024,1536,sRGB,300163,1024,1536,sRGB,a86773aa43ef36171d6f04545ee9d2d949778c63ac0fd2e900a171b3d80ef97e
36,converted,2_stand_weave basket/1/end_ic_it.png,2_stand_weave basket/1/end_ic_it.jpg,2676863,1024,1536,sRGB,302206,1024,1536,sRGB,36e8c428c4ab9411dd8734774b4011bf0a89d5f2558a83ea60b431e40f0f7b84
37,skipped_exists,2_stand_weave basket/1/end_ic_tr.png,2_stand_weave basket/1/end_ic_tr.jpg,2666608,1024,1536,sRGB,321319,1024,1536,sRGB,b95c3689ad5b0a08fd7d49e4190b2dd18f3073a681ec17030431d950fff23aa2
38,skipped_exists,2_stand_weave basket/1/ic_1.png,2_stand_weave basket/1/ic_1.jpg,3043375,1024,1536,sRGB,386869,1024,1536,sRGB,94973883e64cbc6842e2ae4970964eb339cc6cfb154c9b1cc526c61248fba492
39,skipped_exists,2_stand_weave basket/1/it_target.png,2_stand_weave basket/1/it_target.jpg,2524443,1024,1536,sRGB,276093,1024,1536,sRGB,96e02d283aa38962f20dc9fa4673207f911d16ffe29b5d9332aec408a12fe1ac
40,skipped_exists,2_stand_weave basket/1/tr_target.png,2_stand_weave basket/1/tr_target.jpg,2685711,1024,1536,sRGB,319803,1024,1536,sRGB,146c26ee4868d4573ac9d13158790b940d2dae5daa4d8de277a35c27192c225b
41,skipped_exists,2_stand_weave basket/2/coh_1.png,2_stand_weave basket/2/coh_1.jpg,2459837,1024,1536,sRGB,239956,1024,1536,sRGB,1cb3503fee72741206e879677f92350ffdaefd1de73a19e0aa70240984d0cb43
42,skipped_exists,2_stand_weave basket/2/coh_2.png,2_stand_weave basket/2/coh_2.jpg,2680654,1024,1536,sRGB,311222,1024,1536,sRGB,6468e1bc320bddccc34a4c3715012e4a94a0ed92b8cbf02d30df706e0b8e366c
43,skipped_exists,2_stand_weave basket/2/end_coh_it.png,2_stand_weave basket/2/end_coh_it.jpg,2709504,1024,1536,sRGB,319558,1024,1536,sRGB,3401f0a4b635ca9ba4de1c954326528ac9df79caf78558e172c0779a8e4c7826
44,skipped_exists,2_stand_weave basket/2/end_ic_it.png,2_stand_weave basket/2/end_ic_it.jpg,2817224,1024,1536,sRGB,323122,1024,1536,sRGB,38b3adc15fc360bced1853274ed4bc1dae57b0f79a28850c742651eb9ec3cbf7
45,skipped_exists,2_stand_weave basket/2/end_ic_tr.png,2_stand_weave basket/2/end_ic_tr.jpg,2250321,1024,1536,sRGB,227518,1024,1536,sRGB,7b96698dd5cfb40567ee48b942fff134736da38002066dba29f746346783ba4d
46,skipped_exists,2_stand_weave basket/2/ic_1.png,2_stand_weave basket/2/ic_1.jpg,2780236,1024,1536,sRGB,375503,1024,1536,sRGB,98d966de464c7890522522c5d86ddbac1293b3cdb83fee6e4104d114b5d1528a
47,skipped_exists,2_stand_weave basket/2/it_target.png,2_stand_weave basket/2/it_target.jpg,2183375,1024,1536,sRGB,216107,1024,1536,sRGB,43709f9181fa78bbbd3e6eff1203c0432bc8c75bebae5b1769a0e0eec4e812d0
48,skipped_exists,2_stand_weave basket/2/tr_target.png,2_stand_weave basket/2/tr_target.jpg,2250652,1024,1536,sRGB,229305,1024,1536,sRGB,020dade7a594bfcd458c9269e876ccdd9ff8b4c452e3760e9f4c022c80f67e83
49,skipped_exists,2_stand_weave basket/3/coh_1.png,2_stand_weave basket/3/coh_1.jpg,2041429,1024,1535,sRGB,176406,1024,1536,sRGB,1f3fbe8428f07b9b08bc89c8c486ccfb39c00010fdf045ce61853316536c8b77
50,skipped_exists,2_stand_weave basket/3/coh_2.png,2_stand_weave basket/3/coh_2.jpg,2467035,1024,1536,sRGB,257580,1024,1536,sRGB,289c446774e85315926946c6adc76007dd4ff97172010757928d4d47c7925c22
51,skipped_exists,2_stand_weave basket/3/end_coh_it.png,2_stand_weave basket/3/end_coh_it.jpg,2557094,1024,1536,sRGB,270146,1024,1536,sRGB,34e943ebe2f66cbf477eb983ae0d1d4e26629cd83625a4fc6d1b20ab9b09f47f
52,converted,2_stand_weave basket/3/end_ic_it.png,2_stand_weave basket/3/end_ic_it.jpg,2718909,1024,1536,sRGB,305023,1024,1536,sRGB,db6ecae3cc97b4826cd40d6cebdd0b770e17f7effc879f359c1e1c30ed47907a
53,skipped_exists,2_stand_weave basket/3/end_ic_tr.png,2_stand_weave basket/3/end_ic_tr.jpg,2348276,1024,1536,sRGB,255712,1024,1536,sRGB,2fe2ab06f1db992e7063b147098f85737a0caf3d6ceee29cf43f265710bfb443
54,skipped_exists,2_stand_weave basket/3/ic_1.png,2_stand_weave basket/3/ic_1.jpg,2394107,1024,1536,sRGB,272649,1024,1536,sRGB,39c858b0c81d7fd98bd162f44767ebc7ea9aac6a3439177d24f87214d0390f4f
55,skipped_exists,2_stand_weave basket/3/it_target.png,2_stand_weave basket/3/it_target.jpg,2612064,1024,1536,sRGB,284125,1024,1536,sRGB,b2e6f4fa62196c884ff0d97b5775d0bdfca2e16a0829ad1f4cc7b31d00fb316e
56,skipped_exists,2_stand_weave basket/3/tr_target.png,2_stand_weave basket/3/tr_target.jpg,2695710,1024,1536,sRGB,303993,1024,1536,sRGB,64144124fbe205778db2c0f13555b91a53e4d81284fd777b7df11c0b8606cda0
57,skipped_exists,2_stand_weave basket/4/coh_1.png,2_stand_weave basket/4/coh_1.jpg,2600749,1024,1536,sRGB,275452,1024,1536,sRGB,daafbce922e9f4acde04c3b9d6bd2d235d4c32df4f07c8dd27bd9685e7a07471
58,skipped_exists,2_stand_weave basket/4/coh_2.png,2_stand_weave basket/4/coh_2.jpg,2606816,1024,1536,sRGB,298929,1024,1536,sRGB,51536924fb2a42d2ad6e8525023a8abc4e1ea93da7f9f3fd84cdb547bf46a85a
59,skipped_exists,2_stand_weave basket/4/end_coh_it.png,2_stand_weave basket/4/end_coh_it.jpg,2720569,1024,1536,sRGB,316711,1024,1536,sRGB,3f64da44d1f102e53be67d7369e93edf84eadb5db779dcf94407fc1ea565326b
60,skipped_exists,2_stand_weave basket/4/end_ic_it.png,2_stand_weave basket/4/end_ic_it.jpg,2677651,1024,1536,sRGB,299084,1024,1536,sRGB,50f1b4dbd848fcc2f40a579ed8609c99c6b162d9ac592d260d1daa847e70f1a2
61,skipped_exists,2_stand_weave basket/4/end_ic_tr.png,2_stand_weave basket/4/end_ic_tr.jpg,2579584,1024,1536,sRGB,294004,1024,1536,sRGB,dcb620bade8ba3557eb3bc60e4d28e0830892c260da7b5869bcb0339c6afdce9
62,skipped_exists,2_stand_weave basket/4/ic_1.png,2_stand_weave basket/4/ic_1.jpg,2452499,1024,1536,sRGB,331061,1024,1536,sRGB,ab32354170a5a5f161d5cb7dd26eaaa8ae08d4674a294785bc2302e1700ab96e
63,skipped_exists,2_stand_weave basket/4/it_target.png,2_stand_weave basket/4/it_target.jpg,2511485,1024,1536,sRGB,263857,1024,1536,sRGB,84b7bb2660d84bec0361b4b64affddae39c75607d35303adb75df6c41786a58a
64,skipped_exists,2_stand_weave basket/4/tr_target.png,2_stand_weave basket/4/tr_target.jpg,2619261,1024,1536,sRGB,293500,1024,1536,sRGB,a6562f3374cb1e22653a11369a8b8b5c5eb98dd8d6846b62b7cd0723aafb75c8
65,skipped_exists,3_rest_cook fish/1/coh_1.png,3_rest_cook fish/1/coh_1.jpg,2960157,1024,1536,sRGB,320501,1024,1536,sRGB,e22e3be4885f9e247ad00566e6649a3de0051581e3c7ae838e43f6d6623407f2
66,skipped_exists,3_rest_cook fish/1/coh_2.png,3_rest_cook fish/1/coh_2.jpg,2978561,1024,1536,sRGB,325557,1024,1536,sRGB,87e2e2f7c3c8094dc125b8ee5beecd1c6721fbb1318db22a17ff35be6152524b
67,skipped_exists,3_rest_cook fish/1/end_coh_it.png,3_rest_cook fish/1/end_coh_it.jpg,3013633,1024,1536,sRGB,352695,1024,1536,sRGB,d998e38416b4019aceb020be49bbaf2154e34ffd6eee0ed43b0e43801e25e633
68,skipped_exists,3_rest_cook fish/1/end_ic_it.png,3_rest_cook fish/1/end_ic_it.jpg,2968746,1024,1536,sRGB,353408,1024,1536,sRGB,702a461633da789c9db7649c2b8ee45ce3b452bee7ab5ab7aadc0aef089bff66
69,skipped_exists,3_rest_cook fish/1/end_ic_tr.png,3_rest_cook fish/1/end_ic_tr.jpg,2254579,1024,1536,sRGB,201549,1024,1536,sRGB,b8db2de6c7769c6ce6ee9e120e64c5b790e8ee77101c6703b97aafaccc0f9d69
70,skipped_exists,3_rest_cook fish/1/ic_1.png,3_rest_cook fish/1/ic_1.jpg,2890358,1024,1536,sRGB,350186,1024,1536,sRGB,d245fbe076fa84262f7f2fb72de50b5b4e505ec2a347baff540ac3056200cad3
71,skipped_exists,3_rest_cook fish/1/it_target.png,3_rest_cook fish/1/it_target.jpg,2551151,1024,1536,sRGB,284087,1024,1536,sRGB,6be9abc16adacd3d1a0a3981e20fa12bcabd3fe00b836dd3eed7391a6447e892
72,skipped_exists,3_rest_cook fish/1/tr_target.png,3_rest_cook fish/1/tr_target.jpg,2088991,1024,1536,sRGB,169122,1024,1536,sRGB,b4b47b13c9c601b97fe5133693980698bd234d6d3874c04e369ac27eb373c7d9
73,skipped_exists,3_rest_cook fish/2/coh_1.png,3_rest_cook fish/2/coh_1.jpg,2780376,1024,1536,sRGB,307394,1024,1536,sRGB,aee22bea39470a913592871f99bc3547af9baddb1847829764c37485c2b33d64
74,skipped_exists,3_rest_cook fish/2/coh_2.png,3_rest_cook fish/2/coh_2.jpg,2747294,1024,1536,sRGB,285096,1024,1536,sRGB,cb9dcba755bae2c8ae37236d1e429305c45d933346082fdbd9fbfac3e6acc451
75,skipped_exists,3_rest_cook fish/2/end_coh_it.png,3_rest_cook fish/2/end_coh_it.jpg,2965232,1024,1536,sRGB,353712,1024,1536,sRGB,68486f3d105866530b2ad8585035a856bbe8f4178bca059b8b9df3f395149a18
76,skipped_exists,3_rest_cook fish/2/end_ic_it.png,3_rest_cook fish/2/end_ic_it.jpg,2931500,1024,1536,sRGB,347067,1024,1536,sRGB,58c72b5d9871b5293ecd75e714f6615b22aa482c84c8ec8e6dc468e14872b241
77,skipped_exists,3_rest_cook fish/2/end_ic_tr.png,3_rest_cook fish/2/end_ic_tr.jpg,2307502,1024,1536,sRGB,226085,1024,1536,sRGB,4c4b29d8ac594e2a2198087e0379f0f42a9083a5e8fda3d51a1a43537417e457
78,skipped_exists,3_rest_cook fish/2/ic_1.png,3_rest_cook fish/2/ic_1.jpg,2958955,1024,1536,sRGB,355766,1024,1536,sRGB,936f714af28a797e417c36d6975751ee5902398c1519b752f9617386e38bec38
79,skipped_exists,3_rest_cook fish/2/it_target.png,3_rest_cook fish/2/it_target.jpg,2762734,1024,1536,sRGB,321668,1024,1536,sRGB,906db970c25fc3db6306ac01d5aab5a5d273acc56462e4123c93c86403a8dbc1
80,skipped_exists,3_rest_cook fish/2/tr_target.png,3_rest_cook fish/2/tr_target.jpg,2501667,1024,1536,sRGB,259194,1024,1536,sRGB,fcd11141d558048bff50d755b39d24860f16c4d807c6577210b0ca48495cf843
81,skipped_exists,3_rest_cook fish/3/coh_1.png,3_rest_cook fish/3/coh_1.jpg,3082230,1024,1536,sRGB,367401,1024,1536,sRGB,cb56f20c1e5a89f11398dbd2353259eb95a2b68568fd6e6eb4bfb3e4f3ef409b
82,skipped_exists,3_rest_cook fish/3/coh_2.png,3_rest_cook fish/3/coh_2.jpg,2792433,1024,1536,sRGB,295198,1024,1536,sRGB,40625654f4e8d3fbc1a8de8e4a058fb611a52aa4be97bf30f2dbfa79c49aa45f
83,skipped_exists,3_rest_cook fish/3/end_coh_it.png,3_rest_cook fish/3/end_coh_it.jpg,3112098,1024,1536,sRGB,387691,1024,1536,sRGB,f013f1ed4e182066765b6c72d979dfa89276fa05e947bbdd1116162d179bd28c
84,skipped_exists,3_rest_cook fish/3/end_ic_it.png,3_rest_cook fish/3/end_ic_it.jpg,2730219,1024,1536,sRGB,315045,1024,1536,sRGB,42ef748a20bd89624645bb600a3c4d360750d9a079265da574f60d1b9faa7de7
85,skipped_exists,3_rest_cook fish/3/end_ic_tr.png,3_rest_cook fish/3/end_ic_tr.jpg,2233035,1025,1535,sRGB,206100,1024,1536,sRGB,229f77d8bfc88557670bed750604be21e952966d40e53ef27406d8305c6a631c
86,skipped_exists,3_rest_cook fish/3/ic_1.png,3_rest_cook fish/3/ic_1.jpg,3090554,1024,1536,sRGB,381503,1024,1536,sRGB,b7631af765865db3a7db4ec4534e3246be812ab97a3ead30fbdb9ec01bf7db2f
87,skipped_exists,3_rest_cook fish/3/it_target.png,3_rest_cook fish/3/it_target.jpg,2705408,1024,1536,sRGB,313051,1024,1536,sRGB,d71f28cb6d17dc13f1983d25a0ccc23529dcf4d509c5ca5c4f0bfe316f857d33
88,skipped_exists,3_rest_cook fish/3/tr_target.png,3_rest_cook fish/3/tr_target.jpg,2525916,1024,1536,sRGB,251539,1024,1536,sRGB,e928d9604d814f42b50765a7783aff9b9ac32ee582e9a411080926b08be24c51
89,skipped_exists,3_rest_cook fish/4/coh_1.png,3_rest_cook fish/4/coh_1.jpg,2752481,1024,1536,sRGB,311520,1024,1536,sRGB,cc0107b48daf26321b54ad92011b695a8c287b06b868d83158f740195c7fe665
90,skipped_exists,3_rest_cook fish/4/coh_2.png,3_rest_cook fish/4/coh_2.jpg,2536595,1024,1536,sRGB,254268,1024,1536,sRGB,fa1760af1b26eb430f90140f262d01eb5a61eb2898ca65cccda0b242dfa7e292
91,skipped_exists,3_rest_cook fish/4/end_coh_it.png,3_rest_cook fish/4/end_coh_it.jpg,3129024,1024,1536,sRGB,378153,1024,1536,sRGB,01108017c5cdbba75cfb8e38d2b574dff82fd9e805f9cb875043d9c3da9c8863
92,skipped_exists,3_rest_cook fish/4/end_ic_it.png,3_rest_cook fish/4/end_ic_it.jpg,3009018,1024,1536,sRGB,359301,1024,1536,sRGB,1711a032abad6cac4f6f0cd93eeedfe3010e09e325e386d78d6a8cefed3d57c5
93,skipped_exists,3_rest_cook fish/4/end_ic_tr.png,3_rest_cook fish/4/end_ic_tr.jpg,2573572,1024,1536,sRGB,276609,1024,1536,sRGB,cb6f14e87acbbc14985494b9d94088d0dd752021ed745eb7eca73aa5f0b8ca11
94,skipped_exists,3_rest_cook fish/4/ic_1.png,3_rest_cook fish/4/ic_1.jpg,2791735,1024,1536,sRGB,323224,1024,1536,sRGB,9e6904ae052d90ba36f14153f55accd58fe165deeb1e2064139524f80fb8099e
95,skipped_exists,3_rest_cook fish/4/it_target.png,3_rest_cook fish/4/it_target.jpg,2981025,1024,1536,sRGB,354133,1024,1536,sRGB,f5ff35b71dee6c08ba83d4a15c9610a9b492fd4ed13c99b32d4e18349d69ff63
96,skipped_exists,3_rest_cook fish/4/tr_target.png,3_rest_cook fish/4/tr_target.jpg,2587832,1024,1536,sRGB,280411,1024,1536,sRGB,965aa912b54b2c1c1324cadf2394ae8f0df9ff49c56c0f15680ffdd064f590f2
97,skipped_exists,4_run_drink tea/1/coh_1.png,4_run_drink tea/1/coh_1.jpg,2735161,1024,1536,sRGB,252274,1024,1536,sRGB,1f73908df14bf7e14cf8a58333c689d461e0e7f9a31e4ba13fa3c08ccef12fbb
98,skipped_exists,4_run_drink tea/1/coh_2.png,4_run_drink tea/1/coh_2.jpg,2675174,1024,1536,sRGB,294505,1024,1536,sRGB,ededed672f1ef82c0a904daae439a13e7b9759bb6fd177f98e3cabcd38b18fef
99,skipped_exists,4_run_drink tea/1/end_coh_it.png,4_run_drink tea/1/end_coh_it.jpg,2861122,1024,1536,sRGB,326924,1024,1536,sRGB,08b2ef4ae48e725c8f572793cb08b35f9625ac4d4676953f83ff27edd9c6303c
100,skipped_exists,4_run_drink tea/1/end_ic_it.png,4_run_drink tea/1/end_ic_it.jpg,2350784,1024,1536,sRGB,235443,1024,1536,sRGB,c56739837634397633aba3c1b1c02b8d0f152cff079c30e097103ab926624832
101,skipped_exists,4_run_drink tea/1/end_ic_tr.png,4_run_drink tea/1/end_ic_tr.jpg,3029383,1024,1536,sRGB,348875,1024,1536,sRGB,a54593401ea06a9e4c3069f5f04879088095ee5e76033dcb8b8a2d2c1c58e946
102,skipped_exists,4_run_drink tea/1/ic_1.png,4_run_drink tea/1/ic_1.jpg,2583314,1024,1536,sRGB,272267,1024,1536,sRGB,c741ac3865bb65b434d8870c97cc7ed3c04b29ac4e692af691c749339a0280e9
103,skipped_exists,4_run_drink tea/1/it_target.png,4_run_drink tea/1/it_target.jpg,2617366,1024,1536,sRGB,265952,1024,1536,sRGB,92c27cfe868f87c2095e1b0a23a92feef3229ce8940879e33d4f7ae21935b467
104,skipped_exists,4_run_drink tea/1/tr_target.png,4_run_drink tea/1/tr_target.jpg,2493441,1024,1536,sRGB,212740,1024,1536,sRGB,ce1d7a6fe26d833665a6724e44a86e707974329b6341fde1f59386ab16defbdb
105,skipped_exists,4_run_drink tea/2/coh_1.png,4_run_drink tea/2/coh_1.jpg,2611478,1024,1536,sRGB,290216,1024,1536,sRGB,280f5a125f2d3f4665b43a24e8cc1ade5182f186ce36c332cc1b3e7be221c4e7
106,skipped_exists,4_run_drink tea/2/coh_2.png,4_run_drink tea/2/coh_2.jpg,2898023,1024,1536,sRGB,341757,1024,1536,sRGB,e54f80231b59082b35f3cd100c8c41f9bb2ff39874dc7e7662b33b5cf0f192de
107,skipped_exists,4_run_drink tea/2/end_coh_it.png,4_run_drink tea/2/end_coh_it.jpg,2774884,1024,1536,sRGB,314708,1024,1536,sRGB,614b9013d0320c109bb84ed3488fd20134b8496b6814c9100f870e12d9e536be
108,skipped_exists,4_run_drink tea/2/end_ic_it.png,4_run_drink tea/2/end_ic_it.jpg,2731782,1024,1536,sRGB,310705,1024,1536,sRGB,155ebe811bd36538b2ac8da925dfd4e0c89b58528f86cd1f56e4d1a1d978edde
109,skipped_exists,4_run_drink tea/2/end_ic_tr.png,4_run_drink tea/2/end_ic_tr.jpg,2526083,1024,1536,sRGB,275433,1024,1536,sRGB,f7843189b164c1c76602ad72f5edfb58e7e9acd9cd88b81218512650274adbf8
110,skipped_exists,4_run_drink tea/2/ic_1.png,4_run_drink tea/2/ic_1.jpg,3018707,1024,1536,sRGB,435600,1024,1536,sRGB,cd87bc2a8287abda0544d0db8d2a8110367c49713f6ede83928b449646df71af
111,skipped_exists,4_run_drink tea/2/it_target.png,4_run_drink tea/2/it_target.jpg,2112517,1024,1536,sRGB,209297,1024,1536,sRGB,396f53ed76068a2f3917bb9cd055992fef20d9d9e6e5fc7754567d78f8282613
112,skipped_exists,4_run_drink tea/2/tr_target.png,4_run_drink tea/2/tr_target.jpg,2830490,1024,1536,sRGB,307208,1024,1536,sRGB,900a4562603d6d171a27b959b4c72f11fa752629f9140224b899b5bc7937f2e7
113,skipped_exists,4_run_drink tea/3/coh_1.png,4_run_drink tea/3/coh_1.jpg,2577241,1024,1536,sRGB,276916,1024,1536,sRGB,15611e8bcbaa4a36b5cb37584c19b44dc6d1a2b540491c7506f636bd1b1adb69
114,skipped_exists,4_run_drink tea/3/coh_2.png,4_run_drink tea/3/coh_2.jpg,2794388,1024,1536,sRGB,317611,1024,1536,sRGB,d8b5e4b0dd2e1b1f92056a37d888f5ac29fc6df30634627a4020576bdf180ed2
115,skipped_exists,4_run_drink tea/3/end_coh_it.png,4_run_drink tea/3/end_coh_it.jpg,2872255,1024,1536,sRGB,331808,1024,1536,sRGB,6e8c1aceb26ac3fa8f1488b78a93986a0a86981226deccec35b6886e470e654c
116,skipped_exists,4_run_drink tea/3/end_ic_it.png,4_run_drink tea/3/end_ic_it.jpg,2264937,1024,1536,sRGB,215778,1024,1536,sRGB,d8cbbaee93638ccadb4bb2a4a95873aed29c1bde0cddb28824ef02a56eb08a05
117,skipped_exists,4_run_drink tea/3/end_ic_tr.png,4_run_drink tea/3/end_ic_tr.jpg,2916090,1024,1536,sRGB,331936,1024,1536,sRGB,c0da34417bfca2562f50b0d26c9ddc32b480393bc72cef7b05361b3591f7f487
118,skipped_exists,4_run_drink tea/3/ic_1.png,4_run_drink tea/3/ic_1.jpg,2725434,1024,1536,sRGB,306869,1024,1536,sRGB,e81887b3e24a146dc46289cac987c880446df0369784013a15d14f809eeb5a88
119,skipped_exists,4_run_drink tea/3/it_target.png,4_run_drink tea/3/it_target.jpg,2610876,1024,1536,sRGB,270734,1024,1536,sRGB,f8a52232c0fd5c95d6833998fb5ccf65b825232eca1706e112296165acee56a4
120,skipped_exists,4_run_drink tea/3/tr_target.png,4_run_drink tea/3/tr_target.jpg,2465080,1024,1536,sRGB,222211,1024,1536,sRGB,26614221b8f3ef3b426d861bc2d956cbbcc6197624dbfe8f7bc1d87d585a04c2
121,skipped_exists,4_run_drink tea/4/coh_1.png,4_run_drink tea/4/coh_1.jpg,2502575,1024,1536,sRGB,288088,1024,1536,sRGB,9726f3086ec1cf42b934f01c5abbd8584d57fcd90b4710a9d2191498cf6fa72d
122,skipped_exists,4_run_drink tea/4/coh_2.png,4_run_drink tea/4/coh_2.jpg,2567151,1024,1536,sRGB,284576,1024,1536,sRGB,a3379815f298fab6a733d0ce9ee47ec7b3bf09c34abf3857d2e8bcb2bdc17e52
123,skipped_exists,4_run_drink tea/4/end_coh_it.png,4_run_drink tea/4/end_coh_it.jpg,2627626,1024,1536,sRGB,298726,1024,1536,sRGB,58f0fb45910aa7d48ebd9da08d75ab2ac6744bec0fa5eb37b332afc160056a8a
124,skipped_exists,4_run_drink tea/4/end_ic_it.png,4_run_drink tea/4/end_ic_it.jpg,2623259,1024,1536,sRGB,293502,1024,1536,sRGB,1028dabaad0bfaa8850770704bdf0f9234beabb0564dcc1a4c6d0f6e6b5eaf5a
125,skipped_exists,4_run_drink tea/4/end_ic_tr.png,4_run_drink tea/4/end_ic_tr.jpg,2668881,1024,1536,sRGB,279222,1024,1536,sRGB,2ca533603ddd0879dd8689225dad95810f0ecc3dc50514df626fa60a94c86650
126,skipped_exists,4_run_drink tea/4/ic_1.png,4_run_drink tea/4/ic_1.jpg,2532362,1024,1536,sRGB,316696,1024,1536,sRGB,14f9643785c5f43feed79f64f81c122d662fbdca648700676cba82d235c6234f
127,skipped_exists,4_run_drink tea/4/it_target.png,4_run_drink tea/4/it_target.jpg,2813476,1024,1536,sRGB,339841,1024,1536,sRGB,67dd27f7f1f2424633b1434ab27c679137fe95c455c3e9c470413df9297bc606
128,skipped_exists,4_run_drink tea/4/tr_target.png,4_run_drink tea/4/tr_target.jpg,2694251,1024,1536,sRGB,287866,1024,1536,sRGB,d5b06f364d690c0b3a257326ce138c9fb126742a164335adfed841ac4e71524b
129,skipped_exists,5_rest_build wall/1/coh_1.png,5_rest_build wall/1/coh_1.jpg,3126696,1024,1536,sRGB,373789,1024,1536,sRGB,2dbf471376d2f5b05864a52e524c634b6a454668a19ad3d67447cec9c32f7ec1
130,skipped_exists,5_rest_build wall/1/coh_2.png,5_rest_build wall/1/coh_2.jpg,2991740,1024,1536,sRGB,345701,1024,1536,sRGB,03e6adc04b9d84c0f29c7389a46185fab30a65419109764157f58c48dc3c2f39
131,skipped_exists,5_rest_build wall/1/end_coh_it.png,5_rest_build wall/1/end_coh_it.jpg,3135847,1024,1536,sRGB,372837,1024,1536,sRGB,8055efd220f4e48619fbeab32ed58aeb0843f892f3e336bc8b6ae9f193650a45
132,skipped_exists,5_rest_build wall/1/end_ic_it.png,5_rest_build wall/1/end_ic_it.jpg,2706088,1024,1536,sRGB,306579,1024,1536,sRGB,5138bb799d7509a95b06a742322d51b824a7ce8c108477e9242d21970b9fef77
133,skipped_exists,5_rest_build wall/1/end_ic_tr.png,5_rest_build wall/1/end_ic_tr.jpg,2827446,1024,1536,sRGB,331992,1024,1536,sRGB,5da64db446bcf65ea3bf4f2768941eb4d19d48dbb865e4ce44e5e7e18085112d
134,skipped_exists,5_rest_build wall/1/ic_1.png,5_rest_build wall/1/ic_1.jpg,2635597,1024,1535,sRGB,298456,1024,1536,sRGB,fd75ccd9baefbd7578c7a657ec289a1212adbb4b213a8d73fe0151c016746d6e
135,skipped_exists,5_rest_build wall/1/it_target.png,5_rest_build wall/1/it_target.jpg,3026293,1024,1536,sRGB,341970,1024,1536,sRGB,ec87970c5cd5c5c351691a8521b0a798afe1055ed6b890de2c3d33a62c1f600a
136,skipped_exists,5_rest_build wall/1/tr_target.png,5_rest_build wall/1/tr_target.jpg,2885647,1024,1536,sRGB,325183,1024,1536,sRGB,53b87e094bfbafcf09e9a13878f0962f165e5098135ff7b2640f676393cdad54
137,skipped_exists,5_rest_build wall/2/coh_1.png,5_rest_build wall/2/coh_1.jpg,2879209,1024,1536,sRGB,334672,1024,1536,sRGB,b027a224e6ba2cb47e897c695438094e6208bc9d8464f9fb6a69ba3651d366d4
138,skipped_exists,5_rest_build wall/2/coh_2.png,5_rest_build wall/2/coh_2.jpg,2912908,1024,1536,sRGB,345481,1024,1536,sRGB,9aec28a2011c09da705780fcde4f3e6b6b85e440b3b01666863ee1e79b7a1586
139,skipped_exists,5_rest_build wall/2/end_coh_it.png,5_rest_build wall/2/end_coh_it.jpg,2976889,1024,1536,sRGB,354885,1024,1536,sRGB,333f60d4ff890fa9f21a96349ad0baf6d20a8a37d2191321c571d3a3e8123085
140,skipped_exists,5_rest_build wall/2/end_ic_it.png,5_rest_build wall/2/end_ic_it.jpg,2882571,1024,1536,sRGB,339697,1024,1536,sRGB,81c7e01b6d0f4f695e90134f4b7fbbffd2dfa2f40c3a4207c406d17987aca213
141,skipped_exists,5_rest_build wall/2/end_ic_tr.png,5_rest_build wall/2/end_ic_tr.jpg,2965557,1024,1536,sRGB,364684,1024,1536,sRGB,66f332f9fe5bc95dd9cf42404516a9cc323edf5bf2c8ae6c23973e6806882fe1
142,skipped_exists,5_rest_build wall/2/ic_1.png,5_rest_build wall/2/ic_1.jpg,2990666,1024,1536,sRGB,356799,1024,1536,sRGB,389b2cefedb8a7c1d40b2e49136bba39a23fe98f4ca82382eb9e2a1c97eb6495
143,skipped_exists,5_rest_build wall/2/it_target.png,5_rest_build wall/2/it_target.jpg,2788625,1024,1536,sRGB,308592,1024,1536,sRGB,7bc44624fdf1a5e82fecbd186948bf99ca01c37148f0d103f39d9ed1908e43bc
144,skipped_exists,5_rest_build wall/2/tr_target.png,5_rest_build wall/2/tr_target.jpg,2951553,1024,1536,sRGB,350184,1024,1536,sRGB,17c842c6455c6d8e5987d68839eaa49c09214439efb74ed768de7145ea8381b1
145,skipped_exists,5_rest_build wall/3/coh_1.png,5_rest_build wall/3/coh_1.jpg,3039142,1024,1536,sRGB,362420,1024,1536,sRGB,1efe091b171074dd36f30eb9ff57909828f7b29a51ebf3bd882360b68d94cddf
146,skipped_exists,5_rest_build wall/3/coh_2.png,5_rest_build wall/3/coh_2.jpg,3055767,1024,1536,sRGB,372876,1024,1536,sRGB,2118797039fc194975117b34a75978f0941a67223e2fa3a03ca3b5d11f31ccf5
147,skipped_exists,5_rest_build wall/3/end_coh_it.png,5_rest_build wall/3/end_coh_it.jpg,3013693,1024,1536,sRGB,373406,1024,1536,sRGB,9df6d48a88f9dacaca2ce3a9dee1e6742e0bbbc11858b483013384a05a12c27d
148,skipped_exists,5_rest_build wall/3/end_ic_it.png,5_rest_build wall/3/end_ic_it.jpg,2721873,1024,1536,sRGB,323638,1024,1536,sRGB,0f91f32249f85a8e32d18ef3f207fea482e8fed7040a4d3cdd04565a9653cbb7
149,skipped_exists,5_rest_build wall/3/end_ic_tr.png,5_rest_build wall/3/end_ic_tr.jpg,2774769,1024,1536,sRGB,306536,1024,1536,sRGB,ce14282e510d209da0b11fcfda53512e0f44bee31d71c22876b330110f86ca03
150,skipped_exists,5_rest_build wall/3/ic_1.png,5_rest_build wall/3/ic_1.jpg,3209187,1024,1536,sRGB,421261,1024,1536,sRGB,2c26739bc2ba5fa7626173a5c979ddd9799431df3496f91c83072a57ef4b0da6
151,skipped_exists,5_rest_build wall/3/it_target.png,5_rest_build wall/3/it_target.jpg,3006323,1024,1536,sRGB,356002,1024,1536,sRGB,79f0b5961d90f90bc84467eac125fdb3d6d1214afe825847f3cc81c62eb980d5
152,skipped_exists,5_rest_build wall/3/tr_target.png,5_rest_build wall/3/tr_target.jpg,3010440,1024,1536,sRGB,363099,1024,1536,sRGB,2d0f6d76aa97f1c3e0a8d0ff7cc6fe4d0bc7d74dc9bc108d66af316663d911a9
153,skipped_exists,5_rest_build wall/4/coh_1.png,5_rest_build wall/4/coh_1.jpg,2965875,1024,1536,sRGB,354891,1024,1536,sRGB,51f8750e699536bb64b72f275cefdfa98736d6db2d87e981439d9d8fbce72895
154,skipped_exists,5_rest_build wall/4/coh_2.png,5_rest_build wall/4/coh_2.jpg,3025311,1024,1536,sRGB,374873,1024,1536,sRGB,e7dbb345345f2459a7bfb74df7b29c628f35b79a5cfb0a2821ae5c4e14f1ebc5
155,skipped_exists,5_rest_build wall/4/end_coh_it.png,5_rest_build wall/4/end_coh_it.jpg,2932979,1024,1536,sRGB,348529,1024,1536,sRGB,55d0f8ddc04a2f57058424215bbc5ee77578f81484c89f3fcaadda4f7a200572
156,skipped_exists,5_rest_build wall/4/end_ic_it.png,5_rest_build wall/4/end_ic_it.jpg,2858619,1024,1536,sRGB,342932,1024,1536,sRGB,bcadef26628895fc1dd545c47b7ed7a4d4bb038c0870d3197f4f55ee729c1cbd
157,skipped_exists,5_rest_build wall/4/end_ic_tr.png,5_rest_build wall/4/end_ic_tr.jpg,3079275,1024,1536,sRGB,384888,1024,1536,sRGB,d17e2234cc131c9fd0732f2e68ba86ebde269d8e7efee051c3a9637f9063bdac
158,skipped_exists,5_rest_build wall/4/ic_1.png,5_rest_build wall/4/ic_1.jpg,3136362,1024,1536,sRGB,398810,1024,1536,sRGB,bc54a98fb8a67121e6e05ace24e30b58037d0747fb3e2cc582070636902d9658
159,skipped_exists,5_rest_build wall/4/it_target.png,5_rest_build wall/4/it_target.jpg,2657612,1024,1536,sRGB,297453,1024,1536,sRGB,77498a1d5c5faa962067d10b00ef39d63650e55b4357d4669fed9642bd975061
160,skipped_exists,5_rest_build wall/4/tr_target.png,5_rest_build wall/4/tr_target.jpg,2592354,1024,1536,sRGB,294402,1024,1536,sRGB,e6865bdebf3719a420bd3eb40aafdcc0665d1826a6a738bf72b8eeff453b6ca7
161,skipped_exists,6_sleep_pluck tomatoes/1/coh_1.png,6_sleep_pluck tomatoes/1/coh_1.jpg,2397524,1024,1536,sRGB,238035,1024,1536,sRGB,b93911b1625dfaaa4d45d568b23e2907268336764b66b14b0c82453a576e6c55
162,skipped_exists,6_sleep_pluck tomatoes/1/coh_2.png,6_sleep_pluck tomatoes/1/coh_2.jpg,2445006,1024,1536,sRGB,250191,1024,1536,sRGB,3a52a86fc52a37892339f1ad9f5880d9288af6b61393ba48d2fce08788f1ae7d
163,skipped_exists,6_sleep_pluck tomatoes/1/end_coh_it.png,6_sleep_pluck tomatoes/1/end_coh_it.jpg,2790270,1024,1536,sRGB,338009,1024,1536,sRGB,b9d8e14daeb89e7b191105e92cd4ddc908cddee83da724652b2a1b99532ef380
164,skipped_exists,6_sleep_pluck tomatoes/1/end_ic_it.png,6_sleep_pluck tomatoes/1/end_ic_it.jpg,2157958,1024,1536,sRGB,176232,1024,1536,sRGB,a046af7108a3ac29686e421308dedbab6e4997ca95aa19458b18418df2f6a5c7
165,skipped_exists,6_sleep_pluck tomatoes/1/end_ic_tr.png,6_sleep_pluck tomatoes/1/end_ic_tr.jpg,2206850,1024,1536,sRGB,187587,1024,1536,sRGB,83adb2c0ef59a469b1108cc06ad7b79d57a9fee71db0093a2ff6404a20067f24
166,skipped_exists,6_sleep_pluck tomatoes/1/ic_1.png,6_sleep_pluck tomatoes/1/ic_1.jpg,2417319,1024,1536,sRGB,205691,1024,1536,sRGB,64a3f578fcdfd46c9fdd996bb0d129ebdb0113d712a3dafbc6eb73a773a78315
167,skipped_exists,6_sleep_pluck tomatoes/1/it_target.png,6_sleep_pluck tomatoes/1/it_target.jpg,2266587,1024,1536,sRGB,207047,1024,1536,sRGB,892644d6aaf46405ca6324d97e1793f0daa75d610763d247774cd0dbc2776bc3
168,skipped_exists,6_sleep_pluck tomatoes/1/tr_target.png,6_sleep_pluck tomatoes/1/tr_target.jpg,2385012,1024,1536,sRGB,241075,1024,1536,sRGB,aedebbc069e500bf95028234501bec2add4e2b7396a36fd94c3818c950d225f8
169,skipped_exists,6_sleep_pluck tomatoes/2/coh_1.png,6_sleep_pluck tomatoes/2/coh_1.jpg,2669651,1024,1536,sRGB,276496,1024,1536,sRGB,751c536d19bb63a1659d7ebbf2bc2bebbe2b3b588334662d5b537044fd2cc5a3
170,skipped_exists,6_sleep_pluck tomatoes/2/coh_2.png,6_sleep_pluck tomatoes/2/coh_2.jpg,2716601,1024,1536,sRGB,300668,1024,1536,sRGB,95d75192a344135058ed7ba3a7ff10e3287a9bad4b628f790a2aa08fdce18d8f
171,skipped_exists,6_sleep_pluck tomatoes/2/end_coh_it.png,6_sleep_pluck tomatoes/2/end_coh_it.jpg,2552227,1024,1536,sRGB,280767,1024,1536,sRGB,62131ee659874f1921a655fbf476cfe06b81893871c958fa0ef87db63f8d50b4
172,skipped_exists,6_sleep_pluck tomatoes/2/end_ic_it.png,6_sleep_pluck tomatoes/2/end_ic_it.jpg,2395059,1024,1536,sRGB,258561,1024,1536,sRGB,ddc28fb09940023d301131ff281f8c54562360614812778d3de47956e058e0c8
173,skipped_exists,6_sleep_pluck tomatoes/2/end_ic_tr.png,6_sleep_pluck tomatoes/2/end_ic_tr.jpg,2179568,1024,1536,sRGB,206729,1024,1536,sRGB,39f9180eea4b194215de96ba823803f82a207f6639a5543d02685003a97f8038
174,skipped_exists,6_sleep_pluck tomatoes/2/ic_1.png,6_sleep_pluck tomatoes/2/ic_1.jpg,2407613,1024,1536,sRGB,209938,1024,1536,sRGB,8cb464aeaf03ec8e83f7e019e3b1e38ac8abb5e36ae7aaa266b7ab91c805e342
175,skipped_exists,6_sleep_pluck tomatoes/2/it_target.png,6_sleep_pluck tomatoes/2/it_target.jpg,2383367,1024,1536,sRGB,237914,1024,1536,sRGB,6d8a0d03303e8c35d42cf447a967a6aefbd916fbd9bf168f7b36d66868d9729e
176,skipped_exists,6_sleep_pluck tomatoes/2/tr_target.png,6_sleep_pluck tomatoes/2/tr_target.jpg,2711059,1024,1536,sRGB,309285,1024,1536,sRGB,9d95aaf0b38fcb64a090122332eb1f7cfca3729e2b9fe1a92b3bb4c20551c734
177,skipped_exists,6_sleep_pluck tomatoes/3/coh_1.png,6_sleep_pluck tomatoes/3/coh_1.jpg,2747647,1024,1536,sRGB,310963,1024,1536,sRGB,03899ebbb0d03c7018e1e13b53fb988dd842a4c4271f17f5fff1574d2b9d8e94
178,skipped_exists,6_sleep_pluck tomatoes/3/coh_2.png,6_sleep_pluck tomatoes/3/coh_2.jpg,2637937,1024,1536,sRGB,286102,1024,1536,sRGB,0ea290dec42003c011bf8d7788193d30005c77f12aa758ed813b0dd89d6e0afc
179,skipped_exists,6_sleep_pluck tomatoes/3/end_coh_it.png,6_sleep_pluck tomatoes/3/end_coh_it.jpg,2894378,1024,1536,sRGB,331436,1024,1536,sRGB,e0339ddfbdccf3ec40d60061e84d379f03d30308579a3dfad284c78f27b85feb
180,skipped_exists,6_sleep_pluck tomatoes/3/end_ic_it.png,6_sleep_pluck tomatoes/3/end_ic_it.jpg,2281285,1024,1536,sRGB,199439,1024,1536,sRGB,497d04f62af9d6b0ffc111b9b2273dc4579abd00b2d59dc6d5609346299c04c6
181,skipped_exists,6_sleep_pluck tomatoes/3/end_ic_tr.png,6_sleep_pluck tomatoes/3/end_ic_tr.jpg,2290144,1024,1536,sRGB,212690,1024,1536,sRGB,79e89af374367fdf0fc80d35785bae2d899abcf32e51fdee028270c9524a9fb7
182,skipped_exists,6_sleep_pluck tomatoes/3/ic_1.png,6_sleep_pluck tomatoes/3/ic_1.jpg,2788217,1024,1536,sRGB,280664,1024,1536,sRGB,5bc5f52131681bb5622d4ef0bd746cb7ddeb5ebe18a924375929eb1eb50fe05e
183,skipped_exists,6_sleep_pluck tomatoes/3/it_target.png,6_sleep_pluck tomatoes/3/it_target.jpg,2520556,1024,1536,sRGB,256472,1024,1536,sRGB,0f441a9ca75418f4317d4cdb09fde05f8fbd5eb86661fd209a3c626601cbec5f
184,skipped_exists,6_sleep_pluck tomatoes/3/tr_target.png,6_sleep_pluck tomatoes/3/tr_target.jpg,2872934,1024,1536,sRGB,338135,1024,1536,sRGB,9120ef9bb1331d5d8b2aa7add3a2c94cca1aaf2145827a116ab6390c21da6ffc
185,skipped_exists,6_sleep_pluck tomatoes/4/coh_1.png,6_sleep_pluck tomatoes/4/coh_1.jpg,2672355,1024,1536,sRGB,286718,1024,1536,sRGB,d48a6f953a0c237f9ec6bdf632e5bb06150ffd409c2806104a962b8ab5c9a97a
186,skipped_exists,6_sleep_pluck tomatoes/4/coh_2.png,6_sleep_pluck tomatoes/4/coh_2.jpg,2610555,1024,1536,sRGB,282970,1024,1536,sRGB,91b917e004d34894c58e45991ad828d3095db3a0b61fc65cb34f6fff492925ba
187,skipped_exists,6_sleep_pluck tomatoes/4/end_coh_it.png,6_sleep_pluck tomatoes/4/end_coh_it.jpg,2482369,1024,1536,sRGB,273753,1024,1536,sRGB,205a0923e23a0692d819424eaafa370e3b3038c648f0820d5c9a5e9abf87686f
188,skipped_exists,6_sleep_pluck tomatoes/4/end_ic_it.png,6_sleep_pluck tomatoes/4/end_ic_it.jpg,2514647,1024,1536,sRGB,264562,1024,1536,sRGB,37059b704819edeab7ea3c1a9411ad5ca33946fe7731a1fdb56cc7f403d9044e
189,skipped_exists,6_sleep_pluck tomatoes/4/end_ic_tr.png,6_sleep_pluck tomatoes/4/end_ic_tr.jpg,2221789,1024,1536,sRGB,226083,1024,1536,sRGB,4bb63742ad9abf78cfbfaf2a4e1a9fe2ca2740c7498be944c9afb2df75845097
190,skipped_exists,6_sleep_pluck tomatoes/4/ic_1.png,6_sleep_pluck tomatoes/4/ic_1.jpg,2489790,1024,1536,sRGB,234468,1024,1536,sRGB,481db2ba20f840432acdc23ae391f7858ea2af5832ed6988e29891d56ced423f
191,skipped_exists,6_sleep_pluck tomatoes/4/it_target.png,6_sleep_pluck tomatoes/4/it_target.jpg,2171521,1024,1536,sRGB,204351,1024,1536,sRGB,9ec89e5dfb02feb66a90957723e24cf5c3c2dbeab12a2dba5b98add746a07758
192,skipped_exists,6_sleep_pluck tomatoes/4/tr_target.png,6_sleep_pluck tomatoes/4/tr_target.jpg,2484231,1024,1536,sRGB,265731,1024,1536,sRGB,3aaceb8d65972e438078cd064b7746afbd00b959e3dd128adead9cea389ad4b1
193,skipped_exists,7_sit_make fire/1/coh_1.png,7_sit_make fire/1/coh_1.jpg,4188561,1024,1536,sRGB,429179,1024,1536,sRGB,3bb4310b161073a7074f0614ca87d220d5c896387678a51f443c7421597486e8
194,skipped_exists,7_sit_make fire/1/coh_2.png,7_sit_make fire/1/coh_2.jpg,2363226,1024,1535,sRGB,225004,1024,1536,sRGB,7cc9fdf00e8f648ddd02441e859bc0be4366b33f5093bed457b81946dbf4b382
195,skipped_exists,7_sit_make fire/1/end_coh_it.png,7_sit_make fire/1/end_coh_it.jpg,2847608,1024,1536,sRGB,349287,1024,1536,sRGB,0276b4c997d0862c5bcb9db6b47f803e744cb1f69490d741d545e06bb99df20c
196,skipped_exists,7_sit_make fire/1/end_ic_it.png,7_sit_make fire/1/end_ic_it.jpg,3067451,1024,1536,sRGB,373362,1024,1536,sRGB,5fcc576dea9077d2e0fb5ceaded194e42fa3d54e7722e233e9a66889a6ad3b2f
197,skipped_exists,7_sit_make fire/1/end_ic_tr.png,7_sit_make fire/1/end_ic_tr.jpg,2470440,1024,1536,sRGB,246980,1024,1536,sRGB,25503757176a71eb03a7bf10916344806484490fdd152b2b3d744644af534343
198,skipped_exists,7_sit_make fire/1/ic_1.png,7_sit_make fire/1/ic_1.jpg,2525930,1024,1536,sRGB,244209,1024,1536,sRGB,1d88e6b21febfb38927eae6cf3a69090709e5a1b2a54f91afb9173bee1a9e64b
199,skipped_exists,7_sit_make fire/1/it_target.png,7_sit_make fire/1/it_target.jpg,2437211,1024,1536,sRGB,255525,1024,1536,sRGB,5385398c5f7406f36ee02d4e4953fcff1fad3b092776d16fedf369e8039f6612
200,skipped_exists,7_sit_make fire/1/tr_target.png,7_sit_make fire/1/tr_target.jpg,2796576,1024,1536,sRGB,282223,1024,1536,sRGB,d0a0a7c9c024ce2a1b83b1c5414e26179345d2f3373eacf6aabe50ea8ccfae07
201,skipped_exists,7_sit_make fire/2/coh_1.png,7_sit_make fire/2/coh_1.jpg,3000079,1024,1536,sRGB,346382,1024,1536,sRGB,033c6452428615915a0de34e8b58cdea01aef3dc86690f1fa701ccc8a35b7eb4
202,skipped_exists,7_sit_make fire/2/coh_2.png,7_sit_make fire/2/coh_2.jpg,2649829,1024,1536,sRGB,290080,1024,1536,sRGB,a9cb7aafcaa9e142a5f534cdc3a3c1143295eb7430e610c368a34b8e0c64abf9
203,skipped_exists,7_sit_make fire/2/end_coh_it.png,7_sit_make fire/2/end_coh_it.jpg,2560563,1024,1536,sRGB,294963,1024,1536,sRGB,754a4ff661ed4b3f297575f1c13ed80e516ea84cf179b1568fc9f75af4ac5d14
204,skipped_exists,7_sit_make fire/2/end_ic_it.png,7_sit_make fire/2/end_ic_it.jpg,2596131,1024,1536,sRGB,283021,1024,1536,sRGB,0c4a073b115b8ce7e41469bd4cc665b0ba643f0208ffa306c371f350e3f95d46
205,skipped_exists,7_sit_make fire/2/end_ic_tr.png,7_sit_make fire/2/end_ic_tr.jpg,2604201,1024,1536,sRGB,280248,1024,1536,sRGB,89e7b24393e3e3fd189a4073319b6a0e36b1cd079039b576ffb971531714d57c
206,converted,7_sit_make fire/2/ic_1.png,7_sit_make fire/2/ic_1.jpg,2008990,1024,1536,sRGB,153573,1024,1536,sRGB,e240e88fec1f4e3153f6176c9779c940f0f6378127eddac967877258e3e7f105
207,skipped_exists,7_sit_make fire/2/it_target.png,7_sit_make fire/2/it_target.jpg,2573202,1024,1536,sRGB,267930,1024,1536,sRGB,51fb325e10eb661ddf0d18f01a69c805eefc86ff30b15fcf027f6f910ec78c4f
208,skipped_exists,7_sit_make fire/2/tr_target.png,7_sit_make fire/2/tr_target.jpg,2952887,1024,1536,sRGB,329028,1024,1536,sRGB,39cacc612a404f6650c91c490bcafc9976929d591879ba86990513be062f5a8a
209,skipped_exists,7_sit_make fire/3/coh_1.png,7_sit_make fire/3/coh_1.jpg,2690773,1024,1536,sRGB,283177,1024,1536,sRGB,3d84fb4c5a7ab480d1707a7ea39d69b59930bd4a7531caf2593ffe0b4c7f7057
210,skipped_exists,7_sit_make fire/3/coh_2.png,7_sit_make fire/3/coh_2.jpg,2463203,1024,1536,sRGB,254213,1024,1536,sRGB,15a93668dd78e491697d4dfd6f9c46e4f7a02b8fdb5a30aacf74da0991b19d36
211,skipped_exists,7_sit_make fire/3/end_coh_it.png,7_sit_make fire/3/end_coh_it.jpg,2685987,1024,1536,sRGB,310008,1024,1536,sRGB,0d2121c599ef9840639fb968621a7c9042fb52a0a38f4d6745ce2d304f968836
212,skipped_exists,7_sit_make fire/3/end_ic_it.png,7_sit_make fire/3/end_ic_it.jpg,3346893,1024,1536,sRGB,407917,1024,1536,sRGB,855e6960c72fd984738a4c9abb6fd1ba6b6e3430f5f828b35b918b11f8624cf8
213,skipped_exists,7_sit_make fire/3/end_ic_tr.png,7_sit_make fire/3/end_ic_tr.jpg,2632428,1024,1536,sRGB,269466,1024,1536,sRGB,39a714bbc5069a8dd778d1d54cbcec83a7b15da9e19ee39954cdde76c9a1baec
214,skipped_exists,7_sit_make fire/3/ic_1.png,7_sit_make fire/3/ic_1.jpg,2192582,1024,1536,sRGB,173644,1024,1536,sRGB,8a55c57d0241a2688b4fcb2d6824296d7b24767944f8be4f94c8418634387439
215,skipped_exists,7_sit_make fire/3/it_target.png,7_sit_make fire/3/it_target.jpg,2746486,1024,1536,sRGB,302591,1024,1536,sRGB,72309bce3fbba7be454512e0ace31211bedcbe0e3fadab592a11cff889e13749
216,skipped_exists,7_sit_make fire/3/tr_target.png,7_sit_make fire/3/tr_target.jpg,2807578,1024,1536,sRGB,296784,1024,1536,sRGB,61f74f906efd908597601fde76accd264673e4958d9b1dc1eb01a4f92a5d87d5
217,skipped_exists,7_sit_make fire/4/coh_1.png,7_sit_make fire/4/coh_1.jpg,2470813,1024,1536,sRGB,252397,1024,1536,sRGB,baaeaf3f52b11000b9f5415f8201f2484eb488b7b67a82e104be291592a45521
218,skipped_exists,7_sit_make fire/4/coh_2.png,7_sit_make fire/4/coh_2.jpg,2638064,1024,1536,sRGB,300909,1024,1536,sRGB,2c1e0b93ef6a01245c140daf3a5b053136d56359f2277282e959ae5fc591e0ad
219,skipped_exists,7_sit_make fire/4/end_coh_it.png,7_sit_make fire/4/end_coh_it.jpg,2913807,1024,1536,sRGB,362202,1024,1536,sRGB,3d31c406e5798273fe43512371f5f15cc794cc42e12aee5f0fd5ffc901d5d8ad
220,skipped_exists,7_sit_make fire/4/end_ic_it.png,7_sit_make fire/4/end_ic_it.jpg,2658780,1024,1536,sRGB,300320,1024,1536,sRGB,39052990c363d61050b40afaf25345df6a7142e4ba54d3fe41bf167cca237868
221,skipped_exists,7_sit_make fire/4/end_ic_tr.png,7_sit_make fire/4/end_ic_tr.jpg,2698771,1024,1536,sRGB,310286,1024,1536,sRGB,b0eb2bef0e4b4c1aa54067dd1bb384822464d4106c91522d63134f785807f8fa
222,converted,7_sit_make fire/4/ic_1.png,7_sit_make fire/4/ic_1.jpg,2305601,1024,1536,sRGB,198957,1024,1536,sRGB,7f720e667da4dadab882eb45bd2e983f348524347c93ca21eaac7d90ed864390
223,skipped_exists,7_sit_make fire/4/it_target.png,7_sit_make fire/4/it_target.jpg,2698568,1024,1536,sRGB,319879,1024,1536,sRGB,2df961ac617a6dcd52842e54dbf1cd75b112af607e539ee0c71727392c357dbb
224,skipped_exists,7_sit_make fire/4/tr_target.png,7_sit_make fire/4/tr_target.jpg,2388853,1024,1536,sRGB,257265,1024,1536,sRGB,517b8028fe9f9f66f6700cb0d79428878bb200a07f9f51377574f46bc2724b3e
225,skipped_exists,8_smile_weave garland/1/coh_1.png,8_smile_weave garland/1/coh_1.jpg,2641021,1024,1536,sRGB,244794,1024,1536,sRGB,5dc4a5d292d89df6b4101307902573e5c25702dbf4d4a826c63da50330ea68e7
226,skipped_exists,8_smile_weave garland/1/coh_2.png,8_smile_weave garland/1/coh_2.jpg,2621283,1024,1536,sRGB,236225,1024,1536,sRGB,27d5dfdfeeb68772aa17eecf76cc8cdaabaef67a1c7f442d773f39da25cf5598
227,skipped_exists,8_smile_weave garland/1/end_coh_it.png,8_smile_weave garland/1/end_coh_it.jpg,2361972,1024,1536,sRGB,241989,1024,1536,sRGB,e3dff095d51fb153100a9f2673f494a0e98d163ec3bb891ec0e13b63f61c2fab
228,skipped_exists,8_smile_weave garland/1/end_ic_it.png,8_smile_weave garland/1/end_ic_it.jpg,2471427,1024,1536,sRGB,238418,1024,1536,sRGB,c79f519cd85ab26a721c192f23e2f0d7a528c89305ef8d1642c5763d6c091102
229,skipped_exists,8_smile_weave garland/1/end_ic_tr.png,8_smile_weave garland/1/end_ic_tr.jpg,2161768,1024,1536,sRGB,183563,1024,1536,sRGB,39cd962ed35ec079c88a66ae0fde92fea4c85d460ddb444d5e27b7de458a00ac
230,skipped_exists,8_smile_weave garland/1/ic_1.png,8_smile_weave garland/1/ic_1.jpg,2162216,1024,1536,sRGB,176731,1024,1536,sRGB,9bffe705abb3567523f7ff038505e3eaebceed7d6ed3f66e4ace5e91fb6b3a74
231,skipped_exists,8_smile_weave garland/1/it_target.png,8_smile_weave garland/1/it_target.jpg,2229229,1024,1536,sRGB,163985,1024,1536,sRGB,79b7a94d156cb96f4fb0748b3f2c52e6f6ed07912a4a351cdf096c7314145489
232,skipped_exists,8_smile_weave garland/1/tr_target.png,8_smile_weave garland/1/tr_target.jpg,2491164,1024,1536,sRGB,194343,1024,1536,sRGB,faab7e330e16fdd4dbb645136a2247748d9d93cf4ef7b30aa2f5bd7ab680c40b
233,skipped_exists,8_smile_weave garland/2/coh_1.png,8_smile_weave garland/2/coh_1.jpg,2513942,1024,1536,sRGB,287987,1024,1536,sRGB,209eb10b3aa20c43e72bba9ea4441b35d607a5892c6d51738ad5c632d56cab42
234,skipped_exists,8_smile_weave garland/2/coh_2.png,8_smile_weave garland/2/coh_2.jpg,2280767,1024,1536,sRGB,214748,1024,1536,sRGB,76673d0e8ff275c4ddbcab24b4538b7d87b0e4e4685521444eb508270b0240c8
235,skipped_exists,8_smile_weave garland/2/end_coh_it.png,8_smile_weave garland/2/end_coh_it.jpg,2518898,1024,1536,sRGB,268892,1024,1536,sRGB,2b8f192a7b850c30a4181ae963970c1defc3166757e806190d33d4a8ecf4c6cb
236,skipped_exists,8_smile_weave garland/2/end_ic_it.png,8_smile_weave garland/2/end_ic_it.jpg,2443742,1024,1536,sRGB,256737,1024,1536,sRGB,2215f1b0b41df8bb5b0fad7ece4246a53bdb48153dd11b946111ed257b6b0b2b
237,skipped_exists,8_smile_weave garland/2/end_ic_tr.png,8_smile_weave garland/2/end_ic_tr.jpg,2571965,1024,1536,sRGB,263806,1024,1536,sRGB,4fc2090b421b4ebbb11c38e21f8b83138b16f382af2262afeb6a30c513dc9c11
238,skipped_exists,8_smile_weave garland/2/ic_1.png,8_smile_weave garland/2/ic_1.jpg,2765031,1024,1536,sRGB,290633,1024,1536,sRGB,a312cac20839604eeee244d7f09cc16ca614ff43e80ace9ff3dc3419a58b1319
239,skipped_exists,8_smile_weave garland/2/it_target.png,8_smile_weave garland/2/it_target.jpg,2679331,1024,1536,sRGB,314615,1024,1536,sRGB,fc2d6799f90c465e1ca18de579dbdadb00ef30c70a17416d4c7566c4b3ee437d
240,skipped_exists,8_smile_weave garland/2/tr_target.png,8_smile_weave garland/2/tr_target.jpg,2429081,1024,1536,sRGB,228932,1024,1536,sRGB,fadd5b4ffdee7b6671b795f3d44787020c2bf32608ee40e5f3e11533de5cc533
241,skipped_exists,8_smile_weave garland/3/coh_1.png,8_smile_weave garland/3/coh_1.jpg,2275907,1024,1536,sRGB,239755,1024,1536,sRGB,51ed7e8db56c6d174ce567a1dbaf0367545230fc6c1535f5038605aff804b2b3
242,skipped_exists,8_smile_weave garland/3/coh_2.png,8_smile_weave garland/3/coh_2.jpg,2467448,1024,1536,sRGB,252923,1024,1536,sRGB,33258a2434e3325b5e4f435578762deda859a8c85c467201d3a4f1073a27703f
243,skipped_exists,8_smile_weave garland/3/end_coh_it.png,8_smile_weave garland/3/end_coh_it.jpg,2565044,1024,1536,sRGB,290136,1024,1536,sRGB,a3bc0022de29065ac115d68429a0f110511c943f7c97b9b353d3e686bc8975ba
244,skipped_exists,8_smile_weave garland/3/end_ic_it.png,8_smile_weave garland/3/end_ic_it.jpg,2387272,1024,1536,sRGB,228430,1024,1536,sRGB,8f217793c3ef9822121b3a390658ae03974ba0a9ce2dc820b60063386d21e0c4
245,skipped_exists,8_smile_weave garland/3/end_ic_tr.png,8_smile_weave garland/3/end_ic_tr.jpg,2243336,1024,1536,sRGB,209540,1024,1536,sRGB,fbbf25bbe8679862401bf7e6551f3bd6c9d59d0717d9e75a435af166099fc7c7
246,skipped_exists,8_smile_weave garland/3/ic_1.png,8_smile_weave garland/3/ic_1.jpg,2465554,1024,1536,sRGB,255952,1024,1536,sRGB,5ad32f96d222d30328f604e9645f99f05d6a63d99dd28c9a41cbff3f0fa74061
247,skipped_exists,8_smile_weave garland/3/it_target.png,8_smile_weave garland/3/it_target.jpg,2273486,1024,1536,sRGB,192216,1024,1536,sRGB,c3ad7eeb007b3c897316268783ce4b8ed574d3610a60cb09e6c83501e3b96cd6
248,skipped_exists,8_smile_weave garland/3/tr_target.png,8_smile_weave garland/3/tr_target.jpg,2442706,1024,1536,sRGB,239786,1024,1536,sRGB,aa07e0b945d9f56eb0fb6070f8ad67759ec0e452422aaa1cf378c2fdaddff24e
249,skipped_exists,8_smile_weave garland/4/coh_1.png,8_smile_weave garland/4/coh_1.jpg,2735056,1024,1536,sRGB,325696,1024,1536,sRGB,d680e75cb9a94bf655172516e34445f860881addb9e6ef14d58955ac3adf955c
250,skipped_exists,8_smile_weave garland/4/coh_2.png,8_smile_weave garland/4/coh_2.jpg,2418068,1024,1536,sRGB,234244,1024,1536,sRGB,dff2638ba2f9e8a4a5018c9a5698148a89c0d9e37fb90dda2d073a0c3466e56f
251,skipped_exists,8_smile_weave garland/4/end_coh_it.png,8_smile_weave garland/4/end_coh_it.jpg,2578935,1024,1536,sRGB,272011,1024,1536,sRGB,533768a5e9ff3ec756b8beac0ef9ab85f805b44b80fb089e092312da93264454
252,skipped_exists,8_smile_weave garland/4/end_ic_it.png,8_smile_weave garland/4/end_ic_it.jpg,2338146,1024,1536,sRGB,221994,1024,1536,sRGB,805fbd8bd57a073e0f33aa7be047ee2b200886918a3a9f057a72059ff362e4c3
253,skipped_exists,8_smile_weave garland/4/end_ic_tr.png,8_smile_weave garland/4/end_ic_tr.jpg,2419111,1024,1536,sRGB,237413,1024,1536,sRGB,c5b2e3dc887eff3efd16da06ca443a1228f24939a2ca667925da869777edbf67
254,converted,8_smile_weave garland/4/ic_1.png,8_smile_weave garland/4/ic_1.jpg,3250181,1024,1536,sRGB,411452,1024,1536,sRGB,d10219bf9ef2eb3f45bc8aeb81abe13002cd0af3e432c0165890bf122b04517c
255,skipped_exists,8_smile_weave garland/4/it_target.png,8_smile_weave garland/4/it_target.jpg,2454218,1024,1536,sRGB,228328,1024,1536,sRGB,e859398fb6140367aa2edd7b0cc310522d5a084740452d27e25b6dc60f26b0a2
256,skipped_exists,8_smile_weave garland/4/tr_target.png,8_smile_weave garland/4/tr_target.jpg,2335968,1024,1536,sRGB,219594,1024,1536,sRGB,03cbd47c6ae05f3a272c0f2d8ddbd4a149f72d9dac666995cb5175a752ed462a
257,skipped_exists,9_descend_harvest rice/1/coh_1.png,9_descend_harvest rice/1/coh_1.jpg,2797142,1024,1536,sRGB,295257,1024,1536,sRGB,580467b93d413c0027be32c0e668dfc2cd05cb3174875be8a2c2d11237a758fd
258,skipped_exists,9_descend_harvest rice/1/coh_2.png,9_descend_harvest rice/1/coh_2.jpg,3032441,1024,1536,sRGB,318647,1024,1536,sRGB,d166e61fe1dea0c2edaa19745ca24f3cb91703944272171a95c591dfa9090a67
259,skipped_exists,9_descend_harvest rice/1/end_coh_it.png,9_descend_harvest rice/1/end_coh_it.jpg,2926483,1024,1536,sRGB,260314,1024,1536,sRGB,1bc087627565e160aa39e8a970f488761c107e9c69876422cce01b5d58f06c23
260,skipped_exists,9_descend_harvest rice/1/end_ic_it.png,9_descend_harvest rice/1/end_ic_it.jpg,2603227,965,1448,sRGB,308792,1024,1536,sRGB,beaa1861e8a962acae81a4285a1d367effac493bf9e322535b3f5dbfdb87f616
261,skipped_exists,9_descend_harvest rice/1/end_ic_tr.png,9_descend_harvest rice/1/end_ic_tr.jpg,2967593,1024,1536,sRGB,364631,1024,1536,sRGB,98748db0277f820fcb8b635364efd8d19e6ad9d6d7a2fa8144766df5bba4723d
262,skipped_exists,9_descend_harvest rice/1/ic_1.png,9_descend_harvest rice/1/ic_1.jpg,2931536,1024,1536,sRGB,352911,1024,1536,sRGB,dadd53fcfd5fb6057838c135cf5d180a7395b5bce1aa9d313c9937aa0f08332b
263,skipped_exists,9_descend_harvest rice/1/it_target.png,9_descend_harvest rice/1/it_target.jpg,2305121,1024,1536,sRGB,221261,1024,1536,sRGB,b0573583bdf824acb7bf0d8dcde76867fd096824cd4806474d983f36690b1633
264,skipped_exists,9_descend_harvest rice/1/tr_target.png,9_descend_harvest rice/1/tr_target.jpg,2906078,1024,1536,sRGB,294767,1024,1536,sRGB,a7656a84f6e01e1b318fa0004a43c1803f5ad2d155d5e568ede0861d4d0869bd
265,skipped_exists,9_descend_harvest rice/2/coh_1.png,9_descend_harvest rice/2/coh_1.jpg,2632679,1024,1536,sRGB,270845,1024,1536,sRGB,5ec9812aa33ad9a872dccf638f8d35f0397818f22df8ba33984f8d15f165234b
266,skipped_exists,9_descend_harvest rice/2/coh_2.png,9_descend_harvest rice/2/coh_2.jpg,2725004,1024,1536,sRGB,262168,1024,1536,sRGB,1c6fa5b76504d432383d8f4485d52d15e49dd561480e7af80657dc24f5d4351f
267,skipped_exists,9_descend_harvest rice/2/end_coh_it.png,9_descend_harvest rice/2/end_coh_it.jpg,2743294,1024,1536,sRGB,316363,1024,1536,sRGB,18bf570c16b841c7bdd05b717b61f0142dbd85dfd1aaf2581e84a87167b7bf4f
268,skipped_exists,9_descend_harvest rice/2/end_ic_it.png,9_descend_harvest rice/2/end_ic_it.jpg,3456270,1024,1536,sRGB,453749,1024,1536,sRGB,d0dfa1b8d22408453d31b6e10bce0f1a67eb1dcb86c9ecf2e18a00ec4d168706
269,skipped_exists,9_descend_harvest rice/2/end_ic_tr.png,9_descend_harvest rice/2/end_ic_tr.jpg,2778629,1024,1536,sRGB,327098,1024,1536,sRGB,489a344c6693384bf9e215530470cfdb013aaf693cdabd1b504085cec338e76a
270,skipped_exists,9_descend_harvest rice/2/ic_1.png,9_descend_harvest rice/2/ic_1.jpg,3272711,1024,1536,sRGB,409969,1024,1536,sRGB,4015585e53475c5b645632e0b5529a10e5b0899aa49b862053b8cc95418880af
271,skipped_exists,9_descend_harvest rice/2/it_target.png,9_descend_harvest rice/2/it_target.jpg,2862956,1024,1536,sRGB,356061,1024,1536,sRGB,647e87415ce3e93098e16004c39464acb2100136e7d68954ed89095d5adc58bd
272,skipped_exists,9_descend_harvest rice/2/tr_target.png,9_descend_harvest rice/2/tr_target.jpg,2768148,1024,1536,sRGB,313475,1024,1536,sRGB,3fbd711e141c31902be4b9e4e8868cc3a9f1f0cdfd39797ce1f80f8e12ea2952
273,skipped_exists,9_descend_harvest rice/3/coh_1.png,9_descend_harvest rice/3/coh_1.jpg,2473883,1024,1536,sRGB,246003,1024,1536,sRGB,25ea87fec17feae583f89e2f158abec1fa05935c4ecbcc0d58aaa1239b8e53ce
274,skipped_exists,9_descend_harvest rice/3/coh_2.png,9_descend_harvest rice/3/coh_2.jpg,2455052,1024,1536,sRGB,219526,1024,1536,sRGB,b7a5f5e6b40faa3e927e5ec6a9423747d65b225c304fb0cae666a21a16484414
275,skipped_exists,9_descend_harvest rice/3/end_coh_it.png,9_descend_harvest rice/3/end_coh_it.jpg,2603063,1024,1536,sRGB,256105,1024,1536,sRGB,dcec0b0e63b3694c414275560478d8a6976d63065024c4844c394defa1cbe541
276,skipped_exists,9_descend_harvest rice/3/end_ic_it.png,9_descend_harvest rice/3/end_ic_it.jpg,3025586,1024,1536,sRGB,369689,1024,1536,sRGB,547e6a55577e9aab2cd3256cbd62183de04f4a2fcc86106374764880f19b6b9a
277,skipped_exists,9_descend_harvest rice/3/end_ic_tr.png,9_descend_harvest rice/3/end_ic_tr.jpg,2742808,1024,1536,sRGB,370620,1024,1536,sRGB,95099da1c214e11eae9f497c1b440a24245fd772053215ff1e65c804501640dc
278,skipped_exists,9_descend_harvest rice/3/ic_1.png,9_descend_harvest rice/3/ic_1.jpg,3279917,1024,1536,sRGB,404151,1024,1536,sRGB,2f5967b57a67650b3b242794f924378866f7d7d64a536f410ec1492efb0a7a98
279,skipped_exists,9_descend_harvest rice/3/it_target.png,9_descend_harvest rice/3/it_target.jpg,2855505,1024,1536,sRGB,338386,1024,1536,sRGB,2e0e31ed7f9aa2f52351d768a2b71d219c3e63fb2e48f3de48cdbf77c25bd8f8
280,skipped_exists,9_descend_harvest rice/3/tr_target.png,9_descend_harvest rice/3/tr_target.jpg,2923319,1024,1536,sRGB,342202,1024,1536,sRGB,ab34b5886a5abb70197d0b4bbf5e6f047604f17f397f051e22e2fb8b169917b1
281,skipped_exists,9_descend_harvest rice/4/coh_1.png,9_descend_harvest rice/4/coh_1.jpg,2735824,1024,1536,sRGB,289576,1024,1536,sRGB,0d18ad30e9a0b212dc4ec85882c3d110a7ee03e75895551cd07ed8a3b2d9ee64
282,skipped_exists,9_descend_harvest rice/4/coh_2.png,9_descend_harvest rice/4/coh_2.jpg,2589241,1024,1536,sRGB,282725,1024,1536,sRGB,32ec22dffd087120e0c13e4b588d09913743131fbb0c0e105a04dd1d4171b51b
283,skipped_exists,9_descend_harvest rice/4/end_coh_it.png,9_descend_harvest rice/4/end_coh_it.jpg,2736692,1024,1536,sRGB,306357,1024,1536,sRGB,576a478aa6dd66f357beab77c7a2d101edb2a5c7171f55160ed3b25451ccbcae
284,skipped_exists,9_descend_harvest rice/4/end_ic_it.png,9_descend_harvest rice/4/end_ic_it.jpg,3377373,1024,1536,sRGB,452930,1024,1536,sRGB,6c00595f29e07786764a6ade026a69329e4ffc60804c5d0bd351051f89622e0f
285,skipped_exists,9_descend_harvest rice/4/end_ic_tr.png,9_descend_harvest rice/4/end_ic_tr.jpg,2789079,1024,1536,sRGB,326906,1024,1536,sRGB,8fead9d84eebf11fe981f2f884c5702d6be02806fd2ed4c9c22a7a4460d78887
286,skipped_exists,9_descend_harvest rice/4/ic_1.png,9_descend_harvest rice/4/ic_1.jpg,2873385,1024,1536,sRGB,300847,1024,1536,sRGB,e75e1afdfe2d05b494c532cb0ec6c049bf550e556ebfce657925672004d3c830
287,skipped_exists,9_descend_harvest rice/4/it_target.png,9_descend_harvest rice/4/it_target.jpg,2657307,1023,1537,sRGB,310119,1024,1536,sRGB,cfec247d73aedfe3e6236d00e5da9f1288c1dc8aacfffb95fdf76074fc5f8d30
288,skipped_exists,9_descend_harvest rice/4/tr_target.png,9_descend_harvest rice/4/tr_target.jpg,2406248,1024,1536,sRGB,267585,1024,1536,sRGB,aa19479e244e0be3885be4930327aa1007c9b0b269aff7d9d03c4eab0f944a7e
289,skipped_exists,10_run_cook pancakes/1/coh_1.png,10_run_cook pancakes/1/coh_1.jpg,2310494,1023,1537,sRGB,260583,1024,1536,sRGB,d34dbc67a421dc7b684e43a660185f4086421abe2e420612c62ee8d786506224
290,skipped_exists,10_run_cook pancakes/1/coh_2.png,10_run_cook pancakes/1/coh_2.jpg,2808045,1024,1536,sRGB,336493,1024,1536,sRGB,071465cb72136325461c1f7304d5ac6fc9c3479f7fa3a63365330d1fcd3b76b6
291,skipped_exists,10_run_cook pancakes/1/end_coh_it.png,10_run_cook pancakes/1/end_coh_it.jpg,3145566,1024,1536,sRGB,408309,1024,1536,sRGB,04b29f400bd3beab072352a7f3e129ac0c22501ed92613544b7df3524539015a
292,skipped_exists,10_run_cook pancakes/1/end_ic_it.png,10_run_cook pancakes/1/end_ic_it.jpg,2712432,1024,1536,sRGB,314270,1024,1536,sRGB,8fc3ad2bebfab4275bbb8932000fd113f7bb91e70b8b0c252a6fab6b207ad1eb
293,skipped_exists,10_run_cook pancakes/1/end_ic_tr.png,10_run_cook pancakes/1/end_ic_tr.jpg,2858847,1024,1536,sRGB,325396,1024,1536,sRGB,f2e7adebdb9422529977890d9ec453b00c9a5fba311cb8bb1f4f024588c3f997
294,skipped_exists,10_run_cook pancakes/1/ic_1.png,10_run_cook pancakes/1/ic_1.jpg,3072306,1024,1536,sRGB,382827,1024,1536,sRGB,55614b397b1b63fde165bf8e4620e0080f7086573237893fb2b1104de0f2a763
295,skipped_exists,10_run_cook pancakes/1/it_target.png,10_run_cook pancakes/1/it_target.jpg,2504756,1024,1536,sRGB,275489,1024,1536,sRGB,98b800875c56f9edadf41af1582a310613dacee79dc4f104147cd4aca0e01ccd
296,skipped_exists,10_run_cook pancakes/1/tr_target.png,10_run_cook pancakes/1/tr_target.jpg,2533806,1024,1536,sRGB,209072,1024,1536,sRGB,3cd5558319b7c0094890d84acd4788bbccb85d4df0708817fce6f5f893e41052
297,converted,10_run_cook pancakes/2/coh_1.png,10_run_cook pancakes/2/coh_1.jpg,2966188,1024,1536,sRGB,359570,1024,1536,sRGB,16d222bcd1e0edd28a31b068a42b852a9e66002c95d7636fe60fc6642e5b00fb
298,skipped_exists,10_run_cook pancakes/2/coh_2.png,10_run_cook pancakes/2/coh_2.jpg,2899580,1024,1536,sRGB,341556,1024,1536,sRGB,986ac20fd824114beef4300efa0a1da17912f4355763f9a8fba446480ed89fe3
299,skipped_exists,10_run_cook pancakes/2/end_coh_it.png,10_run_cook pancakes/2/end_coh_it.jpg,2958149,1024,1536,sRGB,363910,1024,1536,sRGB,fd6fec8a69fb847edde28225463f060122bfc3211f26e7aba554e8e9dd2b7e20
300,skipped_exists,10_run_cook pancakes/2/end_ic_it.png,10_run_cook pancakes/2/end_ic_it.jpg,3209132,1024,1536,sRGB,387910,1024,1536,sRGB,6187bde67438341b5d4803fb59252ee896a2dd83db357b597716f22013d791b6
301,skipped_exists,10_run_cook pancakes/2/end_ic_tr.png,10_run_cook pancakes/2/end_ic_tr.jpg,2656261,1024,1536,sRGB,309307,1024,1536,sRGB,b411e00cdb00dfed2dbefe64deff03b4628659431670fb67bc056967f5b6014e
302,skipped_exists,10_run_cook pancakes/2/ic_1.png,10_run_cook pancakes/2/ic_1.jpg,3580174,1024,1536,sRGB,465309,1024,1536,sRGB,4955a5ff874fafeae6af67c761c471553dd6f075bbe6214a0effb25183d78722
303,skipped_exists,10_run_cook pancakes/2/it_target.png,10_run_cook pancakes/2/it_target.jpg,2610973,1024,1536,sRGB,293761,1024,1536,sRGB,79efa835cf4e33c501ae9165ce96de58c010d7c74e8d849289b6b60fc9d7c719
304,skipped_exists,10_run_cook pancakes/2/tr_target.png,10_run_cook pancakes/2/tr_target.jpg,2578292,1024,1536,sRGB,261721,1024,1536,sRGB,e72218b2f963372a2c42ffd07776d843783430633884d07bd9994f65c131e59c
305,skipped_exists,10_run_cook pancakes/3/coh_1.png,10_run_cook pancakes/3/coh_1.jpg,2847559,1024,1536,sRGB,328339,1024,1536,sRGB,67b2fb649b4c0890237932ad27cdc8325830ce1ba131e4b389bcb2d3dd5bfbf6
306,skipped_exists,10_run_cook pancakes/3/coh_2.png,10_run_cook pancakes/3/coh_2.jpg,2990682,1024,1536,sRGB,354832,1024,1536,sRGB,8eca0213ac62cdbfba6c354e310fd871dc665676806b4a936703afc020cced06
307,skipped_exists,10_run_cook pancakes/3/end_coh_it.png,10_run_cook pancakes/3/end_coh_it.jpg,2988505,1024,1536,sRGB,356548,1024,1536,sRGB,bbcc338f7d608d1e4f295a747006e4c707fea2daf26ee9812677debbd3be8029
308,skipped_exists,10_run_cook pancakes/3/end_ic_it.png,10_run_cook pancakes/3/end_ic_it.jpg,2846886,1024,1536,sRGB,334613,1024,1536,sRGB,d0d01dbdb384bb3b50d33a8f6d3272f5f69494285052a1a027a72e24e33eed43
309,skipped_exists,10_run_cook pancakes/3/end_ic_tr.png,10_run_cook pancakes/3/end_ic_tr.jpg,2769576,1024,1536,sRGB,318979,1024,1536,sRGB,4618ba7f45a0693d86cc107ff04e3fc71283a9a64787a11453ff6684a35d0b64
310,skipped_exists,10_run_cook pancakes/3/ic_1.png,10_run_cook pancakes/3/ic_1.jpg,2937768,1024,1536,sRGB,335231,1024,1536,sRGB,065f18c3def64e1e01f86d92d44bc9d62a9006901a599a51c8736a4a0d98f200
311,skipped_exists,10_run_cook pancakes/3/it_target.png,10_run_cook pancakes/3/it_target.jpg,2590621,1024,1536,sRGB,271470,1024,1536,sRGB,d8a06046127b2fc3a1dd177cac82a3e5d76ac93e264863cbea859be1da19e042
312,skipped_exists,10_run_cook pancakes/3/tr_target.png,10_run_cook pancakes/3/tr_target.jpg,2502455,1024,1536,sRGB,243105,1024,1536,sRGB,5098ceb0a2d581087f7ba6341a3d752b3f0170fe7b8ff85abceacccfe3ac01e8
313,converted,10_run_cook pancakes/4/coh_1.png,10_run_cook pancakes/4/coh_1.jpg,3276144,1024,1536,sRGB,419810,1024,1536,sRGB,ba76d010f3ee13de3baf4740dc627815a68f910ceedb019936081a676ee0c1e5
314,skipped_exists,10_run_cook pancakes/4/coh_2.png,10_run_cook pancakes/4/coh_2.jpg,3050962,1024,1536,sRGB,370771,1024,1536,sRGB,3a21122979ceb17d38662e3d2fcf93454ca5e39735c6156dff73471f09733a70
315,skipped_exists,10_run_cook pancakes/4/end_coh_it.png,10_run_cook pancakes/4/end_coh_it.jpg,3104168,1024,1536,sRGB,376640,1024,1536,sRGB,2108cbb359084346ed25f9ff1f50461462a8595bcd29b95ed1d0946b71054757
316,skipped_exists,10_run_cook pancakes/4/end_ic_it.png,10_run_cook pancakes/4/end_ic_it.jpg,3058264,1024,1536,sRGB,372050,1024,1536,sRGB,c1ef2588a59e0df62b59747bb491c0e2f4ba0ab146f114e0abacdfbde22cbc70
317,skipped_exists,10_run_cook pancakes/4/end_ic_tr.png,10_run_cook pancakes/4/end_ic_tr.jpg,2375258,1024,1535,sRGB,264306,1024,1536,sRGB,76a57cd02c516d933acda7c2d1e61bc00718f8b74474bdccf23fe271ada9c76f
318,skipped_exists,10_run_cook pancakes/4/ic_1.png,10_run_cook pancakes/4/ic_1.jpg,3520190,1024,1536,sRGB,462333,1024,1536,sRGB,228f71e97dff45890a846f2949b74ffde798b98d6d2197d6843ecdc92fc3f870
319,skipped_exists,10_run_cook pancakes/4/it_target.png,10_run_cook pancakes/4/it_target.jpg,2790092,1024,1536,sRGB,315415,1024,1536,sRGB,2204412642fce4d5e8235fc7596b87bcc5eee4097f921c736431ace9bdb2503d
320,skipped_exists,10_run_cook pancakes/4/tr_target.png,10_run_cook pancakes/4/tr_target.jpg,2586565,1024,1536,sRGB,270801,1024,1536,sRGB,d0288d38152512fc36e47d99839fdd0c7c96b59989456e5d93f65a20f5e59d45
321,skipped_exists,11_ascend_wipe plate/1/coh_1.png,11_ascend_wipe plate/1/coh_1.jpg,2336201,1024,1536,sRGB,216742,1024,1536,sRGB,f2ef78d208fc096ac6e4d7e51dc5b1d516ef369430788fc8171b0bb5a9d22c26
322,skipped_exists,11_ascend_wipe plate/1/coh_2.png,11_ascend_wipe plate/1/coh_2.jpg,2859718,1024,1536,sRGB,262778,1024,1536,sRGB,1ef09ef4e54f59a8e09cd5c2b010738e8d377bbec96898c1380c068626888c31
323,skipped_exists,11_ascend_wipe plate/1/end_coh_it.png,11_ascend_wipe plate/1/end_coh_it.jpg,2665756,1024,1536,sRGB,307662,1024,1536,sRGB,75e7a5ee59b5f3df0e7f51956b0cd5d2f39656d3cae1d05f82749c928b8b2991
324,skipped_exists,11_ascend_wipe plate/1/end_ic_it.png,11_ascend_wipe plate/1/end_ic_it.jpg,2643144,1024,1536,sRGB,290777,1024,1536,sRGB,72be6ab9840a3c34161c198c72f9ce3b9af67f15e138d9efa395fa434a9d712f
325,skipped_exists,11_ascend_wipe plate/1/end_ic_tr.png,11_ascend_wipe plate/1/end_ic_tr.jpg,2865515,1024,1536,sRGB,337820,1024,1536,sRGB,75414b22ee4407f5100560e7c460a1e2a361896f758e886757a44425d5a4bf9b
326,skipped_exists,11_ascend_wipe plate/1/ic_1.png,11_ascend_wipe plate/1/ic_1.jpg,2766822,1024,1536,sRGB,281607,1024,1536,sRGB,d440be92f9d4166fadcd9fe915c8c7e596b50131ee7225abee693f0c28971c3f
327,skipped_exists,11_ascend_wipe plate/1/it_target.png,11_ascend_wipe plate/1/it_target.jpg,2611896,1024,1536,sRGB,309072,1024,1536,sRGB,111c027e1f7e102f52f5135ebd22f4a099f9be160c5b96b975d24f590fc927ca
328,skipped_exists,11_ascend_wipe plate/1/tr_target.png,11_ascend_wipe plate/1/tr_target.jpg,3089392,1024,1536,sRGB,296921,1024,1536,sRGB,1bfb3fae79992c250ef704bbc0538ca3b7de13c95f0fb48a9c5a0fb09d6c7521
329,skipped_exists,11_ascend_wipe plate/2/coh_1.png,11_ascend_wipe plate/2/coh_1.jpg,2622254,1024,1536,sRGB,284912,1024,1536,sRGB,bc6cd7bdae5687d1e7c734372c246a296d6f6edb0489a4a3dac0efc90c7e924a
330,skipped_exists,11_ascend_wipe plate/2/coh_2.png,11_ascend_wipe plate/2/coh_2.jpg,2304310,1024,1536,sRGB,230280,1024,1536,sRGB,ec243b008a844e53af36179fd989c42badfddefbe1a9f5198935f41509d7498e
331,skipped_exists,11_ascend_wipe plate/2/end_coh_it.png,11_ascend_wipe plate/2/end_coh_it.jpg,2569558,1024,1536,sRGB,271478,1024,1536,sRGB,5acbcdd0da2219abeb00c685e4202d75af4b7e53012fab9e08a96f827348db23
332,skipped_exists,11_ascend_wipe plate/2/end_ic_it.png,11_ascend_wipe plate/2/end_ic_it.jpg,2734132,1024,1536,sRGB,313376,1024,1536,sRGB,75b6d71ef1832dbd217fa6cdfcb776d583a6573dc3578b38d9228d56849949e0
333,skipped_exists,11_ascend_wipe plate/2/end_ic_tr.png,11_ascend_wipe plate/2/end_ic_tr.jpg,2378839,1024,1536,sRGB,233065,1024,1536,sRGB,b86a78c635dedecef42dd7f82220587f9665dfaaff05597ef62ac46db689edea
334,skipped_exists,11_ascend_wipe plate/2/ic_1.png,11_ascend_wipe plate/2/ic_1.jpg,2840918,1024,1536,sRGB,321382,1024,1536,sRGB,8c896e1ce47a41fd3732a44f1ca3657ed2dffc357244e4ed418bc0ad298ea071
335,skipped_exists,11_ascend_wipe plate/2/it_target.png,11_ascend_wipe plate/2/it_target.jpg,2557687,1024,1536,sRGB,261127,1024,1536,sRGB,2557af88cff4be046b978120ce0c34b9308c1a72645dac2a47eed0bfa4c990d8
336,skipped_exists,11_ascend_wipe plate/2/tr_target.png,11_ascend_wipe plate/2/tr_target.jpg,2718424,1024,1536,sRGB,267819,1024,1536,sRGB,8f1bed20b0d3799e25796d7d56d7376678b45f9933b10d02b0f9780b5641e1eb
337,skipped_exists,11_ascend_wipe plate/3/coh_1.png,11_ascend_wipe plate/3/coh_1.jpg,2361267,1024,1536,sRGB,222991,1024,1536,sRGB,be18d0f97ed10fa4054aa42e748fa14990ac996f1fba79ff0f129ad7dcdab8c4
338,skipped_exists,11_ascend_wipe plate/3/coh_2.png,11_ascend_wipe plate/3/coh_2.jpg,2550980,1024,1536,sRGB,275569,1024,1536,sRGB,73d323557b920c16b21b1d0714ff96127633232cf1c8a408a0e294f907965256
339,skipped_exists,11_ascend_wipe plate/3/end_coh_it.png,11_ascend_wipe plate/3/end_coh_it.jpg,2949031,1024,1536,sRGB,352488,1024,1536,sRGB,f17755ad9cffc0eaab06dfd6c70eba5fd067ee0e1ebb7996ccd364985cb6abfb
340,skipped_exists,11_ascend_wipe plate/3/end_ic_it.png,11_ascend_wipe plate/3/end_ic_it.jpg,2535182,1024,1536,sRGB,268659,1024,1536,sRGB,ff57685008b0a60a4e2d3db9a145c5a1ed876f47acd14b721cc5a25e74d32d61
341,skipped_exists,11_ascend_wipe plate/3/end_ic_tr.png,11_ascend_wipe plate/3/end_ic_tr.jpg,2789789,1024,1536,sRGB,312391,1024,1536,sRGB,d3c85c86ba98cc29068f9811e686df6e0a8ada26a48bfba6054c613ed7d9fe69
342,skipped_exists,11_ascend_wipe plate/3/ic_1.png,11_ascend_wipe plate/3/ic_1.jpg,2703742,1024,1536,sRGB,298020,1024,1536,sRGB,21474d75aed5c5a3be0838398df1c494145e1d73c418bc8311224057a333a10a
343,skipped_exists,11_ascend_wipe plate/3/it_target.png,11_ascend_wipe plate/3/it_target.jpg,2727680,1024,1536,sRGB,319729,1024,1536,sRGB,9d46f81a05f00c213abdbc646e2a4a809cea9c264de6d902a7d480c46298d369
344,skipped_exists,11_ascend_wipe plate/3/tr_target.png,11_ascend_wipe plate/3/tr_target.jpg,2520927,1024,1536,sRGB,207780,1024,1536,sRGB,f1651beba30cb98933ffedf1b2becb9a62402bbb6d5e25f9df02e85c1e71e9f8
345,skipped_exists,11_ascend_wipe plate/4/coh_1.png,11_ascend_wipe plate/4/coh_1.jpg,2528155,1024,1536,sRGB,256969,1024,1536,sRGB,ce402bf48b31dc521c706f6a5a42933c16d5f3c225317ef449b780775e868e00
346,skipped_exists,11_ascend_wipe plate/4/coh_2.png,11_ascend_wipe plate/4/coh_2.jpg,2401258,1024,1536,sRGB,234807,1024,1536,sRGB,ea4a2de73a0988bb01953ede642173877749a334fd60f1f0369975dff295fa05
347,skipped_exists,11_ascend_wipe plate/4/end_coh_it.png,11_ascend_wipe plate/4/end_coh_it.jpg,2499037,1024,1536,sRGB,263719,1024,1536,sRGB,5f6d13f4bad0d2d4dcff11010b34776e99afe979c4c978f21864760facccc265
348,skipped_exists,11_ascend_wipe plate/4/end_ic_it.png,11_ascend_wipe plate/4/end_ic_it.jpg,2832245,1024,1536,sRGB,353595,1024,1536,sRGB,43ca0eeef8cfffe4b758082133b819812b38c720e4d25e914d16d51a00480bbb
349,skipped_exists,11_ascend_wipe plate/4/end_ic_tr.png,11_ascend_wipe plate/4/end_ic_tr.jpg,2465132,1024,1536,sRGB,300769,1024,1536,sRGB,a7da45bd8703a9d2095f6138ef6b67d7e26bb5604346e06c3b39580b11a4018f
350,skipped_exists,11_ascend_wipe plate/4/ic_1.png,11_ascend_wipe plate/4/ic_1.jpg,2596671,1024,1536,sRGB,304057,1024,1536,sRGB,1f52c89f54a352f03e437922a9ce08d55dcb1cc3d68d9fba971cf080c5bcf6a1
351,skipped_exists,11_ascend_wipe plate/4/it_target.png,11_ascend_wipe plate/4/it_target.jpg,2427207,1024,1536,sRGB,273887,1024,1536,sRGB,2ba485f9b0fc4998cefa789c7baa84f8f676d4801f78ea1a2d39170988a9c3fe
352,skipped_exists,11_ascend_wipe plate/4/tr_target.png,11_ascend_wipe plate/4/tr_target.jpg,2454643,1023,1537,sRGB,257682,1024,1536,sRGB,4a76a0e459aff7e48b3f3fca060c43ae9dc13718c556521f472d90c7dd0a99ae
353,skipped_exists,12_come_eat rice/1/coh_1.png,12_come_eat rice/1/coh_1.jpg,2074977,1024,1536,sRGB,194788,1024,1536,sRGB,8ed85d98339f4a42bfa8a795c57772a8efc0961b924e084e35bd88cd71a0afbb
354,skipped_exists,12_come_eat rice/1/coh_2.png,12_come_eat rice/1/coh_2.jpg,4318215,1363,2048,sRGB,169344,1024,1536,sRGB,686575ada8d95061f71689f0a0fe005112f0e061724e4572743ef13f190825b3
355,skipped_exists,12_come_eat rice/1/end_coh_it.png,12_come_eat rice/1/end_coh_it.jpg,2094806,1024,1536,sRGB,201343,1024,1536,sRGB,8d9a14c2724a011c33f979ef86e831b3afac3a03d99078167183a4af5f8b603b
356,skipped_exists,12_come_eat rice/1/end_ic_it.png,12_come_eat rice/1/end_ic_it.jpg,2483729,1024,1536,sRGB,266355,1024,1536,sRGB,957d8143a3215201c1ee1f218b07bae9bffa7d49a6152e3cc9e70056fae07fa3
357,skipped_exists,12_come_eat rice/1/end_ic_tr.png,12_come_eat rice/1/end_ic_tr.jpg,2038997,1024,1536,sRGB,160045,1024,1536,sRGB,a69e959575edf5841f5d2905201cf436e5835feb0be96d6b2fabdf1ff83c93a1
358,skipped_exists,12_come_eat rice/1/ic_1.png,12_come_eat rice/1/ic_1.jpg,3517930,1024,1536,sRGB,438477,1024,1536,sRGB,561f587d316ff972c45b3b7ec624d006b5e02a6c2e8d398e72cda6aa734fbb60
359,skipped_exists,12_come_eat rice/1/it_target.png,12_come_eat rice/1/it_target.jpg,2403738,1024,1536,sRGB,218151,1024,1536,sRGB,a8940b94fc5bb63ba403ddb89a0f00e0ded7b5901652857e9ed3df0337e5c1f2
360,skipped_exists,12_come_eat rice/1/tr_target.png,12_come_eat rice/1/tr_target.jpg,2352984,1024,1536,sRGB,227178,1024,1536,sRGB,bf927716bd3b7d20a05126e1409258cb679c42b962a3be8aa350d09de1c6fa39
361,skipped_exists,12_come_eat rice/2/coh_1.png,12_come_eat rice/2/coh_1.jpg,2209400,1024,1536,sRGB,218851,1024,1536,sRGB,57751b68b8cad510e231769dee33dd3daba43d7e8e165627335cf3ba41acedb6
362,converted,12_come_eat rice/2/coh_2.png,12_come_eat rice/2/coh_2.jpg,2229481,1024,1536,sRGB,223950,1024,1536,sRGB,9a51fcbbf125903cb0f05406caa8762970aad3d471437dccaed864e3d367e264
363,skipped_exists,12_come_eat rice/2/end_coh_it.png,12_come_eat rice/2/end_coh_it.jpg,2403302,1024,1536,sRGB,233200,1024,1536,sRGB,30d1077fa63b10a9a4447a31abc0aa52e07141a460eda8449315d9f5de5633a3
364,skipped_exists,12_come_eat rice/2/end_ic_it.png,12_come_eat rice/2/end_ic_it.jpg,2531979,1024,1536,sRGB,247679,1024,1536,sRGB,3ccfacdfe06ba46a891f0a49f4d3591b7e1260716d76b8b5f1aee611621106a7
365,skipped_exists,12_come_eat rice/2/end_ic_tr.png,12_come_eat rice/2/end_ic_tr.jpg,2982821,1024,1536,sRGB,342692,1024,1536,sRGB,b6b94032132f4b1097f30a14fd797b047d16a03b1e928444e4d31d32341e1ef5
366,skipped_exists,12_come_eat rice/2/ic_1.png,12_come_eat rice/2/ic_1.jpg,3227519,1024,1536,sRGB,377825,1024,1536,sRGB,a7274e56ecf7a36fd1db5b44bbcfd8fb75662e2beaf44dff0be909405bc87ff0
367,skipped_exists,12_come_eat rice/2/it_target.png,12_come_eat rice/2/it_target.jpg,2345523,1024,1536,sRGB,214639,1024,1536,sRGB,84e058dddaad0d07deb0f6f98f7e046faabf806c3f6f044773466ca949ea5701
368,skipped_exists,12_come_eat rice/2/tr_target.png,12_come_eat rice/2/tr_target.jpg,2329806,1024,1536,sRGB,209664,1024,1536,sRGB,31d0e8220e6a019b72b309ce2687836038aa02dca393ed41964c77b51bfdebb3
369,skipped_exists,12_come_eat rice/3/coh_1.png,12_come_eat rice/3/coh_1.jpg,2339062,1024,1536,sRGB,230149,1024,1536,sRGB,d262ac597e56c0d4245cee93e66605752f26b52f3a43228241e5e4e052d83d41
370,skipped_exists,12_come_eat rice/3/coh_2.png,12_come_eat rice/3/coh_2.jpg,2171416,1024,1536,sRGB,204206,1024,1536,sRGB,aaf0b021a1ed0332acf22196da1ce1989438b507401cc1928c1988793b3a8343
371,skipped_exists,12_come_eat rice/3/end_coh_it.png,12_come_eat rice/3/end_coh_it.jpg,2539955,1024,1536,sRGB,251943,1024,1536,sRGB,a56f48784ab588de5bbc2e855e6aeee3c3ee261a7458b0781a15dcaa3ab17916
372,skipped_exists,12_come_eat rice/3/end_ic_it.png,12_come_eat rice/3/end_ic_it.jpg,2591143,1024,1536,sRGB,278734,1024,1536,sRGB,dcf73a76969538e5fa0b721d1a16ad922b5a32161cbda4eb0e27ad3de87f0cce
373,skipped_exists,12_come_eat rice/3/end_ic_tr.png,12_come_eat rice/3/end_ic_tr.jpg,2040872,1024,1536,sRGB,151592,1024,1536,sRGB,217c7c6466fcfffa969f1f42b32918d9765f37d4e570f560383f6155b04b439d
374,skipped_exists,12_come_eat rice/3/ic_1.png,12_come_eat rice/3/ic_1.jpg,3286071,1024,1536,sRGB,396167,1024,1536,sRGB,40e525f1eba3834d617b6eb283cb04527b947b7ef27bdb39e52ff5eac6b0d4b7
375,skipped_exists,12_come_eat rice/3/it_target.png,12_come_eat rice/3/it_target.jpg,2817983,1024,1536,sRGB,295210,1024,1536,sRGB,1f7fbda019e669feff805ee2f654ab46cb17c29c07eff60a8c16937fc157a3f4
376,skipped_exists,12_come_eat rice/3/tr_target.png,12_come_eat rice/3/tr_target.jpg,2677510,1024,1536,sRGB,270246,1024,1536,sRGB,48f6d60769c032c10b217c4e9fb3e241a505592a745392f3def4c4796064c432
377,skipped_exists,12_come_eat rice/4/coh_1.png,12_come_eat rice/4/coh_1.jpg,2606970,1024,1536,sRGB,283742,1024,1536,sRGB,a81041e77173cd9ce725f7160f3a1d9245203a550a51bb2204c4e0d4e12e93db
378,converted,12_come_eat rice/4/coh_2.png,12_come_eat rice/4/coh_2.jpg,2418294,1024,1536,sRGB,258192,1024,1536,sRGB,3ffee52632e2065f6fe7c0963d09b05e79f29e9079f564104c97538db2a47e7c
379,skipped_exists,12_come_eat rice/4/end_coh_it.png,12_come_eat rice/4/end_coh_it.jpg,2490871,1024,1536,sRGB,252301,1024,1536,sRGB,6b329da04509a052036b6edf66b93efd6775ebbaba6a3ca9bab73c565122ea54
380,skipped_exists,12_come_eat rice/4/end_ic_it.png,12_come_eat rice/4/end_ic_it.jpg,2378356,1024,1536,sRGB,214679,1024,1536,sRGB,812881878fdefc04ba219f5d523b6d5c71fed8dc40e12e9ae79d7e901b14a441
381,skipped_exists,12_come_eat rice/4/end_ic_tr.png,12_come_eat rice/4/end_ic_tr.jpg,2878170,1024,1536,sRGB,326204,1024,1536,sRGB,7f46a061ee3c590ff7fa9cfee56721585416acab27da96431a74792aed002df1
382,skipped_exists,12_come_eat rice/4/ic_1.png,12_come_eat rice/4/ic_1.jpg,3014634,1024,1536,sRGB,338403,1024,1536,sRGB,f896896863e8c60e2bc755a0951e6b2d3325fc76adc67a08479f0abf5b8e7695
383,skipped_exists,12_come_eat rice/4/it_target.png,12_come_eat rice/4/it_target.jpg,2900089,1024,1536,sRGB,315775,1024,1536,sRGB,0822ad53e3c63c986fc685de2c7474b4d44880708f1cfd01dfdbf1b5593e04c4
384,skipped_exists,12_come_eat rice/4/tr_target.png,12_come_eat rice/4/tr_target.jpg,2392664,1024,1536,sRGB,222788,1024,1536,sRGB,1420178aaa4881ecc93173b2d1c45e2ed6e045099059ffe9a001295f1a8ae7d5
385,skipped_exists,13_stand_wash clothes/1/coh_1.png,13_stand_wash clothes/1/coh_1.jpg,3099550,1024,1536,sRGB,338544,1024,1536,sRGB,dccad9ddae8312198966c97738d6ed2d800d190723ef63d898ad171fc14b20dc
386,skipped_exists,13_stand_wash clothes/1/coh_2.png,13_stand_wash clothes/1/coh_2.jpg,2768172,1024,1536,sRGB,299285,1024,1536,sRGB,277dcdcfa0a6a51db7832b7c2dcdee49a440b8d73175e84b5ad5003499d47158
387,skipped_exists,13_stand_wash clothes/1/end_coh_it.png,13_stand_wash clothes/1/end_coh_it.jpg,2993919,1024,1536,sRGB,331826,1024,1536,sRGB,e2db36bd1697f2d815bbefb3c6eabed1f39d3270fdbd5a3f56646e08f0cc8953
388,skipped_exists,13_stand_wash clothes/1/end_ic_it.png,13_stand_wash clothes/1/end_ic_it.jpg,2723331,1024,1536,sRGB,302370,1024,1536,sRGB,d3dd0db5b8d35e68375e9380d78fffcdf0e4dbc47888b40a79b652cff23784de
389,skipped_exists,13_stand_wash clothes/1/end_ic_tr.png,13_stand_wash clothes/1/end_ic_tr.jpg,2805482,1024,1536,sRGB,321338,1024,1536,sRGB,74624d8958861039d5081aabee8dc06b095f038979ce920335ebb48a7f377eff
390,skipped_exists,13_stand_wash clothes/1/ic_1.png,13_stand_wash clothes/1/ic_1.jpg,2770256,1024,1536,sRGB,316289,1024,1536,sRGB,4131a95f9a6831247069355715f8147286e9d0b2458af87d8c9340d490168f63
391,skipped_exists,13_stand_wash clothes/1/it_target.png,13_stand_wash clothes/1/it_target.jpg,2577605,1024,1536,sRGB,259057,1024,1536,sRGB,9ba5596fef7a6e14fbd80654843c28b746cee0439c1c09173b309f5d6a73aeb1
392,skipped_exists,13_stand_wash clothes/1/tr_target.png,13_stand_wash clothes/1/tr_target.jpg,2868750,1024,1536,sRGB,297043,1024,1536,sRGB,06a68f9d33f7eeeae78036e9121da72c6405a164f880f697f9b480e564fa73ee
393,skipped_exists,13_stand_wash clothes/2/coh_1.png,13_stand_wash clothes/2/coh_1.jpg,3145745,1024,1536,sRGB,358595,1024,1536,sRGB,099e04c383ef79739f429e5ff0b2f15c23ab6536ef82680c25eab7508e4ea371
394,skipped_exists,13_stand_wash clothes/2/coh_2.png,13_stand_wash clothes/2/coh_2.jpg,2856599,1024,1536,sRGB,321866,1024,1536,sRGB,8c1faf868346c5c4e1b4d087e7a53271af6177485a9a6a20d717095e399dccfc
395,skipped_exists,13_stand_wash clothes/2/end_coh_it.png,13_stand_wash clothes/2/end_coh_it.jpg,2762290,1024,1536,sRGB,307957,1024,1536,sRGB,10949bab596aaf89d6de5404a60b959138d3fc59d2c07f5e3bd6e5b4a336bd1f
396,skipped_exists,13_stand_wash clothes/2/end_ic_it.png,13_stand_wash clothes/2/end_ic_it.jpg,2971290,1024,1536,sRGB,378898,1024,1536,sRGB,a6fe210fa2eb7664b6f962bac4466d7d57ee95d981c8829fd04cbc696b63c14b
397,skipped_exists,13_stand_wash clothes/2/end_ic_tr.png,13_stand_wash clothes/2/end_ic_tr.jpg,2817369,1024,1536,sRGB,334481,1024,1536,sRGB,39ba7ac17e8dcc53b339f9ad2c21a9f0de18c1682b0cf47f0520ee50defea96f
398,skipped_exists,13_stand_wash clothes/2/ic_1.png,13_stand_wash clothes/2/ic_1.jpg,3070895,1024,1536,sRGB,391289,1024,1536,sRGB,4565127a43010ca5ed2011c3fda2e238d0e1ccc886c7c3b933694d37a9201f5a
399,skipped_exists,13_stand_wash clothes/2/it_target.png,13_stand_wash clothes/2/it_target.jpg,2849403,1024,1536,sRGB,322003,1024,1536,sRGB,3cabebf7672f61e4821c641972771212cf2abcb058f816f1dbdd0e665d38db3a
400,skipped_exists,13_stand_wash clothes/2/tr_target.png,13_stand_wash clothes/2/tr_target.jpg,2491572,1024,1536,sRGB,257149,1024,1536,sRGB,6c80902bb60bb4c5b8f8b6899cbfdc50b83c2b8678f70a603adaa90ce8269845
401,skipped_exists,13_stand_wash clothes/3/coh_1.png,13_stand_wash clothes/3/coh_1.jpg,2706468,1024,1536,sRGB,303384,1024,1536,sRGB,8778dc0cb16d868f5b5996b8982eacf87a74163803acce62cd2b3d1679f7d59c
402,skipped_exists,13_stand_wash clothes/3/coh_2.png,13_stand_wash clothes/3/coh_2.jpg,2601426,1024,1536,sRGB,283045,1024,1536,sRGB,2b0bc32fd411bacc67c71d824f2bd15477fa630d5522a0a8c680f8aa3a9f24f2
403,skipped_exists,13_stand_wash clothes/3/end_coh_it.png,13_stand_wash clothes/3/end_coh_it.jpg,2746303,1024,1536,sRGB,303479,1024,1536,sRGB,af7c7608a4383ce212dd1f497b83d68ecf9ece95ec380a9bcaab2160f372beab
404,skipped_exists,13_stand_wash clothes/3/end_ic_it.png,13_stand_wash clothes/3/end_ic_it.jpg,2656157,1024,1536,sRGB,298828,1024,1536,sRGB,1e2db03d8a66d2a233a68befe786be73a1c40ac706f189e839038a37e6dc4a0a
405,skipped_exists,13_stand_wash clothes/3/end_ic_tr.png,13_stand_wash clothes/3/end_ic_tr.jpg,2729695,1024,1536,sRGB,315278,1024,1536,sRGB,3696bb7f72605591c394a1918e1d213c7bfc6e709325188b36a4f09f2fe426bf
406,skipped_exists,13_stand_wash clothes/3/ic_1.png,13_stand_wash clothes/3/ic_1.jpg,3183679,1024,1536,sRGB,398341,1024,1536,sRGB,2ae2bc2f666c761218c2a17cc7b234bc0799f55d4eb24481d04f8cd882c95b5d
407,skipped_exists,13_stand_wash clothes/3/it_target.png,13_stand_wash clothes/3/it_target.jpg,2685830,1024,1536,sRGB,288892,1024,1536,sRGB,7e8ff4efcc7a669524f44fb95aafc71e9b97769e7090b76c5fccb40ffb10deef
408,skipped_exists,13_stand_wash clothes/3/tr_target.png,13_stand_wash clothes/3/tr_target.jpg,2595327,1024,1536,sRGB,269592,1024,1536,sRGB,dc3c3276d5b1229a299842cdf6e59d14919583ebee06fd30a3c17b5b247e0216
409,skipped_exists,13_stand_wash clothes/4/coh_1.png,13_stand_wash clothes/4/coh_1.jpg,2797034,1024,1536,sRGB,314560,1024,1536,sRGB,dfa0aa7b64f43a77d650ba37f2397bc00e0146cedbe8a3d4fd5c4b6fa5861ba9
410,skipped_exists,13_stand_wash clothes/4/coh_2.png,13_stand_wash clothes/4/coh_2.jpg,2770173,1024,1536,sRGB,310724,1024,1536,sRGB,1e70227b0c76fea000c4043b4c43bc5abaf507e39b2b024a32887d6ae7b32931
411,skipped_exists,13_stand_wash clothes/4/end_coh_it.png,13_stand_wash clothes/4/end_coh_it.jpg,2604822,1024,1536,sRGB,277545,1024,1536,sRGB,4e6f5991a3fbe3abe52e9ed43bb9e6f02b4d61373c7efdf51a34ac444b5927a8
412,skipped_exists,13_stand_wash clothes/4/end_ic_it.png,13_stand_wash clothes/4/end_ic_it.jpg,3027107,1024,1536,sRGB,378025,1024,1536,sRGB,31c700db01fe43f795a06c880eaf163f41ecef9cf8d34b308fe9447486135dd1
413,skipped_exists,13_stand_wash clothes/4/end_ic_tr.png,13_stand_wash clothes/4/end_ic_tr.jpg,2970435,1024,1536,sRGB,365184,1024,1536,sRGB,bb6315b4a64a385795f8fa139baf12bd27bffb3db9243d9cba0192f21b0b7d8d
414,skipped_exists,13_stand_wash clothes/4/ic_1.png,13_stand_wash clothes/4/ic_1.jpg,3245863,1024,1536,sRGB,431640,1024,1536,sRGB,763a662a9bb1d2cab9b812929c8c1a158e5bb088a4da1e61cd4696b0fdcbaa70
415,skipped_exists,13_stand_wash clothes/4/it_target.png,13_stand_wash clothes/4/it_target.jpg,2884674,1024,1536,sRGB,336217,1024,1536,sRGB,ae11b7e006db78e7ef89442e07ee9d5e8f308929062eb507b8cf1fa39217408c
416,skipped_exists,13_stand_wash clothes/4/tr_target.png,13_stand_wash clothes/4/tr_target.jpg,2551104,1024,1536,sRGB,282034,1024,1536,sRGB,ba15ae51360c6c088e484430c7c439af5e7ceb3aab4c1b9faaba72e9257a8b66
417,skipped_exists,14_ascend_weave raincoat/1/coh_1.png,14_ascend_weave raincoat/1/coh_1.jpg,3414901,1024,1536,sRGB,398830,1024,1536,sRGB,5f3db104461ac623514753e6449432a636385df7dd8bd983c331503902dac39d
418,skipped_exists,14_ascend_weave raincoat/1/coh_2.png,14_ascend_weave raincoat/1/coh_2.jpg,2715358,1024,1536,sRGB,186011,1024,1536,sRGB,316e3caee38eaf7651177a831c698fbd61e14f892d3eecd6078617e3836d4d4c
419,skipped_exists,14_ascend_weave raincoat/1/end_coh_it.png,14_ascend_weave raincoat/1/end_coh_it.jpg,3143000,1024,1536,sRGB,389084,1024,1536,sRGB,43819f917e71a4e7e77778493a557665ae679da9f94aba1cbdaf4087626b5d74
420,skipped_exists,14_ascend_weave raincoat/1/end_ic_it.png,14_ascend_weave raincoat/1/end_ic_it.jpg,2755972,1024,1536,sRGB,314691,1024,1536,sRGB,43911919e8524b692b96c88fc42a44940fc8091120c721b8a34a8ad2e315a6a0
421,skipped_exists,14_ascend_weave raincoat/1/end_ic_tr.png,14_ascend_weave raincoat/1/end_ic_tr.jpg,3047735,1024,1536,sRGB,348308,1024,1536,sRGB,eca011d2e80f7870410d60d2166d42e7de0884cc099dc9306ae5506153022970
422,skipped_exists,14_ascend_weave raincoat/1/ic_1.png,14_ascend_weave raincoat/1/ic_1.jpg,3154369,1024,1536,sRGB,391415,1024,1536,sRGB,0f780ceb5c36405953cfac543162e56992d814e8de48983a7a7f438861f860ba
423,skipped_exists,14_ascend_weave raincoat/1/it_target.png,14_ascend_weave raincoat/1/it_target.jpg,4240386,1024,1536,sRGB,398926,1024,1536,sRGB,4b2fc5df012ea75f4d8bf0130db4a62377de06e035c3ce0f25446755ca61717e
424,skipped_exists,14_ascend_weave raincoat/1/tr_target.png,14_ascend_weave raincoat/1/tr_target.jpg,3307409,1024,1536,sRGB,393814,1024,1536,sRGB,2df50ba782d16d4d411cba4088cb48026af180f9c1b020d2f172d23ae668222d
425,skipped_exists,14_ascend_weave raincoat/2/coh_1.png,14_ascend_weave raincoat/2/coh_1.jpg,2566740,1024,1536,sRGB,277903,1024,1536,sRGB,c46f5ca2f94caa2c6746c3611ecb1efd5ce121a2b1095d6f5a544df176e6f0a2
426,skipped_exists,14_ascend_weave raincoat/2/coh_2.png,14_ascend_weave raincoat/2/coh_2.jpg,2642741,1024,1536,sRGB,286613,1024,1536,sRGB,aa87ee42cfb98b7bd3df2f401d8b478d20dce3cd281cb06dc13e6d91fff67c8a
427,skipped_exists,14_ascend_weave raincoat/2/end_coh_it.png,14_ascend_weave raincoat/2/end_coh_it.jpg,2473416,1024,1536,sRGB,274035,1024,1536,sRGB,304957faa9be73bddc65eb2d2eefee511956aa3f1a4a20f164a4fd0ee392a1de
428,skipped_exists,14_ascend_weave raincoat/2/end_ic_it.png,14_ascend_weave raincoat/2/end_ic_it.jpg,2769303,1024,1536,sRGB,339139,1024,1536,sRGB,01bf5afe1621af7c7cec98150fb6f7755487ae1f50ddcda9dc042884c99db05e
429,skipped_exists,14_ascend_weave raincoat/2/end_ic_tr.png,14_ascend_weave raincoat/2/end_ic_tr.jpg,2546504,1024,1536,sRGB,279216,1024,1536,sRGB,e2708260edb8ec0c0f90bec8758a6b97cba272743a68e779f571d189b9713fc6
430,skipped_exists,14_ascend_weave raincoat/2/ic_1.png,14_ascend_weave raincoat/2/ic_1.jpg,3359832,1024,1536,sRGB,464600,1024,1536,sRGB,e11eac81240c5fef5bbf20841dc382e5873585e7b742738f08c7b8f113847675
431,skipped_exists,14_ascend_weave raincoat/2/it_target.png,14_ascend_weave raincoat/2/it_target.jpg,2659992,1024,1536,sRGB,314173,1024,1536,sRGB,7d6ac7eb6897f958db41cdee1aebec66a6bbed6ef87090d954a0800c4dda4deb
432,skipped_exists,14_ascend_weave raincoat/2/tr_target.png,14_ascend_weave raincoat/2/tr_target.jpg,2971980,1024,1536,sRGB,341164,1024,1536,sRGB,40102a18d7fc6fba22dab731817fde0135656d0a1fa34a7ca0ed5d93320dbedc
433,skipped_exists,14_ascend_weave raincoat/3/coh_1.png,14_ascend_weave raincoat/3/coh_1.jpg,3237813,1024,1536,sRGB,390218,1024,1536,sRGB,a8ca8949e7af76f0c537a87fa980e18bdfaa2ca456d873b1bb7e541fbd0847b9
434,skipped_exists,14_ascend_weave raincoat/3/coh_2.png,14_ascend_weave raincoat/3/coh_2.jpg,2663773,1024,1536,sRGB,282914,1024,1536,sRGB,85fbfe3443eeb3ec0bb37b565b94e0007e6a6f725ea3fcd6a38da60f1f6750d9
435,skipped_exists,14_ascend_weave raincoat/3/end_coh_it.png,14_ascend_weave raincoat/3/end_coh_it.jpg,3022394,1024,1536,sRGB,355511,1024,1536,sRGB,8e308f107933a10ab2fd4bbf072b1d646b0bca03a651d996a59c94a737a94446
436,skipped_exists,14_ascend_weave raincoat/3/end_ic_it.png,14_ascend_weave raincoat/3/end_ic_it.jpg,2829444,1024,1536,sRGB,314623,1024,1536,sRGB,44bb1e68ddeebf9af049e1f015beef7e7c4c3ee15feb8d0be4ca196f3eb96692
437,skipped_exists,14_ascend_weave raincoat/3/end_ic_tr.png,14_ascend_weave raincoat/3/end_ic_tr.jpg,2925238,1024,1536,sRGB,332512,1024,1536,sRGB,07ed2dca9bf2f8fb94e113ca66aa071ed5a0a092a3ee97e394cab3f1cf66c0a7
438,skipped_exists,14_ascend_weave raincoat/3/ic_1.png,14_ascend_weave raincoat/3/ic_1.jpg,3365500,1024,1536,sRGB,436717,1024,1536,sRGB,1fd119f85837b1924f58cf649797138f7153562cc902efc01acbab2ecd73e73d
439,skipped_exists,14_ascend_weave raincoat/3/it_target.png,14_ascend_weave raincoat/3/it_target.jpg,3311017,1024,1536,sRGB,408166,1024,1536,sRGB,5a80c5ac003971c4955f83808a9c983dceb651eb1d08e37da09e7b7fd7c4d56e
440,skipped_exists,14_ascend_weave raincoat/3/tr_target.png,14_ascend_weave raincoat/3/tr_target.jpg,3304572,1024,1536,sRGB,386099,1024,1536,sRGB,0e74e412f51ce2d374e8bd0d67ce73e683071df3d8199668eb34f01bfebc40e5
441,skipped_exists,14_ascend_weave raincoat/4/coh_1.png,14_ascend_weave raincoat/4/coh_1.jpg,2602366,1024,1536,sRGB,284962,1024,1536,sRGB,ed4a33b1679d085a3d4e09f9c6becd4bdf671e9b17a19bbc9dc8ae447c8f326d
442,skipped_exists,14_ascend_weave raincoat/4/coh_2.png,14_ascend_weave raincoat/4/coh_2.jpg,2920219,1024,1536,sRGB,341201,1024,1536,sRGB,463a5ce55d6758542bc3416aaf003bd185cd97f918c26af0bc5405e2d01c150b
443,converted,14_ascend_weave raincoat/4/end_coh_it.png,14_ascend_weave raincoat/4/end_coh_it.jpg,2695739,1024,1536,sRGB,312008,1024,1536,sRGB,447e0f63b7bf10bc0b6a11138120d6d65b04dc40b7ee1ae61e157831225d62c4
444,skipped_exists,14_ascend_weave raincoat/4/end_ic_it.png,14_ascend_weave raincoat/4/end_ic_it.jpg,2572188,1086,1448,sRGB,308716,1024,1536,sRGB,415e1a308f8a419377a3c46e632eb9ae8ec558828df0c32d6f6b3c5857c21c1a
445,skipped_exists,14_ascend_weave raincoat/4/end_ic_tr.png,14_ascend_weave raincoat/4/end_ic_tr.jpg,2440067,1086,1448,sRGB,283471,1024,1536,sRGB,a0d17e707aa7c57a3ba38f8e165459c351ef2eb83eba29a1df906680b87ac69d
446,skipped_exists,14_ascend_weave raincoat/4/ic_1.png,14_ascend_weave raincoat/4/ic_1.jpg,2993026,1024,1536,sRGB,356500,1024,1536,sRGB,8ab329a079fc3007211abfecdc23203672c1214f03b7a9770f41e7de7a952d2e
447,skipped_exists,14_ascend_weave raincoat/4/it_target.png,14_ascend_weave raincoat/4/it_target.jpg,2626085,1024,1535,sRGB,297335,1024,1536,sRGB,6cc36db69d0135bf3a73071bae46802f375f79d3e7275d161182b83ba6b9a474
448,skipped_exists,14_ascend_weave raincoat/4/tr_target.png,14_ascend_weave raincoat/4/tr_target.jpg,2790510,1024,1536,sRGB,327947,1024,1536,sRGB,214e9eccb8ba63c2ae6b3d9178b8e72148ff2b54ab13899feb59ad257b1f2d8f
449,skipped_exists,15_smile_clean wall/1/coh_1.png,15_smile_clean wall/1/coh_1.jpg,3074122,1024,1536,sRGB,311541,1024,1536,sRGB,f9147a2aed4d243498cd6c2e567bbc73237bf06791690f1a5834a9c30ebc921a
450,skipped_exists,15_smile_clean wall/1/coh_2.png,15_smile_clean wall/1/coh_2.jpg,3171367,1024,1536,sRGB,344004,1024,1536,sRGB,4d52051ae2beed23b3c2429d2ab26333891235240a06b8c338043eeb8477074e
451,skipped_exists,15_smile_clean wall/1/end_coh_it.png,15_smile_clean wall/1/end_coh_it.jpg,2557817,1024,1536,sRGB,235673,1024,1536,sRGB,07217f2950a99cb5b9c2db1a75e53f85f71a13e7a684471289dda57e5b4c4fb7
452,skipped_exists,15_smile_clean wall/1/end_ic_it.png,15_smile_clean wall/1/end_ic_it.jpg,2625685,1024,1536,sRGB,287684,1024,1536,sRGB,414b91653ce87e92410a1365068aca3fc1dc9bdcf486f6a17de4680ba04001be
453,skipped_exists,15_smile_clean wall/1/end_ic_tr.png,15_smile_clean wall/1/end_ic_tr.jpg,2608352,1024,1536,sRGB,258373,1024,1536,sRGB,30a60e5f493e8e78479b87a0dff09aed8416494e29d15cc50f651bcf734c8f67
454,skipped_exists,15_smile_clean wall/1/ic_1.png,15_smile_clean wall/1/ic_1.jpg,2609317,1024,1536,sRGB,279843,1024,1536,sRGB,afac2304a7fdfd5b90265d7c61f3deb36495081f7ed1f200f266c57b7a0544a7
455,skipped_exists,15_smile_clean wall/1/it_target.png,15_smile_clean wall/1/it_target.jpg,2107887,1024,1536,sRGB,174451,1024,1536,sRGB,1733d6286a0e04c2271709eec4b383b4b6050f1eb06f5ec03583c359d46bebca
456,skipped_exists,15_smile_clean wall/1/tr_target.png,15_smile_clean wall/1/tr_target.jpg,3102765,1024,1536,sRGB,207821,1024,1536,sRGB,8feb5dac34d89a6471a535dc4586e69b0ade67bec8604729d273e255ac6eb5ab
457,skipped_exists,15_smile_clean wall/2/coh_1.png,15_smile_clean wall/2/coh_1.jpg,2321392,1024,1536,sRGB,181743,1024,1536,sRGB,a36954f65f2ec4bc0e587e22db3d018f9c7330a86ae6838a552efe62bf1f4c32
458,skipped_exists,15_smile_clean wall/2/coh_2.png,15_smile_clean wall/2/coh_2.jpg,2560445,1024,1536,sRGB,226216,1024,1536,sRGB,53d6448aa47ae7e45e6f2763e6004296327345e5cf73f6ac1cea667b2d97c5a3
459,skipped_exists,15_smile_clean wall/2/end_coh_it.png,15_smile_clean wall/2/end_coh_it.jpg,2481177,1024,1536,sRGB,242614,1024,1536,sRGB,431c18bc8a29435ed8f4b7656e5838e05496644f244cef91990a9f5e2352c7d9
460,skipped_exists,15_smile_clean wall/2/end_ic_it.png,15_smile_clean wall/2/end_ic_it.jpg,2761857,1024,1536,sRGB,323850,1024,1536,sRGB,87df3424f70985836427a886ee3bca67d73f1577b4ac13883868ee7758fcc872
461,skipped_exists,15_smile_clean wall/2/end_ic_tr.png,15_smile_clean wall/2/end_ic_tr.jpg,2390144,1024,1536,sRGB,227526,1024,1536,sRGB,3a81ed25d5b3c8ef37f9b37dfb02639cf0c81e395d23691f94e049cbf5acf114
462,skipped_exists,15_smile_clean wall/2/ic_1.png,15_smile_clean wall/2/ic_1.jpg,2668883,1024,1536,sRGB,298341,1024,1536,sRGB,104869165313aa6628b8893adc46d3675faa0abdd5a1d8367ba3099e9c7b7a6b
463,skipped_exists,15_smile_clean wall/2/it_target.png,15_smile_clean wall/2/it_target.jpg,2131939,1024,1536,sRGB,188034,1024,1536,sRGB,952c42213fc9ada036f04bb2972fcd7a8128cb8a53ebf2519b0a0a47b69919ad
464,skipped_exists,15_smile_clean wall/2/tr_target.png,15_smile_clean wall/2/tr_target.jpg,2425056,1024,1536,sRGB,230111,1024,1536,sRGB,92e90df7b9650d02643327aeb7b4094d6bcb24ba1b0a300cd2792814423e1f66
465,skipped_exists,15_smile_clean wall/3/coh_1.png,15_smile_clean wall/3/coh_1.jpg,2409909,1024,1536,sRGB,225596,1024,1536,sRGB,e285eb52efcea97c50642f6ee1ed097bf323523dfcce76e9a5cdfd4d85558e59
466,skipped_exists,15_smile_clean wall/3/coh_2.png,15_smile_clean wall/3/coh_2.jpg,2764295,1024,1536,sRGB,280468,1024,1536,sRGB,cbad7ffaef0fe7d71799230cec245f79e0cf14dc2a262347af69edf48ea3aa6a
467,skipped_exists,15_smile_clean wall/3/end_coh_it.png,15_smile_clean wall/3/end_coh_it.jpg,2588889,1024,1536,sRGB,242890,1024,1536,sRGB,e5998791acc41bd8bf1cdc14a686b2fef8fd643edc18dfa67a083a7813eb8c25
468,skipped_exists,15_smile_clean wall/3/end_ic_it.png,15_smile_clean wall/3/end_ic_it.jpg,2799568,1024,1536,sRGB,321271,1024,1536,sRGB,61146114b6aebae0a2284aeba755484bcec708f31098ec78d72cb95942b73a86
469,skipped_exists,15_smile_clean wall/3/end_ic_tr.png,15_smile_clean wall/3/end_ic_tr.jpg,2692161,1024,1536,sRGB,275129,1024,1536,sRGB,8401e4f45bd06019f57e0f7f130220af08a7ffb6ef1d490295dea205107a730f
470,skipped_exists,15_smile_clean wall/3/ic_1.png,15_smile_clean wall/3/ic_1.jpg,2720249,1024,1536,sRGB,296685,1024,1536,sRGB,07a0e61e62f3438b7e88f0c0e0e5b447de238b346c20f8e59c136b2a78f07161
471,skipped_exists,15_smile_clean wall/3/it_target.png,15_smile_clean wall/3/it_target.jpg,2518042,1024,1536,sRGB,229475,1024,1536,sRGB,4d85e7c0563a920d6b00436c1479ecdc7627caccf7d6d2f9ca00f0fa1bd82731
472,skipped_exists,15_smile_clean wall/3/tr_target.png,15_smile_clean wall/3/tr_target.jpg,2552539,1024,1536,sRGB,242495,1024,1536,sRGB,ab369bd36d36af7431254dd486750be9e682f37152cfc855973dc12b8e43b898
473,skipped_exists,15_smile_clean wall/4/coh_1.png,15_smile_clean wall/4/coh_1.jpg,2396315,1024,1536,sRGB,222630,1024,1536,sRGB,1f25cf667b5abdbbcbfeb16ee56e2aa87694647ce8d3f32c2bb084aea60477f0
474,skipped_exists,15_smile_clean wall/4/coh_2.png,15_smile_clean wall/4/coh_2.jpg,2491518,1024,1536,sRGB,235464,1024,1536,sRGB,c90324f4a41106bbfca72614dc000bc038a5a1cd52cfc258f6b3c93989be2de0
475,skipped_exists,15_smile_clean wall/4/end_coh_it.png,15_smile_clean wall/4/end_coh_it.jpg,2161365,1024,1536,sRGB,205137,1024,1536,sRGB,d44aa9a5ddabefb1aa584c14eb49ec33ade474a3686cf4fd083fb2787c647ac8
476,skipped_exists,15_smile_clean wall/4/end_ic_it.png,15_smile_clean wall/4/end_ic_it.jpg,2664563,1024,1536,sRGB,313675,1024,1536,sRGB,723b1a5a56d68e5daa0a682d527be25c0b0d01f4bf39150ff0586d3662ddd879
477,skipped_exists,15_smile_clean wall/4/end_ic_tr.png,15_smile_clean wall/4/end_ic_tr.jpg,2426200,1024,1536,sRGB,238696,1024,1536,sRGB,ae6fc00d2b831c79f07bd790045d110b715109604d8efb7e5a3926fa288c4964
478,skipped_exists,15_smile_clean wall/4/ic_1.png,15_smile_clean wall/4/ic_1.jpg,2802402,1024,1536,sRGB,313571,1024,1536,sRGB,de69498eda8a341a4dd5b985dac51632f9b41f88a468928591c15a004a96cc3b
479,converted,15_smile_clean wall/4/it_target.png,15_smile_clean wall/4/it_target.jpg,2515648,1024,1536,sRGB,273619,1024,1536,sRGB,cf526c4fed32886d8198309ed534cb7b13dcb9bfc08edde043a00dd21e9afda4
480,skipped_exists,15_smile_clean wall/4/tr_target.png,15_smile_clean wall/4/tr_target.jpg,2479763,1024,1536,sRGB,254459,1024,1536,sRGB,f5cd88ae72577c9f0af5b8fd397bae1a8d37cd310332d47f7a319d76a0959957
481,skipped_exists,16_sleep_wash dish/1/coh_1.png,16_sleep_wash dish/1/coh_1.jpg,2763668,1024,1536,sRGB,165153,1024,1536,sRGB,d2e55a1efca7ffcac3c8b46e39feeef39612a77cf7368a2ad41c598a48a42573
482,skipped_exists,16_sleep_wash dish/1/coh_2.png,16_sleep_wash dish/1/coh_2.jpg,2554990,1024,1536,sRGB,216100,1024,1536,sRGB,9e8aa86eb2609a5e6225c96a3f00a943f1fa762e9acfd8f641e5352a2593f164
483,skipped_exists,16_sleep_wash dish/1/end_coh_it.png,16_sleep_wash dish/1/end_coh_it.jpg,2528026,1024,1536,sRGB,265186,1024,1536,sRGB,5c5df81926a5526c50e6dae9921dfb02d721053613acd46d743620e64d8edbdb
484,skipped_exists,16_sleep_wash dish/1/end_ic_it.png,16_sleep_wash dish/1/end_ic_it.jpg,2666991,1024,1536,sRGB,316743,1024,1536,sRGB,ae1d75cffb6296bad375206f89c719cdd1e27003daba078737bbca790166623a
485,skipped_exists,16_sleep_wash dish/1/end_ic_tr.png,16_sleep_wash dish/1/end_ic_tr.jpg,2600663,1024,1536,sRGB,304858,1024,1536,sRGB,c96388ee9ab58b67b810d53a38c81bbe41cf5408dec955ca4ee92fe537f3c030
486,skipped_exists,16_sleep_wash dish/1/ic_1.png,16_sleep_wash dish/1/ic_1.jpg,3655169,1024,1536,sRGB,506729,1024,1536,sRGB,961fddbeaa31a5d19124b471a01fdb180658cd82871d23cd840b703617b76089
487,skipped_exists,16_sleep_wash dish/1/it_target.png,16_sleep_wash dish/1/it_target.jpg,2555294,1024,1536,sRGB,288894,1024,1536,sRGB,d32a565194641af8d7a060d3bffcaf2c1fde9b08ad60cc78ea54eaf5d46beb97
488,skipped_exists,16_sleep_wash dish/1/tr_target.png,16_sleep_wash dish/1/tr_target.jpg,2866578,1024,1536,sRGB,317824,1024,1536,sRGB,4034c8ba099e9e744712d1f22e17bbfd99fb732a8cbe916963794133fbd8d609
489,skipped_exists,16_sleep_wash dish/2/coh_1.png,16_sleep_wash dish/2/coh_1.jpg,2533427,1024,1536,sRGB,257902,1024,1536,sRGB,dab645a001e4b50cdb4073a654dddb942a850a156a98445dc6d2481546f163fa
490,skipped_exists,16_sleep_wash dish/2/coh_2.png,16_sleep_wash dish/2/coh_2.jpg,2696717,1024,1536,sRGB,299674,1024,1536,sRGB,fde0fb0d0397599947a24967f43750dc962d82fba0c1dc255d51e3f2313c7aec
491,skipped_exists,16_sleep_wash dish/2/end_coh_it.png,16_sleep_wash dish/2/end_coh_it.jpg,2571290,1024,1536,sRGB,266265,1024,1536,sRGB,cad00ebf8c0bd73b85720213deb4be207fd3e63c8a7f78f8a71e2a232ce69616
492,skipped_exists,16_sleep_wash dish/2/end_ic_it.png,16_sleep_wash dish/2/end_ic_it.jpg,3250463,1024,1536,sRGB,436173,1024,1536,sRGB,d700fdfc3bff55be18c1702e9d850010acad45064500e3056776fb0cb2d003c0
493,skipped_exists,16_sleep_wash dish/2/end_ic_tr.png,16_sleep_wash dish/2/end_ic_tr.jpg,2595712,1024,1536,sRGB,278184,1024,1536,sRGB,ae56d03f9860e54dbd5b0394643ea30693181366bf1067b3ae2f084b27b29d16
494,skipped_exists,16_sleep_wash dish/2/ic_1.png,16_sleep_wash dish/2/ic_1.jpg,3413583,1024,1536,sRGB,466179,1024,1536,sRGB,ca862f8e5dc6da8b358e38e016b534cb77153003437556992bfe8e6e79c710ca
495,skipped_exists,16_sleep_wash dish/2/it_target.png,16_sleep_wash dish/2/it_target.jpg,2529635,1024,1536,sRGB,256142,1024,1536,sRGB,309581fae431a8a634233d58a41afd2cdb223432fc134b3b63ac2e06670d5702
496,skipped_exists,16_sleep_wash dish/2/tr_target.png,16_sleep_wash dish/2/tr_target.jpg,2759560,1024,1536,sRGB,305452,1024,1536,sRGB,0c96127b3bc3ec27bbf34c7aba7e764901adfa222b53a2f0f7257505cc754809
497,skipped_exists,16_sleep_wash dish/3/coh_1.png,16_sleep_wash dish/3/coh_1.jpg,2244967,1024,1536,sRGB,190056,1024,1536,sRGB,32af40841b1baba715c1218e2620d2c01d9025d1346caa1af409d6328c53bfc9
498,skipped_exists,16_sleep_wash dish/3/coh_2.png,16_sleep_wash dish/3/coh_2.jpg,2069426,1024,1536,sRGB,179263,1024,1536,sRGB,39697d30fa8e49bbf8ccfd1ec7d9031f86378f216305a5ab955f9b813781c274
499,skipped_exists,16_sleep_wash dish/3/end_coh_it.png,16_sleep_wash dish/3/end_coh_it.jpg,2394338,1024,1536,sRGB,252023,1024,1536,sRGB,dd3bc89f1f53950c70560ac3b5d26aa41ebab2b42f31d3e3b7ae7cc1b737bbf2
500,skipped_exists,16_sleep_wash dish/3/end_ic_it.png,16_sleep_wash dish/3/end_ic_it.jpg,2420588,1024,1535,sRGB,270239,1024,1536,sRGB,927f5a6597f0d4869722f2cc0f67a75e5475d0c268b4c32b7d1edb4a50b1932c
501,skipped_exists,16_sleep_wash dish/3/end_ic_tr.png,16_sleep_wash dish/3/end_ic_tr.jpg,2525942,1024,1536,sRGB,283358,1024,1536,sRGB,9e312b86a8bf665d1497e6c6a0c6817998422ddee68e5329a9cca2ea5ea7caf4
502,skipped_exists,16_sleep_wash dish/3/ic_1.png,16_sleep_wash dish/3/ic_1.jpg,3587929,1024,1536,sRGB,505536,1024,1536,sRGB,ce75f35128385f9414d9e636ec96864c973fec45754a0d5ebea77ad619e5418f
503,skipped_exists,16_sleep_wash dish/3/it_target.png,16_sleep_wash dish/3/it_target.jpg,2600258,1024,1536,sRGB,281993,1024,1536,sRGB,e13974d01483a140311573bb7a4e55e85f04cb47de5f8bb8ccd3e76ac300fb4f
504,skipped_exists,16_sleep_wash dish/3/tr_target.png,16_sleep_wash dish/3/tr_target.jpg,2773937,1024,1536,sRGB,317587,1024,1536,sRGB,97b150392538ea68748cbae341eef244f0b0e571236e2cfcabc7d72685511ee8
505,skipped_exists,16_sleep_wash dish/4/coh_1.png,16_sleep_wash dish/4/coh_1.jpg,2747793,1024,1536,sRGB,295858,1024,1536,sRGB,4dd0adcd3d99dd45eaf1ca9bebb661c99f20778ceedbf69cdcf28a282d147ead
506,skipped_exists,16_sleep_wash dish/4/coh_2.png,16_sleep_wash dish/4/coh_2.jpg,2486596,1024,1536,sRGB,260287,1024,1536,sRGB,86bb80005f322b514b7de9492f32464a445fa0df9fb71033e6d1fbd745a6ca85
507,skipped_exists,16_sleep_wash dish/4/end_coh_it.png,16_sleep_wash dish/4/end_coh_it.jpg,2612699,1024,1536,sRGB,256240,1024,1536,sRGB,9811898c921c882a461e2b11d365508176c279845efe3abe809dceddf117354e
508,skipped_exists,16_sleep_wash dish/4/end_ic_it.png,16_sleep_wash dish/4/end_ic_it.jpg,2881094,1024,1536,sRGB,378448,1024,1536,sRGB,0e73ff647db17211d499206349dc778132097e3ff14b15e51a6ea3966fc887a4
509,skipped_exists,16_sleep_wash dish/4/end_ic_tr.png,16_sleep_wash dish/4/end_ic_tr.jpg,2388645,1024,1536,sRGB,252668,1024,1536,sRGB,9cd6fdebe37e5b39c262ecf6b01fecd32ffea3e8bddffd896366971131bd4c02
510,skipped_exists,16_sleep_wash dish/4/ic_1.png,16_sleep_wash dish/4/ic_1.jpg,3088515,1024,1536,sRGB,415872,1024,1536,sRGB,18eff2641cafee936226a4709b5d61967c90f80f86258b6141c0016fb76fd25d
511,skipped_exists,16_sleep_wash dish/4/it_target.png,16_sleep_wash dish/4/it_target.jpg,2846706,1024,1536,sRGB,314170,1024,1536,sRGB,58dfb790d4bff8cff6389eda5a51afdb3ce6617436eadf31e4fb67fd778bdf50
512,skipped_exists,16_sleep_wash dish/4/tr_target.png,16_sleep_wash dish/4/tr_target.jpg,2773241,1024,1536,sRGB,321811,1024,1536,sRGB,23a08b9eeae082e3c91dc56924d8ab7de3412b47e34585cb80ec342e4368a119
513,skipped_exists,17_rest_hang picture/1/coh_1.png,17_rest_hang picture/1/coh_1.jpg,2406344,1024,1536,sRGB,207302,1024,1536,sRGB,c106887d91375c4da72cb972dba047d09ebead02a2ddc78972b9480e00046fa6
514,skipped_exists,17_rest_hang picture/1/coh_2.png,17_rest_hang picture/1/coh_2.jpg,2211783,1024,1536,sRGB,160453,1024,1536,sRGB,c887e8189d9c16ef17ba78782f193004853164922db303f1afffe5334efe4b0e
515,skipped_exists,17_rest_hang picture/1/end_coh_it.png,17_rest_hang picture/1/end_coh_it.jpg,2576272,1024,1536,sRGB,261297,1024,1536,sRGB,2689df0ad60b1ba8758d236ee3518701f82c9e995cbfe72d9d51738c3458472a
516,skipped_exists,17_rest_hang picture/1/end_ic_it.png,17_rest_hang picture/1/end_ic_it.jpg,2299845,1024,1536,sRGB,214498,1024,1536,sRGB,f329b9c23aff95b8950fa4ec2d7c49520db0c8adc1d7ef5ffcc55b53c6d7e649
517,skipped_exists,17_rest_hang picture/1/end_ic_tr.png,17_rest_hang picture/1/end_ic_tr.jpg,2303933,1024,1536,sRGB,212889,1024,1536,sRGB,38ec47405937814d3440b25469b1df2942e1024a80d4573cb6c0d433a923c73f
518,skipped_exists,17_rest_hang picture/1/ic_1.png,17_rest_hang picture/1/ic_1.jpg,2032307,1024,1536,sRGB,190640,1024,1536,sRGB,8161742e53af0ac20085f7422d8536bbae84f0768867714443db299ab0b90e45
519,skipped_exists,17_rest_hang picture/1/it_target.png,17_rest_hang picture/1/it_target.jpg,2687117,1024,1536,sRGB,314817,1024,1536,sRGB,e83452501df071ec79e1caf6c3badcfeb71fde5c29595b0701b2d4adbe2ab192
520,skipped_exists,17_rest_hang picture/1/tr_target.png,17_rest_hang picture/1/tr_target.jpg,2272146,1023,1537,sRGB,207048,1024,1536,sRGB,c55d0bc94e98e29bfad648d1cc3fd17fe2315acfab34195cd90ba1228c28c324
521,skipped_exists,17_rest_hang picture/2/coh_1.png,17_rest_hang picture/2/coh_1.jpg,2132015,1024,1536,sRGB,227533,1024,1536,sRGB,69ee67ffd72c397dfc6b17ee6d0a4c7312e72f96c5cb91b7099a3d3b6d3305fa
522,skipped_exists,17_rest_hang picture/2/coh_2.png,17_rest_hang picture/2/coh_2.jpg,2072442,1024,1536,sRGB,219510,1024,1536,sRGB,7e2466bbdea4957e427db907b043d7323939dd9884d07f562d6045d6322337f9
523,skipped_exists,17_rest_hang picture/2/end_coh_it.png,17_rest_hang picture/2/end_coh_it.jpg,1987867,1024,1536,sRGB,208115,1024,1536,sRGB,254508f5053044cd2670ad7dd82742984b6096bc7351554b609fc9d6048f4ff4
524,skipped_exists,17_rest_hang picture/2/end_ic_it.png,17_rest_hang picture/2/end_ic_it.jpg,2169123,1024,1536,sRGB,289785,1024,1536,sRGB,970faa9b868f42c5529938d992507eef9faf8d1254841598b3d60092f6fe8391
525,skipped_exists,17_rest_hang picture/2/end_ic_tr.png,17_rest_hang picture/2/end_ic_tr.jpg,2179259,1024,1536,sRGB,241524,1024,1536,sRGB,787bd53427b361b006852964277b85fea73c90998b73c4e0481627ed3752f9ec
526,skipped_exists,17_rest_hang picture/2/ic_1.png,17_rest_hang picture/2/ic_1.jpg,2162224,1024,1536,sRGB,227906,1024,1536,sRGB,49506870d934609d46d4c24e8fc13a508a8152e0e784fd91c5d456b460990f8c
527,skipped_exists,17_rest_hang picture/2/it_target.png,17_rest_hang picture/2/it_target.jpg,1916971,1024,1536,sRGB,215209,1024,1536,sRGB,fbce8dd5e20df0d1d203cdf32c9dcdaf0a778f7fdb4e0922a08fb4f99fa0f553
528,skipped_exists,17_rest_hang picture/2/tr_target.png,17_rest_hang picture/2/tr_target.jpg,1828473,1024,1536,sRGB,165976,1024,1536,sRGB,527f6561ede2d4a5d3be4c8b775c985b9f6ac873d643a9c18114b997af1afa01
529,skipped_exists,17_rest_hang picture/3/coh_1.png,17_rest_hang picture/3/coh_1.jpg,2294085,1023,1537,sRGB,200520,1024,1536,sRGB,ff65e289dcbb72c7b12893e2ab4fb32ca05d96eba11cb95fbaae0b3525da761a
530,skipped_exists,17_rest_hang picture/3/coh_2.png,17_rest_hang picture/3/coh_2.jpg,2268428,1024,1536,sRGB,189047,1024,1536,sRGB,7100d18d8ec790b91f88cc456599ec4dc1bc5a367a70bbdbbf582fd8bc739f64
531,skipped_exists,17_rest_hang picture/3/end_coh_it.png,17_rest_hang picture/3/end_coh_it.jpg,2554663,1024,1536,sRGB,251887,1024,1536,sRGB,2893335e354919516a5637ee02c8299651f4905c5ecc3a31c9d5c663c09e9d82
532,skipped_exists,17_rest_hang picture/3/end_ic_it.png,17_rest_hang picture/3/end_ic_it.jpg,2379573,1024,1536,sRGB,248358,1024,1536,sRGB,198fa1ffca5e14e5fcc76747f0071c1ec1bdc97faa5029d72344d61ea1a3318c
533,skipped_exists,17_rest_hang picture/3/end_ic_tr.png,17_rest_hang picture/3/end_ic_tr.jpg,2647839,1024,1536,sRGB,256625,1024,1536,sRGB,68890b3192b0fbf7ae860e4865e35e8e8ac25cb4bad4c6a58561bc648836eb3f
534,skipped_exists,17_rest_hang picture/3/ic_1.png,17_rest_hang picture/3/ic_1.jpg,2436251,1024,1536,sRGB,250424,1024,1536,sRGB,f81c4d6a9707a4d000a55b8486103ccf265a0a89ecc390a1ff272cdd6f446963
535,skipped_exists,17_rest_hang picture/3/it_target.png,17_rest_hang picture/3/it_target.jpg,2626272,1024,1536,sRGB,281843,1024,1536,sRGB,623966cb15971a3371c9ccbc0f3949180d8c05bcbb52ca97be6d32a5c5a7b304
536,skipped_exists,17_rest_hang picture/3/tr_target.png,17_rest_hang picture/3/tr_target.jpg,2500214,1024,1536,sRGB,230723,1024,1536,sRGB,0ec5ad652c98ca5118c83f73fce00e45b47691aab851b10ba34c7c36946f99ab
537,skipped_exists,17_rest_hang picture/4/coh_1.png,17_rest_hang picture/4/coh_1.jpg,2321244,1024,1536,sRGB,207161,1024,1536,sRGB,6b4acf44829096be3223c04b26d76b0f7c6e05609f57360c892dec15fbfbd6a7
538,skipped_exists,17_rest_hang picture/4/coh_2.png,17_rest_hang picture/4/coh_2.jpg,2407657,1024,1536,sRGB,216103,1024,1536,sRGB,c07870452553bafc866ff7f4bc5bb4fb38e742fb305bdef753ec4757e895b36c
539,skipped_exists,17_rest_hang picture/4/end_coh_it.png,17_rest_hang picture/4/end_coh_it.jpg,2438366,1024,1536,sRGB,220988,1024,1536,sRGB,e3c0110b76797915ff46ed03eb168cae1d6ea1691b0dd89b667b1e2b2ef23909
540,skipped_exists,17_rest_hang picture/4/end_ic_it.png,17_rest_hang picture/4/end_ic_it.jpg,2359301,1024,1536,sRGB,304319,1024,1536,sRGB,d6160d61e6bee41e0c9a1d3f745e579677bd888ee83d9de66f19e7b8b6d935bf
541,skipped_exists,17_rest_hang picture/4/end_ic_tr.png,17_rest_hang picture/4/end_ic_tr.jpg,2756977,1024,1536,sRGB,280523,1024,1536,sRGB,1641c25d7eb1e2d73228f7919ea026791f4ae745e2c79230047068a8129d3d79
542,skipped_exists,17_rest_hang picture/4/ic_1.png,17_rest_hang picture/4/ic_1.jpg,2495737,1024,1536,sRGB,265096,1024,1536,sRGB,258687844d62b9ae2a7fb817de78d55afd844b9128734f5b0de79bf880670111
543,skipped_exists,17_rest_hang picture/4/it_target.png,17_rest_hang picture/4/it_target.jpg,2093882,1024,1536,sRGB,207814,1024,1536,sRGB,96540f27513b0b84cb9d46b05ae5983286071c5a91e6f64cebeae0e3be1ff6df
544,skipped_exists,17_rest_hang picture/4/tr_target.png,17_rest_hang picture/4/tr_target.jpg,2261666,1024,1536,sRGB,192424,1024,1536,sRGB,c6aee578a038edb182eee250d20e9b61b62e42dff29354507707ac8d5ad1b441
545,skipped_exists,18_yawn_put on cap/1/coh_1.png,18_yawn_put on cap/1/coh_1.jpg,2701695,1024,1536,sRGB,280373,1024,1536,sRGB,9289929b91aa3d76e7420f93e43eb1d92f84ab05a5a5306a2df66c6567cc618f
546,skipped_exists,18_yawn_put on cap/1/coh_2.png,18_yawn_put on cap/1/coh_2.jpg,2658100,1024,1536,sRGB,254012,1024,1536,sRGB,d567706d8d34c1052bfd6e4d5dc94fa77915e18fd31c8e535d1ace8fe5ffcd8f
547,skipped_exists,18_yawn_put on cap/1/end_coh_it.png,18_yawn_put on cap/1/end_coh_it.jpg,2504405,1023,1537,sRGB,273925,1024,1536,sRGB,61e73d2fcb0eaee4b79d0b9b99e99a6530ea514ba3d80e728d85dca10ffd2c94
548,skipped_exists,18_yawn_put on cap/1/end_ic_it.png,18_yawn_put on cap/1/end_ic_it.jpg,2151868,1024,1536,sRGB,193426,1024,1536,sRGB,a35fe91e8ed910d66cc990436c52b1bdf81b4255f16033f146ff7a578ab9891d
549,skipped_exists,18_yawn_put on cap/1/end_ic_tr.png,18_yawn_put on cap/1/end_ic_tr.jpg,2457198,1024,1536,sRGB,238403,1024,1536,sRGB,c4cf8838662eda4e7b55a88e8e0aff820e298dfcf53eecbed6278f607e9d9a9d
550,skipped_exists,18_yawn_put on cap/1/ic_1.png,18_yawn_put on cap/1/ic_1.jpg,2356142,1024,1536,sRGB,239199,1024,1536,sRGB,312521d8d9e8618b5c456264ffdcbe94904e1859589f2e66677f04d061fd1396
551,skipped_exists,18_yawn_put on cap/1/it_target.png,18_yawn_put on cap/1/it_target.jpg,2038071,1024,1536,sRGB,173181,1024,1536,sRGB,1af676ecd2a4e1454019dfb744888f08bcee2e544ffafc9dc574204ba77b7666
552,skipped_exists,18_yawn_put on cap/1/tr_target.png,18_yawn_put on cap/1/tr_target.jpg,2662882,1024,1536,sRGB,259855,1024,1536,sRGB,1e9899eb9378a20e67506988122b80b215caa2e6052ef8c9289ddea1f2eea75b
553,skipped_exists,18_yawn_put on cap/2/coh_1.png,18_yawn_put on cap/2/coh_1.jpg,2309337,1024,1536,sRGB,215723,1024,1536,sRGB,f190c2bca0753234b015e5a3ea238f5905e1b416bee57dab815b84d07c04ad96
554,skipped_exists,18_yawn_put on cap/2/coh_2.png,18_yawn_put on cap/2/coh_2.jpg,2271149,1024,1536,sRGB,214070,1024,1536,sRGB,4a6703d715c6fa1c47360291e88d1ee10fd51021678253f90a2083f5503f6f64
555,skipped_exists,18_yawn_put on cap/2/end_coh_it.png,18_yawn_put on cap/2/end_coh_it.jpg,2357421,1024,1536,sRGB,237062,1024,1536,sRGB,984e3ff2f0388a9266a950d0fe3e26c9953da60394550c92906333ad2b61af31
556,skipped_exists,18_yawn_put on cap/2/end_ic_it.png,18_yawn_put on cap/2/end_ic_it.jpg,1998577,1024,1536,sRGB,173583,1024,1536,sRGB,096bc74db2aed284eec6cf78907a733adf297afc43c84ba59f8cb2315c6d7a8d
557,skipped_exists,18_yawn_put on cap/2/end_ic_tr.png,18_yawn_put on cap/2/end_ic_tr.jpg,2353929,1024,1536,sRGB,237079,1024,1536,sRGB,d3a10c96d5aa54aacd93d25cab901095d99e23e2bd0d845e201137648120e89a
558,skipped_exists,18_yawn_put on cap/2/ic_1.png,18_yawn_put on cap/2/ic_1.jpg,2528971,1024,1536,sRGB,286671,1024,1536,sRGB,4b144151ef7571e11c845bf335bd22d2644b115bde77f62ea065c29902c93ff5
559,skipped_exists,18_yawn_put on cap/2/it_target.png,18_yawn_put on cap/2/it_target.jpg,2162763,1024,1536,sRGB,159455,1024,1536,sRGB,02e1b9780253529a3175560190daf0d2e88c6121a17a5090de6ff10b60718c31
560,skipped_exists,18_yawn_put on cap/2/tr_target.png,18_yawn_put on cap/2/tr_target.jpg,2353623,1024,1536,sRGB,201827,1024,1536,sRGB,4fd5b7d1f9db399803dd2cd61c44253dc68aee2a1abdec0d20757ddf02f3b4ae
561,skipped_exists,18_yawn_put on cap/3/coh_1.png,18_yawn_put on cap/3/coh_1.jpg,2613911,1024,1536,sRGB,270841,1024,1536,sRGB,7adc34e1d515fe9f1e8f534f33b4a43472cd0b55d7ead65a5e4e0ddec9078f05
562,skipped_exists,18_yawn_put on cap/3/coh_2.png,18_yawn_put on cap/3/coh_2.jpg,2422516,1024,1536,sRGB,238371,1024,1536,sRGB,0a34f94780864ff9767fcf87563f9ee45351493c8b8c9f6f30f9dfffa2e91526
563,skipped_exists,18_yawn_put on cap/3/end_coh_it.png,18_yawn_put on cap/3/end_coh_it.jpg,2680226,1024,1536,sRGB,291077,1024,1536,sRGB,0817385f4046cb4beca1ecc5a5514420c4c095cf63638405e491e28d0c0e91ec
564,skipped_exists,18_yawn_put on cap/3/end_ic_it.png,18_yawn_put on cap/3/end_ic_it.jpg,2034216,1024,1536,sRGB,176380,1024,1536,sRGB,705d249ea0a6ea8b80832430ebee1730d6f70f3371b8157c021cc18347710815
565,skipped_exists,18_yawn_put on cap/3/end_ic_tr.png,18_yawn_put on cap/3/end_ic_tr.jpg,2188101,1024,1535,sRGB,221075,1024,1536,sRGB,5f31381734b2a637e82721ca4e4fd8539ca3a4d3613690603a3e5268fc4d7280
566,skipped_exists,18_yawn_put on cap/3/ic_1.png,18_yawn_put on cap/3/ic_1.jpg,2301259,1024,1536,sRGB,236130,1024,1536,sRGB,32dcffa123525f98189903f961122f458400d48e969eb625197f140e11b5c904
567,skipped_exists,18_yawn_put on cap/3/it_target.png,18_yawn_put on cap/3/it_target.jpg,2438538,1024,1536,sRGB,210012,1024,1536,sRGB,bd879fb0e8b9f2fddd2ab85eec2d219a6e902f29bd951dc729623fc2f495dc3a
568,skipped_exists,18_yawn_put on cap/3/tr_target.png,18_yawn_put on cap/3/tr_target.jpg,2570275,1024,1536,sRGB,239030,1024,1536,sRGB,8315733622836482e2c226cf5fc05deb39f221dacb6b8478016c50ec58da5f9b
569,skipped_exists,18_yawn_put on cap/4/coh_1.png,18_yawn_put on cap/4/coh_1.jpg,2459256,1024,1536,sRGB,256363,1024,1536,sRGB,d5806d7c3ede1e8a5813793b52f9d5341df51110c6957f2cde5b117986de5b99
570,skipped_exists,18_yawn_put on cap/4/coh_2.png,18_yawn_put on cap/4/coh_2.jpg,2405624,1024,1536,sRGB,246757,1024,1536,sRGB,da24303a0b4f976951db07aa4c71a71a9691e423561e7b8c79b5b046d8237b5b
571,skipped_exists,18_yawn_put on cap/4/end_coh_it.png,18_yawn_put on cap/4/end_coh_it.jpg,2486186,1024,1536,sRGB,251335,1024,1536,sRGB,a5ca30cf5b8f4aeb2bbf39bbf7c338fbbf41f836784a3ea1ea7620db04d77498
572,skipped_exists,18_yawn_put on cap/4/end_ic_it.png,18_yawn_put on cap/4/end_ic_it.jpg,2189664,1024,1536,sRGB,181988,1024,1536,sRGB,c37f00f6a237bdf569fea37cde00cf94e9fb8076d102747550d02bffcf4b45db
573,skipped_exists,18_yawn_put on cap/4/end_ic_tr.png,18_yawn_put on cap/4/end_ic_tr.jpg,2264145,1023,1537,sRGB,212449,1024,1536,sRGB,666b1967d7baef678c17c2c7fb410b78f7cf65d4f9cb4db8d14909699a946a2d
574,converted,18_yawn_put on cap/4/ic_1.png,18_yawn_put on cap/4/ic_1.jpg,2664819,1024,1536,sRGB,315549,1024,1536,sRGB,7438a6444df851a6cde08eb986c5393a32d4e57e3bac4e92d42a2540da1e04bb
575,skipped_exists,18_yawn_put on cap/4/it_target.png,18_yawn_put on cap/4/it_target.jpg,2169293,1024,1536,sRGB,157516,1024,1536,sRGB,9c2ded44284f713f43fa8e8c209828d2c6d69e93b42dd80be90be46029436867
576,skipped_exists,18_yawn_put on cap/4/tr_target.png,18_yawn_put on cap/4/tr_target.jpg,2291828,1024,1536,sRGB,186465,1024,1536,sRGB,0f5edfc2202dc6709197c8417f33f7bb9f478eb7a3137fb3b1c1573eb32249e4
577,skipped_exists,19_sit_crack egg/1/coh_1.png,19_sit_crack egg/1/coh_1.jpg,2469548,1024,1536,sRGB,241778,1024,1536,sRGB,f5e90373ae108535f701770230414642579ec30a5ae4abb26cfb82c0b9ffb84b
578,skipped_exists,19_sit_crack egg/1/coh_2.png,19_sit_crack egg/1/coh_2.jpg,2231692,1024,1536,sRGB,206023,1024,1536,sRGB,267eb0deb7514cb7f2be204adaf86c28440297632e66cdc935b0f4a7d65b7ce0
579,skipped_exists,19_sit_crack egg/1/end_coh_it.png,19_sit_crack egg/1/end_coh_it.jpg,2089031,1024,1536,sRGB,207464,1024,1536,sRGB,636610c029f131ff868ecd3a89d91137c63918ec6a2a45fb7733b462d513013f
580,skipped_exists,19_sit_crack egg/1/end_ic_it.png,19_sit_crack egg/1/end_ic_it.jpg,1965479,1024,1535,sRGB,157275,1024,1536,sRGB,949214b694cc9b5c86074b2f1d6b16d430b838011b7282d458efc35c11f13238
581,skipped_exists,19_sit_crack egg/1/end_ic_tr.png,19_sit_crack egg/1/end_ic_tr.jpg,2197104,1024,1536,sRGB,192794,1024,1536,sRGB,34e13c5a71f3d29c94985fa0555b1ce855e1ba8a797bdcfdeb270e3a153ca31d
582,skipped_exists,19_sit_crack egg/1/ic_1.png,19_sit_crack egg/1/ic_1.jpg,2253646,1024,1536,sRGB,100458,1024,1536,sRGB,f9cb023294e97f798d4d69c26ef64ba305cc0e859ed074ccac9490eb67e378cf
583,skipped_exists,19_sit_crack egg/1/it_target.png,19_sit_crack egg/1/it_target.jpg,2646054,1024,1536,sRGB,235986,1024,1536,sRGB,7f8ee5ee00b0de5a997f943957918695fd8d32d0e012388bbfac9ede08c9e597
584,skipped_exists,19_sit_crack egg/1/tr_target.png,19_sit_crack egg/1/tr_target.jpg,2296124,1024,1536,sRGB,192518,1024,1536,sRGB,714f98f9df3f49e60bc4ae8357dc7fc98bfc0c1c928c757f45533755ed7d22af
585,skipped_exists,19_sit_crack egg/2/coh_1.png,19_sit_crack egg/2/coh_1.jpg,2379835,1024,1536,sRGB,218212,1024,1536,sRGB,7f4264846054bd29c7d170ab8c0f6bda8a862370166a1aef2dd4424afbb86009
586,skipped_exists,19_sit_crack egg/2/coh_2.png,19_sit_crack egg/2/coh_2.jpg,2369615,1024,1536,sRGB,233862,1024,1536,sRGB,484f313c7a8c3d4515d5815d8f046e736fc5b515c8f041ea729d18fbfd054afb
587,skipped_exists,19_sit_crack egg/2/end_coh_it.png,19_sit_crack egg/2/end_coh_it.jpg,2407566,1024,1536,sRGB,240216,1024,1536,sRGB,263039f8a2bbbeb707f2a1d11637552f2a928893548bf89e524a612e2b784ff8
588,skipped_exists,19_sit_crack egg/2/end_ic_it.png,19_sit_crack egg/2/end_ic_it.jpg,2339336,1024,1536,sRGB,235005,1024,1536,sRGB,70839d10d74018dfb8267861a9aff4139cd4fd21013465416ad94ceca6e3f603
589,skipped_exists,19_sit_crack egg/2/end_ic_tr.png,19_sit_crack egg/2/end_ic_tr.jpg,2418040,1024,1536,sRGB,255055,1024,1536,sRGB,9ac5ca4bad48df10ef71a30b61b96478056f62fc0a530df9dc31a88c117e61e6
590,skipped_exists,19_sit_crack egg/2/ic_1.png,19_sit_crack egg/2/ic_1.jpg,2276995,1024,1536,sRGB,178650,1024,1536,sRGB,c07d4e780b008e5d0ffd672075c3c611dda9970dc6db0ddb8c65c5e27038e3a5
591,skipped_exists,19_sit_crack egg/2/it_target.png,19_sit_crack egg/2/it_target.jpg,2361724,1024,1536,sRGB,219554,1024,1536,sRGB,96de7fb5718e9a047723ac4c22727edb2b46cbb6edc8538399b76d6f22f39e4c
592,skipped_exists,19_sit_crack egg/2/tr_target.png,19_sit_crack egg/2/tr_target.jpg,2624290,1024,1536,sRGB,271689,1024,1536,sRGB,ae9da349e1320ec1db753b4f777edb680e0f85e4fcce641af7acdef10941bb93
593,skipped_exists,19_sit_crack egg/3/coh_1.png,19_sit_crack egg/3/coh_1.jpg,2510039,1024,1536,sRGB,251339,1024,1536,sRGB,1a4d3f237a5be4990d83b3d6ec26fd20d5544c1037eb04cd316a851f0e77e1cf
594,skipped_exists,19_sit_crack egg/3/coh_2.png,19_sit_crack egg/3/coh_2.jpg,2615693,1024,1536,sRGB,264055,1024,1536,sRGB,d99aea9ffd70604c15998077d0459a5d25d4924d2192cf6b6e5e965c997fbf0d
595,skipped_exists,19_sit_crack egg/3/end_coh_it.png,19_sit_crack egg/3/end_coh_it.jpg,2288504,1024,1536,sRGB,222963,1024,1536,sRGB,7c82592b3e618461a07a229d1b7c3b53b9ffd7fe743287f2d2335a8c689d85fb
596,skipped_exists,19_sit_crack egg/3/end_ic_it.png,19_sit_crack egg/3/end_ic_it.jpg,2109880,1024,1536,sRGB,190169,1024,1536,sRGB,aee01e13cfc55474390f386076ac959554c4f628ce60de74a91da231a8118092
597,skipped_exists,19_sit_crack egg/3/end_ic_tr.png,19_sit_crack egg/3/end_ic_tr.jpg,2399367,1024,1536,sRGB,230561,1024,1536,sRGB,92a44b5d097986cf55430ef5fe7a2f679ebf286452d42936518f4b35c5fdbfea
598,skipped_exists,19_sit_crack egg/3/ic_1.png,19_sit_crack egg/3/ic_1.jpg,1955295,1024,1536,sRGB,111492,1024,1536,sRGB,14bdfbfc07f16b0f417346e4879757f810227a190b7b732d662159dd29a87ea8
599,skipped_exists,19_sit_crack egg/3/it_target.png,19_sit_crack egg/3/it_target.jpg,2363829,1024,1536,sRGB,226018,1024,1536,sRGB,1ed067d24c67fac054545f959945af4d172d3798439b9c84b9c15d8690fb1837
600,skipped_exists,19_sit_crack egg/3/tr_target.png,19_sit_crack egg/3/tr_target.jpg,2202122,1024,1536,sRGB,193605,1024,1536,sRGB,ac5b87863f773a5f9b0372b934fbbb5d9d8e4e67c96d9184fa8db3a5e852fa2c
601,skipped_exists,19_sit_crack egg/4/coh_1.png,19_sit_crack egg/4/coh_1.jpg,2648460,1024,1536,sRGB,280429,1024,1536,sRGB,4518937e7c34f3373e21a5d6b39382aeb996fe58f5dc646ce6d3e97af87b3c96
602,skipped_exists,19_sit_crack egg/4/coh_2.png,19_sit_crack egg/4/coh_2.jpg,2465470,1024,1536,sRGB,251583,1024,1536,sRGB,4bdc27f730d5bb3c09af1c3d2eedfc18d64935c97e97078caf154aa4793031c0
603,skipped_exists,19_sit_crack egg/4/end_coh_it.png,19_sit_crack egg/4/end_coh_it.jpg,2474033,1024,1536,sRGB,257723,1024,1536,sRGB,65c5688dc04493dc4ac8acba25225fdd2a75f22eb2ad276350eac0f2746dbd48
604,skipped_exists,19_sit_crack egg/4/end_ic_it.png,19_sit_crack egg/4/end_ic_it.jpg,2493616,1024,1536,sRGB,246361,1024,1536,sRGB,8c69da140f8d58897a7b347b0c11dfba5b2695173f7691e41efda29d012a78c0
605,skipped_exists,19_sit_crack egg/4/end_ic_tr.png,19_sit_crack egg/4/end_ic_tr.jpg,2542105,1024,1536,sRGB,269000,1024,1536,sRGB,2cac5f083a8ac9f990bfe7fdfe9691793eea4bdba6514105eac015ca2afa53c1
606,skipped_exists,19_sit_crack egg/4/ic_1.png,19_sit_crack egg/4/ic_1.jpg,2586416,1024,1536,sRGB,276844,1024,1536,sRGB,8869130ef05bd5633e43041c2a13fd69e04c84820da8248c2904703129fccfa2
607,skipped_exists,19_sit_crack egg/4/it_target.png,19_sit_crack egg/4/it_target.jpg,2551424,1024,1536,sRGB,258257,1024,1536,sRGB,9f2ecaaf97606850c56f6d5a7d7965413ce8433833f931f9467bdc78765b1874
608,skipped_exists,19_sit_crack egg/4/tr_target.png,19_sit_crack egg/4/tr_target.jpg,2415789,1024,1536,sRGB,240441,1024,1536,sRGB,4ccc8676268fe57bd8a3809f41a268d6a90315769805cb1d220138d0d068c36b
609,skipped_exists,20_come_plant sapling/1/coh_1.png,20_come_plant sapling/1/coh_1.jpg,2754743,1024,1536,sRGB,317701,1024,1536,sRGB,b129e3fe1037d18ce4e7f9d12d5ab767df5eb942efb46cf6396dcdab1b72f696
610,skipped_exists,20_come_plant sapling/1/coh_2.png,20_come_plant sapling/1/coh_2.jpg,2523804,1024,1536,sRGB,277753,1024,1536,sRGB,2d0227db0f04d5885e5efa79b3ec546d0d6090d7cacb580c963572a153f5adf1
611,skipped_exists,20_come_plant sapling/1/end_coh_it.png,20_come_plant sapling/1/end_coh_it.jpg,3131272,1024,1536,sRGB,413039,1024,1536,sRGB,3a4cdfffbec7fbbae712f03adaeef8e717045f1e47ca55414cabcd5b9aa6c045
612,skipped_exists,20_come_plant sapling/1/end_ic_it.png,20_come_plant sapling/1/end_ic_it.jpg,3098588,1024,1536,sRGB,402108,1024,1536,sRGB,98ca0e40e7b6bbb89c7a8a506c218b1ed44bcb2b35c16b4149c7f118c22671e8
613,skipped_exists,20_come_plant sapling/1/end_ic_tr.png,20_come_plant sapling/1/end_ic_tr.jpg,3116404,1024,1536,sRGB,370526,1024,1536,sRGB,87c9a409751dd3105f74eb21ea1535672fc389c763645bd83b032cd3eb68a050
614,skipped_exists,20_come_plant sapling/1/ic_1.png,20_come_plant sapling/1/ic_1.jpg,3326298,1024,1536,sRGB,454116,1024,1536,sRGB,165caf38d32e98587c5e2c00a8245f81a29c912f94a2a24c29c7b3a2b8da7a88
615,skipped_exists,20_come_plant sapling/1/it_target.png,20_come_plant sapling/1/it_target.jpg,2731147,1024,1536,sRGB,303642,1024,1536,sRGB,df496afeab6696727fb4743c2e3c7ec8764cdf50273ace9d969ee4bf2518d8ea
616,skipped_exists,20_come_plant sapling/1/tr_target.png,20_come_plant sapling/1/tr_target.jpg,3032004,1024,1536,sRGB,336912,1024,1536,sRGB,2711f262f86a559e87877739b6ef782ed3a4afd0f2de0b510dad9a1a19bac67f
617,skipped_exists,20_come_plant sapling/2/coh_1.png,20_come_plant sapling/2/coh_1.jpg,2850168,1024,1536,sRGB,345192,1024,1536,sRGB,d20e22e79fcd6b3f2b3ec03c4049c39406616f3b8dffc9284118af959830ddea
618,skipped_exists,20_come_plant sapling/2/coh_2.png,20_come_plant sapling/2/coh_2.jpg,2898647,1024,1536,sRGB,357588,1024,1536,sRGB,bfc5db89e7b5ce3315180b01983493667e81863d7e5e14a912929133c3d65bdf
619,skipped_exists,20_come_plant sapling/2/end_coh_it.png,20_come_plant sapling/2/end_coh_it.jpg,3104709,1024,1536,sRGB,392609,1024,1536,sRGB,587d24a90dbe3b5ec9848705ae17cd3b3cad84c9c92b6f5d688262deaf0d4c5a
620,skipped_exists,20_come_plant sapling/2/end_ic_it.png,20_come_plant sapling/2/end_ic_it.jpg,3095303,1024,1536,sRGB,379812,1024,1536,sRGB,9b294d7b9e8b9dc9752f084ce8ce3f58c83400f8bd88751a974add63b82b8952
621,skipped_exists,20_come_plant sapling/2/end_ic_tr.png,20_come_plant sapling/2/end_ic_tr.jpg,2413883,1024,1536,sRGB,275886,1024,1536,sRGB,7512c076e228ff853b327612c034678a51ffc4398d4cb8eee8438bb72b2d6fb1
622,skipped_exists,20_come_plant sapling/2/ic_1.png,20_come_plant sapling/2/ic_1.jpg,3489745,1024,1536,sRGB,517279,1024,1536,sRGB,3e303e20e5af6e4160048d8059e83fa916f62c435ae537391eb955b957d38c0d
623,skipped_exists,20_come_plant sapling/2/it_target.png,20_come_plant sapling/2/it_target.jpg,3009910,1024,1536,sRGB,342629,1024,1536,sRGB,710aab98fab7c6985a7b7aee2f6108bf82fe575e26be2826cad49342c2fa3f16
624,skipped_exists,20_come_plant sapling/2/tr_target.png,20_come_plant sapling/2/tr_target.jpg,3045111,1024,1536,sRGB,353615,1024,1536,sRGB,d4b8f05e2da0d32af71ca6f719cf7851ff8d62ec66b5ceeeb22130a3415613a8
625,skipped_exists,20_come_plant sapling/3/coh_1.png,20_come_plant sapling/3/coh_1.jpg,2969112,1024,1536,sRGB,383253,1024,1536,sRGB,9f96ce6eda2bfe5c65c87d6d086e850d6336a23a978b8255b0d1ed0eeaf69f96
626,skipped_exists,20_come_plant sapling/3/coh_2.png,20_come_plant sapling/3/coh_2.jpg,2919570,1023,1537,sRGB,376678,1024,1536,sRGB,21c3ba19ac0970487755b2105d0aaebe3b4e88be91a938f5a7a545f386a5ad20
627,skipped_exists,20_come_plant sapling/3/end_coh_it.png,20_come_plant sapling/3/end_coh_it.jpg,2894940,1024,1536,sRGB,361596,1024,1536,sRGB,662da783917081cd35fc06019c23a3c890d591a2d10f0cd5a40d48c70d0b0fb0
628,skipped_exists,20_come_plant sapling/3/end_ic_it.png,20_come_plant sapling/3/end_ic_it.jpg,2960766,1024,1536,sRGB,344336,1024,1536,sRGB,f68b4777f0a28fb993d95ce05459112f1b4ec9ba7cba29e138dc59433ca9ab4a
629,converted,20_come_plant sapling/3/end_ic_tr.png,20_come_plant sapling/3/end_ic_tr.jpg,2812064,1024,1536,sRGB,339088,1024,1536,sRGB,05b26bb967a14f6c40612545f914ff6659b02257e07c7ad85212b63f10224a84
630,skipped_exists,20_come_plant sapling/3/ic_1.png,20_come_plant sapling/3/ic_1.jpg,3818650,1024,1536,sRGB,562163,1024,1536,sRGB,756fa67775cda24f26ee4d888d5a03035a2423623c119122c9f178306442a200
631,skipped_exists,20_come_plant sapling/3/it_target.png,20_come_plant sapling/3/it_target.jpg,2830450,1024,1536,sRGB,337308,1024,1536,sRGB,cc5db2bfe3766993bf8a072355e81f6a779c53387e4c50fab72212ca1da337fe
632,skipped_exists,20_come_plant sapling/3/tr_target.png,20_come_plant sapling/3/tr_target.jpg,2767691,1023,1537,sRGB,337706,1024,1536,sRGB,92945fb3cf4e974d92c85ce9ede0cdbd6843049130888679d9c66990abaa8e69
633,skipped_exists,20_come_plant sapling/4/coh_1.png,20_come_plant sapling/4/coh_1.jpg,3085077,1024,1536,sRGB,376716,1024,1536,sRGB,aaea3e28eb4ed8f22fb67da6b4d78bf6fdd6dae58cc55f8e1dc0285b2e853117
634,skipped_exists,20_come_plant sapling/4/coh_2.png,20_come_plant sapling/4/coh_2.jpg,3139176,1024,1536,sRGB,392365,1024,1536,sRGB,72a9d894fed444bdd628180dd984b132ad84d0303fd0c59e10535488f9fa685b
635,skipped_exists,20_come_plant sapling/4/end_coh_it.png,20_come_plant sapling/4/end_coh_it.jpg,3051971,1024,1536,sRGB,381718,1024,1536,sRGB,5d54b72d3b9df23e951201eb7cdad7fce94744a664002315ff7db0679bcf08d1
636,skipped_exists,20_come_plant sapling/4/end_ic_it.png,20_come_plant sapling/4/end_ic_it.jpg,2655299,1024,1535,sRGB,299227,1024,1536,sRGB,162ae482fc75cef11226fc4d1fa91fe237819e24515538d4e8d2c29288d2c0c2
637,skipped_exists,20_come_plant sapling/4/end_ic_tr.png,20_come_plant sapling/4/end_ic_tr.jpg,2767649,1024,1536,sRGB,353569,1024,1536,sRGB,22e21d28bdf7ef13d965874b8935a71f1d3f16d2645cdd7cbd07623aabd3fc0e
638,skipped_exists,20_come_plant sapling/4/ic_1.png,20_come_plant sapling/4/ic_1.jpg,2485460,1024,1536,sRGB,307206,1024,1536,sRGB,85d7610b426f7ef3593e3f373c97b7c78bdcfdb0b089ba456ff3cb50943d19a6
639,skipped_exists,20_come_plant sapling/4/it_target.png,20_come_plant sapling/4/it_target.jpg,2745739,1024,1535,sRGB,337973,1024,1536,sRGB,27d05073ea6ed686ad5d4f5fb886ebfde6af59bbcdd03258b26d1da99b9f1f51
640,skipped_exists,20_come_plant sapling/4/tr_target.png,20_come_plant sapling/4/tr_target.jpg,2902011,1024,1536,sRGB,359514,1024,1536,sRGB,ca49d360e3eb3fb026fe888e7fcb12ee8bdde1ca48720d76fcf67bcc1d4ecc0b
641,skipped_exists,21_cough_burn bottles/1/coh_1.png,21_cough_burn bottles/1/coh_1.jpg,2923299,1024,1536,sRGB,318725,1024,1536,sRGB,71947411abf19245ebe1c6c991bfbf1bcd78eecf18bb6bd808a4213801ebdd16
642,skipped_exists,21_cough_burn bottles/1/coh_2.png,21_cough_burn bottles/1/coh_2.jpg,2505576,1024,1536,sRGB,264709,1024,1536,sRGB,6f0951cd9e75847e40e79c47692eeb061f8e7688272bd97b542a6b30c062ec84
643,skipped_exists,21_cough_burn bottles/1/end_coh_it.png,21_cough_burn bottles/1/end_coh_it.jpg,2508176,1024,1536,sRGB,253520,1024,1536,sRGB,5a58ce7c435c0f31152caad0edc7ce474827172b5ff3adcea7a5cd8602f1fa25
644,skipped_exists,21_cough_burn bottles/1/end_ic_it.png,21_cough_burn bottles/1/end_ic_it.jpg,2490720,1024,1536,sRGB,242416,1024,1536,sRGB,7797495be0f8438053493b2290a0ed58e4c3bdbaaa804167ebf2046412515b13
645,skipped_exists,21_cough_burn bottles/1/end_ic_tr.png,21_cough_burn bottles/1/end_ic_tr.jpg,2364974,1024,1536,sRGB,245105,1024,1536,sRGB,08849409a5553b88678b99e0750365896c82c6e90fc9a9cea7d7567f36d87eaf
646,skipped_exists,21_cough_burn bottles/1/ic_1.png,21_cough_burn bottles/1/ic_1.jpg,2671281,1024,1536,sRGB,279578,1024,1536,sRGB,d58d9ff72feea02dffcd2db57599566134d657a21f315bbe06fda470a29c9fe2
647,skipped_exists,21_cough_burn bottles/1/it_target.png,21_cough_burn bottles/1/it_target.jpg,2224646,1024,1536,sRGB,180272,1024,1536,sRGB,47ee9016c3bf500f40ca7c44ff5c7105039644461d1d93fe8ef3e79b4984d291
648,skipped_exists,21_cough_burn bottles/1/tr_target.png,21_cough_burn bottles/1/tr_target.jpg,2144233,1024,1535,sRGB,212290,1024,1536,sRGB,4da142da4cfc53db5080a2aaf4607c4f31bf0242bb76a818c6b9e67828c840b8
649,skipped_exists,21_cough_burn bottles/2/coh_1.png,21_cough_burn bottles/2/coh_1.jpg,2806890,1024,1536,sRGB,308660,1024,1536,sRGB,cfd92d7d719482f162a7e9187b0ec0f096c0c6e5f5201926b4b502cea6c824b2
650,skipped_exists,21_cough_burn bottles/2/coh_2.png,21_cough_burn bottles/2/coh_2.jpg,2765463,1024,1536,sRGB,315475,1024,1536,sRGB,af908de1a7b8b304c65d5309d0541beb5a8585541be05d43082c78c5a776e5f9
651,skipped_exists,21_cough_burn bottles/2/end_coh_it.png,21_cough_burn bottles/2/end_coh_it.jpg,2581584,1024,1536,sRGB,275609,1024,1536,sRGB,7a383d840cd579bcabd9eb1a652090299e1db5cf510765a4d0b2fc4ef6cdd3a9
652,skipped_exists,21_cough_burn bottles/2/end_ic_it.png,21_cough_burn bottles/2/end_ic_it.jpg,2600372,1024,1536,sRGB,267773,1024,1536,sRGB,c11a707d174558b2f188911e18a5fcc9d14581616dfa3e2b3dd7d46422b798b1
653,skipped_exists,21_cough_burn bottles/2/end_ic_tr.png,21_cough_burn bottles/2/end_ic_tr.jpg,2907800,1024,1536,sRGB,334827,1024,1536,sRGB,e79cc38d2ac5f2839ac885905cf57878cbd705cb3b3c907adce6a2548bf64e7d
654,skipped_exists,21_cough_burn bottles/2/ic_1.png,21_cough_burn bottles/2/ic_1.jpg,2839683,1024,1536,sRGB,315040,1024,1536,sRGB,f2c24e291d6cc7c22943129439ff39903c74a0d12bccbf275b61ae23d8d17f57
655,skipped_exists,21_cough_burn bottles/2/it_target.png,21_cough_burn bottles/2/it_target.jpg,2298937,1024,1536,sRGB,190547,1024,1536,sRGB,9f188a21b5716dd10f405ac9230a33cb06d85762e3a24806430c363b435e36ee
656,skipped_exists,21_cough_burn bottles/2/tr_target.png,21_cough_burn bottles/2/tr_target.jpg,2407305,1024,1536,sRGB,261802,1024,1536,sRGB,96c1dbf3aa34c9ef3a6864f47223cd7ba16e39b2fe6a480634c18ed7b3b63431
657,skipped_exists,21_cough_burn bottles/3/coh_1.png,21_cough_burn bottles/3/coh_1.jpg,3001494,1024,1536,sRGB,346552,1024,1536,sRGB,933f45b1e2fafb5706dacb8c9b1530efec4495cd54913e07ae36860c9ff122d7
658,skipped_exists,21_cough_burn bottles/3/coh_2.png,21_cough_burn bottles/3/coh_2.jpg,2807786,1024,1536,sRGB,315413,1024,1536,sRGB,2fc0324ddb4164396a1f2cf4b917b79bf1bae74185c661807068398b6ef7acbb
659,skipped_exists,21_cough_burn bottles/3/end_coh_it.png,21_cough_burn bottles/3/end_coh_it.jpg,2510392,1024,1535,sRGB,291487,1024,1536,sRGB,65631968eb367de83bb61df8947627b77d7c92952c4a12f053d2e5b00e2c298e
660,skipped_exists,21_cough_burn bottles/3/end_ic_it.png,21_cough_burn bottles/3/end_ic_it.jpg,2391593,1024,1536,sRGB,235466,1024,1536,sRGB,a3d0b95d610d29d7306ac39e783b57dbe2a69ab205220478a75607556ce4c7b9
661,skipped_exists,21_cough_burn bottles/3/end_ic_tr.png,21_cough_burn bottles/3/end_ic_tr.jpg,2712780,1024,1536,sRGB,306301,1024,1536,sRGB,fe84d528143b1179e682f31d2ddb64cb8530927682c75e1e826b851991f25f95
662,skipped_exists,21_cough_burn bottles/3/ic_1.png,21_cough_burn bottles/3/ic_1.jpg,2445099,1024,1536,sRGB,217153,1024,1536,sRGB,2861cd922242e30b53ed5bb3be20dc08ac6f0c662ae5b02b17031fb3de318c09
663,skipped_exists,21_cough_burn bottles/3/it_target.png,21_cough_burn bottles/3/it_target.jpg,2260010,1024,1536,sRGB,190518,1024,1536,sRGB,f2bf40b871f43fda8955170a0ba5784f15487a9f04782ca412114b749933bcf9
664,skipped_exists,21_cough_burn bottles/3/tr_target.png,21_cough_burn bottles/3/tr_target.jpg,2886422,1024,1536,sRGB,344438,1024,1536,sRGB,58fe1c1312a33a63d7a4fe48331376a3f41ea2fb0b8fc37415e1226920eef09a
665,skipped_exists,21_cough_burn bottles/4/coh_1.png,21_cough_burn bottles/4/coh_1.jpg,2663308,1024,1536,sRGB,293523,1024,1536,sRGB,207093332cf0f6e9b783cebde7e0bfeed985eaad0f589d103e7d205b45d9e1f1
666,skipped_exists,21_cough_burn bottles/4/coh_2.png,21_cough_burn bottles/4/coh_2.jpg,2926963,1024,1536,sRGB,366559,1024,1536,sRGB,b2ca26a4ce2bd5977bf33f5285a1f5f7b3e41de4e5ac28a10fc0ef689a752138
667,skipped_exists,21_cough_burn bottles/4/end_coh_it.png,21_cough_burn bottles/4/end_coh_it.jpg,2548724,1024,1536,sRGB,292866,1024,1536,sRGB,47260fb2f2a809419640ad00ab12e65b56b45c1d1d5971cba04b86fae9634ed5
668,skipped_exists,21_cough_burn bottles/4/end_ic_it.png,21_cough_burn bottles/4/end_ic_it.jpg,2327197,1024,1536,sRGB,223422,1024,1536,sRGB,5ad426e77f78889b3a22718441513cdcc8dc9c7402cc10b4db532672e36162fd
669,skipped_exists,21_cough_burn bottles/4/end_ic_tr.png,21_cough_burn bottles/4/end_ic_tr.jpg,2569389,1024,1535,sRGB,291594,1024,1536,sRGB,d6f5b04358db7a5c6fd120d972267c2d5bcdf61bc39232dc55983976a5d80dca
670,skipped_exists,21_cough_burn bottles/4/ic_1.png,21_cough_burn bottles/4/ic_1.jpg,3157893,1024,1536,sRGB,377796,1024,1536,sRGB,a95ff3c90660a47c972375c18b9bdd8fb07ada5956c260c81499a1c3821cd131
671,skipped_exists,21_cough_burn bottles/4/it_target.png,21_cough_burn bottles/4/it_target.jpg,1895131,1023,1537,sRGB,161947,1024,1536,sRGB,592b0edf852834fc1aa74d9bfee9092ee709a140e947bd28bca6091aaba1b917
672,skipped_exists,21_cough_burn bottles/4/tr_target.png,21_cough_burn bottles/4/tr_target.jpg,2488633,1024,1536,sRGB,274323,1024,1536,sRGB,f9dca2679ac0b0a870a014570445f83e3887091bbcceb89dee9a8af5dff46553
673,skipped_exists,22_come_push chest/1/coh_1.png,22_come_push chest/1/coh_1.jpg,2877738,1024,1536,sRGB,316941,1024,1536,sRGB,585117fcc39e226ff7ec01338d8cfefd3e28ebf8e3fce7282fded2265ecf58fe
674,skipped_exists,22_come_push chest/1/coh_2.png,22_come_push chest/1/coh_2.jpg,2735480,1024,1536,sRGB,284212,1024,1536,sRGB,c1cf783b00e2fe88363f2d4eeb6fe947c3cc34bbbdd387541ecac02883a7a781
675,skipped_exists,22_come_push chest/1/end_coh_it.png,22_come_push chest/1/end_coh_it.jpg,2634485,1024,1536,sRGB,286754,1024,1536,sRGB,8849f0b0697c4318c7906fe3026b8da6453cd8b07c0765076c2f0a61ab68b2b7
676,skipped_exists,22_come_push chest/1/end_ic_it.png,22_come_push chest/1/end_ic_it.jpg,2452314,1024,1536,sRGB,240304,1024,1536,sRGB,99ec4113d18bad79eb8f16af51972f7ffaf69b8ac41fd8548afc98a6cc8a2139
677,skipped_exists,22_come_push chest/1/end_ic_tr.png,22_come_push chest/1/end_ic_tr.jpg,2559839,1024,1536,sRGB,264587,1024,1536,sRGB,bfc82e9bd6a05c357a3895b0b6d70d8096d4c0b1cc42e9d8382cf5fcea97cdeb
678,skipped_exists,22_come_push chest/1/ic_1.png,22_come_push chest/1/ic_1.jpg,2490039,1024,1536,sRGB,245948,1024,1536,sRGB,6b21d80605b4be164aead03f1297e742c4d5423178f6eecd6b2b578bbe09630c
679,skipped_exists,22_come_push chest/1/it_target.png,22_come_push chest/1/it_target.jpg,1778853,879,1318,sRGB,203010,1024,1536,sRGB,ffbd4e6dc60683b08d5034f4cf447a558537e27563f5b5f6b491fbc83164be97
680,skipped_exists,22_come_push chest/1/tr_target.png,22_come_push chest/1/tr_target.jpg,2515716,1024,1536,sRGB,252355,1024,1536,sRGB,10a7a08b9838a77751849297fc76b096408567fbe7143d3bfc225cbdb3d3fc5d
681,skipped_exists,22_come_push chest/2/coh_1.png,22_come_push chest/2/coh_1.jpg,2643302,1024,1536,sRGB,271915,1024,1536,sRGB,655f91de0a2010aa545b4901e2228e2e0f5fabe1f3989e781476097b0727fe35
682,skipped_exists,22_come_push chest/2/coh_2.png,22_come_push chest/2/coh_2.jpg,2636374,1024,1536,sRGB,278464,1024,1536,sRGB,cf600e09450c59c1d5c3e34891a48bce4fafb68ac2d33c1999f481044a780638
683,skipped_exists,22_come_push chest/2/end_coh_it.png,22_come_push chest/2/end_coh_it.jpg,2789062,1024,1536,sRGB,285659,1024,1536,sRGB,17bf31ad3cefcd63e1da1f2ee80387a4e4c3a3803e183e8fe008cf39720a34cb
684,skipped_exists,22_come_push chest/2/end_ic_it.png,22_come_push chest/2/end_ic_it.jpg,2687387,1024,1536,sRGB,279186,1024,1536,sRGB,f6e41aa1019175c73c9abaa1bf66631e000f82d3c53b0d565ea389e45afb3b6b
685,skipped_exists,22_come_push chest/2/end_ic_tr.png,22_come_push chest/2/end_ic_tr.jpg,2364969,1024,1536,sRGB,234476,1024,1536,sRGB,b58080d5b3e7c37b0524b3491f9c564edb9c5c5799f37fc3abf33e9e5e9a907a
686,skipped_exists,22_come_push chest/2/ic_1.png,22_come_push chest/2/ic_1.jpg,2507999,1024,1536,sRGB,260335,1024,1536,sRGB,380a668380575e66dceb1bd062418fa013468f1724bc3d67b706d5e7e8af2cb4
687,skipped_exists,22_come_push chest/2/it_target.png,22_come_push chest/2/it_target.jpg,2314790,1024,1536,sRGB,225399,1024,1536,sRGB,2e4d4a2fcda394b0aba99955aad8e93b46b820409dfb0e85329014afe25de969
688,skipped_exists,22_come_push chest/2/tr_target.png,22_come_push chest/2/tr_target.jpg,2191533,1024,1536,sRGB,223018,1024,1536,sRGB,5f2f37d9eb149dbcb25138863081f0a9a0fc61a0a48d6a4acedd9f7958f5f7e2
689,skipped_exists,22_come_push chest/3/coh_1.png,22_come_push chest/3/coh_1.jpg,2832535,1024,1536,sRGB,323344,1024,1536,sRGB,85fc58c440df347b9a121713ce51dc132b39c9ddffdaa281ffa0d18231de2374
690,skipped_exists,22_come_push chest/3/coh_2.png,22_come_push chest/3/coh_2.jpg,2592880,1024,1536,sRGB,265192,1024,1536,sRGB,b9e02630888cbda45c903310155b7de9f9ba3b98ffc9babb95c8b1e2a36898a9
691,skipped_exists,22_come_push chest/3/end_coh_it.png,22_come_push chest/3/end_coh_it.jpg,2468912,1024,1536,sRGB,243401,1024,1536,sRGB,dd3b7e099672e383e2432117550ddc3d474eccec781b15aab173edb5389f3b32
692,skipped_exists,22_come_push chest/3/end_ic_it.png,22_come_push chest/3/end_ic_it.jpg,2396215,1024,1536,sRGB,236400,1024,1536,sRGB,4038ed46839545b88548844d8e7d86da7f44bd124b4f9fa293530ac7b44d0830
693,skipped_exists,22_come_push chest/3/end_ic_tr.png,22_come_push chest/3/end_ic_tr.jpg,2426707,1024,1536,sRGB,247364,1024,1536,sRGB,11a7f757f0848dc2d3eaa288c33c45e70dc057ddcad48b31d0b058db026eee4f
694,skipped_exists,22_come_push chest/3/ic_1.png,22_come_push chest/3/ic_1.jpg,2395169,1024,1536,sRGB,225033,1024,1536,sRGB,c76b58477cac5075fe0223a20b5751131881db70a9b8386b788857c58ec0f032
695,skipped_exists,22_come_push chest/3/it_target.png,22_come_push chest/3/it_target.jpg,2276131,1024,1536,sRGB,212018,1024,1536,sRGB,e6e6ffb7bb060da3fbac7fc634de10cd6ffb21d9219d060b81a2031807141658
696,skipped_exists,22_come_push chest/3/tr_target.png,22_come_push chest/3/tr_target.jpg,2248978,1024,1536,sRGB,210268,1024,1536,sRGB,519b4ae7c650833eb823179f90e6f202ec06624b6798b75ee0da7cf818336173
697,skipped_exists,22_come_push chest/4/coh_1.png,22_come_push chest/4/coh_1.jpg,2614889,1024,1536,sRGB,282533,1024,1536,sRGB,25910a87d355ce1f51bddeb736fb20c68dbc562d32fa5cc1137f963438a28298
698,skipped_exists,22_come_push chest/4/coh_2.png,22_come_push chest/4/coh_2.jpg,2647944,1024,1536,sRGB,291706,1024,1536,sRGB,e76b712342c41a26a464af5b12e7d84a63c4a35912f053bd86cf886b2293427d
699,skipped_exists,22_come_push chest/4/end_coh_it.png,22_come_push chest/4/end_coh_it.jpg,2431841,1024,1536,sRGB,229424,1024,1536,sRGB,cf3bae508432175327f07988d123f1b5bb247edf59119297b3271f5caca2529c
700,skipped_exists,22_come_push chest/4/end_ic_it.png,22_come_push chest/4/end_ic_it.jpg,2536280,1024,1536,sRGB,267108,1024,1536,sRGB,721266ecf439468da6d9f368c19df578f715b1ebdf1a434cfe07a15479798994
701,converted,22_come_push chest/4/end_ic_tr.png,22_come_push chest/4/end_ic_tr.jpg,2401260,1024,1535,sRGB,244229,1024,1536,sRGB,d95830de93c26cc4458fdbfc940ca449448250837b408eb6f19487621f5fd189
702,skipped_exists,22_come_push chest/4/ic_1.png,22_come_push chest/4/ic_1.jpg,2441492,1024,1536,sRGB,270532,1024,1536,sRGB,83da5ee76f1682cd4b3bf94faef3969de9b719e2f0dadabadd5771136b4862f6
703,skipped_exists,22_come_push chest/4/it_target.png,22_come_push chest/4/it_target.jpg,2333710,1024,1536,sRGB,241789,1024,1536,sRGB,b8cb9978f2877a7cd63cd163f094365962b0524f4163166360c76c79b352b302
704,skipped_exists,22_come_push chest/4/tr_target.png,22_come_push chest/4/tr_target.jpg,2409175,1024,1536,sRGB,256682,1024,1536,sRGB,5dc2bab27468c01d6065d6a31ed55ac6f6889a868a1fceddf071dd790ced1103
705,skipped_exists,23_stand_tear paper/1/coh_1.png,23_stand_tear paper/1/coh_1.jpg,2419715,1024,1536,sRGB,202351,1024,1536,sRGB,0bff2bbe0af962e2298560848004f24de5a33bbd91dd82904cc82a90762cb4cb
706,skipped_exists,23_stand_tear paper/1/coh_2.png,23_stand_tear paper/1/coh_2.jpg,2249179,1024,1536,sRGB,183421,1024,1536,sRGB,4eff88f9fc09ba40974264c595b2c65d8e1c6289118fa2a4f625f84ea0ef5bbf
707,skipped_exists,23_stand_tear paper/1/end_coh_it.png,23_stand_tear paper/1/end_coh_it.jpg,2268128,1024,1536,sRGB,231065,1024,1536,sRGB,bd433afdbe1f24dded89b9add7116f97b0fb97607ca97f15b756d87afd4e5fd0
708,skipped_exists,23_stand_tear paper/1/end_ic_it.png,23_stand_tear paper/1/end_ic_it.jpg,2565168,1024,1536,sRGB,305354,1024,1536,sRGB,44c3204c226e0a231d9c18f321bc171a398df12822649948ed69817ab60f0b99
709,skipped_exists,23_stand_tear paper/1/end_ic_tr.png,23_stand_tear paper/1/end_ic_tr.jpg,2354749,1024,1536,sRGB,270980,1024,1536,sRGB,f022ab2b50d79589ff801c40651a754281f070af47afe06d136ce62d7e0d81b2
710,skipped_exists,23_stand_tear paper/1/ic_1.png,23_stand_tear paper/1/ic_1.jpg,2861000,1024,1536,sRGB,403627,1024,1536,sRGB,1f723de75d52debe181c432932fd61885774cdca72259ea1654a4bba3ad226b9
711,skipped_exists,23_stand_tear paper/1/it_target.png,23_stand_tear paper/1/it_target.jpg,2332640,1024,1536,sRGB,257987,1024,1536,sRGB,e66a5edd46c0dfa57ea992df3595692f21188ad9e6548a0d06e2b01db2af389f
712,skipped_exists,23_stand_tear paper/1/tr_target.png,23_stand_tear paper/1/tr_target.jpg,2184951,1024,1536,sRGB,167509,1024,1536,sRGB,4a93fc31047b55b546ec193ea1286ea33f87d68c97597e20f87282bccb93a9dc
713,skipped_exists,23_stand_tear paper/2/coh_1.png,23_stand_tear paper/2/coh_1.jpg,2301351,1024,1536,sRGB,205372,1024,1536,sRGB,bfd10bf4f54b0cb731149a148c9594cd32af3639bbc98a75c7c8026bdf7c557b
714,skipped_exists,23_stand_tear paper/2/coh_2.png,23_stand_tear paper/2/coh_2.jpg,2330342,1024,1536,sRGB,211975,1024,1536,sRGB,1105a0006b0690000f328a36c2df83987d037821dd9e50216088e5a4c3138d07
715,skipped_exists,23_stand_tear paper/2/end_coh_it.png,23_stand_tear paper/2/end_coh_it.jpg,2382462,1024,1536,sRGB,222455,1024,1536,sRGB,7eda874039a4c5ff62b6e876975eb4b158b1ad5ba3d0bd5b2b8d708943b37148
716,skipped_exists,23_stand_tear paper/2/end_ic_it.png,23_stand_tear paper/2/end_ic_it.jpg,2519541,1024,1536,sRGB,276963,1024,1536,sRGB,e7af8173db3b853bcb8d719f0984c5f39f31cabedb0952752e1ef5d3108fba28
717,skipped_exists,23_stand_tear paper/2/end_ic_tr.png,23_stand_tear paper/2/end_ic_tr.jpg,2640387,1024,1536,sRGB,307731,1024,1536,sRGB,59e62870059ee0726eb414579f71037fe81f92f910a6028e93dc5e74fcf54490
718,skipped_exists,23_stand_tear paper/2/ic_1.png,23_stand_tear paper/2/ic_1.jpg,2990541,1024,1536,sRGB,382450,1024,1536,sRGB,077ef88aeca32522ecc96297e2109bcfceda0739b5652a3b5aca3d1852107542
719,skipped_exists,23_stand_tear paper/2/it_target.png,23_stand_tear paper/2/it_target.jpg,2559629,1024,1536,sRGB,263329,1024,1536,sRGB,1a5b77bf57b45acf8368d5e39b7c819cf2d8546fe6bac108f0d6a5771ab37b37
720,skipped_exists,23_stand_tear paper/2/tr_target.png,23_stand_tear paper/2/tr_target.jpg,2297833,1024,1536,sRGB,196148,1024,1536,sRGB,b7a0ad3cde9de3d8e978dd5a5ffd96d746d26bd62e66913a3b027b944397a182
721,skipped_exists,23_stand_tear paper/3/coh_1.png,23_stand_tear paper/3/coh_1.jpg,2079913,1023,1537,sRGB,160590,1024,1536,sRGB,a709b25f78cd75d53ccbee2ade92ad1d5aac9009c7f0f750aeda002fd39679cd
722,skipped_exists,23_stand_tear paper/3/coh_2.png,23_stand_tear paper/3/coh_2.jpg,2257093,1024,1536,sRGB,194377,1024,1536,sRGB,6c24d263866cab5a8b44f002244303af658fc01e50e5c732b9a2f14bc2756093
723,skipped_exists,23_stand_tear paper/3/end_coh_it.png,23_stand_tear paper/3/end_coh_it.jpg,2237758,1024,1536,sRGB,199676,1024,1536,sRGB,ee73bab39add78d91cb066304dac8c11b63dba9e2846f7eaa7ffddc3dbd7b5f2
724,skipped_exists,23_stand_tear paper/3/end_ic_it.png,23_stand_tear paper/3/end_ic_it.jpg,2285815,1024,1536,sRGB,213973,1024,1536,sRGB,09ac8968e2b2d326a5614ccc4c48ac5f2ef27b248d20571fc0754a88aaa5a59d
725,skipped_exists,23_stand_tear paper/3/end_ic_tr.png,23_stand_tear paper/3/end_ic_tr.jpg,2600605,1024,1536,sRGB,293240,1024,1536,sRGB,f2747ac7b864ccb550f7b1fbc8962012f92ea13cfccb9b67382303c8dcb280f4
726,skipped_exists,23_stand_tear paper/3/ic_1.png,23_stand_tear paper/3/ic_1.jpg,2755186,1024,1536,sRGB,337488,1024,1536,sRGB,fe2b3c3da6b5a1aa88229f005de29b9b69ca7bd5aaabb99f2196a814ed9dfc52
727,skipped_exists,23_stand_tear paper/3/it_target.png,23_stand_tear paper/3/it_target.jpg,2389531,1024,1536,sRGB,236036,1024,1536,sRGB,f8b49130de239a395b545822a7215ab3f7327c1ea49b7007329c58b7eb591c85
728,skipped_exists,23_stand_tear paper/3/tr_target.png,23_stand_tear paper/3/tr_target.jpg,2037706,1024,1536,sRGB,159664,1024,1536,sRGB,4f34cde69f991dcb9b9a24e401ddf8bc11a63584ff702d8c85a904ad8bc6ce3f
729,skipped_exists,23_stand_tear paper/4/coh_1.png,23_stand_tear paper/4/coh_1.jpg,2226670,1024,1536,sRGB,186359,1024,1536,sRGB,8ac4342a53c4b4e8b9c62ab4b7234c7d0d9a03973036f496ace44bd6bb50e43e
730,skipped_exists,23_stand_tear paper/4/coh_2.png,23_stand_tear paper/4/coh_2.jpg,2339199,1024,1536,sRGB,227449,1024,1536,sRGB,887af6e375d03b496e596a580e6416d4c1203456a7736ccd5a5b0f9ae28932b4
731,skipped_exists,23_stand_tear paper/4/end_coh_it.png,23_stand_tear paper/4/end_coh_it.jpg,2561158,1024,1536,sRGB,258561,1024,1536,sRGB,066c6aea8be7eac09fc4d1d11d991548ab166e422c62b6386d198382b4995925
732,skipped_exists,23_stand_tear paper/4/end_ic_it.png,23_stand_tear paper/4/end_ic_it.jpg,2617918,1024,1536,sRGB,271689,1024,1536,sRGB,ad722ae47ed277076bc80caeb9d334d01a39d066298acd0b7087d8562627cf8c
733,skipped_exists,23_stand_tear paper/4/end_ic_tr.png,23_stand_tear paper/4/end_ic_tr.jpg,2520884,1024,1536,sRGB,260749,1024,1536,sRGB,75dee919e2f14e70c2d7534a5c83ac79dc103d3f341f274f2740df75ef04540a
734,skipped_exists,23_stand_tear paper/4/ic_1.png,23_stand_tear paper/4/ic_1.jpg,2824325,1024,1536,sRGB,309522,1024,1536,sRGB,0ffc29933b3fdb62f45ee4ad9ecd0d25e9fe3bcf0942019e1ee4d62a33dae641
735,skipped_exists,23_stand_tear paper/4/it_target.png,23_stand_tear paper/4/it_target.jpg,2738742,1024,1536,sRGB,294717,1024,1536,sRGB,eea6985c6229d3e9f12efd94859fe8479b4825a3f4490c6c4ebca075addf5f2f
736,skipped_exists,23_stand_tear paper/4/tr_target.png,23_stand_tear paper/4/tr_target.jpg,2414659,1024,1536,sRGB,209722,1024,1536,sRGB,9826ba050cd532d8db0f1909c2bc5739b5e81ed690c8e374a05317d2c38e242b
737,skipped_exists,24_descend_paint bench/1/coh_1.png,24_descend_paint bench/1/coh_1.jpg,2154787,1023,1537,sRGB,186180,1024,1536,sRGB,6ef403312d5bfbaf799157036c97469cbc3d937bcfc53e8c083904237298870f
738,skipped_exists,24_descend_paint bench/1/coh_2.png,24_descend_paint bench/1/coh_2.jpg,2493260,1024,1536,sRGB,232248,1024,1536,sRGB,88c371554cf70b0a4bdeaa6139e4615978925143d4e56ef4d4ccd08e021b1c64
739,skipped_exists,24_descend_paint bench/1/end_coh_it.png,24_descend_paint bench/1/end_coh_it.jpg,2736911,1024,1536,sRGB,297721,1024,1536,sRGB,30ed898eb778824d64790c69ee86fb317cac4cc9e00ccd8cc06e361fb4570079
740,skipped_exists,24_descend_paint bench/1/end_ic_it.png,24_descend_paint bench/1/end_ic_it.jpg,2819906,1024,1536,sRGB,334452,1024,1536,sRGB,779a379c0a5124edcf7e2ea0a27bc1642a5afdd66a4c3dc77faa1edfcdf60b62
741,skipped_exists,24_descend_paint bench/1/end_ic_tr.png,24_descend_paint bench/1/end_ic_tr.jpg,2871976,1024,1536,sRGB,343142,1024,1536,sRGB,b911b53232736db52c930b50487c4abb2cc3a4f90b0159c660c5009e4ffdfe55
742,skipped_exists,24_descend_paint bench/1/ic_1.png,24_descend_paint bench/1/ic_1.jpg,2821444,1024,1536,sRGB,323586,1024,1536,sRGB,243e329ec5d9df1a587ef25ce96317f38fb76985ef69d4c7bff654cc1ef5a61d
743,skipped_exists,24_descend_paint bench/1/it_target.png,24_descend_paint bench/1/it_target.jpg,2454996,1024,1536,sRGB,227354,1024,1536,sRGB,eb934d2a274132e5a3cb94d65397e00f2f713164fbdfc382bf5e8e7a1227713f
744,skipped_exists,24_descend_paint bench/1/tr_target.png,24_descend_paint bench/1/tr_target.jpg,2261833,1024,1536,sRGB,222445,1024,1536,sRGB,877d52dfed3df3f3373f3c8c2feefd5863e956ae8c001e70a4a6f66fbc5f810a
745,skipped_exists,24_descend_paint bench/2/coh_1.png,24_descend_paint bench/2/coh_1.jpg,2241616,1024,1536,sRGB,216676,1024,1536,sRGB,8242420f4233bd9496474e27a943287a46b56db6f1bf03014bdb0db98cb08d9e
746,skipped_exists,24_descend_paint bench/2/coh_2.png,24_descend_paint bench/2/coh_2.jpg,2474126,1024,1536,sRGB,255787,1024,1536,sRGB,a5c8b463d14cdb4f677034681a5da7bf66cd67b258f28ed697e1499995129e14
747,skipped_exists,24_descend_paint bench/2/end_coh_it.png,24_descend_paint bench/2/end_coh_it.jpg,2492463,1024,1536,sRGB,275096,1024,1536,sRGB,486ac46ebbd70cfb5565c1d9c48403b4ccd3c09aca5a82ac0b6f31cc59dddc98
748,skipped_exists,24_descend_paint bench/2/end_ic_it.png,24_descend_paint bench/2/end_ic_it.jpg,2581466,1024,1536,sRGB,291923,1024,1536,sRGB,9e27c994e005bacaed53e28722a2df4d4c2be6e05f64383c3d5acc200130433d
749,skipped_exists,24_descend_paint bench/2/end_ic_tr.png,24_descend_paint bench/2/end_ic_tr.jpg,2468473,1024,1536,sRGB,264549,1024,1536,sRGB,0c8af32a88ad236c15651559d14b0f5dd05804b5d85e23e0eb75c98630073e87
750,skipped_exists,24_descend_paint bench/2/ic_1.png,24_descend_paint bench/2/ic_1.jpg,2293303,1024,1536,sRGB,206945,1024,1536,sRGB,9c2350cfcc3c447b88529a8fd35ac1319c291a68262fe0cc6ed66e5e8324b26e
751,skipped_exists,24_descend_paint bench/2/it_target.png,24_descend_paint bench/2/it_target.jpg,2791847,1024,1536,sRGB,348274,1024,1536,sRGB,ae17b845340d5d2d796b14ec2539f34f16feec436d83d2446330832dac248dad
752,skipped_exists,24_descend_paint bench/2/tr_target.png,24_descend_paint bench/2/tr_target.jpg,2593187,1024,1536,sRGB,283570,1024,1536,sRGB,3b228e2184ca95d1ceb54dc49acbabc420cd1eef2b7131366f9ecf2dcb8275e4
753,skipped_exists,24_descend_paint bench/3/coh_1.png,24_descend_paint bench/3/coh_1.jpg,2451104,1024,1536,sRGB,235166,1024,1536,sRGB,2921f77c0591e9807101cadbaa5957311c3438ff27bae7fc4f316977a0fc2869
754,skipped_exists,24_descend_paint bench/3/coh_2.png,24_descend_paint bench/3/coh_2.jpg,2419730,1024,1535,sRGB,268282,1024,1536,sRGB,5cdc6d449ea6975df483512faa253a8385f660b37a728c699f551717802753c4
755,skipped_exists,24_descend_paint bench/3/end_coh_it.png,24_descend_paint bench/3/end_coh_it.jpg,2769570,1024,1536,sRGB,312441,1024,1536,sRGB,59838d6ecbef1cd018c6a4f4420f214b0ec6bc085cfb5a4c797db07d90cba0a8
756,skipped_exists,24_descend_paint bench/3/end_ic_it.png,24_descend_paint bench/3/end_ic_it.jpg,2278317,1024,1536,sRGB,231047,1024,1536,sRGB,dee684989ef1a61a323f9288aaf025bd34c0098f9475f835bbbe785e7b7073ab
757,skipped_exists,24_descend_paint bench/3/end_ic_tr.png,24_descend_paint bench/3/end_ic_tr.jpg,2546026,1024,1536,sRGB,280237,1024,1536,sRGB,6c0204e1f72406da83f5cce976a8d3bb83fe3d9cfe25b0eeadd4bf00d9fcd383
758,skipped_exists,24_descend_paint bench/3/ic_1.png,24_descend_paint bench/3/ic_1.jpg,2852728,1024,1536,sRGB,325181,1024,1536,sRGB,8c7d723ca93538dcff5b775a80058cd97bede64bdab42830e06eb799376c8436
759,skipped_exists,24_descend_paint bench/3/it_target.png,24_descend_paint bench/3/it_target.jpg,2890282,1024,1536,sRGB,374659,1024,1536,sRGB,d94ba735cb82b09c03af81a40480c7a3bc4f4ddff1c635d3364f2ba8356c9c0a
760,skipped_exists,24_descend_paint bench/3/tr_target.png,24_descend_paint bench/3/tr_target.jpg,2800290,1024,1536,sRGB,331576,1024,1536,sRGB,49ae11259179d16de311a242329eff1d3a6d9ce4eae0d5e9acf4019ce8081aec
761,skipped_exists,24_descend_paint bench/4/coh_1.png,24_descend_paint bench/4/coh_1.jpg,2775004,1024,1536,sRGB,328066,1024,1536,sRGB,56e621cfb1b620a146b5a8c071c0448dd83cd79505f086487dd6b0cf9163dcb4
762,skipped_exists,24_descend_paint bench/4/coh_2.png,24_descend_paint bench/4/coh_2.jpg,2651796,1024,1536,sRGB,305697,1024,1536,sRGB,1dcd5fb75ef6242701836d48bd27b71d3201909a43076beff8b6e104263085f9
763,skipped_exists,24_descend_paint bench/4/end_coh_it.png,24_descend_paint bench/4/end_coh_it.jpg,2678722,1024,1536,sRGB,315156,1024,1536,sRGB,a8f54534d200e89fadc8be8df92c99af8e47dc6fe7f3c6d9389da9e29a25ae12
764,skipped_exists,24_descend_paint bench/4/end_ic_it.png,24_descend_paint bench/4/end_ic_it.jpg,2672278,1024,1536,sRGB,311551,1024,1536,sRGB,25a385a82bfb3210ca4143594b6f04543349588a57085b7019adbe1deccb240b
765,skipped_exists,24_descend_paint bench/4/end_ic_tr.png,24_descend_paint bench/4/end_ic_tr.jpg,2613458,1024,1536,sRGB,301613,1024,1536,sRGB,a5d2acaa3f61f5a142806f3ca14ba57def723363abb95bc2875c5fd6d3b820d9
766,skipped_exists,24_descend_paint bench/4/ic_1.png,24_descend_paint bench/4/ic_1.jpg,2321534,1024,1536,sRGB,219671,1024,1536,sRGB,40c767bc955ac79577f186f919fb35ea7216dffc82a057d17c3f1f45b7a2adbc
767,skipped_exists,24_descend_paint bench/4/it_target.png,24_descend_paint bench/4/it_target.jpg,2891691,1024,1536,sRGB,373139,1024,1536,sRGB,173b0b5a18129a1a329af482ffddc4b95fd00210cf6370868d2d1297ce18ff16
768,skipped_exists,24_descend_paint bench/4/tr_target.png,24_descend_paint bench/4/tr_target.jpg,2500215,1024,1535,sRGB,282029,1024,1536,sRGB,fd0fb4e317c2ecbb50dea731b96fddae15bdf884d89b1b85ad340f194d4b1666
769,skipped_exists,25_yawn_lock door/1/coh_1.png,25_yawn_lock door/1/coh_1.jpg,3332809,1024,1536,sRGB,402517,1024,1536,sRGB,2fd70c4acf368740a89619c55b8238fc6ec657b05d4b1b4235b8da5c4569349e
770,skipped_exists,25_yawn_lock door/1/coh_2.png,25_yawn_lock door/1/coh_2.jpg,3334290,1024,1536,sRGB,337918,1024,1536,sRGB,e6ab6ac0e7b94ed3b326876b8bd480d13a9c3f3c73727d7119b0468e1489fd2f
771,skipped_exists,25_yawn_lock door/1/end_coh_it.png,25_yawn_lock door/1/end_coh_it.jpg,2729114,1024,1535,sRGB,293493,1024,1536,sRGB,98981b9b23524c140be6179266eea0ab4aac43e6680977cc06cead220dc0dfa0
772,skipped_exists,25_yawn_lock door/1/end_ic_it.png,25_yawn_lock door/1/end_ic_it.jpg,2692449,1024,1536,sRGB,273980,1024,1536,sRGB,07c1887e407155b98667c4bbe7c6f43b08ccb2f04aa18120b0097d0f4381dc85
773,skipped_exists,25_yawn_lock door/1/end_ic_tr.png,25_yawn_lock door/1/end_ic_tr.jpg,2838100,1024,1536,sRGB,338121,1024,1536,sRGB,f3e8af9f944ad56b36b6a0c59fea11b31d584728c24a85e29db53b0d29d2c5ef
774,skipped_exists,25_yawn_lock door/1/ic_1.png,25_yawn_lock door/1/ic_1.jpg,2369340,1024,1536,sRGB,198405,1024,1536,sRGB,f65856d712824472c5723536376cd91938b55d4bf620790395d39a17ce3b24da
775,skipped_exists,25_yawn_lock door/1/it_target.png,25_yawn_lock door/1/it_target.jpg,2597656,1024,1536,sRGB,229703,1024,1536,sRGB,79362afbe771a528c471aafdce0c24ed51051d8505929f54c38802ec514d6828
776,skipped_exists,25_yawn_lock door/1/tr_target.png,25_yawn_lock door/1/tr_target.jpg,2328635,1024,1536,sRGB,225084,1024,1536,sRGB,24e71f6cc54979065a3bf039ee94ab66a5b38a5c6c60741b4ad7731cbd0f0801
777,skipped_exists,25_yawn_lock door/2/coh_1.png,25_yawn_lock door/2/coh_1.jpg,2905928,1024,1536,sRGB,303525,1024,1536,sRGB,7e647b6b663850440cf109739dd25b7deac43fc3628f2bb6b0d00e8416279ea4
778,skipped_exists,25_yawn_lock door/2/coh_2.png,25_yawn_lock door/2/coh_2.jpg,2810830,1024,1536,sRGB,274375,1024,1536,sRGB,6d364d821e8614dcd9fc4771b0383c2e5af9713c89e4a991f6b148cda81d5b41
779,skipped_exists,25_yawn_lock door/2/end_coh_it.png,25_yawn_lock door/2/end_coh_it.jpg,2542134,1024,1536,sRGB,266897,1024,1536,sRGB,f7093c66c76c44f15ee619090159efafe16b3c21cfd8d8a9fb181eff56ae04cf
780,skipped_exists,25_yawn_lock door/2/end_ic_it.png,25_yawn_lock door/2/end_ic_it.jpg,3211816,1024,1536,sRGB,425612,1024,1536,sRGB,aa52c9000ca4d1245c405eb0d5648c7b315b26a91bbff7e071d9ee829185b012
781,skipped_exists,25_yawn_lock door/2/end_ic_tr.png,25_yawn_lock door/2/end_ic_tr.jpg,2361913,1024,1536,sRGB,236825,1024,1536,sRGB,10601e1c8c3c036a79aa46d77c31546d585d0c598cc7879b81867703d56b6180
782,skipped_exists,25_yawn_lock door/2/ic_1.png,25_yawn_lock door/2/ic_1.jpg,2414098,1024,1536,sRGB,231872,1024,1536,sRGB,c53c1de488f224f6f9930af7b593ab9e50dc1b6812ee66920de626b4f740310d
783,skipped_exists,25_yawn_lock door/2/it_target.png,25_yawn_lock door/2/it_target.jpg,2819692,1024,1536,sRGB,281015,1024,1536,sRGB,d7e2f518e7d9dbd403b8f7038c3524694aa482552dca74fad1e26f521e0f1f95
784,skipped_exists,25_yawn_lock door/2/tr_target.png,25_yawn_lock door/2/tr_target.jpg,2922458,1024,1536,sRGB,309767,1024,1536,sRGB,cb96976da4bce2129167912dc943179762ee15d30dd1782daedc275eeeb7458c
785,skipped_exists,25_yawn_lock door/3/coh_1.png,25_yawn_lock door/3/coh_1.jpg,2991641,1024,1536,sRGB,328834,1024,1536,sRGB,bd51d8fda6dd547d4a2ab8aa437bd7d5353984392ae66177777a40a20f5d28a6
786,skipped_exists,25_yawn_lock door/3/coh_2.png,25_yawn_lock door/3/coh_2.jpg,2992377,1024,1536,sRGB,336598,1024,1536,sRGB,4e3fd76fa48f3aa91d25215980335a45cbe6e31a932e87ec07b52d3362dfbe9e
787,skipped_exists,25_yawn_lock door/3/end_coh_it.png,25_yawn_lock door/3/end_coh_it.jpg,2912018,1024,1536,sRGB,334454,1024,1536,sRGB,d2e066301774193503bd60430155611fc621ae94484f817b863de74f4f0b2b85
788,skipped_exists,25_yawn_lock door/3/end_ic_it.png,25_yawn_lock door/3/end_ic_it.jpg,2564171,1024,1536,sRGB,274789,1024,1536,sRGB,1884aa679d25e5a49860ac675d0ebed8858db9649244dae8d9904c8bc4c25f47
789,skipped_exists,25_yawn_lock door/3/end_ic_tr.png,25_yawn_lock door/3/end_ic_tr.jpg,2662571,1024,1536,sRGB,320895,1024,1536,sRGB,95329a7bbbcefec3b30645a6616c4a75cfdc14646e82930afe03846d5f986706
790,skipped_exists,25_yawn_lock door/3/ic_1.png,25_yawn_lock door/3/ic_1.jpg,2699366,1024,1536,sRGB,292387,1024,1536,sRGB,18100d7f5a1609103c8b3e7a392d5866e794376075bc465a9a0122a15b853c91
791,skipped_exists,25_yawn_lock door/3/it_target.png,25_yawn_lock door/3/it_target.jpg,2508764,1024,1536,sRGB,232186,1024,1536,sRGB,b3da24d300794b6ceaa76949929e3d8f072306bca1658bcfc134e436b7e5e798
792,skipped_exists,25_yawn_lock door/3/tr_target.png,25_yawn_lock door/3/tr_target.jpg,2603173,1024,1536,sRGB,276556,1024,1536,sRGB,28674bce1120fc8f34bdb0d3f5ef22e3b76dcc0b7fab779c98d04a73ec7879e5
793,skipped_exists,25_yawn_lock door/4/coh_1.png,25_yawn_lock door/4/coh_1.jpg,2722460,1024,1536,sRGB,260423,1024,1536,sRGB,3e6a2bd959a85f7e5ede8db2a0324a34e7b97576d3c9ef57e762da6f69d25e66
794,skipped_exists,25_yawn_lock door/4/coh_2.png,25_yawn_lock door/4/coh_2.jpg,2300310,1023,1537,sRGB,208491,1024,1536,sRGB,5123b0d8bbe333851357cc128b52d50e3d3864202f1c8d244418183e418fe55f
795,skipped_exists,25_yawn_lock door/4/end_coh_it.png,25_yawn_lock door/4/end_coh_it.jpg,2333304,1024,1535,sRGB,249156,1024,1536,sRGB,8748ff0296edd13c5dd7d16f7c3cbaeb94ca52a748775bb081b192c889135c4c
796,skipped_exists,25_yawn_lock door/4/end_ic_it.png,25_yawn_lock door/4/end_ic_it.jpg,3188357,1024,1536,sRGB,429311,1024,1536,sRGB,52fab5bc9ece6237bcd4a43cc0e9ba52ae040f876ec8b9a6d1045a5a63f5c45d
797,skipped_exists,25_yawn_lock door/4/end_ic_tr.png,25_yawn_lock door/4/end_ic_tr.jpg,2329939,1024,1536,sRGB,241344,1024,1536,sRGB,5aeb3a499eae0fc7dcded87af3e9e6bfc3e6cdab35bb7ad2ad1ecc78b8ad2685
798,skipped_exists,25_yawn_lock door/4/ic_1.png,25_yawn_lock door/4/ic_1.jpg,2602411,1024,1536,sRGB,258417,1024,1536,sRGB,e2a5d652a01bd7f94f23f82e53dc8a43e4561cf6bcb5d39dac98362b6315748f
799,skipped_exists,25_yawn_lock door/4/it_target.png,25_yawn_lock door/4/it_target.jpg,2245310,1023,1537,sRGB,202119,1024,1536,sRGB,624844fd80115e7fc8bcca869688008d29e4fc79353b72dfcf01e2db05cf7140
800,skipped_exists,25_yawn_lock door/4/tr_target.png,25_yawn_lock door/4/tr_target.jpg,2308138,1023,1537,sRGB,205632,1024,1536,sRGB,3272070d86ba11058bae6dc86415620f70e5fcf26ea87d62faa4d5d9b519426d
801,skipped_exists,26_sleep_drag log/1/coh_1.png,26_sleep_drag log/1/coh_1.jpg,2326008,1024,1536,sRGB,203703,1024,1536,sRGB,c92f237e274718b024a4be9656024585ac3ab499a29bf8c7253975bc716d27e6
802,skipped_exists,26_sleep_drag log/1/coh_2.png,26_sleep_drag log/1/coh_2.jpg,2536810,1024,1536,sRGB,265109,1024,1536,sRGB,7d06990ee9cda19f166f24c319e5de03a7dba4ae20066a47f07ac639fe022ee2
803,skipped_exists,26_sleep_drag log/1/end_coh_it.png,26_sleep_drag log/1/end_coh_it.jpg,2798070,1024,1536,sRGB,315573,1024,1536,sRGB,2ee066f85306a39f64c95cdd7fe6e1ccb8489b1b837f6cf9376f9e4cc88883be
804,skipped_exists,26_sleep_drag log/1/end_ic_it.png,26_sleep_drag log/1/end_ic_it.jpg,2536287,1024,1536,sRGB,244836,1024,1536,sRGB,0eca73fe457d805ff25463556230dd8a2873995fff333374ef46ffa97bc9a645
805,skipped_exists,26_sleep_drag log/1/end_ic_tr.png,26_sleep_drag log/1/end_ic_tr.jpg,2845388,1024,1536,sRGB,316674,1024,1536,sRGB,8d6426787ad05165d5894da2d45801905117f9b168703001ecd73309297f427f
806,skipped_exists,26_sleep_drag log/1/ic_1.png,26_sleep_drag log/1/ic_1.jpg,2668512,1024,1536,sRGB,280043,1024,1536,sRGB,9d400a7f3c9334d625af530fe363fbc4596c51c11eb4aa96434552034b259351
807,skipped_exists,26_sleep_drag log/1/it_target.png,26_sleep_drag log/1/it_target.jpg,2541928,1024,1536,sRGB,248813,1024,1536,sRGB,011aca19fcc7add738b79f57dc19a1b0dc91d04d84f320c889dfa5528ce3a84b
808,skipped_exists,26_sleep_drag log/1/tr_target.png,26_sleep_drag log/1/tr_target.jpg,3035940,1024,1536,sRGB,294746,1024,1536,sRGB,23f6df891747c19dab4a5f994660080326336006ca555e214d6e3925ffe4c320
809,skipped_exists,26_sleep_drag log/2/coh_1.png,26_sleep_drag log/2/coh_1.jpg,2594224,1024,1536,sRGB,276889,1024,1536,sRGB,32f8a19136b19fb990dffed208994447f4f6042af739e4605b54adba39e91eea
810,skipped_exists,26_sleep_drag log/2/coh_2.png,26_sleep_drag log/2/coh_2.jpg,2862083,1024,1536,sRGB,331378,1024,1536,sRGB,79b7cf48cc6ec559292735369acccccfd9e5377bc9b6250be230aa6b575e0d08
811,skipped_exists,26_sleep_drag log/2/end_coh_it.png,26_sleep_drag log/2/end_coh_it.jpg,2480596,1024,1536,sRGB,270183,1024,1536,sRGB,06518670df0a41577c2fed9a284dd89baba33539f420eb0aff1187b8960e6175
812,skipped_exists,26_sleep_drag log/2/end_ic_it.png,26_sleep_drag log/2/end_ic_it.jpg,2300573,1024,1536,sRGB,201829,1024,1536,sRGB,dc677e9866299b07883b21e7076ded19cedde500868f8009fc49647718b5ce2b
813,skipped_exists,26_sleep_drag log/2/end_ic_tr.png,26_sleep_drag log/2/end_ic_tr.jpg,2621096,1024,1536,sRGB,270492,1024,1536,sRGB,1170e0365c4f6037ecafb83609c554e8fa8cd5401f743988fe82272319359ac1
814,skipped_exists,26_sleep_drag log/2/ic_1.png,26_sleep_drag log/2/ic_1.jpg,2573437,1024,1536,sRGB,258995,1024,1536,sRGB,041ffa523427f899a9ca47d25646b52c038bce9d16374bdf38949a8022421e52
815,skipped_exists,26_sleep_drag log/2/it_target.png,26_sleep_drag log/2/it_target.jpg,2638615,1024,1536,sRGB,272108,1024,1536,sRGB,e6e515c7fcabe18a3edecd3e75740af48d4cb8f60b680705a47a15902e9ab674
816,skipped_exists,26_sleep_drag log/2/tr_target.png,26_sleep_drag log/2/tr_target.jpg,2899255,1024,1536,sRGB,320390,1024,1536,sRGB,559ee7a52ec68cf3ce305cfa054a31e225ed22f49d698b57adc2cc5e09fa3cab
817,skipped_exists,26_sleep_drag log/3/coh_1.png,26_sleep_drag log/3/coh_1.jpg,2458682,1024,1536,sRGB,254452,1024,1536,sRGB,6035ee22526e16e8500e6247d3a84e3e16b2f1918f49bf8324b831de155532d5
818,skipped_exists,26_sleep_drag log/3/coh_2.png,26_sleep_drag log/3/coh_2.jpg,2676425,1024,1536,sRGB,299195,1024,1536,sRGB,97c2b7b47df5b63fbe3b64c1d867a26f613a6da1acc4a3dbf503d36ed5e8442f
819,skipped_exists,26_sleep_drag log/3/end_coh_it.png,26_sleep_drag log/3/end_coh_it.jpg,2960163,1024,1536,sRGB,348051,1024,1536,sRGB,ddfd4f2abbb3f04b641ac3420ff51bbf3c71d0b69ae6f58505acca907e4a4b08
820,skipped_exists,26_sleep_drag log/3/end_ic_it.png,26_sleep_drag log/3/end_ic_it.jpg,2556536,1024,1536,sRGB,258149,1024,1536,sRGB,a24f0e0ea3157563f40bc5f6c60cd01945e166cab9efb26f10076fb7b2b43349
821,skipped_exists,26_sleep_drag log/3/end_ic_tr.png,26_sleep_drag log/3/end_ic_tr.jpg,2856924,1024,1536,sRGB,317678,1024,1536,sRGB,e6087b89c641f33da290e67b6080277ec04ebeee79f6848306d9628689a81a66
822,skipped_exists,26_sleep_drag log/3/ic_1.png,26_sleep_drag log/3/ic_1.jpg,2978353,1024,1536,sRGB,353226,1024,1536,sRGB,c3b4b7aa670de53a6150e6b6191fcbf60288285a2a9a93bdc605b6cd662659fb
823,skipped_exists,26_sleep_drag log/3/it_target.png,26_sleep_drag log/3/it_target.jpg,2480593,1024,1536,sRGB,249028,1024,1536,sRGB,55460744c36195ba42cb80fc3fa881d1d636ad27cd5264ec2f92204ed5663480
824,skipped_exists,26_sleep_drag log/3/tr_target.png,26_sleep_drag log/3/tr_target.jpg,2707813,1024,1536,sRGB,276800,1024,1536,sRGB,a1811d113d937cba4a13d439d29f1b8ce39e42e61c3f8f062d7e90dd34325ac8
825,skipped_exists,26_sleep_drag log/4/coh_1.png,26_sleep_drag log/4/coh_1.jpg,2391790,1024,1536,sRGB,245635,1024,1536,sRGB,85b292ff2a05a27139abcebc3f80497896cbc182d1e402cdbdef4802787d7439
826,skipped_exists,26_sleep_drag log/4/coh_2.png,26_sleep_drag log/4/coh_2.jpg,2750520,1024,1536,sRGB,320242,1024,1536,sRGB,f17e5c0c9b1102d16794d42d5d04084709fe076b67ea4e027e1611240bb35dec
827,skipped_exists,26_sleep_drag log/4/end_coh_it.png,26_sleep_drag log/4/end_coh_it.jpg,2856716,1024,1536,sRGB,342359,1024,1536,sRGB,cb3689cfef1cab94b801756c8fe30e1ebf4a204e0752fbdd4c44bae559c17cca
828,skipped_exists,26_sleep_drag log/4/end_ic_it.png,26_sleep_drag log/4/end_ic_it.jpg,2235506,1024,1536,sRGB,192806,1024,1536,sRGB,3549e30b6eb39a4a016a2052ab517b47cec0e3e0c15e9d537d38197331df48c5
829,skipped_exists,26_sleep_drag log/4/end_ic_tr.png,26_sleep_drag log/4/end_ic_tr.jpg,2521173,1024,1536,sRGB,257310,1024,1536,sRGB,0b0f93b8cee4b0a3eb2432139738ad1bedd7eaf7372990a0d72d7b70ee80f7a0
830,skipped_exists,26_sleep_drag log/4/ic_1.png,26_sleep_drag log/4/ic_1.jpg,2672116,1024,1536,sRGB,290603,1024,1536,sRGB,25d498644353886a89726dac23b23b1f9c7709759ce0e7cdc1908e7c5aed297e
831,converted,26_sleep_drag log/4/it_target.png,26_sleep_drag log/4/it_target.jpg,2593155,1024,1536,sRGB,275802,1024,1536,sRGB,a1f769f8a774e63693c48dc4c403404923a1d12e3c03d96dc97f0c315bbab645
832,skipped_exists,26_sleep_drag log/4/tr_target.png,26_sleep_drag log/4/tr_target.jpg,2820228,1024,1536,sRGB,320569,1024,1536,sRGB,27b6da7128e59cfbfda3b8574fd37980699bdf0b4cff51d0f1c303041c154bf3
833,skipped_exists,27_jump_pull blanket/1/coh_1.png,27_jump_pull blanket/1/coh_1.jpg,3172176,1024,1536,sRGB,348128,1024,1536,sRGB,cf021213bbebb4bf23682b9ae2b2c07eb3f7ad76ecd2b3cad0c1d440228f7e0c
834,skipped_exists,27_jump_pull blanket/1/coh_2.png,27_jump_pull blanket/1/coh_2.jpg,3350502,1024,1536,sRGB,253834,1024,1536,sRGB,cf4bcc3409e8bfc6475a203b532bb40918ec4568eaf3550ffd6df08337c0a574
835,skipped_exists,27_jump_pull blanket/1/end_coh_it.png,27_jump_pull blanket/1/end_coh_it.jpg,2717566,1024,1536,sRGB,294504,1024,1536,sRGB,270b6fb2e3a453612fae3a39846707447102a90fe964918b9c4bc668248d6aaa
836,skipped_exists,27_jump_pull blanket/1/end_ic_it.png,27_jump_pull blanket/1/end_ic_it.jpg,2254013,1024,1536,sRGB,219689,1024,1536,sRGB,a27849e9df7c9da6964f67b63d43fac3b9b6640855eac3baa199ef40ec0193b9
837,skipped_exists,27_jump_pull blanket/1/end_ic_tr.png,27_jump_pull blanket/1/end_ic_tr.jpg,2760815,1024,1536,sRGB,300388,1024,1536,sRGB,a0056eb73f6fad75b25626b1592ee06daf158628901e0cad9f65035e50194f3f
838,skipped_exists,27_jump_pull blanket/1/ic_1.png,27_jump_pull blanket/1/ic_1.jpg,3387046,1024,1536,sRGB,510216,1024,1536,sRGB,08c570e0bd5fc9dc398291d7cc5f548f84ffb223972538600eabdf21fd676fba
839,skipped_exists,27_jump_pull blanket/1/it_target.png,27_jump_pull blanket/1/it_target.jpg,2123462,1024,1536,sRGB,187680,1024,1536,sRGB,396f06fa134d26de3974b3af341f3d253d1a772fde48217a88ce2c462ca7f892
840,skipped_exists,27_jump_pull blanket/1/tr_target.png,27_jump_pull blanket/1/tr_target.jpg,2226159,1024,1536,sRGB,203407,1024,1536,sRGB,3f4e9dbc8afd35500505cca781696e63e0db2a6ef700199f94ec0868f5044c26
841,skipped_exists,27_jump_pull blanket/2/coh_1.png,27_jump_pull blanket/2/coh_1.jpg,2808968,1024,1536,sRGB,303089,1024,1536,sRGB,621a8f4d1f5c74afbaef0a8d8788f8ee3b5bdd8d696da2917afc229237d5c9c4
842,skipped_exists,27_jump_pull blanket/2/coh_2.png,27_jump_pull blanket/2/coh_2.jpg,2594058,1024,1536,sRGB,261129,1024,1536,sRGB,b106019c4bd7bcbd3d85adecd6171b21b1ba6df7cfb5b7b77baa626f5a1d3619
843,skipped_exists,27_jump_pull blanket/2/end_coh_it.png,27_jump_pull blanket/2/end_coh_it.jpg,2804141,1024,1536,sRGB,318067,1024,1536,sRGB,a5c94e813bd99107b6e255a1eaf71898ed530d96024dea87cfefb3aec830e2b0
844,skipped_exists,27_jump_pull blanket/2/end_ic_it.png,27_jump_pull blanket/2/end_ic_it.jpg,2482936,1024,1536,sRGB,270245,1024,1536,sRGB,f23e7e897e597970c8cd108a4b23579bc51a4b941abe9347e4a2cfaf3001ae3d
845,skipped_exists,27_jump_pull blanket/2/end_ic_tr.png,27_jump_pull blanket/2/end_ic_tr.jpg,3066704,1024,1536,sRGB,419396,1024,1536,sRGB,aab5b1ae5e1075748321d311dea11f2a04b43577dc79aca8f8acfe80c7c2f6ea
846,skipped_exists,27_jump_pull blanket/2/ic_1.png,27_jump_pull blanket/2/ic_1.jpg,3066205,1024,1536,sRGB,446060,1024,1536,sRGB,ad3c48263aaa672bef271031c06cb6266d1812b1cc98386399a4288509c25f9a
847,skipped_exists,27_jump_pull blanket/2/it_target.png,27_jump_pull blanket/2/it_target.jpg,2424083,1024,1536,sRGB,260791,1024,1536,sRGB,bdea63c2ae448f60f75c6484440fed4e9446fbcc07edcd66988f3b670758d224
848,skipped_exists,27_jump_pull blanket/2/tr_target.png,27_jump_pull blanket/2/tr_target.jpg,2603420,1024,1536,sRGB,264434,1024,1536,sRGB,8226114addbcc4039a56db907d95e0a164c3de877dae5f8904b9446fc82903ab
849,skipped_exists,27_jump_pull blanket/3/coh_1.png,27_jump_pull blanket/3/coh_1.jpg,2556538,1024,1536,sRGB,248796,1024,1536,sRGB,2219ce89a304d7328fac8e79b3327e2b3b964227b5427946f00e4015da8d800c
850,skipped_exists,27_jump_pull blanket/3/coh_2.png,27_jump_pull blanket/3/coh_2.jpg,2507292,1024,1536,sRGB,226950,1024,1536,sRGB,094b8092a093542020c30a819d42b5472d3c8a43805123b4450c4ffe1470d877
851,skipped_exists,27_jump_pull blanket/3/end_coh_it.png,27_jump_pull blanket/3/end_coh_it.jpg,2812096,1024,1536,sRGB,323792,1024,1536,sRGB,463d3e418994080d2717da77b6e67eed1652f95ff7d2b005d238ef2e2ac1814e
852,skipped_exists,27_jump_pull blanket/3/end_ic_it.png,27_jump_pull blanket/3/end_ic_it.jpg,2610095,1024,1536,sRGB,281670,1024,1536,sRGB,3f0f99831532a4ea6676eee78b994770a04f4958e17795e1c8283ca708e2d401
853,skipped_exists,27_jump_pull blanket/3/end_ic_tr.png,27_jump_pull blanket/3/end_ic_tr.jpg,2469851,1024,1536,sRGB,238318,1024,1536,sRGB,99f8878dec90ab7ed883cf71f1ce7e593e8b1402f7414983bc975ba88150eb16
854,skipped_exists,27_jump_pull blanket/3/ic_1.png,27_jump_pull blanket/3/ic_1.jpg,3255138,1024,1536,sRGB,442637,1024,1536,sRGB,32f70692243c36ea876452b14612f9c255a8b4c98ed8b5738e82153c015c4ed5
855,skipped_exists,27_jump_pull blanket/3/it_target.png,27_jump_pull blanket/3/it_target.jpg,2418033,1024,1536,sRGB,250806,1024,1536,sRGB,566ad3a950d24fe10d9ccb8a7edf6c6305da24400d170e023b4327a47cc0c35c
856,skipped_exists,27_jump_pull blanket/3/tr_target.png,27_jump_pull blanket/3/tr_target.jpg,2421661,1024,1536,sRGB,242263,1024,1536,sRGB,a70cf14daf4462982a8c24791fa8cfd36d8620c27bcb5745a917d1077f27dcab
857,skipped_exists,27_jump_pull blanket/4/coh_1.png,27_jump_pull blanket/4/coh_1.jpg,2757622,1024,1536,sRGB,307045,1024,1536,sRGB,d1547a99d840394404d09621f711715f851912bba3b296d15d44d27d87ec0810
858,skipped_exists,27_jump_pull blanket/4/coh_2.png,27_jump_pull blanket/4/coh_2.jpg,2665442,1024,1536,sRGB,280347,1024,1536,sRGB,90d63f53109a54a705b584cfa2a39539a60ccdcb07f157a03c287ed1e4e62ac8
859,skipped_exists,27_jump_pull blanket/4/end_coh_it.png,27_jump_pull blanket/4/end_coh_it.jpg,2795941,1024,1536,sRGB,327101,1024,1536,sRGB,5a770c8feac98657944251d4b37e5f68a076e50ab26f3d018fed6b7537c07b03
860,skipped_exists,27_jump_pull blanket/4/end_ic_it.png,27_jump_pull blanket/4/end_ic_it.jpg,2787120,1024,1536,sRGB,322577,1024,1536,sRGB,427576e5136786d7089b1e1efda32294e40284c37a27a30bd8ca509dfd721d53
861,skipped_exists,27_jump_pull blanket/4/end_ic_tr.png,27_jump_pull blanket/4/end_ic_tr.jpg,3417911,1024,1536,sRGB,488594,1024,1536,sRGB,f468de5b0d7eec4ac1ac25dd17cc129a08af19c1e90bd4048592927601c98454
862,skipped_exists,27_jump_pull blanket/4/ic_1.png,27_jump_pull blanket/4/ic_1.jpg,3031481,1024,1536,sRGB,443306,1024,1536,sRGB,962cdf45a1a019df7299570c42838183a263d06ec0cf4503db258b0bc9bcee79
863,skipped_exists,27_jump_pull blanket/4/it_target.png,27_jump_pull blanket/4/it_target.jpg,2736978,1024,1536,sRGB,318805,1024,1536,sRGB,35d2dd0c2dad2c46d78262228f008416182552f22beda518bf799abc60f05149
864,skipped_exists,27_jump_pull blanket/4/tr_target.png,27_jump_pull blanket/4/tr_target.jpg,2859774,1024,1536,sRGB,319057,1024,1536,sRGB,575a50b6d040df687bfb33848e8c9587c41bd4cee0d40eddfa6b1ca62e3dba2c
865,skipped_exists,28_jump_peel orange/1/coh_1.png,28_jump_peel orange/1/coh_1.jpg,3153782,1024,1536,sRGB,234280,1024,1536,sRGB,a972692b91112296d1c8ca6f343a902e2b34f24f18a8d2e7dd1af7a9a79db59f
866,skipped_exists,28_jump_peel orange/1/coh_2.png,28_jump_peel orange/1/coh_2.jpg,2129416,1024,1536,sRGB,192639,1024,1536,sRGB,6e5fabffeb147ae1678afa420d677679e1facbaa3712599a665c5783ad2dc423
867,skipped_exists,28_jump_peel orange/1/end_coh_it.png,28_jump_peel orange/1/end_coh_it.jpg,2326951,1024,1536,sRGB,258428,1024,1536,sRGB,0d89a22712712d25ac1ad1967b7737e8f74ead7cedb94eb8a1ef4dbb1cce6db0
868,skipped_exists,28_jump_peel orange/1/end_ic_it.png,28_jump_peel orange/1/end_ic_it.jpg,2745155,1024,1536,sRGB,350784,1024,1536,sRGB,2aabd9238b55eb62ab4382319b54c84d274e65cd6c0594e70d6d48878c851e59
869,skipped_exists,28_jump_peel orange/1/end_ic_tr.png,28_jump_peel orange/1/end_ic_tr.jpg,2515067,1024,1536,sRGB,254132,1024,1536,sRGB,8d5bb99b5da7754d57980e5798d752093b87fc9d9dfd81f5aba494b505d460f2
870,skipped_exists,28_jump_peel orange/1/ic_1.png,28_jump_peel orange/1/ic_1.jpg,3183641,1024,1536,sRGB,435195,1024,1536,sRGB,65e3733bb704e7005c91d28546d26ddcf7c29f9eee96eb9f86b41f86969b267c
871,skipped_exists,28_jump_peel orange/1/it_target.png,28_jump_peel orange/1/it_target.jpg,2076860,1024,1536,sRGB,128367,1024,1536,sRGB,f9a8f776175fd1e6479819b2e9c8ae0647f7a17899d013a93f6517887cee0f3f
872,skipped_exists,28_jump_peel orange/1/tr_target.png,28_jump_peel orange/1/tr_target.jpg,2372115,1024,1536,sRGB,185599,1024,1536,sRGB,fa1f6fab45e0a3cc4aab690bf2b4d79eee28ec7ad4cc4cbb3b2ae1c4ca15b031
873,skipped_exists,28_jump_peel orange/2/coh_1.png,28_jump_peel orange/2/coh_1.jpg,2525250,1024,1536,sRGB,263495,1024,1536,sRGB,ecc7b1f151145d9a88d755da5df488ed16cc82f181ab3e93d345327f4247a991
874,skipped_exists,28_jump_peel orange/2/coh_2.png,28_jump_peel orange/2/coh_2.jpg,2581301,1024,1536,sRGB,246692,1024,1536,sRGB,f5104da2730d084371d8dba6985fdc45f73291c887adb06a72f44747500f4774
875,skipped_exists,28_jump_peel orange/2/end_coh_it.png,28_jump_peel orange/2/end_coh_it.jpg,2867152,1024,1536,sRGB,341217,1024,1536,sRGB,4473f04d7bea1f61ce76f8d1de166fb467dc8ee565b55556b12fd1a04fa4bfca
876,skipped_exists,28_jump_peel orange/2/end_ic_it.png,28_jump_peel orange/2/end_ic_it.jpg,2980923,1024,1536,sRGB,360441,1024,1536,sRGB,c603e456fdae6bc0496b68b1ac33c511eff7f60a8847f62bba71666d60c2cd05
877,skipped_exists,28_jump_peel orange/2/end_ic_tr.png,28_jump_peel orange/2/end_ic_tr.jpg,2371076,1024,1536,sRGB,247732,1024,1536,sRGB,1d37a380a4a228b07ebcedfdc0d32325c79a487e39149b3dbecb6d815fea78cb
878,skipped_exists,28_jump_peel orange/2/ic_1.png,28_jump_peel orange/2/ic_1.jpg,2897159,1024,1536,sRGB,376659,1024,1536,sRGB,0202fe14dc4dfc582f28445e98c8be19fcd9054beb136bfd75ec7a80cd1f94a2
879,skipped_exists,28_jump_peel orange/2/it_target.png,28_jump_peel orange/2/it_target.jpg,2399273,1024,1536,sRGB,245083,1024,1536,sRGB,f3776953de6f7a00a6abc9f984ccb11866837fcedf124bdb6e490a01a25fc6a5
880,skipped_exists,28_jump_peel orange/2/tr_target.png,28_jump_peel orange/2/tr_target.jpg,2151548,1024,1536,sRGB,178744,1024,1536,sRGB,8a20e951a184398df039e7260245f2d43b8336cd770780f6163fa1d40f67a714
881,skipped_exists,28_jump_peel orange/3/coh_1.png,28_jump_peel orange/3/coh_1.jpg,2544536,1024,1536,sRGB,280561,1024,1536,sRGB,1c05380eceb94730d2a2ab66cfc4421d5b1bf576bb163fb80834475959871812
882,skipped_exists,28_jump_peel orange/3/coh_2.png,28_jump_peel orange/3/coh_2.jpg,2478949,1024,1536,sRGB,281780,1024,1536,sRGB,2cb85b2d26d0f0996cc744e953216ed3984e356423890b6c44bed7bb9b2c98c7
883,skipped_exists,28_jump_peel orange/3/end_coh_it.png,28_jump_peel orange/3/end_coh_it.jpg,2715888,1024,1536,sRGB,334937,1024,1536,sRGB,f4b0b9b51e4035d3e507652cb83903a7c62394567f409277fdd6a9d85118e638
884,skipped_exists,28_jump_peel orange/3/end_ic_it.png,28_jump_peel orange/3/end_ic_it.jpg,2698553,1024,1536,sRGB,337480,1024,1536,sRGB,4b5dd4f72c2da659cbb30263b4545a033d1e563cbaaf9aa5a5c05daa80349094
885,skipped_exists,28_jump_peel orange/3/end_ic_tr.png,28_jump_peel orange/3/end_ic_tr.jpg,2439243,1024,1536,sRGB,244102,1024,1536,sRGB,a4bac8723bb5d7ab51f58e618ed01e2f96d158f562fd502efc7feadb1bc45e6e
886,skipped_exists,28_jump_peel orange/3/ic_1.png,28_jump_peel orange/3/ic_1.jpg,3177616,1024,1536,sRGB,414741,1024,1536,sRGB,c4e854f652fed46132049fee9ae1a46f5a53aa382136cc3432c3f24d4696e499
887,skipped_exists,28_jump_peel orange/3/it_target.png,28_jump_peel orange/3/it_target.jpg,2396182,1024,1536,sRGB,258425,1024,1536,sRGB,61fc21531a0a634498ecafa8b10dee09559978bf16239372912e695b8450ad6d
888,skipped_exists,28_jump_peel orange/3/tr_target.png,28_jump_peel orange/3/tr_target.jpg,2081817,1023,1537,sRGB,177224,1024,1536,sRGB,e11f509be4d5b257e954b9258b9d556020462939d44470009f1a14f3fe6cc857
889,skipped_exists,28_jump_peel orange/4/coh_1.png,28_jump_peel orange/4/coh_1.jpg,2774390,1024,1536,sRGB,315071,1024,1536,sRGB,3630183252aca567d211d16b53e3b3ff65b1c00ed1084b6e8dd0dcb539dcfeeb
890,skipped_exists,28_jump_peel orange/4/coh_2.png,28_jump_peel orange/4/coh_2.jpg,2560092,1024,1536,sRGB,262421,1024,1536,sRGB,de13aa4eb9d2cbd0ba379451f3f2fb86d03642bdbae30cb12b058eafbeb12ade
891,skipped_exists,28_jump_peel orange/4/end_coh_it.png,28_jump_peel orange/4/end_coh_it.jpg,2724000,1024,1536,sRGB,323506,1024,1536,sRGB,df9a6d8254dd2ec484e62715fc22993930971e00e5e423373f182780a77d52a2
892,skipped_exists,28_jump_peel orange/4/end_ic_it.png,28_jump_peel orange/4/end_ic_it.jpg,2898816,1024,1536,sRGB,343426,1024,1536,sRGB,e91bac5a1c632267ce246b8a6d2e945b0ec5a54f77d336b987753d424e7c82c1
893,skipped_exists,28_jump_peel orange/4/end_ic_tr.png,28_jump_peel orange/4/end_ic_tr.jpg,2254101,1023,1537,sRGB,237584,1024,1536,sRGB,7d6d5da1e03dd80a06f0d2f8c4b430154ecfe203ef94c81c105c1eb6fe7ea005
894,skipped_exists,28_jump_peel orange/4/ic_1.png,28_jump_peel orange/4/ic_1.jpg,3389254,1024,1536,sRGB,446083,1024,1536,sRGB,0c6330e95fbd8fa36d5a61aadd91843458b53430a7ac5c5dd6e1c15251004f6f
895,skipped_exists,28_jump_peel orange/4/it_target.png,28_jump_peel orange/4/it_target.jpg,2137541,1023,1537,sRGB,185531,1024,1536,sRGB,7875500d7c06d3cc6738a66591bb7dea1e514cfe82cc163fa0ac46e6da357701
896,skipped_exists,28_jump_peel orange/4/tr_target.png,28_jump_peel orange/4/tr_target.jpg,2142708,1023,1537,sRGB,161463,1024,1536,sRGB,99c63e2fc042207264c727ee8d7447a6b239cf4a3308edef1011992b872ae6db
897,skipped_exists,29_sit_cut potato/1/coh_1.png,29_sit_cut potato/1/coh_1.jpg,1940307,1024,1536,sRGB,162794,1024,1536,sRGB,ea83a358ec8703b7004c84414fa5b6d09991655fcd77557e661d9849bd20a316
898,skipped_exists,29_sit_cut potato/1/coh_2.png,29_sit_cut potato/1/coh_2.jpg,2278222,1024,1536,sRGB,206451,1024,1536,sRGB,165f56c31bcfa5f34b260089a3bc9e86d0a696386487b7b3a0a06e04b821e229
899,skipped_exists,29_sit_cut potato/1/end_coh_it.png,29_sit_cut potato/1/end_coh_it.jpg,2237518,1024,1536,sRGB,226121,1024,1536,sRGB,f9f159c58befd9670ff5ab01272dd981a4482311e9e5ebd556870d00235087c0
900,skipped_exists,29_sit_cut potato/1/end_ic_it.png,29_sit_cut potato/1/end_ic_it.jpg,2768080,1024,1536,sRGB,301912,1024,1536,sRGB,c6025fb010f87a602f35f1cd66175168e24ac5b9d476f94415304a75dc183f25
901,skipped_exists,29_sit_cut potato/1/end_ic_tr.png,29_sit_cut potato/1/end_ic_tr.jpg,3390422,1024,1536,sRGB,430347,1024,1536,sRGB,b85481fde707b62c3e0547dbde87e134f81b0cec9c4770337c0c0283af0b28e2
902,skipped_exists,29_sit_cut potato/1/ic_1.png,29_sit_cut potato/1/ic_1.jpg,3719791,1024,1536,sRGB,508819,1024,1536,sRGB,5ffa792ae3ba05f324fc41441d4031959d7ed173ef79701c37d19b61ef3137b0
903,skipped_exists,29_sit_cut potato/1/it_target.png,29_sit_cut potato/1/it_target.jpg,2255936,1024,1536,sRGB,180795,1024,1536,sRGB,50472a6d69322eb7518130572bc8fa7b4e6c42889720c48df01886e75a890092
904,skipped_exists,29_sit_cut potato/1/tr_target.png,29_sit_cut potato/1/tr_target.jpg,3259919,1024,1536,sRGB,386929,1024,1536,sRGB,ed0e9564bf7496c61ac8a90f0f16e33df480131e457d22ad3d3c201f1624fae5
905,skipped_exists,29_sit_cut potato/2/coh_1.png,29_sit_cut potato/2/coh_1.jpg,2517121,1024,1536,sRGB,252735,1024,1536,sRGB,1ab1a9278b3c44be5b449200f2b2c0d4a67d2d1bd9020e4c8bb08f5ef20ca099
906,skipped_exists,29_sit_cut potato/2/coh_2.png,29_sit_cut potato/2/coh_2.jpg,2376073,1024,1536,sRGB,225549,1024,1536,sRGB,7a55c2524bd86208309724f2029dcffad597f5d39fccf4fec4006f0494606125
907,skipped_exists,29_sit_cut potato/2/end_coh_it.png,29_sit_cut potato/2/end_coh_it.jpg,2603708,1024,1536,sRGB,277712,1024,1536,sRGB,1831a8652506198c1d26debf7ba3a5157f9f4b2ec8b34aeb103c0fb4bbf9f6da
908,skipped_exists,29_sit_cut potato/2/end_ic_it.png,29_sit_cut potato/2/end_ic_it.jpg,3380008,1024,1536,sRGB,441940,1024,1536,sRGB,4430e188bfa22f7bb06184e96ce9d07a97a978fc3ffb1b5e551f38557b23b102
909,skipped_exists,29_sit_cut potato/2/end_ic_tr.png,29_sit_cut potato/2/end_ic_tr.jpg,3324947,1024,1536,sRGB,442142,1024,1536,sRGB,257ca37111540d8f66b2d0864e6049352f9ff6850ae4e408ac45312c0ba75e67
910,skipped_exists,29_sit_cut potato/2/ic_1.png,29_sit_cut potato/2/ic_1.jpg,3372685,1024,1536,sRGB,436358,1024,1536,sRGB,dd54000ecbee6c1e1419a7d97bf9d1e37ae69c9c400776799682c8cffde6b842
911,skipped_exists,29_sit_cut potato/2/it_target.png,29_sit_cut potato/2/it_target.jpg,2195469,1024,1536,sRGB,209732,1024,1536,sRGB,41360d3f16cf26dcc2961af69ed7ef745b422d09b31fc57cba35db0729fa6ce7
912,skipped_exists,29_sit_cut potato/2/tr_target.png,29_sit_cut potato/2/tr_target.jpg,2434078,1024,1536,sRGB,250721,1024,1536,sRGB,12cb10679ff5087feb30274395e1d926a470acc093f13114cdd84b090e5330cd
913,skipped_exists,29_sit_cut potato/3/coh_1.png,29_sit_cut potato/3/coh_1.jpg,2487326,1024,1536,sRGB,256948,1024,1536,sRGB,3533b3951e6f08b3ec07b32342284ac4eaf9adf20d3b3e1476e3e5cd36294b28
914,skipped_exists,29_sit_cut potato/3/coh_2.png,29_sit_cut potato/3/coh_2.jpg,2570772,1024,1536,sRGB,267672,1024,1536,sRGB,b9164d2b238b771e7d161ddb7c8d10c78921e010df23faee3e4994d6ace646d8
915,skipped_exists,29_sit_cut potato/3/end_coh_it.png,29_sit_cut potato/3/end_coh_it.jpg,2279723,1023,1537,sRGB,235007,1024,1536,sRGB,a881ff37ab5c9315b5e3f2e014c5b3b18f410f652cc3dc031ae5a8222829dedc
916,skipped_exists,29_sit_cut potato/3/end_ic_it.png,29_sit_cut potato/3/end_ic_it.jpg,2911251,1024,1536,sRGB,328640,1024,1536,sRGB,3eb47d9ffede3c8f33a2db425c6ffe4e681c350b910cc08bb9722cac922c4b16
917,skipped_exists,29_sit_cut potato/3/end_ic_tr.png,29_sit_cut potato/3/end_ic_tr.jpg,3247603,1024,1536,sRGB,406589,1024,1536,sRGB,a24aa67777cc21179ecb786895f2df0583ccca86264798ee86378cf421763cb8
918,skipped_exists,29_sit_cut potato/3/ic_1.png,29_sit_cut potato/3/ic_1.jpg,3518159,1024,1536,sRGB,463044,1024,1536,sRGB,5349246fe7e3ab542a5154598a982b406dd179e22c249728ab8e338be0e03415
919,skipped_exists,29_sit_cut potato/3/it_target.png,29_sit_cut potato/3/it_target.jpg,2405664,1024,1536,sRGB,222708,1024,1536,sRGB,7461afc14f13e015c213ac67786f1fe9dcfcc446f5a8190c643281c1c7113e63
920,skipped_exists,29_sit_cut potato/3/tr_target.png,29_sit_cut potato/3/tr_target.jpg,2679548,1024,1536,sRGB,270564,1024,1536,sRGB,b33e74bc490d759cf8a83b34ea29b55d3932f50119c61274f07ac97ddcb9625c
921,skipped_exists,29_sit_cut potato/4/coh_1.png,29_sit_cut potato/4/coh_1.jpg,2350396,1024,1536,sRGB,234963,1024,1536,sRGB,3fa80a17556da90c7fdac757b1b9c27d28e1a77c0a38b44d384c0f2bf46cbb97
922,skipped_exists,29_sit_cut potato/4/coh_2.png,29_sit_cut potato/4/coh_2.jpg,2238026,1024,1536,sRGB,207354,1024,1536,sRGB,3dc2c00f0b283d37e0cc50777a6946b92882578a1771d6564c0a17d487392049
923,skipped_exists,29_sit_cut potato/4/end_coh_it.png,29_sit_cut potato/4/end_coh_it.jpg,2433953,1024,1536,sRGB,245880,1024,1536,sRGB,298b7f4163d2fc93d34648f8eda1cf5ab40538bffb8fd86f3005c454fefb07ca
924,skipped_exists,29_sit_cut potato/4/end_ic_it.png,29_sit_cut potato/4/end_ic_it.jpg,3308793,1024,1536,sRGB,448835,1024,1536,sRGB,a67c5fbdd92ef4c0890a3e79fe2c563ca0403d2b9339d37fb2b9caa865b8f42e
925,skipped_exists,29_sit_cut potato/4/end_ic_tr.png,29_sit_cut potato/4/end_ic_tr.jpg,3310560,1024,1536,sRGB,461149,1024,1536,sRGB,40ca59b6c62be90b198071a38a142fe8f9d53e1d0a5cc474279a6f7abc3d4559
926,skipped_exists,29_sit_cut potato/4/ic_1.png,29_sit_cut potato/4/ic_1.jpg,3635657,1024,1536,sRGB,510091,1024,1536,sRGB,fd49d54d4627598471433619199476f88c81b82e3dcbf1c731e5022159617bec
927,skipped_exists,29_sit_cut potato/4/it_target.png,29_sit_cut potato/4/it_target.jpg,2484699,1024,1536,sRGB,238289,1024,1536,sRGB,925d575d7dc72a596cb0f0491078d361a0ad081b64a361c53abbabec68ed2e73
928,skipped_exists,29_sit_cut potato/4/tr_target.png,29_sit_cut potato/4/tr_target.jpg,2258938,1024,1536,sRGB,223243,1024,1536,sRGB,8daeef9504d69ea0a4a995288fa7538485c61f5f0754e56c790466db055a8c30
929,skipped_exists,30_smile_make momos/1/coh_1.png,30_smile_make momos/1/coh_1.jpg,2249594,1024,1536,sRGB,210895,1024,1536,sRGB,e7524d5726c685e3fe14b609ac2ea5b345445b8bb63f16de074eaf12751f63e3
930,skipped_exists,30_smile_make momos/1/coh_2.png,30_smile_make momos/1/coh_2.jpg,1945596,1024,1536,sRGB,151204,1024,1536,sRGB,df071f3ddbe58d9d728e8a3347cfe11ec650c361fafd63db2f546c6a51159a29
931,skipped_exists,30_smile_make momos/1/end_coh_it.png,30_smile_make momos/1/end_coh_it.jpg,2139531,1024,1536,sRGB,217523,1024,1536,sRGB,2a6bdb202c24cd2f584877e78887d5124531b1ce1549e43b1e9d0e464926a861
932,skipped_exists,30_smile_make momos/1/end_ic_it.png,30_smile_make momos/1/end_ic_it.jpg,2451870,1024,1536,sRGB,267828,1024,1536,sRGB,2aeef9966055fe58e8b752ed181c289741161e169ef9f21c0aca70d7a6982fb0
933,skipped_exists,30_smile_make momos/1/end_ic_tr.png,30_smile_make momos/1/end_ic_tr.jpg,2477545,1024,1536,sRGB,270695,1024,1536,sRGB,9dca15a2c1aff87904973b04d7c08066d489a4fc009cf53a433bac877daa3e1e
934,skipped_exists,30_smile_make momos/1/ic_1.png,30_smile_make momos/1/ic_1.jpg,3410417,1024,1536,sRGB,440281,1024,1536,sRGB,15e1e7e6b78fed81f27f452019c92bd036e909e31e2706f8145b652eeb08bf9f
935,skipped_exists,30_smile_make momos/1/it_target.png,30_smile_make momos/1/it_target.jpg,2287873,1024,1536,sRGB,240533,1024,1536,sRGB,2025768c3e71c5e6a171b2675ec2bd4d72a9c16d442ae63d840108c08e76d824
936,skipped_exists,30_smile_make momos/1/tr_target.png,30_smile_make momos/1/tr_target.jpg,2348724,1024,1536,sRGB,249688,1024,1536,sRGB,4a731f97354faeba503f30d685a60ce2ec75194a6fd3abe77962037b35a915c4
937,skipped_exists,30_smile_make momos/2/coh_1.png,30_smile_make momos/2/coh_1.jpg,2500401,1024,1536,sRGB,258371,1024,1536,sRGB,f7fc3b3e19fdcb2d0f22e6ac27e0174e2a967a545773e9a1bbf89efb6e777e17
938,skipped_exists,30_smile_make momos/2/coh_2.png,30_smile_make momos/2/coh_2.jpg,2340855,1024,1536,sRGB,226779,1024,1536,sRGB,c6bed0af27d9a547ce206da5bd4da6eb134847e353d3e80ed9b70c45b565b050
939,skipped_exists,30_smile_make momos/2/end_coh_it.png,30_smile_make momos/2/end_coh_it.jpg,2645573,1024,1536,sRGB,304401,1024,1536,sRGB,9fea71d7382cfd3384cc4d464539b19511770a16058af9e857a2f0ff1c3555cc
940,skipped_exists,30_smile_make momos/2/end_ic_it.png,30_smile_make momos/2/end_ic_it.jpg,2447390,1024,1536,sRGB,256098,1024,1536,sRGB,a38d8bccb0ca63a0b7f0f195c8d5dbb9721f222227a764e1c78599f292819560
941,skipped_exists,30_smile_make momos/2/end_ic_tr.png,30_smile_make momos/2/end_ic_tr.jpg,2772349,1024,1536,sRGB,322454,1024,1536,sRGB,d99f0ab78ea19d7970a623c7eb90d3b994bf701d2b57ec22ab877419fd05a745
942,skipped_exists,30_smile_make momos/2/ic_1.png,30_smile_make momos/2/ic_1.jpg,3352997,1024,1536,sRGB,428620,1024,1536,sRGB,40bc479ab1b98d2b62203f658cbf7deaafcc3904c265e6e16454a5183694101f
943,skipped_exists,30_smile_make momos/2/it_target.png,30_smile_make momos/2/it_target.jpg,2256138,1024,1536,sRGB,200882,1024,1536,sRGB,bc254d764c95a179700eca9094fff01785865908422cc1eaccd66d79cae06b77
944,skipped_exists,30_smile_make momos/2/tr_target.png,30_smile_make momos/2/tr_target.jpg,2421615,1024,1536,sRGB,255531,1024,1536,sRGB,8206018d8d23754ca0f07296a6c8cc974624d5a809cee5f69935074001d0b044
945,skipped_exists,30_smile_make momos/3/coh_1.png,30_smile_make momos/3/coh_1.jpg,2293176,1024,1536,sRGB,211931,1024,1536,sRGB,efe7b37f90c1c609fee4903903668b8183b19db1f0c0dc56f18a7142436b1753
946,skipped_exists,30_smile_make momos/3/coh_2.png,30_smile_make momos/3/coh_2.jpg,2176227,1024,1536,sRGB,181677,1024,1536,sRGB,87ff565fe5c47003603f769b2a6a1cf8d4044119863934d04cd43ea007aa2f18
947,skipped_exists,30_smile_make momos/3/end_coh_it.png,30_smile_make momos/3/end_coh_it.jpg,2719039,1024,1536,sRGB,312232,1024,1536,sRGB,ad7dea2cb6ec9439009d2f75036d08108a97134ffb35e61d075e2bd14841294e
948,skipped_exists,30_smile_make momos/3/end_ic_it.png,30_smile_make momos/3/end_ic_it.jpg,2609323,1024,1536,sRGB,294971,1024,1536,sRGB,197a7152fbf66e112776f9f65e10f465e775237097d632f670d442af47dd1a41
949,skipped_exists,30_smile_make momos/3/end_ic_tr.png,30_smile_make momos/3/end_ic_tr.jpg,2520631,1024,1536,sRGB,287236,1024,1536,sRGB,c386944c6b27a9098b2bfaa0d20697b0ceabf0e3d38d0dfcf7a94fea9df77969
950,skipped_exists,30_smile_make momos/3/ic_1.png,30_smile_make momos/3/ic_1.jpg,3807111,1024,1536,sRGB,503132,1024,1536,sRGB,a326568226f83c9a874cc7b3570bb8eed96df3d71d7cf3d1bcab57c16c0899cd
951,skipped_exists,30_smile_make momos/3/it_target.png,30_smile_make momos/3/it_target.jpg,2123573,1023,1537,sRGB,218048,1024,1536,sRGB,8fdbcac613239b6d5f078db3c07044a64921b8c51dba51a8c78593df1f23e31a
952,skipped_exists,30_smile_make momos/3/tr_target.png,30_smile_make momos/3/tr_target.jpg,2397277,1024,1536,sRGB,243148,1024,1536,sRGB,28324ae1e348e8af458a023f00dc8c60dfaa868da6a01832a7889a58148f1ac0
953,skipped_exists,30_smile_make momos/4/coh_1.png,30_smile_make momos/4/coh_1.jpg,2381649,1024,1536,sRGB,235530,1024,1536,sRGB,ff63d0106b8fab6fbd93f33e764246a37108834315e6a4f7850af989e721375c
954,skipped_exists,30_smile_make momos/4/coh_2.png,30_smile_make momos/4/coh_2.jpg,2306121,1024,1536,sRGB,223832,1024,1536,sRGB,8ed373dd3187909a26c9ba8e8c6fb60f4e101c90039db7101474496e6d6dd84a
955,skipped_exists,30_smile_make momos/4/end_coh_it.png,30_smile_make momos/4/end_coh_it.jpg,2534889,1024,1536,sRGB,279714,1024,1536,sRGB,04003fa27060da817d64a8f03f1a1218090738127de6aac2763dbcc78223ea82
956,skipped_exists,30_smile_make momos/4/end_ic_it.png,30_smile_make momos/4/end_ic_it.jpg,2736414,1024,1536,sRGB,298375,1024,1536,sRGB,95f96bbe9ccc9f45008ffbed0af30a249feb32855518116e6d5e997b7c68c52b
957,skipped_exists,30_smile_make momos/4/end_ic_tr.png,30_smile_make momos/4/end_ic_tr.jpg,2823171,1024,1536,sRGB,312609,1024,1536,sRGB,2976de568f95a735f692ec10834c96c0ee6cb6eacf082a8d73850c3ad0257307
958,skipped_exists,30_smile_make momos/4/ic_1.png,30_smile_make momos/4/ic_1.jpg,3275316,1024,1536,sRGB,390432,1024,1536,sRGB,7d1f2ba836c69fa3cee3f8b11cb3ae89d92763bae46507ba95dc971c893fd309
959,skipped_exists,30_smile_make momos/4/it_target.png,30_smile_make momos/4/it_target.jpg,2302175,1024,1536,sRGB,216704,1024,1536,sRGB,0a4e0c09464e764eae8b453281da1059143b44a9aa82819d2e3dffd3fa966cb5
960,skipped_exists,30_smile_make momos/4/tr_target.png,30_smile_make momos/4/tr_target.jpg,2601072,1024,1536,sRGB,283210,1024,1536,sRGB,d228faa13cd1a62240948c30521eef39613b14d206a360a646821069b16931e6
