10.583 Available speaker devices: ['BlackHole 2ch', 'MacBook Air Speakers', 'Microsoft Teams Audio', 'ZoomAudioDevice']
10.732 Using speaker device: MacBook Air Speakers
10.804 play_audio /Users/matveikurzukov/gurung/psychopy_gurung_v1/Audio/sequence_instr.wav
43.954 make_sequence roles=['practice_1', 'practice_2', 'practice_3'] paths=['/Users/matveikurzukov/gurung/psychopy_gurung_v1/Stimuli/pr1_1.png', '/Users/matveikurzukov/gurung/psychopy_gurung_v1/Stimuli/pr1_2.png', '/Users/matveikurzukov/gurung/psychopy_gurung_v1/Stimuli/pr1_3.png']
44.189 load_fullscreen_image /Users/matveikurzukov/gurung/psychopy_gurung_v1/BetweenTrials/img_20260522_165652.jpg
53.565 rec_stream_open_start
53.641 rec_stream_open_done
53.641 rec_segment_start /Users/matveikurzukov/gurung/psychopy_gurung_v1/recordings/708780_practice_01_pic01_practice_1.wav
54.849 rec_segment_queue_write /Users/matveikurzukov/gurung/psychopy_gurung_v1/recordings/708780_practice_01_pic01_practice_1.wav frames=113
54.849 rec_segment_start /Users/matveikurzukov/gurung/psychopy_gurung_v1/recordings/708780_practice_01_pic02_practice_2.wav
54.852 rec_segment_written /Users/matveikurzukov/gurung/psychopy_gurung_v1/recordings/708780_practice_01_pic01_practice_1.wav
55.899 rec_segment_queue_write /Users/matveikurzukov/gurung/psychopy_gurung_v1/recordings/708780_practice_01_pic02_practice_2.wav frames=98
55.899 play_audio /Users/matveikurzukov/gurung/psychopy_gurung_v1/Audio/tsakyali.wav
55.908 rec_segment_written /Users/matveikurzukov/gurung/psychopy_gurung_v1/recordings/708780_practice_01_pic02_practice_2.wav
57.099 rec_segment_start /Users/matveikurzukov/gurung/psychopy_gurung_v1/recordings/708780_practice_01_pic03_practice_3.wav
59.849 rec_segment_queue_write /Users/matveikurzukov/gurung/psychopy_gurung_v1/recordings/708780_practice_01_pic03_practice_3.wav frames=258
59.851 make_sequence roles=['practice_1', 'practice_2', 'practice_3'] paths=['/Users/matveikurzukov/gurung/psychopy_gurung_v1/Stimuli/pr2_1.png', '/Users/matveikurzukov/gurung/psychopy_gurung_v1/Stimuli/pr2_2.png', '/Users/matveikurzukov/gurung/psychopy_gurung_v1/Stimuli/pr2_3.png']
59.857 rec_segment_written /Users/matveikurzukov/gurung/psychopy_gurung_v1/recordings/708780_practice_01_pic03_practice_3.wav
60.092 load_fullscreen_image /Users/matveikurzukov/gurung/psychopy_gurung_v1/BetweenTrials/1752221806065.jpg
61.598 rec_segment_start /Users/matveikurzukov/gurung/psychopy_gurung_v1/recordings/708780_practice_02_pic01_practice_1.wav
62.599 rec_segment_queue_write /Users/matveikurzukov/gurung/psychopy_gurung_v1/recordings/708780_practice_02_pic01_practice_1.wav frames=93
62.599 rec_segment_start /Users/matveikurzukov/gurung/psychopy_gurung_v1/recordings/708780_practice_02_pic02_practice_2.wav
62.601 rec_segment_written /Users/matveikurzukov/gurung/psychopy_gurung_v1/recordings/708780_practice_02_pic01_practice_1.wav
62.965 rec_segment_queue_write /Users/matveikurzukov/gurung/psychopy_gurung_v1/recordings/708780_practice_02_pic02_practice_2.wav frames=35
62.966 play_audio /Users/matveikurzukov/gurung/psychopy_gurung_v1/Audio/tsakyali.wav
62.968 rec_segment_written /Users/matveikurzukov/gurung/psychopy_gurung_v1/recordings/708780_practice_02_pic02_practice_2.wav
64.165 rec_segment_start /Users/matveikurzukov/gurung/psychopy_gurung_v1/recordings/708780_practice_02_pic03_practice_3.wav
64.565 rec_segment_queue_write /Users/matveikurzukov/gurung/psychopy_gurung_v1/recordings/708780_practice_02_pic03_practice_3.wav frames=38
64.566 make_sequence roles=['practice_1', 'practice_2', 'practice_3'] paths=['/Users/matveikurzukov/gurung/psychopy_gurung_v1/Stimuli/pr3_1.png', '/Users/matveikurzukov/gurung/psychopy_gurung_v1/Stimuli/pr3_2.png', '/Users/matveikurzukov/gurung/psychopy_gurung_v1/Stimuli/pr3_3.png']
64.568 rec_segment_written /Users/matveikurzukov/gurung/psychopy_gurung_v1/recordings/708780_practice_02_pic03_practice_3.wav
64.915 rec_segment_start /Users/matveikurzukov/gurung/psychopy_gurung_v1/recordings/708780_practice_03_pic01_practice_1.wav
65.432 rec_segment_queue_write /Users/matveikurzukov/gurung/psychopy_gurung_v1/recordings/708780_practice_03_pic01_practice_1.wav frames=48
65.433 rec_segment_start /Users/matveikurzukov/gurung/psychopy_gurung_v1/recordings/708780_practice_03_pic02_practice_2.wav
65.434 rec_segment_written /Users/matveikurzukov/gurung/psychopy_gurung_v1/recordings/708780_practice_03_pic01_practice_1.wav
65.765 rec_segment_queue_write /Users/matveikurzukov/gurung/psychopy_gurung_v1/recordings/708780_practice_03_pic02_practice_2.wav frames=31
65.766 play_audio /Users/matveikurzukov/gurung/psychopy_gurung_v1/Audio/tsakyali.wav
65.767 rec_segment_written /Users/matveikurzukov/gurung/psychopy_gurung_v1/recordings/708780_practice_03_pic02_practice_2.wav
66.965 rec_segment_start /Users/matveikurzukov/gurung/psychopy_gurung_v1/recordings/708780_practice_03_pic03_practice_3.wav
68.599 rec_segment_queue_write /Users/matveikurzukov/gurung/psychopy_gurung_v1/recordings/708780_practice_03_pic03_practice_3.wav frames=153
68.600 make_sequence roles=['practice_1', 'practice_2', 'practice_3'] paths=['/Users/matveikurzukov/gurung/psychopy_gurung_v1/Stimuli/pr4_1.png', '/Users/matveikurzukov/gurung/psychopy_gurung_v1/Stimuli/pr4_2.png', '/Users/matveikurzukov/gurung/psychopy_gurung_v1/Stimuli/pr4_3.png']
68.601 rec_segment_written /Users/matveikurzukov/gurung/psychopy_gurung_v1/recordings/708780_practice_03_pic03_practice_3.wav
69.382 rec_segment_start /Users/matveikurzukov/gurung/psychopy_gurung_v1/recordings/708780_practice_04_pic01_practice_1.wav
69.782 rec_segment_queue_write /Users/matveikurzukov/gurung/psychopy_gurung_v1/recordings/708780_practice_04_pic01_practice_1.wav frames=38
69.782 rec_segment_start /Users/matveikurzukov/gurung/psychopy_gurung_v1/recordings/708780_practice_04_pic02_practice_2.wav
69.783 rec_segment_written /Users/matveikurzukov/gurung/psychopy_gurung_v1/recordings/708780_practice_04_pic01_practice_1.wav
70.115 rec_segment_queue_write /Users/matveikurzukov/gurung/psychopy_gurung_v1/recordings/708780_practice_04_pic02_practice_2.wav frames=31
70.116 play_audio /Users/matveikurzukov/gurung/psychopy_gurung_v1/Audio/tsakyali.wav
70.118 rec_segment_written /Users/matveikurzukov/gurung/psychopy_gurung_v1/recordings/708780_practice_04_pic02_practice_2.wav
71.315 rec_segment_start /Users/matveikurzukov/gurung/psychopy_gurung_v1/recordings/708780_practice_04_pic03_practice_3.wav
71.666 rec_segment_queue_write /Users/matveikurzukov/gurung/psychopy_gurung_v1/recordings/708780_practice_04_pic03_practice_3.wav frames=32
71.667 make_sequence roles=['practice_1', 'practice_2', 'practice_3'] paths=['/Users/matveikurzukov/gurung/psychopy_gurung_v1/Stimuli/pr5_1.png', '/Users/matveikurzukov/gurung/psychopy_gurung_v1/Stimuli/pr5_2.png', '/Users/matveikurzukov/gurung/psychopy_gurung_v1/Stimuli/pr5_3.png']
71.668 rec_segment_written /Users/matveikurzukov/gurung/psychopy_gurung_v1/recordings/708780_practice_04_pic03_practice_3.wav
71.932 rec_segment_start /Users/matveikurzukov/gurung/psychopy_gurung_v1/recordings/708780_practice_05_pic01_practice_1.wav
72.365 rec_segment_queue_write /Users/matveikurzukov/gurung/psychopy_gurung_v1/recordings/708780_practice_05_pic01_practice_1.wav frames=41
72.366 rec_segment_start /Users/matveikurzukov/gurung/psychopy_gurung_v1/recordings/708780_practice_05_pic02_practice_2.wav
72.366 rec_segment_written /Users/matveikurzukov/gurung/psychopy_gurung_v1/recordings/708780_practice_05_pic01_practice_1.wav
72.715 rec_segment_queue_write /Users/matveikurzukov/gurung/psychopy_gurung_v1/recordings/708780_practice_05_pic02_practice_2.wav frames=33
72.716 play_audio /Users/matveikurzukov/gurung/psychopy_gurung_v1/Audio/tsakyali.wav
72.726 rec_segment_written /Users/matveikurzukov/gurung/psychopy_gurung_v1/recordings/708780_practice_05_pic02_practice_2.wav
73.915 rec_segment_start /Users/matveikurzukov/gurung/psychopy_gurung_v1/recordings/708780_practice_05_pic03_practice_3.wav
74.484 rec_segment_queue_write /Users/matveikurzukov/gurung/psychopy_gurung_v1/recordings/708780_practice_05_pic03_practice_3.wav frames=54
74.485 make_sequence roles=['practice_1', 'practice_2', 'practice_3'] paths=['/Users/matveikurzukov/gurung/psychopy_gurung_v1/Stimuli/pr6_1.png', '/Users/matveikurzukov/gurung/psychopy_gurung_v1/Stimuli/pr6_2.png', '/Users/matveikurzukov/gurung/psychopy_gurung_v1/Stimuli/pr6_3.png']
74.490 rec_segment_written /Users/matveikurzukov/gurung/psychopy_gurung_v1/recordings/708780_practice_05_pic03_practice_3.wav
74.744 load_fullscreen_image /Users/matveikurzukov/gurung/psychopy_gurung_v1/BetweenTrials/1752221802086.jpg
75.284 rec_segment_start /Users/matveikurzukov/gurung/psychopy_gurung_v1/recordings/708780_practice_06_pic01_practice_1.wav
75.665 rec_segment_queue_write /Users/matveikurzukov/gurung/psychopy_gurung_v1/recordings/708780_practice_06_pic01_practice_1.wav frames=35
75.666 rec_segment_start /Users/matveikurzukov/gurung/psychopy_gurung_v1/recordings/708780_practice_06_pic02_practice_2.wav
75.667 rec_segment_written /Users/matveikurzukov/gurung/psychopy_gurung_v1/recordings/708780_practice_06_pic01_practice_1.wav
75.915 rec_segment_queue_write /Users/matveikurzukov/gurung/psychopy_gurung_v1/recordings/708780_practice_06_pic02_practice_2.wav frames=24
75.916 play_audio /Users/matveikurzukov/gurung/psychopy_gurung_v1/Audio/tsakyali.wav
75.917 rec_segment_written /Users/matveikurzukov/gurung/psychopy_gurung_v1/recordings/708780_practice_06_pic02_practice_2.wav
77.115 rec_segment_start /Users/matveikurzukov/gurung/psychopy_gurung_v1/recordings/708780_practice_06_pic03_practice_3.wav
77.315 rec_segment_queue_write /Users/matveikurzukov/gurung/psychopy_gurung_v1/recordings/708780_practice_06_pic03_practice_3.wav frames=19
77.316 make_sequence roles=['practice_1', 'practice_2', 'practice_3'] paths=['/Users/matveikurzukov/gurung/psychopy_gurung_v1/Stimuli/pr7_1.png', '/Users/matveikurzukov/gurung/psychopy_gurung_v1/Stimuli/pr7_2.png', '/Users/matveikurzukov/gurung/psychopy_gurung_v1/Stimuli/pr7_3.png']
77.317 rec_segment_written /Users/matveikurzukov/gurung/psychopy_gurung_v1/recordings/708780_practice_06_pic03_practice_3.wav
77.682 rec_segment_start /Users/matveikurzukov/gurung/psychopy_gurung_v1/recordings/708780_practice_07_pic01_practice_1.wav
78.232 rec_segment_queue_write /Users/matveikurzukov/gurung/psychopy_gurung_v1/recordings/708780_practice_07_pic01_practice_1.wav frames=52
78.233 rec_segment_start /Users/matveikurzukov/gurung/psychopy_gurung_v1/recordings/708780_practice_07_pic02_practice_2.wav
78.236 rec_segment_written /Users/matveikurzukov/gurung/psychopy_gurung_v1/recordings/708780_practice_07_pic01_practice_1.wav
78.499 rec_segment_queue_write /Users/matveikurzukov/gurung/psychopy_gurung_v1/recordings/708780_practice_07_pic02_practice_2.wav frames=25
78.499 play_audio /Users/matveikurzukov/gurung/psychopy_gurung_v1/Audio/tsakyali.wav
78.503 rec_segment_written /Users/matveikurzukov/gurung/psychopy_gurung_v1/recordings/708780_practice_07_pic02_practice_2.wav
79.698 rec_segment_start /Users/matveikurzukov/gurung/psychopy_gurung_v1/recordings/708780_practice_07_pic03_practice_3.wav
79.882 rec_segment_queue_write /Users/matveikurzukov/gurung/psychopy_gurung_v1/recordings/708780_practice_07_pic03_practice_3.wav frames=18
79.883 make_sequence roles=['practice_1', 'practice_2', 'practice_3'] paths=['/Users/matveikurzukov/gurung/psychopy_gurung_v1/Stimuli/pr8_1.png', '/Users/matveikurzukov/gurung/psychopy_gurung_v1/Stimuli/pr8_2.png', '/Users/matveikurzukov/gurung/psychopy_gurung_v1/Stimuli/pr8_3.png']
79.885 rec_segment_written /Users/matveikurzukov/gurung/psychopy_gurung_v1/recordings/708780_practice_07_pic03_practice_3.wav
80.482 rec_segment_start /Users/matveikurzukov/gurung/psychopy_gurung_v1/recordings/708780_practice_08_pic01_practice_1.wav
80.815 rec_segment_queue_write /Users/matveikurzukov/gurung/psychopy_gurung_v1/recordings/708780_practice_08_pic01_practice_1.wav frames=31
80.815 rec_segment_start /Users/matveikurzukov/gurung/psychopy_gurung_v1/recordings/708780_practice_08_pic02_practice_2.wav
80.816 rec_segment_written /Users/matveikurzukov/gurung/psychopy_gurung_v1/recordings/708780_practice_08_pic01_practice_1.wav
80.998 rec_segment_queue_write /Users/matveikurzukov/gurung/psychopy_gurung_v1/recordings/708780_practice_08_pic02_practice_2.wav frames=17
80.999 play_audio /Users/matveikurzukov/gurung/psychopy_gurung_v1/Audio/tsakyali.wav
81.002 rec_segment_written /Users/matveikurzukov/gurung/psychopy_gurung_v1/recordings/708780_practice_08_pic02_practice_2.wav
82.198 rec_segment_start /Users/matveikurzukov/gurung/psychopy_gurung_v1/recordings/708780_practice_08_pic03_practice_3.wav
82.382 rec_segment_queue_write /Users/matveikurzukov/gurung/psychopy_gurung_v1/recordings/708780_practice_08_pic03_practice_3.wav frames=17
82.383 rec_segment_written /Users/matveikurzukov/gurung/psychopy_gurung_v1/recordings/708780_practice_08_pic03_practice_3.wav
82.388 play_audio /Users/matveikurzukov/gurung/psychopy_gurung_v1/Audio/practice_end.wav
82.626 make_sequence roles=['ic_1', 'tr_target', 'end_ic_tr'] paths=['/Users/matveikurzukov/Library/CloudStorage/GoogleDrive-apazent@gmail.com/.shortcut-targets-by-id/1exBA-7XrpLfZc6s8oGNYTbmjGsu5dT6p/Gurung stimuli/25_yawn_lock door/1/ic_1.png', '/Users/matveikurzukov/Library/CloudStorage/GoogleDrive-apazent@gmail.com/.shortcut-targets-by-id/1exBA-7XrpLfZc6s8oGNYTbmjGsu5dT6p/Gurung stimuli/25_yawn_lock door/1/tr_target.png', '/Users/matveikurzukov/Library/CloudStorage/GoogleDrive-apazent@gmail.com/.shortcut-targets-by-id/1exBA-7XrpLfZc6s8oGNYTbmjGsu5dT6p/Gurung stimuli/25_yawn_lock door/1/end_ic_tr.png']
82.998 rec_segment_start /Users/matveikurzukov/gurung/psychopy_gurung_v1/recordings/708780_main_imageset25_condition_tr_ic_pic01_ic_1.wav
83.532 rec_segment_queue_write /Users/matveikurzukov/gurung/psychopy_gurung_v1/recordings/708780_main_imageset25_condition_tr_ic_pic01_ic_1.wav frames=50
83.532 rec_segment_start /Users/matveikurzukov/gurung/psychopy_gurung_v1/recordings/708780_main_imageset25_condition_tr_ic_pic02_tr_target.wav
83.537 rec_segment_written /Users/matveikurzukov/gurung/psychopy_gurung_v1/recordings/708780_main_imageset25_condition_tr_ic_pic01_ic_1.wav
83.716 rec_segment_queue_write /Users/matveikurzukov/gurung/psychopy_gurung_v1/recordings/708780_main_imageset25_condition_tr_ic_pic02_tr_target.wav frames=17
83.716 rec_segment_start /Users/matveikurzukov/gurung/psychopy_gurung_v1/recordings/708780_main_imageset25_condition_tr_ic_pic03_end_ic_tr.wav
83.717 rec_segment_written /Users/matveikurzukov/gurung/psychopy_gurung_v1/recordings/708780_main_imageset25_condition_tr_ic_pic02_tr_target.wav
83.898 rec_segment_queue_write /Users/matveikurzukov/gurung/psychopy_gurung_v1/recordings/708780_main_imageset25_condition_tr_ic_pic03_end_ic_tr.wav frames=17
83.899 make_sequence roles=['coh_1', 'coh_2', 'it_target', 'end_coh_it'] paths=['/Users/matveikurzukov/Library/CloudStorage/GoogleDrive-apazent@gmail.com/.shortcut-targets-by-id/1exBA-7XrpLfZc6s8oGNYTbmjGsu5dT6p/Gurung stimuli/10_run_cook pancakes/1/coh_1.png', '/Users/matveikurzukov/Library/CloudStorage/GoogleDrive-apazent@gmail.com/.shortcut-targets-by-id/1exBA-7XrpLfZc6s8oGNYTbmjGsu5dT6p/Gurung stimuli/10_run_cook pancakes/1/coh_2.png', '/Users/matveikurzukov/Library/CloudStorage/GoogleDrive-apazent@gmail.com/.shortcut-targets-by-id/1exBA-7XrpLfZc6s8oGNYTbmjGsu5dT6p/Gurung stimuli/10_run_cook pancakes/1/it_target.png', '/Users/matveikurzukov/Library/CloudStorage/GoogleDrive-apazent@gmail.com/.shortcut-targets-by-id/1exBA-7XrpLfZc6s8oGNYTbmjGsu5dT6p/Gurung stimuli/10_run_cook pancakes/1/end_coh_it.png']
83.900 rec_segment_written /Users/matveikurzukov/gurung/psychopy_gurung_v1/recordings/708780_main_imageset25_condition_tr_ic_pic03_end_ic_tr.wav
84.236 load_fullscreen_image /Users/matveikurzukov/gurung/psychopy_gurung_v1/BetweenTrials/img-20250813-wa0011.jpg
87.115 rec_segment_start /Users/matveikurzukov/gurung/psychopy_gurung_v1/recordings/708780_main_imageset10_condition_it_coh_pic01_coh_1.wav
87.532 rec_segment_queue_write /Users/matveikurzukov/gurung/psychopy_gurung_v1/recordings/708780_main_imageset10_condition_it_coh_pic01_coh_1.wav frames=39
87.532 rec_segment_start /Users/matveikurzukov/gurung/psychopy_gurung_v1/recordings/708780_main_imageset10_condition_it_coh_pic02_coh_2.wav
87.533 rec_segment_written /Users/matveikurzukov/gurung/psychopy_gurung_v1/recordings/708780_main_imageset10_condition_it_coh_pic01_coh_1.wav
87.782 rec_segment_queue_write /Users/matveikurzukov/gurung/psychopy_gurung_v1/recordings/708780_main_imageset10_condition_it_coh_pic02_coh_2.wav frames=24
87.782 rec_segment_start /Users/matveikurzukov/gurung/psychopy_gurung_v1/recordings/708780_main_imageset10_condition_it_coh_pic03_it_target.wav
87.783 rec_segment_written /Users/matveikurzukov/gurung/psychopy_gurung_v1/recordings/708780_main_imageset10_condition_it_coh_pic02_coh_2.wav
87.953 rec_segment_queue_write /Users/matveikurzukov/gurung/psychopy_gurung_v1/recordings/708780_main_imageset10_condition_it_coh_pic03_it_target.wav frames=16
87.953 rec_segment_start /Users/matveikurzukov/gurung/psychopy_gurung_v1/recordings/708780_main_imageset10_condition_it_coh_pic04_end_coh_it.wav
87.955 rec_segment_written /Users/matveikurzukov/gurung/psychopy_gurung_v1/recordings/708780_main_imageset10_condition_it_coh_pic03_it_target.wav
88.232 rec_segment_queue_write /Users/matveikurzukov/gurung/psychopy_gurung_v1/recordings/708780_main_imageset10_condition_it_coh_pic04_end_coh_it.wav frames=26
88.233 make_sequence roles=['ic_1', 'tr_target', 'end_ic_tr'] paths=['/Users/matveikurzukov/Library/CloudStorage/GoogleDrive-apazent@gmail.com/.shortcut-targets-by-id/1exBA-7XrpLfZc6s8oGNYTbmjGsu5dT6p/Gurung stimuli/9_descend_harvest rice/1/ic_1.png', '/Users/matveikurzukov/Library/CloudStorage/GoogleDrive-apazent@gmail.com/.shortcut-targets-by-id/1exBA-7XrpLfZc6s8oGNYTbmjGsu5dT6p/Gurung stimuli/9_descend_harvest rice/1/tr_target.png', '/Users/matveikurzukov/Library/CloudStorage/GoogleDrive-apazent@gmail.com/.shortcut-targets-by-id/1exBA-7XrpLfZc6s8oGNYTbmjGsu5dT6p/Gurung stimuli/9_descend_harvest rice/1/end_ic_tr.png']
88.233 rec_segment_written /Users/matveikurzukov/gurung/psychopy_gurung_v1/recordings/708780_main_imageset10_condition_it_coh_pic04_end_coh_it.wav
91.182 rec_segment_start /Users/matveikurzukov/gurung/psychopy_gurung_v1/recordings/708780_main_imageset09_condition_tr_ic_pic01_ic_1.wav
91.548 rec_segment_queue_write /Users/matveikurzukov/gurung/psychopy_gurung_v1/recordings/708780_main_imageset09_condition_tr_ic_pic01_ic_1.wav frames=34
91.548 rec_segment_start /Users/matveikurzukov/gurung/psychopy_gurung_v1/recordings/708780_main_imageset09_condition_tr_ic_pic02_tr_target.wav
91.549 rec_segment_written /Users/matveikurzukov/gurung/psychopy_gurung_v1/recordings/708780_main_imageset09_condition_tr_ic_pic01_ic_1.wav
91.731 rec_segment_queue_write /Users/matveikurzukov/gurung/psychopy_gurung_v1/recordings/708780_main_imageset09_condition_tr_ic_pic02_tr_target.wav frames=17
91.732 rec_segment_start /Users/matveikurzukov/gurung/psychopy_gurung_v1/recordings/708780_main_imageset09_condition_tr_ic_pic03_end_ic_tr.wav
91.732 rec_segment_written /Users/matveikurzukov/gurung/psychopy_gurung_v1/recordings/708780_main_imageset09_condition_tr_ic_pic02_tr_target.wav
91.898 rec_segment_queue_write /Users/matveikurzukov/gurung/psychopy_gurung_v1/recordings/708780_main_imageset09_condition_tr_ic_pic03_end_ic_tr.wav frames=16
91.899 make_sequence roles=['ic_1', 'tr_target', 'end_ic_tr'] paths=['/Users/matveikurzukov/Library/CloudStorage/GoogleDrive-apazent@gmail.com/.shortcut-targets-by-id/1exBA-7XrpLfZc6s8oGNYTbmjGsu5dT6p/Gurung stimuli/21_cough_burn bottles/1/ic_1.png', '/Users/matveikurzukov/Library/CloudStorage/GoogleDrive-apazent@gmail.com/.shortcut-targets-by-id/1exBA-7XrpLfZc6s8oGNYTbmjGsu5dT6p/Gurung stimuli/21_cough_burn bottles/1/tr_target.png', '/Users/matveikurzukov/Library/CloudStorage/GoogleDrive-apazent@gmail.com/.shortcut-targets-by-id/1exBA-7XrpLfZc6s8oGNYTbmjGsu5dT6p/Gurung stimuli/21_cough_burn bottles/1/end_ic_tr.png']
91.900 rec_segment_written /Users/matveikurzukov/gurung/psychopy_gurung_v1/recordings/708780_main_imageset09_condition_tr_ic_pic03_end_ic_tr.wav
92.898 rec_segment_start /Users/matveikurzukov/gurung/psychopy_gurung_v1/recordings/708780_main_imageset21_condition_tr_ic_pic01_ic_1.wav
93.098 rec_segment_queue_write /Users/matveikurzukov/gurung/psychopy_gurung_v1/recordings/708780_main_imageset21_condition_tr_ic_pic01_ic_1.wav frames=18
93.098 rec_segment_start /Users/matveikurzukov/gurung/psychopy_gurung_v1/recordings/708780_main_imageset21_condition_tr_ic_pic02_tr_target.wav
93.099 rec_segment_written /Users/matveikurzukov/gurung/psychopy_gurung_v1/recordings/708780_main_imageset21_condition_tr_ic_pic01_ic_1.wav
93.248 rec_segment_queue_write /Users/matveikurzukov/gurung/psychopy_gurung_v1/recordings/708780_main_imageset21_condition_tr_ic_pic02_tr_target.wav frames=14
93.248 rec_segment_start /Users/matveikurzukov/gurung/psychopy_gurung_v1/recordings/708780_main_imageset21_condition_tr_ic_pic03_end_ic_tr.wav
93.249 rec_segment_written /Users/matveikurzukov/gurung/psychopy_gurung_v1/recordings/708780_main_imageset21_condition_tr_ic_pic02_tr_target.wav
93.415 rec_segment_queue_write /Users/matveikurzukov/gurung/psychopy_gurung_v1/recordings/708780_main_imageset21_condition_tr_ic_pic03_end_ic_tr.wav frames=16
93.416 make_sequence roles=['ic_1', 'it_target', 'end_ic_it'] paths=['/Users/matveikurzukov/Library/CloudStorage/GoogleDrive-apazent@gmail.com/.shortcut-targets-by-id/1exBA-7XrpLfZc6s8oGNYTbmjGsu5dT6p/Gurung stimuli/7_sit_make fire/1/ic_1.png', '/Users/matveikurzukov/Library/CloudStorage/GoogleDrive-apazent@gmail.com/.shortcut-targets-by-id/1exBA-7XrpLfZc6s8oGNYTbmjGsu5dT6p/Gurung stimuli/7_sit_make fire/1/it_target.png', '/Users/matveikurzukov/Library/CloudStorage/GoogleDrive-apazent@gmail.com/.shortcut-targets-by-id/1exBA-7XrpLfZc6s8oGNYTbmjGsu5dT6p/Gurung stimuli/7_sit_make fire/1/end_ic_it.png']
93.416 rec_segment_written /Users/matveikurzukov/gurung/psychopy_gurung_v1/recordings/708780_main_imageset21_condition_tr_ic_pic03_end_ic_tr.wav
93.965 rec_segment_start /Users/matveikurzukov/gurung/psychopy_gurung_v1/recordings/708780_main_imageset07_condition_it_ic_pic01_ic_1.wav
94.149 rec_segment_queue_write /Users/matveikurzukov/gurung/psychopy_gurung_v1/recordings/708780_main_imageset07_condition_it_ic_pic01_ic_1.wav frames=17
94.149 rec_segment_start /Users/matveikurzukov/gurung/psychopy_gurung_v1/recordings/708780_main_imageset07_condition_it_ic_pic02_it_target.wav
94.151 rec_segment_written /Users/matveikurzukov/gurung/psychopy_gurung_v1/recordings/708780_main_imageset07_condition_it_ic_pic01_ic_1.wav
94.331 rec_segment_queue_write /Users/matveikurzukov/gurung/psychopy_gurung_v1/recordings/708780_main_imageset07_condition_it_ic_pic02_it_target.wav frames=17
94.332 rec_segment_start /Users/matveikurzukov/gurung/psychopy_gurung_v1/recordings/708780_main_imageset07_condition_it_ic_pic03_end_ic_it.wav
94.332 rec_segment_written /Users/matveikurzukov/gurung/psychopy_gurung_v1/recordings/708780_main_imageset07_condition_it_ic_pic02_it_target.wav
94.500 rec_segment_queue_write /Users/matveikurzukov/gurung/psychopy_gurung_v1/recordings/708780_main_imageset07_condition_it_ic_pic03_end_ic_it.wav frames=16
94.501 make_sequence roles=['ic_1', 'it_target', 'end_ic_it'] paths=['/Users/matveikurzukov/Library/CloudStorage/GoogleDrive-apazent@gmail.com/.shortcut-targets-by-id/1exBA-7XrpLfZc6s8oGNYTbmjGsu5dT6p/Gurung stimuli/24_descend_paint bench/1/ic_1.png', '/Users/matveikurzukov/Library/CloudStorage/GoogleDrive-apazent@gmail.com/.shortcut-targets-by-id/1exBA-7XrpLfZc6s8oGNYTbmjGsu5dT6p/Gurung stimuli/24_descend_paint bench/1/it_target.png', '/Users/matveikurzukov/Library/CloudStorage/GoogleDrive-apazent@gmail.com/.shortcut-targets-by-id/1exBA-7XrpLfZc6s8oGNYTbmjGsu5dT6p/Gurung stimuli/24_descend_paint bench/1/end_ic_it.png']
94.502 rec_segment_written /Users/matveikurzukov/gurung/psychopy_gurung_v1/recordings/708780_main_imageset07_condition_it_ic_pic03_end_ic_it.wav
95.165 rec_segment_start /Users/matveikurzukov/gurung/psychopy_gurung_v1/recordings/708780_main_imageset24_condition_it_ic_pic01_ic_1.wav
95.415 rec_segment_queue_write /Users/matveikurzukov/gurung/psychopy_gurung_v1/recordings/708780_main_imageset24_condition_it_ic_pic01_ic_1.wav frames=24
95.415 rec_segment_start /Users/matveikurzukov/gurung/psychopy_gurung_v1/recordings/708780_main_imageset24_condition_it_ic_pic02_it_target.wav
95.416 rec_segment_written /Users/matveikurzukov/gurung/psychopy_gurung_v1/recordings/708780_main_imageset24_condition_it_ic_pic01_ic_1.wav
95.581 rec_segment_queue_write /Users/matveikurzukov/gurung/psychopy_gurung_v1/recordings/708780_main_imageset24_condition_it_ic_pic02_it_target.wav frames=15
95.582 rec_segment_start /Users/matveikurzukov/gurung/psychopy_gurung_v1/recordings/708780_main_imageset24_condition_it_ic_pic03_end_ic_it.wav
95.583 rec_segment_written /Users/matveikurzukov/gurung/psychopy_gurung_v1/recordings/708780_main_imageset24_condition_it_ic_pic02_it_target.wav
95.731 rec_segment_queue_write /Users/matveikurzukov/gurung/psychopy_gurung_v1/recordings/708780_main_imageset24_condition_it_ic_pic03_end_ic_it.wav frames=14
95.732 make_sequence roles=['coh_1', 'coh_2', 'tr_target'] paths=['/Users/matveikurzukov/Library/CloudStorage/GoogleDrive-apazent@gmail.com/.shortcut-targets-by-id/1exBA-7XrpLfZc6s8oGNYTbmjGsu5dT6p/Gurung stimuli/29_sit_cut potato/1/coh_1.png', '/Users/matveikurzukov/Library/CloudStorage/GoogleDrive-apazent@gmail.com/.shortcut-targets-by-id/1exBA-7XrpLfZc6s8oGNYTbmjGsu5dT6p/Gurung stimuli/29_sit_cut potato/1/coh_2.png', '/Users/matveikurzukov/Library/CloudStorage/GoogleDrive-apazent@gmail.com/.shortcut-targets-by-id/1exBA-7XrpLfZc6s8oGNYTbmjGsu5dT6p/Gurung stimuli/29_sit_cut potato/1/tr_target.png']
95.733 rec_segment_written /Users/matveikurzukov/gurung/psychopy_gurung_v1/recordings/708780_main_imageset24_condition_it_ic_pic03_end_ic_it.wav
96.114 rec_segment_start /Users/matveikurzukov/gurung/psychopy_gurung_v1/recordings/708780_main_imageset29_condition_tr_coh_pic01_coh_1.wav
96.532 rec_segment_queue_write /Users/matveikurzukov/gurung/psychopy_gurung_v1/recordings/708780_main_imageset29_condition_tr_coh_pic01_coh_1.wav frames=39
96.533 rec_segment_start /Users/matveikurzukov/gurung/psychopy_gurung_v1/recordings/708780_main_imageset29_condition_tr_coh_pic02_coh_2.wav
96.534 rec_segment_written /Users/matveikurzukov/gurung/psychopy_gurung_v1/recordings/708780_main_imageset29_condition_tr_coh_pic01_coh_1.wav
96.698 rec_segment_queue_write /Users/matveikurzukov/gurung/psychopy_gurung_v1/recordings/708780_main_imageset29_condition_tr_coh_pic02_coh_2.wav frames=16
96.698 rec_segment_start /Users/matveikurzukov/gurung/psychopy_gurung_v1/recordings/708780_main_imageset29_condition_tr_coh_pic03_tr_target.wav
96.699 rec_segment_written /Users/matveikurzukov/gurung/psychopy_gurung_v1/recordings/708780_main_imageset29_condition_tr_coh_pic02_coh_2.wav
96.848 rec_segment_queue_write /Users/matveikurzukov/gurung/psychopy_gurung_v1/recordings/708780_main_imageset29_condition_tr_coh_pic03_tr_target.wav frames=14
96.849 make_sequence roles=['coh_1', 'coh_2', 'it_target', 'end_coh_it'] paths=['/Users/matveikurzukov/Library/CloudStorage/GoogleDrive-apazent@gmail.com/.shortcut-targets-by-id/1exBA-7XrpLfZc6s8oGNYTbmjGsu5dT6p/Gurung stimuli/27_jump_pull blanket/1/coh_1.png', '/Users/matveikurzukov/Library/CloudStorage/GoogleDrive-apazent@gmail.com/.shortcut-targets-by-id/1exBA-7XrpLfZc6s8oGNYTbmjGsu5dT6p/Gurung stimuli/27_jump_pull blanket/1/coh_2.png', '/Users/matveikurzukov/Library/CloudStorage/GoogleDrive-apazent@gmail.com/.shortcut-targets-by-id/1exBA-7XrpLfZc6s8oGNYTbmjGsu5dT6p/Gurung stimuli/27_jump_pull blanket/1/it_target.png', '/Users/matveikurzukov/Library/CloudStorage/GoogleDrive-apazent@gmail.com/.shortcut-targets-by-id/1exBA-7XrpLfZc6s8oGNYTbmjGsu5dT6p/Gurung stimuli/27_jump_pull blanket/1/end_coh_it.png']
96.850 rec_segment_written /Users/matveikurzukov/gurung/psychopy_gurung_v1/recordings/708780_main_imageset29_condition_tr_coh_pic03_tr_target.wav
97.382 rec_segment_start /Users/matveikurzukov/gurung/psychopy_gurung_v1/recordings/708780_main_imageset27_condition_it_coh_pic01_coh_1.wav
97.548 rec_segment_queue_write /Users/matveikurzukov/gurung/psychopy_gurung_v1/recordings/708780_main_imageset27_condition_it_coh_pic01_coh_1.wav frames=16
97.549 rec_segment_start /Users/matveikurzukov/gurung/psychopy_gurung_v1/recordings/708780_main_imageset27_condition_it_coh_pic02_coh_2.wav
97.551 rec_segment_written /Users/matveikurzukov/gurung/psychopy_gurung_v1/recordings/708780_main_imageset27_condition_it_coh_pic01_coh_1.wav
97.715 rec_segment_queue_write /Users/matveikurzukov/gurung/psychopy_gurung_v1/recordings/708780_main_imageset27_condition_it_coh_pic02_coh_2.wav frames=15
97.715 rec_segment_start /Users/matveikurzukov/gurung/psychopy_gurung_v1/recordings/708780_main_imageset27_condition_it_coh_pic03_it_target.wav
97.716 rec_segment_written /Users/matveikurzukov/gurung/psychopy_gurung_v1/recordings/708780_main_imageset27_condition_it_coh_pic02_coh_2.wav
97.865 rec_segment_queue_write /Users/matveikurzukov/gurung/psychopy_gurung_v1/recordings/708780_main_imageset27_condition_it_coh_pic03_it_target.wav frames=14
97.865 rec_segment_start /Users/matveikurzukov/gurung/psychopy_gurung_v1/recordings/708780_main_imageset27_condition_it_coh_pic04_end_coh_it.wav
97.866 rec_segment_written /Users/matveikurzukov/gurung/psychopy_gurung_v1/recordings/708780_main_imageset27_condition_it_coh_pic03_it_target.wav
98.031 rec_segment_queue_write /Users/matveikurzukov/gurung/psychopy_gurung_v1/recordings/708780_main_imageset27_condition_it_coh_pic04_end_coh_it.wav frames=16
98.032 make_sequence roles=['coh_1', 'coh_2', 'it_target', 'end_coh_it'] paths=['/Users/matveikurzukov/Library/CloudStorage/GoogleDrive-apazent@gmail.com/.shortcut-targets-by-id/1exBA-7XrpLfZc6s8oGNYTbmjGsu5dT6p/Gurung stimuli/2_stand_weave basket/1/coh_1.png', '/Users/matveikurzukov/Library/CloudStorage/GoogleDrive-apazent@gmail.com/.shortcut-targets-by-id/1exBA-7XrpLfZc6s8oGNYTbmjGsu5dT6p/Gurung stimuli/2_stand_weave basket/1/coh_2.png', '/Users/matveikurzukov/Library/CloudStorage/GoogleDrive-apazent@gmail.com/.shortcut-targets-by-id/1exBA-7XrpLfZc6s8oGNYTbmjGsu5dT6p/Gurung stimuli/2_stand_weave basket/1/it_target.png', '/Users/matveikurzukov/Library/CloudStorage/GoogleDrive-apazent@gmail.com/.shortcut-targets-by-id/1exBA-7XrpLfZc6s8oGNYTbmjGsu5dT6p/Gurung stimuli/2_stand_weave basket/1/end_coh_it.png']
98.033 rec_segment_written /Users/matveikurzukov/gurung/psychopy_gurung_v1/recordings/708780_main_imageset27_condition_it_coh_pic04_end_coh_it.wav
98.448 rec_segment_start /Users/matveikurzukov/gurung/psychopy_gurung_v1/recordings/708780_main_imageset02_condition_it_coh_pic01_coh_1.wav
98.665 rec_segment_queue_write /Users/matveikurzukov/gurung/psychopy_gurung_v1/recordings/708780_main_imageset02_condition_it_coh_pic01_coh_1.wav frames=20
98.665 rec_segment_start /Users/matveikurzukov/gurung/psychopy_gurung_v1/recordings/708780_main_imageset02_condition_it_coh_pic02_coh_2.wav
98.666 rec_segment_written /Users/matveikurzukov/gurung/psychopy_gurung_v1/recordings/708780_main_imageset02_condition_it_coh_pic01_coh_1.wav
98.831 rec_segment_queue_write /Users/matveikurzukov/gurung/psychopy_gurung_v1/recordings/708780_main_imageset02_condition_it_coh_pic02_coh_2.wav frames=16
98.831 rec_segment_start /Users/matveikurzukov/gurung/psychopy_gurung_v1/recordings/708780_main_imageset02_condition_it_coh_pic03_it_target.wav
98.832 rec_segment_written /Users/matveikurzukov/gurung/psychopy_gurung_v1/recordings/708780_main_imageset02_condition_it_coh_pic02_coh_2.wav
98.998 rec_segment_queue_write /Users/matveikurzukov/gurung/psychopy_gurung_v1/recordings/708780_main_imageset02_condition_it_coh_pic03_it_target.wav frames=15
98.998 rec_segment_start /Users/matveikurzukov/gurung/psychopy_gurung_v1/recordings/708780_main_imageset02_condition_it_coh_pic04_end_coh_it.wav
98.999 rec_segment_written /Users/matveikurzukov/gurung/psychopy_gurung_v1/recordings/708780_main_imageset02_condition_it_coh_pic03_it_target.wav
99.149 rec_segment_queue_write /Users/matveikurzukov/gurung/psychopy_gurung_v1/recordings/708780_main_imageset02_condition_it_coh_pic04_end_coh_it.wav frames=15
99.150 make_sequence roles=['coh_1', 'coh_2', 'tr_target'] paths=['/Users/matveikurzukov/Library/CloudStorage/GoogleDrive-apazent@gmail.com/.shortcut-targets-by-id/1exBA-7XrpLfZc6s8oGNYTbmjGsu5dT6p/Gurung stimuli/12_come_eat rice/1/coh_1.png', '/Users/matveikurzukov/Library/CloudStorage/GoogleDrive-apazent@gmail.com/.shortcut-targets-by-id/1exBA-7XrpLfZc6s8oGNYTbmjGsu5dT6p/Gurung stimuli/12_come_eat rice/1/coh_2.png', '/Users/matveikurzukov/Library/CloudStorage/GoogleDrive-apazent@gmail.com/.shortcut-targets-by-id/1exBA-7XrpLfZc6s8oGNYTbmjGsu5dT6p/Gurung stimuli/12_come_eat rice/1/tr_target.png']
99.150 rec_segment_written /Users/matveikurzukov/gurung/psychopy_gurung_v1/recordings/708780_main_imageset02_condition_it_coh_pic04_end_coh_it.wav
99.765 rec_segment_start /Users/matveikurzukov/gurung/psychopy_gurung_v1/recordings/708780_main_imageset12_condition_tr_coh_pic01_coh_1.wav
99.982 rec_segment_queue_write /Users/matveikurzukov/gurung/psychopy_gurung_v1/recordings/708780_main_imageset12_condition_tr_coh_pic01_coh_1.wav frames=21
99.982 rec_segment_start /Users/matveikurzukov/gurung/psychopy_gurung_v1/recordings/708780_main_imageset12_condition_tr_coh_pic02_coh_2.wav
99.983 rec_segment_written /Users/matveikurzukov/gurung/psychopy_gurung_v1/recordings/708780_main_imageset12_condition_tr_coh_pic01_coh_1.wav
100.448 rec_segment_queue_write /Users/matveikurzukov/gurung/psychopy_gurung_v1/recordings/708780_main_imageset12_condition_tr_coh_pic02_coh_2.wav frames=43
100.448 rec_segment_start /Users/matveikurzukov/gurung/psychopy_gurung_v1/recordings/708780_main_imageset12_condition_tr_coh_pic03_tr_target.wav
100.450 rec_segment_written /Users/matveikurzukov/gurung/psychopy_gurung_v1/recordings/708780_main_imageset12_condition_tr_coh_pic02_coh_2.wav
100.648 rec_segment_queue_write /Users/matveikurzukov/gurung/psychopy_gurung_v1/recordings/708780_main_imageset12_condition_tr_coh_pic03_tr_target.wav frames=19
100.649 make_sequence roles=['ic_1', 'it_target', 'end_ic_it'] paths=['/Users/matveikurzukov/Library/CloudStorage/GoogleDrive-apazent@gmail.com/.shortcut-targets-by-id/1exBA-7XrpLfZc6s8oGNYTbmjGsu5dT6p/Gurung stimuli/6_sleep_pluck tomatoes/1/ic_1.png', '/Users/matveikurzukov/Library/CloudStorage/GoogleDrive-apazent@gmail.com/.shortcut-targets-by-id/1exBA-7XrpLfZc6s8oGNYTbmjGsu5dT6p/Gurung stimuli/6_sleep_pluck tomatoes/1/it_target.png', '/Users/matveikurzukov/Library/CloudStorage/GoogleDrive-apazent@gmail.com/.shortcut-targets-by-id/1exBA-7XrpLfZc6s8oGNYTbmjGsu5dT6p/Gurung stimuli/6_sleep_pluck tomatoes/1/end_ic_it.png']
100.650 rec_segment_written /Users/matveikurzukov/gurung/psychopy_gurung_v1/recordings/708780_main_imageset12_condition_tr_coh_pic03_tr_target.wav
100.863 play_audio /Users/matveikurzukov/gurung/psychopy_gurung_v1/Audio/tsakyali.wav
111.264 rec_segment_start /Users/matveikurzukov/gurung/psychopy_gurung_v1/recordings/708780_main_imageset06_condition_it_ic_pic01_ic_1.wav
111.731 rec_segment_queue_write /Users/matveikurzukov/gurung/psychopy_gurung_v1/recordings/708780_main_imageset06_condition_it_ic_pic01_ic_1.wav frames=44
111.731 rec_segment_start /Users/matveikurzukov/gurung/psychopy_gurung_v1/recordings/708780_main_imageset06_condition_it_ic_pic02_it_target.wav
111.732 rec_segment_written /Users/matveikurzukov/gurung/psychopy_gurung_v1/recordings/708780_main_imageset06_condition_it_ic_pic01_ic_1.wav
115.281 rec_segment_queue_write /Users/matveikurzukov/gurung/psychopy_gurung_v1/recordings/708780_main_imageset06_condition_it_ic_pic02_it_target.wav frames=333
115.281 rec_segment_start /Users/matveikurzukov/gurung/psychopy_gurung_v1/recordings/708780_main_imageset06_condition_it_ic_pic03_end_ic_it.wav
115.283 rec_segment_written /Users/matveikurzukov/gurung/psychopy_gurung_v1/recordings/708780_main_imageset06_condition_it_ic_pic02_it_target.wav
115.731 rec_segment_queue_write /Users/matveikurzukov/gurung/psychopy_gurung_v1/recordings/708780_main_imageset06_condition_it_ic_pic03_end_ic_it.wav frames=42
115.732 make_sequence roles=['coh_1', 'coh_2', 'tr_target'] paths=['/Users/matveikurzukov/Library/CloudStorage/GoogleDrive-apazent@gmail.com/.shortcut-targets-by-id/1exBA-7XrpLfZc6s8oGNYTbmjGsu5dT6p/Gurung stimuli/24_descend_paint bench/1/coh_1.png', '/Users/matveikurzukov/Library/CloudStorage/GoogleDrive-apazent@gmail.com/.shortcut-targets-by-id/1exBA-7XrpLfZc6s8oGNYTbmjGsu5dT6p/Gurung stimuli/24_descend_paint bench/1/coh_2.png', '/Users/matveikurzukov/Library/CloudStorage/GoogleDrive-apazent@gmail.com/.shortcut-targets-by-id/1exBA-7XrpLfZc6s8oGNYTbmjGsu5dT6p/Gurung stimuli/24_descend_paint bench/1/tr_target.png']
115.732 rec_segment_written /Users/matveikurzukov/gurung/psychopy_gurung_v1/recordings/708780_main_imageset06_condition_it_ic_pic03_end_ic_it.wav
116.314 rec_segment_start /Users/matveikurzukov/gurung/psychopy_gurung_v1/recordings/708780_main_imageset24_condition_tr_coh_pic01_coh_1.wav
116.547 rec_segment_queue_write /Users/matveikurzukov/gurung/psychopy_gurung_v1/recordings/708780_main_imageset24_condition_tr_coh_pic01_coh_1.wav frames=22
116.547 rec_segment_start /Users/matveikurzukov/gurung/psychopy_gurung_v1/recordings/708780_main_imageset24_condition_tr_coh_pic02_coh_2.wav
116.548 rec_segment_written /Users/matveikurzukov/gurung/psychopy_gurung_v1/recordings/708780_main_imageset24_condition_tr_coh_pic01_coh_1.wav
118.031 rec_segment_queue_write /Users/matveikurzukov/gurung/psychopy_gurung_v1/recordings/708780_main_imageset24_condition_tr_coh_pic02_coh_2.wav frames=139
118.031 rec_segment_start /Users/matveikurzukov/gurung/psychopy_gurung_v1/recordings/708780_main_imageset24_condition_tr_coh_pic03_tr_target.wav
118.033 rec_segment_written /Users/matveikurzukov/gurung/psychopy_gurung_v1/recordings/708780_main_imageset24_condition_tr_coh_pic02_coh_2.wav
118.264 rec_segment_queue_write /Users/matveikurzukov/gurung/psychopy_gurung_v1/recordings/708780_main_imageset24_condition_tr_coh_pic03_tr_target.wav frames=22
118.265 make_sequence roles=['coh_1', 'coh_2', 'tr_target'] paths=['/Users/matveikurzukov/Library/CloudStorage/GoogleDrive-apazent@gmail.com/.shortcut-targets-by-id/1exBA-7XrpLfZc6s8oGNYTbmjGsu5dT6p/Gurung stimuli/18_yawn_put on cap/1/coh_1.png', '/Users/matveikurzukov/Library/CloudStorage/GoogleDrive-apazent@gmail.com/.shortcut-targets-by-id/1exBA-7XrpLfZc6s8oGNYTbmjGsu5dT6p/Gurung stimuli/18_yawn_put on cap/1/coh_2.png', '/Users/matveikurzukov/Library/CloudStorage/GoogleDrive-apazent@gmail.com/.shortcut-targets-by-id/1exBA-7XrpLfZc6s8oGNYTbmjGsu5dT6p/Gurung stimuli/18_yawn_put on cap/1/tr_target.png']
118.266 rec_segment_written /Users/matveikurzukov/gurung/psychopy_gurung_v1/recordings/708780_main_imageset24_condition_tr_coh_pic03_tr_target.wav
119.414 rec_segment_start /Users/matveikurzukov/gurung/psychopy_gurung_v1/recordings/708780_main_imageset18_condition_tr_coh_pic01_coh_1.wav
119.614 rec_segment_queue_write /Users/matveikurzukov/gurung/psychopy_gurung_v1/recordings/708780_main_imageset18_condition_tr_coh_pic01_coh_1.wav frames=19
119.614 rec_segment_start /Users/matveikurzukov/gurung/psychopy_gurung_v1/recordings/708780_main_imageset18_condition_tr_coh_pic02_coh_2.wav
119.615 rec_segment_written /Users/matveikurzukov/gurung/psychopy_gurung_v1/recordings/708780_main_imageset18_condition_tr_coh_pic01_coh_1.wav
119.798 rec_segment_queue_write /Users/matveikurzukov/gurung/psychopy_gurung_v1/recordings/708780_main_imageset18_condition_tr_coh_pic02_coh_2.wav frames=17
119.798 rec_segment_start /Users/matveikurzukov/gurung/psychopy_gurung_v1/recordings/708780_main_imageset18_condition_tr_coh_pic03_tr_target.wav
119.800 rec_segment_written /Users/matveikurzukov/gurung/psychopy_gurung_v1/recordings/708780_main_imageset18_condition_tr_coh_pic02_coh_2.wav
119.981 rec_segment_queue_write /Users/matveikurzukov/gurung/psychopy_gurung_v1/recordings/708780_main_imageset18_condition_tr_coh_pic03_tr_target.wav frames=17
119.982 make_sequence roles=['ic_1', 'tr_target', 'end_ic_tr'] paths=['/Users/matveikurzukov/Library/CloudStorage/GoogleDrive-apazent@gmail.com/.shortcut-targets-by-id/1exBA-7XrpLfZc6s8oGNYTbmjGsu5dT6p/Gurung stimuli/18_yawn_put on cap/1/ic_1.png', '/Users/matveikurzukov/Library/CloudStorage/GoogleDrive-apazent@gmail.com/.shortcut-targets-by-id/1exBA-7XrpLfZc6s8oGNYTbmjGsu5dT6p/Gurung stimuli/18_yawn_put on cap/1/tr_target.png', '/Users/matveikurzukov/Library/CloudStorage/GoogleDrive-apazent@gmail.com/.shortcut-targets-by-id/1exBA-7XrpLfZc6s8oGNYTbmjGsu5dT6p/Gurung stimuli/18_yawn_put on cap/1/end_ic_tr.png']
119.983 rec_segment_written /Users/matveikurzukov/gurung/psychopy_gurung_v1/recordings/708780_main_imageset18_condition_tr_coh_pic03_tr_target.wav
120.697 rec_segment_start /Users/matveikurzukov/gurung/psychopy_gurung_v1/recordings/708780_main_imageset18_condition_tr_ic_pic01_ic_1.wav
120.931 rec_segment_queue_write /Users/matveikurzukov/gurung/psychopy_gurung_v1/recordings/708780_main_imageset18_condition_tr_ic_pic01_ic_1.wav frames=22
120.931 rec_segment_start /Users/matveikurzukov/gurung/psychopy_gurung_v1/recordings/708780_main_imageset18_condition_tr_ic_pic02_tr_target.wav
120.932 rec_segment_written /Users/matveikurzukov/gurung/psychopy_gurung_v1/recordings/708780_main_imageset18_condition_tr_ic_pic01_ic_1.wav
121.130 rec_segment_queue_write /Users/matveikurzukov/gurung/psychopy_gurung_v1/recordings/708780_main_imageset18_condition_tr_ic_pic02_tr_target.wav frames=18
121.131 rec_segment_start /Users/matveikurzukov/gurung/psychopy_gurung_v1/recordings/708780_main_imageset18_condition_tr_ic_pic03_end_ic_tr.wav
121.132 rec_segment_written /Users/matveikurzukov/gurung/psychopy_gurung_v1/recordings/708780_main_imageset18_condition_tr_ic_pic02_tr_target.wav
121.298 rec_segment_queue_write /Users/matveikurzukov/gurung/psychopy_gurung_v1/recordings/708780_main_imageset18_condition_tr_ic_pic03_end_ic_tr.wav frames=16
121.299 make_sequence roles=['ic_1', 'tr_target', 'end_ic_tr'] paths=['/Users/matveikurzukov/Library/CloudStorage/GoogleDrive-apazent@gmail.com/.shortcut-targets-by-id/1exBA-7XrpLfZc6s8oGNYTbmjGsu5dT6p/Gurung stimuli/8_smile_weave garland/1/ic_1.png', '/Users/matveikurzukov/Library/CloudStorage/GoogleDrive-apazent@gmail.com/.shortcut-targets-by-id/1exBA-7XrpLfZc6s8oGNYTbmjGsu5dT6p/Gurung stimuli/8_smile_weave garland/1/tr_target.png', '/Users/matveikurzukov/Library/CloudStorage/GoogleDrive-apazent@gmail.com/.shortcut-targets-by-id/1exBA-7XrpLfZc6s8oGNYTbmjGsu5dT6p/Gurung stimuli/8_smile_weave garland/1/end_ic_tr.png']
121.299 rec_segment_written /Users/matveikurzukov/gurung/psychopy_gurung_v1/recordings/708780_main_imageset18_condition_tr_ic_pic03_end_ic_tr.wav
121.797 rec_segment_start /Users/matveikurzukov/gurung/psychopy_gurung_v1/recordings/708780_main_imageset08_condition_tr_ic_pic01_ic_1.wav
122.064 rec_segment_queue_write /Users/matveikurzukov/gurung/psychopy_gurung_v1/recordings/708780_main_imageset08_condition_tr_ic_pic01_ic_1.wav frames=25
122.064 rec_segment_start /Users/matveikurzukov/gurung/psychopy_gurung_v1/recordings/708780_main_imageset08_condition_tr_ic_pic02_tr_target.wav
122.064 rec_segment_written /Users/matveikurzukov/gurung/psychopy_gurung_v1/recordings/708780_main_imageset08_condition_tr_ic_pic01_ic_1.wav
122.264 rec_segment_queue_write /Users/matveikurzukov/gurung/psychopy_gurung_v1/recordings/708780_main_imageset08_condition_tr_ic_pic02_tr_target.wav frames=19
122.264 rec_segment_start /Users/matveikurzukov/gurung/psychopy_gurung_v1/recordings/708780_main_imageset08_condition_tr_ic_pic03_end_ic_tr.wav
122.265 rec_segment_written /Users/matveikurzukov/gurung/psychopy_gurung_v1/recordings/708780_main_imageset08_condition_tr_ic_pic02_tr_target.wav
122.447 rec_segment_queue_write /Users/matveikurzukov/gurung/psychopy_gurung_v1/recordings/708780_main_imageset08_condition_tr_ic_pic03_end_ic_tr.wav frames=17
122.448 make_sequence roles=['coh_1', 'coh_2', 'tr_target'] paths=['/Users/matveikurzukov/Library/CloudStorage/GoogleDrive-apazent@gmail.com/.shortcut-targets-by-id/1exBA-7XrpLfZc6s8oGNYTbmjGsu5dT6p/Gurung stimuli/27_jump_pull blanket/1/coh_1.png', '/Users/matveikurzukov/Library/CloudStorage/GoogleDrive-apazent@gmail.com/.shortcut-targets-by-id/1exBA-7XrpLfZc6s8oGNYTbmjGsu5dT6p/Gurung stimuli/27_jump_pull blanket/1/coh_2.png', '/Users/matveikurzukov/Library/CloudStorage/GoogleDrive-apazent@gmail.com/.shortcut-targets-by-id/1exBA-7XrpLfZc6s8oGNYTbmjGsu5dT6p/Gurung stimuli/27_jump_pull blanket/1/tr_target.png']
122.449 rec_segment_written /Users/matveikurzukov/gurung/psychopy_gurung_v1/recordings/708780_main_imageset08_condition_tr_ic_pic03_end_ic_tr.wav
123.097 rec_segment_start /Users/matveikurzukov/gurung/psychopy_gurung_v1/recordings/708780_main_imageset27_condition_tr_coh_pic01_coh_1.wav
123.397 rec_segment_queue_write /Users/matveikurzukov/gurung/psychopy_gurung_v1/recordings/708780_main_imageset27_condition_tr_coh_pic01_coh_1.wav frames=28
123.398 rec_segment_start /Users/matveikurzukov/gurung/psychopy_gurung_v1/recordings/708780_main_imageset27_condition_tr_coh_pic02_coh_2.wav
123.398 rec_segment_written /Users/matveikurzukov/gurung/psychopy_gurung_v1/recordings/708780_main_imageset27_condition_tr_coh_pic01_coh_1.wav
123.631 rec_segment_queue_write /Users/matveikurzukov/gurung/psychopy_gurung_v1/recordings/708780_main_imageset27_condition_tr_coh_pic02_coh_2.wav frames=22
123.631 rec_segment_start /Users/matveikurzukov/gurung/psychopy_gurung_v1/recordings/708780_main_imageset27_condition_tr_coh_pic03_tr_target.wav
123.632 rec_segment_written /Users/matveikurzukov/gurung/psychopy_gurung_v1/recordings/708780_main_imageset27_condition_tr_coh_pic02_coh_2.wav
123.831 rec_segment_queue_write /Users/matveikurzukov/gurung/psychopy_gurung_v1/recordings/708780_main_imageset27_condition_tr_coh_pic03_tr_target.wav frames=19
123.832 make_sequence roles=['ic_1', 'it_target', 'end_ic_it'] paths=['/Users/matveikurzukov/Library/CloudStorage/GoogleDrive-apazent@gmail.com/.shortcut-targets-by-id/1exBA-7XrpLfZc6s8oGNYTbmjGsu5dT6p/Gurung stimuli/9_descend_harvest rice/1/ic_1.png', '/Users/matveikurzukov/Library/CloudStorage/GoogleDrive-apazent@gmail.com/.shortcut-targets-by-id/1exBA-7XrpLfZc6s8oGNYTbmjGsu5dT6p/Gurung stimuli/9_descend_harvest rice/1/it_target.png', '/Users/matveikurzukov/Library/CloudStorage/GoogleDrive-apazent@gmail.com/.shortcut-targets-by-id/1exBA-7XrpLfZc6s8oGNYTbmjGsu5dT6p/Gurung stimuli/9_descend_harvest rice/1/end_ic_it.png']
123.833 rec_segment_written /Users/matveikurzukov/gurung/psychopy_gurung_v1/recordings/708780_main_imageset27_condition_tr_coh_pic03_tr_target.wav
124.547 rec_segment_start /Users/matveikurzukov/gurung/psychopy_gurung_v1/recordings/708780_main_imageset09_condition_it_ic_pic01_ic_1.wav
124.797 rec_segment_queue_write /Users/matveikurzukov/gurung/psychopy_gurung_v1/recordings/708780_main_imageset09_condition_it_ic_pic01_ic_1.wav frames=23
124.798 rec_segment_start /Users/matveikurzukov/gurung/psychopy_gurung_v1/recordings/708780_main_imageset09_condition_it_ic_pic02_it_target.wav
124.798 rec_segment_written /Users/matveikurzukov/gurung/psychopy_gurung_v1/recordings/708780_main_imageset09_condition_it_ic_pic01_ic_1.wav
124.997 rec_segment_queue_write /Users/matveikurzukov/gurung/psychopy_gurung_v1/recordings/708780_main_imageset09_condition_it_ic_pic02_it_target.wav frames=19
124.997 rec_segment_start /Users/matveikurzukov/gurung/psychopy_gurung_v1/recordings/708780_main_imageset09_condition_it_ic_pic03_end_ic_it.wav
124.998 rec_segment_written /Users/matveikurzukov/gurung/psychopy_gurung_v1/recordings/708780_main_imageset09_condition_it_ic_pic02_it_target.wav
125.180 rec_segment_queue_write /Users/matveikurzukov/gurung/psychopy_gurung_v1/recordings/708780_main_imageset09_condition_it_ic_pic03_end_ic_it.wav frames=17
125.181 make_sequence roles=['ic_1', 'tr_target', 'end_ic_tr'] paths=['/Users/matveikurzukov/Library/CloudStorage/GoogleDrive-apazent@gmail.com/.shortcut-targets-by-id/1exBA-7XrpLfZc6s8oGNYTbmjGsu5dT6p/Gurung stimuli/1_cough_throw bones/1/ic_1.png', '/Users/matveikurzukov/Library/CloudStorage/GoogleDrive-apazent@gmail.com/.shortcut-targets-by-id/1exBA-7XrpLfZc6s8oGNYTbmjGsu5dT6p/Gurung stimuli/1_cough_throw bones/1/tr_target.png', '/Users/matveikurzukov/Library/CloudStorage/GoogleDrive-apazent@gmail.com/.shortcut-targets-by-id/1exBA-7XrpLfZc6s8oGNYTbmjGsu5dT6p/Gurung stimuli/1_cough_throw bones/1/end_ic_tr.png']
125.182 rec_segment_written /Users/matveikurzukov/gurung/psychopy_gurung_v1/recordings/708780_main_imageset09_condition_it_ic_pic03_end_ic_it.wav
126.080 rec_segment_start /Users/matveikurzukov/gurung/psychopy_gurung_v1/recordings/708780_main_imageset01_condition_tr_ic_pic01_ic_1.wav
126.248 rec_segment_queue_write /Users/matveikurzukov/gurung/psychopy_gurung_v1/recordings/708780_main_imageset01_condition_tr_ic_pic01_ic_1.wav frames=16
126.248 rec_segment_start /Users/matveikurzukov/gurung/psychopy_gurung_v1/recordings/708780_main_imageset01_condition_tr_ic_pic02_tr_target.wav
126.250 rec_segment_written /Users/matveikurzukov/gurung/psychopy_gurung_v1/recordings/708780_main_imageset01_condition_tr_ic_pic01_ic_1.wav
126.413 rec_segment_queue_write /Users/matveikurzukov/gurung/psychopy_gurung_v1/recordings/708780_main_imageset01_condition_tr_ic_pic02_tr_target.wav frames=16
126.414 rec_segment_start /Users/matveikurzukov/gurung/psychopy_gurung_v1/recordings/708780_main_imageset01_condition_tr_ic_pic03_end_ic_tr.wav
126.414 rec_segment_written /Users/matveikurzukov/gurung/psychopy_gurung_v1/recordings/708780_main_imageset01_condition_tr_ic_pic02_tr_target.wav
126.597 rec_segment_queue_write /Users/matveikurzukov/gurung/psychopy_gurung_v1/recordings/708780_main_imageset01_condition_tr_ic_pic03_end_ic_tr.wav frames=17
126.598 make_sequence roles=['ic_1', 'it_target', 'end_ic_it'] paths=['/Users/matveikurzukov/Library/CloudStorage/GoogleDrive-apazent@gmail.com/.shortcut-targets-by-id/1exBA-7XrpLfZc6s8oGNYTbmjGsu5dT6p/Gurung stimuli/21_cough_burn bottles/1/ic_1.png', '/Users/matveikurzukov/Library/CloudStorage/GoogleDrive-apazent@gmail.com/.shortcut-targets-by-id/1exBA-7XrpLfZc6s8oGNYTbmjGsu5dT6p/Gurung stimuli/21_cough_burn bottles/1/it_target.png', '/Users/matveikurzukov/Library/CloudStorage/GoogleDrive-apazent@gmail.com/.shortcut-targets-by-id/1exBA-7XrpLfZc6s8oGNYTbmjGsu5dT6p/Gurung stimuli/21_cough_burn bottles/1/end_ic_it.png']
126.599 rec_segment_written /Users/matveikurzukov/gurung/psychopy_gurung_v1/recordings/708780_main_imageset01_condition_tr_ic_pic03_end_ic_tr.wav
126.829 play_audio /Users/matveikurzukov/gurung/psychopy_gurung_v1/Audio/tsakyali.wav
140.066 rec_segment_start /Users/matveikurzukov/gurung/psychopy_gurung_v1/recordings/708780_main_imageset21_condition_it_ic_pic01_ic_1.wav
140.429 rec_segment_queue_write /Users/matveikurzukov/gurung/psychopy_gurung_v1/recordings/708780_main_imageset21_condition_it_ic_pic01_ic_1.wav frames=34
140.430 rec_segment_start /Users/matveikurzukov/gurung/psychopy_gurung_v1/recordings/708780_main_imageset21_condition_it_ic_pic02_it_target.wav
140.431 rec_segment_written /Users/matveikurzukov/gurung/psychopy_gurung_v1/recordings/708780_main_imageset21_condition_it_ic_pic01_ic_1.wav
140.615 rec_segment_queue_write /Users/matveikurzukov/gurung/psychopy_gurung_v1/recordings/708780_main_imageset21_condition_it_ic_pic02_it_target.wav frames=17
140.616 rec_segment_start /Users/matveikurzukov/gurung/psychopy_gurung_v1/recordings/708780_main_imageset21_condition_it_ic_pic03_end_ic_it.wav
140.616 rec_segment_written /Users/matveikurzukov/gurung/psychopy_gurung_v1/recordings/708780_main_imageset21_condition_it_ic_pic02_it_target.wav
140.780 rec_segment_queue_write /Users/matveikurzukov/gurung/psychopy_gurung_v1/recordings/708780_main_imageset21_condition_it_ic_pic03_end_ic_it.wav frames=16
140.781 make_sequence roles=['coh_1', 'coh_2', 'it_target', 'end_coh_it'] paths=['/Users/matveikurzukov/Library/CloudStorage/GoogleDrive-apazent@gmail.com/.shortcut-targets-by-id/1exBA-7XrpLfZc6s8oGNYTbmjGsu5dT6p/Gurung stimuli/16_sleep_wash dish/1/coh_1.png', '/Users/matveikurzukov/Library/CloudStorage/GoogleDrive-apazent@gmail.com/.shortcut-targets-by-id/1exBA-7XrpLfZc6s8oGNYTbmjGsu5dT6p/Gurung stimuli/16_sleep_wash dish/1/coh_2.png', '/Users/matveikurzukov/Library/CloudStorage/GoogleDrive-apazent@gmail.com/.shortcut-targets-by-id/1exBA-7XrpLfZc6s8oGNYTbmjGsu5dT6p/Gurung stimuli/16_sleep_wash dish/1/it_target.png', '/Users/matveikurzukov/Library/CloudStorage/GoogleDrive-apazent@gmail.com/.shortcut-targets-by-id/1exBA-7XrpLfZc6s8oGNYTbmjGsu5dT6p/Gurung stimuli/16_sleep_wash dish/1/end_coh_it.png']
140.781 rec_segment_written /Users/matveikurzukov/gurung/psychopy_gurung_v1/recordings/708780_main_imageset21_condition_it_ic_pic03_end_ic_it.wav
141.530 rec_segment_start /Users/matveikurzukov/gurung/psychopy_gurung_v1/recordings/708780_main_imageset16_condition_it_coh_pic01_coh_1.wav
141.780 rec_segment_queue_write /Users/matveikurzukov/gurung/psychopy_gurung_v1/recordings/708780_main_imageset16_condition_it_coh_pic01_coh_1.wav frames=23
141.781 rec_segment_start /Users/matveikurzukov/gurung/psychopy_gurung_v1/recordings/708780_main_imageset16_condition_it_coh_pic02_coh_2.wav
141.782 rec_segment_written /Users/matveikurzukov/gurung/psychopy_gurung_v1/recordings/708780_main_imageset16_condition_it_coh_pic01_coh_1.wav
141.963 rec_segment_queue_write /Users/matveikurzukov/gurung/psychopy_gurung_v1/recordings/708780_main_imageset16_condition_it_coh_pic02_coh_2.wav frames=18
141.963 rec_segment_start /Users/matveikurzukov/gurung/psychopy_gurung_v1/recordings/708780_main_imageset16_condition_it_coh_pic03_it_target.wav
141.964 rec_segment_written /Users/matveikurzukov/gurung/psychopy_gurung_v1/recordings/708780_main_imageset16_condition_it_coh_pic02_coh_2.wav
142.130 rec_segment_queue_write /Users/matveikurzukov/gurung/psychopy_gurung_v1/recordings/708780_main_imageset16_condition_it_coh_pic03_it_target.wav frames=15
142.130 rec_segment_start /Users/matveikurzukov/gurung/psychopy_gurung_v1/recordings/708780_main_imageset16_condition_it_coh_pic04_end_coh_it.wav
142.132 rec_segment_written /Users/matveikurzukov/gurung/psychopy_gurung_v1/recordings/708780_main_imageset16_condition_it_coh_pic03_it_target.wav
142.330 rec_segment_queue_write /Users/matveikurzukov/gurung/psychopy_gurung_v1/recordings/708780_main_imageset16_condition_it_coh_pic04_end_coh_it.wav frames=19
142.331 make_sequence roles=['coh_1', 'coh_2', 'tr_target'] paths=['/Users/matveikurzukov/Library/CloudStorage/GoogleDrive-apazent@gmail.com/.shortcut-targets-by-id/1exBA-7XrpLfZc6s8oGNYTbmjGsu5dT6p/Gurung stimuli/14_ascend_weave raincoat/1/coh_1.png', '/Users/matveikurzukov/Library/CloudStorage/GoogleDrive-apazent@gmail.com/.shortcut-targets-by-id/1exBA-7XrpLfZc6s8oGNYTbmjGsu5dT6p/Gurung stimuli/14_ascend_weave raincoat/1/coh_2.png', '/Users/matveikurzukov/Library/CloudStorage/GoogleDrive-apazent@gmail.com/.shortcut-targets-by-id/1exBA-7XrpLfZc6s8oGNYTbmjGsu5dT6p/Gurung stimuli/14_ascend_weave raincoat/1/tr_target.png']
142.331 rec_segment_written /Users/matveikurzukov/gurung/psychopy_gurung_v1/recordings/708780_main_imageset16_condition_it_coh_pic04_end_coh_it.wav
142.579 rec_segment_start /Users/matveikurzukov/gurung/psychopy_gurung_v1/recordings/708780_main_imageset14_condition_tr_coh_pic01_coh_1.wav
142.979 rec_segment_queue_write /Users/matveikurzukov/gurung/psychopy_gurung_v1/recordings/708780_main_imageset14_condition_tr_coh_pic01_coh_1.wav frames=38
142.980 rec_segment_start /Users/matveikurzukov/gurung/psychopy_gurung_v1/recordings/708780_main_imageset14_condition_tr_coh_pic02_coh_2.wav
142.981 rec_segment_written /Users/matveikurzukov/gurung/psychopy_gurung_v1/recordings/708780_main_imageset14_condition_tr_coh_pic01_coh_1.wav
143.180 rec_segment_queue_write /Users/matveikurzukov/gurung/psychopy_gurung_v1/recordings/708780_main_imageset14_condition_tr_coh_pic02_coh_2.wav frames=19
143.180 rec_segment_start /Users/matveikurzukov/gurung/psychopy_gurung_v1/recordings/708780_main_imageset14_condition_tr_coh_pic03_tr_target.wav
143.181 rec_segment_written /Users/matveikurzukov/gurung/psychopy_gurung_v1/recordings/708780_main_imageset14_condition_tr_coh_pic02_coh_2.wav
143.364 rec_segment_queue_write /Users/matveikurzukov/gurung/psychopy_gurung_v1/recordings/708780_main_imageset14_condition_tr_coh_pic03_tr_target.wav frames=17
143.365 make_sequence roles=['coh_1', 'coh_2', 'it_target', 'end_coh_it'] paths=['/Users/matveikurzukov/Library/CloudStorage/GoogleDrive-apazent@gmail.com/.shortcut-targets-by-id/1exBA-7XrpLfZc6s8oGNYTbmjGsu5dT6p/Gurung stimuli/24_descend_paint bench/1/coh_1.png', '/Users/matveikurzukov/Library/CloudStorage/GoogleDrive-apazent@gmail.com/.shortcut-targets-by-id/1exBA-7XrpLfZc6s8oGNYTbmjGsu5dT6p/Gurung stimuli/24_descend_paint bench/1/coh_2.png', '/Users/matveikurzukov/Library/CloudStorage/GoogleDrive-apazent@gmail.com/.shortcut-targets-by-id/1exBA-7XrpLfZc6s8oGNYTbmjGsu5dT6p/Gurung stimuli/24_descend_paint bench/1/it_target.png', '/Users/matveikurzukov/Library/CloudStorage/GoogleDrive-apazent@gmail.com/.shortcut-targets-by-id/1exBA-7XrpLfZc6s8oGNYTbmjGsu5dT6p/Gurung stimuli/24_descend_paint bench/1/end_coh_it.png']
143.367 rec_segment_written /Users/matveikurzukov/gurung/psychopy_gurung_v1/recordings/708780_main_imageset14_condition_tr_coh_pic03_tr_target.wav
144.097 rec_segment_start /Users/matveikurzukov/gurung/psychopy_gurung_v1/recordings/708780_main_imageset24_condition_it_coh_pic01_coh_1.wav
144.280 rec_segment_queue_write /Users/matveikurzukov/gurung/psychopy_gurung_v1/recordings/708780_main_imageset24_condition_it_coh_pic01_coh_1.wav frames=17
144.280 rec_segment_start /Users/matveikurzukov/gurung/psychopy_gurung_v1/recordings/708780_main_imageset24_condition_it_coh_pic02_coh_2.wav
144.281 rec_segment_written /Users/matveikurzukov/gurung/psychopy_gurung_v1/recordings/708780_main_imageset24_condition_it_coh_pic01_coh_1.wav
144.463 rec_segment_queue_write /Users/matveikurzukov/gurung/psychopy_gurung_v1/recordings/708780_main_imageset24_condition_it_coh_pic02_coh_2.wav frames=17
144.464 rec_segment_start /Users/matveikurzukov/gurung/psychopy_gurung_v1/recordings/708780_main_imageset24_condition_it_coh_pic03_it_target.wav
144.464 rec_segment_written /Users/matveikurzukov/gurung/psychopy_gurung_v1/recordings/708780_main_imageset24_condition_it_coh_pic02_coh_2.wav
144.646 rec_segment_queue_write /Users/matveikurzukov/gurung/psychopy_gurung_v1/recordings/708780_main_imageset24_condition_it_coh_pic03_it_target.wav frames=17
144.647 rec_segment_start /Users/matveikurzukov/gurung/psychopy_gurung_v1/recordings/708780_main_imageset24_condition_it_coh_pic04_end_coh_it.wav
144.648 rec_segment_written /Users/matveikurzukov/gurung/psychopy_gurung_v1/recordings/708780_main_imageset24_condition_it_coh_pic03_it_target.wav
144.813 rec_segment_queue_write /Users/matveikurzukov/gurung/psychopy_gurung_v1/recordings/708780_main_imageset24_condition_it_coh_pic04_end_coh_it.wav frames=16
144.814 make_sequence roles=['coh_1', 'coh_2', 'it_target', 'end_coh_it'] paths=['/Users/matveikurzukov/Library/CloudStorage/GoogleDrive-apazent@gmail.com/.shortcut-targets-by-id/1exBA-7XrpLfZc6s8oGNYTbmjGsu5dT6p/Gurung stimuli/5_rest_build wall/1/coh_1.png', '/Users/matveikurzukov/Library/CloudStorage/GoogleDrive-apazent@gmail.com/.shortcut-targets-by-id/1exBA-7XrpLfZc6s8oGNYTbmjGsu5dT6p/Gurung stimuli/5_rest_build wall/1/coh_2.png', '/Users/matveikurzukov/Library/CloudStorage/GoogleDrive-apazent@gmail.com/.shortcut-targets-by-id/1exBA-7XrpLfZc6s8oGNYTbmjGsu5dT6p/Gurung stimuli/5_rest_build wall/1/it_target.png', '/Users/matveikurzukov/Library/CloudStorage/GoogleDrive-apazent@gmail.com/.shortcut-targets-by-id/1exBA-7XrpLfZc6s8oGNYTbmjGsu5dT6p/Gurung stimuli/5_rest_build wall/1/end_coh_it.png']
144.815 rec_segment_written /Users/matveikurzukov/gurung/psychopy_gurung_v1/recordings/708780_main_imageset24_condition_it_coh_pic04_end_coh_it.wav
145.179 rec_segment_start /Users/matveikurzukov/gurung/psychopy_gurung_v1/recordings/708780_main_imageset05_condition_it_coh_pic01_coh_1.wav
145.613 rec_segment_queue_write /Users/matveikurzukov/gurung/psychopy_gurung_v1/recordings/708780_main_imageset05_condition_it_coh_pic01_coh_1.wav frames=41
145.613 rec_segment_start /Users/matveikurzukov/gurung/psychopy_gurung_v1/recordings/708780_main_imageset05_condition_it_coh_pic02_coh_2.wav
145.614 rec_segment_written /Users/matveikurzukov/gurung/psychopy_gurung_v1/recordings/708780_main_imageset05_condition_it_coh_pic01_coh_1.wav
145.846 rec_segment_queue_write /Users/matveikurzukov/gurung/psychopy_gurung_v1/recordings/708780_main_imageset05_condition_it_coh_pic02_coh_2.wav frames=22
145.847 rec_segment_start /Users/matveikurzukov/gurung/psychopy_gurung_v1/recordings/708780_main_imageset05_condition_it_coh_pic03_it_target.wav
145.847 rec_segment_written /Users/matveikurzukov/gurung/psychopy_gurung_v1/recordings/708780_main_imageset05_condition_it_coh_pic02_coh_2.wav
146.063 rec_segment_queue_write /Users/matveikurzukov/gurung/psychopy_gurung_v1/recordings/708780_main_imageset05_condition_it_coh_pic03_it_target.wav frames=20
146.063 rec_segment_start /Users/matveikurzukov/gurung/psychopy_gurung_v1/recordings/708780_main_imageset05_condition_it_coh_pic04_end_coh_it.wav
146.066 rec_segment_written /Users/matveikurzukov/gurung/psychopy_gurung_v1/recordings/708780_main_imageset05_condition_it_coh_pic03_it_target.wav
146.247 rec_segment_queue_write /Users/matveikurzukov/gurung/psychopy_gurung_v1/recordings/708780_main_imageset05_condition_it_coh_pic04_end_coh_it.wav frames=17
146.248 make_sequence roles=['ic_1', 'tr_target', 'end_ic_tr'] paths=['/Users/matveikurzukov/Library/CloudStorage/GoogleDrive-apazent@gmail.com/.shortcut-targets-by-id/1exBA-7XrpLfZc6s8oGNYTbmjGsu5dT6p/Gurung stimuli/23_stand_tear paper/1/ic_1.png', '/Users/matveikurzukov/Library/CloudStorage/GoogleDrive-apazent@gmail.com/.shortcut-targets-by-id/1exBA-7XrpLfZc6s8oGNYTbmjGsu5dT6p/Gurung stimuli/23_stand_tear paper/1/tr_target.png', '/Users/matveikurzukov/Library/CloudStorage/GoogleDrive-apazent@gmail.com/.shortcut-targets-by-id/1exBA-7XrpLfZc6s8oGNYTbmjGsu5dT6p/Gurung stimuli/23_stand_tear paper/1/end_ic_tr.png']
146.249 rec_segment_written /Users/matveikurzukov/gurung/psychopy_gurung_v1/recordings/708780_main_imageset05_condition_it_coh_pic04_end_coh_it.wav
146.797 rec_segment_start /Users/matveikurzukov/gurung/psychopy_gurung_v1/recordings/708780_main_imageset23_condition_tr_ic_pic01_ic_1.wav
147.096 rec_segment_queue_write /Users/matveikurzukov/gurung/psychopy_gurung_v1/recordings/708780_main_imageset23_condition_tr_ic_pic01_ic_1.wav frames=28
147.097 rec_segment_start /Users/matveikurzukov/gurung/psychopy_gurung_v1/recordings/708780_main_imageset23_condition_tr_ic_pic02_tr_target.wav
147.098 rec_segment_written /Users/matveikurzukov/gurung/psychopy_gurung_v1/recordings/708780_main_imageset23_condition_tr_ic_pic01_ic_1.wav
147.313 rec_segment_queue_write /Users/matveikurzukov/gurung/psychopy_gurung_v1/recordings/708780_main_imageset23_condition_tr_ic_pic02_tr_target.wav frames=20
147.313 rec_segment_start /Users/matveikurzukov/gurung/psychopy_gurung_v1/recordings/708780_main_imageset23_condition_tr_ic_pic03_end_ic_tr.wav
147.314 rec_segment_written /Users/matveikurzukov/gurung/psychopy_gurung_v1/recordings/708780_main_imageset23_condition_tr_ic_pic02_tr_target.wav
147.463 rec_segment_queue_write /Users/matveikurzukov/gurung/psychopy_gurung_v1/recordings/708780_main_imageset23_condition_tr_ic_pic03_end_ic_tr.wav frames=14
147.464 make_sequence roles=['ic_1', 'tr_target', 'end_ic_tr'] paths=['/Users/matveikurzukov/Library/CloudStorage/GoogleDrive-apazent@gmail.com/.shortcut-targets-by-id/1exBA-7XrpLfZc6s8oGNYTbmjGsu5dT6p/Gurung stimuli/16_sleep_wash dish/1/ic_1.png', '/Users/matveikurzukov/Library/CloudStorage/GoogleDrive-apazent@gmail.com/.shortcut-targets-by-id/1exBA-7XrpLfZc6s8oGNYTbmjGsu5dT6p/Gurung stimuli/16_sleep_wash dish/1/tr_target.png', '/Users/matveikurzukov/Library/CloudStorage/GoogleDrive-apazent@gmail.com/.shortcut-targets-by-id/1exBA-7XrpLfZc6s8oGNYTbmjGsu5dT6p/Gurung stimuli/16_sleep_wash dish/1/end_ic_tr.png']
147.465 rec_segment_written /Users/matveikurzukov/gurung/psychopy_gurung_v1/recordings/708780_main_imageset23_condition_tr_ic_pic03_end_ic_tr.wav
148.063 rec_segment_start /Users/matveikurzukov/gurung/psychopy_gurung_v1/recordings/708780_main_imageset16_condition_tr_ic_pic01_ic_1.wav
148.346 rec_segment_queue_write /Users/matveikurzukov/gurung/psychopy_gurung_v1/recordings/708780_main_imageset16_condition_tr_ic_pic01_ic_1.wav frames=27
148.347 rec_segment_start /Users/matveikurzukov/gurung/psychopy_gurung_v1/recordings/708780_main_imageset16_condition_tr_ic_pic02_tr_target.wav
148.347 rec_segment_written /Users/matveikurzukov/gurung/psychopy_gurung_v1/recordings/708780_main_imageset16_condition_tr_ic_pic01_ic_1.wav
148.546 rec_segment_queue_write /Users/matveikurzukov/gurung/psychopy_gurung_v1/recordings/708780_main_imageset16_condition_tr_ic_pic02_tr_target.wav frames=19
148.546 rec_segment_start /Users/matveikurzukov/gurung/psychopy_gurung_v1/recordings/708780_main_imageset16_condition_tr_ic_pic03_end_ic_tr.wav
148.547 rec_segment_written /Users/matveikurzukov/gurung/psychopy_gurung_v1/recordings/708780_main_imageset16_condition_tr_ic_pic02_tr_target.wav
148.713 rec_segment_queue_write /Users/matveikurzukov/gurung/psychopy_gurung_v1/recordings/708780_main_imageset16_condition_tr_ic_pic03_end_ic_tr.wav frames=15
148.714 make_sequence roles=['ic_1', 'tr_target', 'end_ic_tr'] paths=['/Users/matveikurzukov/Library/CloudStorage/GoogleDrive-apazent@gmail.com/.shortcut-targets-by-id/1exBA-7XrpLfZc6s8oGNYTbmjGsu5dT6p/Gurung stimuli/26_sleep_drag log/1/ic_1.png', '/Users/matveikurzukov/Library/CloudStorage/GoogleDrive-apazent@gmail.com/.shortcut-targets-by-id/1exBA-7XrpLfZc6s8oGNYTbmjGsu5dT6p/Gurung stimuli/26_sleep_drag log/1/tr_target.png', '/Users/matveikurzukov/Library/CloudStorage/GoogleDrive-apazent@gmail.com/.shortcut-targets-by-id/1exBA-7XrpLfZc6s8oGNYTbmjGsu5dT6p/Gurung stimuli/26_sleep_drag log/1/end_ic_tr.png']
148.714 rec_segment_written /Users/matveikurzukov/gurung/psychopy_gurung_v1/recordings/708780_main_imageset16_condition_tr_ic_pic03_end_ic_tr.wav
149.363 rec_segment_start /Users/matveikurzukov/gurung/psychopy_gurung_v1/recordings/708780_main_imageset26_condition_tr_ic_pic01_ic_1.wav
149.596 rec_segment_queue_write /Users/matveikurzukov/gurung/psychopy_gurung_v1/recordings/708780_main_imageset26_condition_tr_ic_pic01_ic_1.wav frames=22
149.596 rec_segment_start /Users/matveikurzukov/gurung/psychopy_gurung_v1/recordings/708780_main_imageset26_condition_tr_ic_pic02_tr_target.wav
149.597 rec_segment_written /Users/matveikurzukov/gurung/psychopy_gurung_v1/recordings/708780_main_imageset26_condition_tr_ic_pic01_ic_1.wav
149.797 rec_segment_queue_write /Users/matveikurzukov/gurung/psychopy_gurung_v1/recordings/708780_main_imageset26_condition_tr_ic_pic02_tr_target.wav frames=19
149.797 rec_segment_start /Users/matveikurzukov/gurung/psychopy_gurung_v1/recordings/708780_main_imageset26_condition_tr_ic_pic03_end_ic_tr.wav
149.798 rec_segment_written /Users/matveikurzukov/gurung/psychopy_gurung_v1/recordings/708780_main_imageset26_condition_tr_ic_pic02_tr_target.wav
149.964 rec_segment_queue_write /Users/matveikurzukov/gurung/psychopy_gurung_v1/recordings/708780_main_imageset26_condition_tr_ic_pic03_end_ic_tr.wav frames=16
149.965 make_sequence roles=['coh_1', 'coh_2', 'tr_target'] paths=['/Users/matveikurzukov/Library/CloudStorage/GoogleDrive-apazent@gmail.com/.shortcut-targets-by-id/1exBA-7XrpLfZc6s8oGNYTbmjGsu5dT6p/Gurung stimuli/21_cough_burn bottles/1/coh_1.png', '/Users/matveikurzukov/Library/CloudStorage/GoogleDrive-apazent@gmail.com/.shortcut-targets-by-id/1exBA-7XrpLfZc6s8oGNYTbmjGsu5dT6p/Gurung stimuli/21_cough_burn bottles/1/coh_2.png', '/Users/matveikurzukov/Library/CloudStorage/GoogleDrive-apazent@gmail.com/.shortcut-targets-by-id/1exBA-7XrpLfZc6s8oGNYTbmjGsu5dT6p/Gurung stimuli/21_cough_burn bottles/1/tr_target.png']
149.965 rec_segment_written /Users/matveikurzukov/gurung/psychopy_gurung_v1/recordings/708780_main_imageset26_condition_tr_ic_pic03_end_ic_tr.wav
150.396 rec_segment_start /Users/matveikurzukov/gurung/psychopy_gurung_v1/recordings/708780_main_imageset21_condition_tr_coh_pic01_coh_1.wav
150.596 rec_segment_queue_write /Users/matveikurzukov/gurung/psychopy_gurung_v1/recordings/708780_main_imageset21_condition_tr_coh_pic01_coh_1.wav frames=19
150.596 rec_segment_start /Users/matveikurzukov/gurung/psychopy_gurung_v1/recordings/708780_main_imageset21_condition_tr_coh_pic02_coh_2.wav
150.597 rec_segment_written /Users/matveikurzukov/gurung/psychopy_gurung_v1/recordings/708780_main_imageset21_condition_tr_coh_pic01_coh_1.wav
150.813 rec_segment_queue_write /Users/matveikurzukov/gurung/psychopy_gurung_v1/recordings/708780_main_imageset21_condition_tr_coh_pic02_coh_2.wav frames=20
150.813 rec_segment_start /Users/matveikurzukov/gurung/psychopy_gurung_v1/recordings/708780_main_imageset21_condition_tr_coh_pic03_tr_target.wav
150.814 rec_segment_written /Users/matveikurzukov/gurung/psychopy_gurung_v1/recordings/708780_main_imageset21_condition_tr_coh_pic02_coh_2.wav
150.980 rec_segment_queue_write /Users/matveikurzukov/gurung/psychopy_gurung_v1/recordings/708780_main_imageset21_condition_tr_coh_pic03_tr_target.wav frames=16
150.981 make_sequence roles=['coh_1', 'coh_2', 'tr_target'] paths=['/Users/matveikurzukov/Library/CloudStorage/GoogleDrive-apazent@gmail.com/.shortcut-targets-by-id/1exBA-7XrpLfZc6s8oGNYTbmjGsu5dT6p/Gurung stimuli/7_sit_make fire/1/coh_1.png', '/Users/matveikurzukov/Library/CloudStorage/GoogleDrive-apazent@gmail.com/.shortcut-targets-by-id/1exBA-7XrpLfZc6s8oGNYTbmjGsu5dT6p/Gurung stimuli/7_sit_make fire/1/coh_2.png', '/Users/matveikurzukov/Library/CloudStorage/GoogleDrive-apazent@gmail.com/.shortcut-targets-by-id/1exBA-7XrpLfZc6s8oGNYTbmjGsu5dT6p/Gurung stimuli/7_sit_make fire/1/tr_target.png']
150.981 rec_segment_written /Users/matveikurzukov/gurung/psychopy_gurung_v1/recordings/708780_main_imageset21_condition_tr_coh_pic03_tr_target.wav
151.363 rec_segment_start /Users/matveikurzukov/gurung/psychopy_gurung_v1/recordings/708780_main_imageset07_condition_tr_coh_pic01_coh_1.wav
151.580 rec_segment_queue_write /Users/matveikurzukov/gurung/psychopy_gurung_v1/recordings/708780_main_imageset07_condition_tr_coh_pic01_coh_1.wav frames=20
151.581 rec_segment_start /Users/matveikurzukov/gurung/psychopy_gurung_v1/recordings/708780_main_imageset07_condition_tr_coh_pic02_coh_2.wav
151.583 rec_segment_written /Users/matveikurzukov/gurung/psychopy_gurung_v1/recordings/708780_main_imageset07_condition_tr_coh_pic01_coh_1.wav
151.797 rec_segment_queue_write /Users/matveikurzukov/gurung/psychopy_gurung_v1/recordings/708780_main_imageset07_condition_tr_coh_pic02_coh_2.wav frames=21
151.798 rec_segment_start /Users/matveikurzukov/gurung/psychopy_gurung_v1/recordings/708780_main_imageset07_condition_tr_coh_pic03_tr_target.wav
151.799 rec_segment_written /Users/matveikurzukov/gurung/psychopy_gurung_v1/recordings/708780_main_imageset07_condition_tr_coh_pic02_coh_2.wav
151.963 rec_segment_queue_write /Users/matveikurzukov/gurung/psychopy_gurung_v1/recordings/708780_main_imageset07_condition_tr_coh_pic03_tr_target.wav frames=15
151.964 make_sequence roles=['ic_1', 'it_target', 'end_ic_it'] paths=['/Users/matveikurzukov/Library/CloudStorage/GoogleDrive-apazent@gmail.com/.shortcut-targets-by-id/1exBA-7XrpLfZc6s8oGNYTbmjGsu5dT6p/Gurung stimuli/22_come_push chest/1/ic_1.png', '/Users/matveikurzukov/Library/CloudStorage/GoogleDrive-apazent@gmail.com/.shortcut-targets-by-id/1exBA-7XrpLfZc6s8oGNYTbmjGsu5dT6p/Gurung stimuli/22_come_push chest/1/it_target.png', '/Users/matveikurzukov/Library/CloudStorage/GoogleDrive-apazent@gmail.com/.shortcut-targets-by-id/1exBA-7XrpLfZc6s8oGNYTbmjGsu5dT6p/Gurung stimuli/22_come_push chest/1/end_ic_it.png']
151.965 rec_segment_written /Users/matveikurzukov/gurung/psychopy_gurung_v1/recordings/708780_main_imageset07_condition_tr_coh_pic03_tr_target.wav
152.579 rec_segment_start /Users/matveikurzukov/gurung/psychopy_gurung_v1/recordings/708780_main_imageset22_condition_it_ic_pic01_ic_1.wav
152.780 rec_segment_queue_write /Users/matveikurzukov/gurung/psychopy_gurung_v1/recordings/708780_main_imageset22_condition_it_ic_pic01_ic_1.wav frames=19
152.780 rec_segment_start /Users/matveikurzukov/gurung/psychopy_gurung_v1/recordings/708780_main_imageset22_condition_it_ic_pic02_it_target.wav
152.781 rec_segment_written /Users/matveikurzukov/gurung/psychopy_gurung_v1/recordings/708780_main_imageset22_condition_it_ic_pic01_ic_1.wav
152.979 rec_segment_queue_write /Users/matveikurzukov/gurung/psychopy_gurung_v1/recordings/708780_main_imageset22_condition_it_ic_pic02_it_target.wav frames=18
152.980 rec_segment_start /Users/matveikurzukov/gurung/psychopy_gurung_v1/recordings/708780_main_imageset22_condition_it_ic_pic03_end_ic_it.wav
152.980 rec_segment_written /Users/matveikurzukov/gurung/psychopy_gurung_v1/recordings/708780_main_imageset22_condition_it_ic_pic02_it_target.wav
153.180 rec_segment_queue_write /Users/matveikurzukov/gurung/psychopy_gurung_v1/recordings/708780_main_imageset22_condition_it_ic_pic03_end_ic_it.wav frames=19
153.181 rec_segment_written /Users/matveikurzukov/gurung/psychopy_gurung_v1/recordings/708780_main_imageset22_condition_it_ic_pic03_end_ic_it.wav
153.184 make_sequence roles=['ic_1', 'it_target', 'end_ic_it'] paths=['/Users/matveikurzukov/Library/CloudStorage/GoogleDrive-apazent@gmail.com/.shortcut-targets-by-id/1exBA-7XrpLfZc6s8oGNYTbmjGsu5dT6p/Gurung stimuli/3_rest_cook fish/1/ic_1.png', '/Users/matveikurzukov/Library/CloudStorage/GoogleDrive-apazent@gmail.com/.shortcut-targets-by-id/1exBA-7XrpLfZc6s8oGNYTbmjGsu5dT6p/Gurung stimuli/3_rest_cook fish/1/it_target.png', '/Users/matveikurzukov/Library/CloudStorage/GoogleDrive-apazent@gmail.com/.shortcut-targets-by-id/1exBA-7XrpLfZc6s8oGNYTbmjGsu5dT6p/Gurung stimuli/3_rest_cook fish/1/end_ic_it.png']
153.797 rec_segment_start /Users/matveikurzukov/gurung/psychopy_gurung_v1/recordings/708780_main_imageset03_condition_it_ic_pic01_ic_1.wav
154.096 rec_segment_queue_write /Users/matveikurzukov/gurung/psychopy_gurung_v1/recordings/708780_main_imageset03_condition_it_ic_pic01_ic_1.wav frames=28
154.096 rec_segment_start /Users/matveikurzukov/gurung/psychopy_gurung_v1/recordings/708780_main_imageset03_condition_it_ic_pic02_it_target.wav
154.097 rec_segment_written /Users/matveikurzukov/gurung/psychopy_gurung_v1/recordings/708780_main_imageset03_condition_it_ic_pic01_ic_1.wav
154.697 rec_segment_queue_write /Users/matveikurzukov/gurung/psychopy_gurung_v1/recordings/708780_main_imageset03_condition_it_ic_pic02_it_target.wav frames=56
154.697 rec_segment_start /Users/matveikurzukov/gurung/psychopy_gurung_v1/recordings/708780_main_imageset03_condition_it_ic_pic03_end_ic_it.wav
154.700 rec_segment_written /Users/matveikurzukov/gurung/psychopy_gurung_v1/recordings/708780_main_imageset03_condition_it_ic_pic02_it_target.wav
155.213 rec_segment_queue_write /Users/matveikurzukov/gurung/psychopy_gurung_v1/recordings/708780_main_imageset03_condition_it_ic_pic03_end_ic_it.wav frames=49
155.214 make_sequence roles=['ic_1', 'tr_target', 'end_ic_tr'] paths=['/Users/matveikurzukov/Library/CloudStorage/GoogleDrive-apazent@gmail.com/.shortcut-targets-by-id/1exBA-7XrpLfZc6s8oGNYTbmjGsu5dT6p/Gurung stimuli/22_come_push chest/1/ic_1.png', '/Users/matveikurzukov/Library/CloudStorage/GoogleDrive-apazent@gmail.com/.shortcut-targets-by-id/1exBA-7XrpLfZc6s8oGNYTbmjGsu5dT6p/Gurung stimuli/22_come_push chest/1/tr_target.png', '/Users/matveikurzukov/Library/CloudStorage/GoogleDrive-apazent@gmail.com/.shortcut-targets-by-id/1exBA-7XrpLfZc6s8oGNYTbmjGsu5dT6p/Gurung stimuli/22_come_push chest/1/end_ic_tr.png']
155.217 rec_segment_written /Users/matveikurzukov/gurung/psychopy_gurung_v1/recordings/708780_main_imageset03_condition_it_ic_pic03_end_ic_it.wav
155.634 rec_segment_start /Users/matveikurzukov/gurung/psychopy_gurung_v1/recordings/708780_main_imageset22_condition_tr_ic_pic01_ic_1.wav
156.096 rec_segment_queue_write /Users/matveikurzukov/gurung/psychopy_gurung_v1/recordings/708780_main_imageset22_condition_tr_ic_pic01_ic_1.wav frames=44
156.097 rec_segment_start /Users/matveikurzukov/gurung/psychopy_gurung_v1/recordings/708780_main_imageset22_condition_tr_ic_pic02_tr_target.wav
156.097 rec_segment_written /Users/matveikurzukov/gurung/psychopy_gurung_v1/recordings/708780_main_imageset22_condition_tr_ic_pic01_ic_1.wav
156.280 rec_segment_queue_write /Users/matveikurzukov/gurung/psychopy_gurung_v1/recordings/708780_main_imageset22_condition_tr_ic_pic02_tr_target.wav frames=17
156.280 rec_segment_start /Users/matveikurzukov/gurung/psychopy_gurung_v1/recordings/708780_main_imageset22_condition_tr_ic_pic03_end_ic_tr.wav
156.281 rec_segment_written /Users/matveikurzukov/gurung/psychopy_gurung_v1/recordings/708780_main_imageset22_condition_tr_ic_pic02_tr_target.wav
156.446 rec_segment_queue_write /Users/matveikurzukov/gurung/psychopy_gurung_v1/recordings/708780_main_imageset22_condition_tr_ic_pic03_end_ic_tr.wav frames=15
156.447 make_sequence roles=['ic_1', 'it_target', 'end_ic_it'] paths=['/Users/matveikurzukov/Library/CloudStorage/GoogleDrive-apazent@gmail.com/.shortcut-targets-by-id/1exBA-7XrpLfZc6s8oGNYTbmjGsu5dT6p/Gurung stimuli/13_stand_wash clothes/1/ic_1.png', '/Users/matveikurzukov/Library/CloudStorage/GoogleDrive-apazent@gmail.com/.shortcut-targets-by-id/1exBA-7XrpLfZc6s8oGNYTbmjGsu5dT6p/Gurung stimuli/13_stand_wash clothes/1/it_target.png', '/Users/matveikurzukov/Library/CloudStorage/GoogleDrive-apazent@gmail.com/.shortcut-targets-by-id/1exBA-7XrpLfZc6s8oGNYTbmjGsu5dT6p/Gurung stimuli/13_stand_wash clothes/1/end_ic_it.png']
156.447 rec_segment_written /Users/matveikurzukov/gurung/psychopy_gurung_v1/recordings/708780_main_imageset22_condition_tr_ic_pic03_end_ic_tr.wav
156.963 rec_segment_start /Users/matveikurzukov/gurung/psychopy_gurung_v1/recordings/708780_main_imageset13_condition_it_ic_pic01_ic_1.wav
157.280 rec_segment_queue_write /Users/matveikurzukov/gurung/psychopy_gurung_v1/recordings/708780_main_imageset13_condition_it_ic_pic01_ic_1.wav frames=30
157.280 rec_segment_start /Users/matveikurzukov/gurung/psychopy_gurung_v1/recordings/708780_main_imageset13_condition_it_ic_pic02_it_target.wav
157.281 rec_segment_written /Users/matveikurzukov/gurung/psychopy_gurung_v1/recordings/708780_main_imageset13_condition_it_ic_pic01_ic_1.wav
157.463 rec_segment_queue_write /Users/matveikurzukov/gurung/psychopy_gurung_v1/recordings/708780_main_imageset13_condition_it_ic_pic02_it_target.wav frames=17
157.463 rec_segment_start /Users/matveikurzukov/gurung/psychopy_gurung_v1/recordings/708780_main_imageset13_condition_it_ic_pic03_end_ic_it.wav
157.464 rec_segment_written /Users/matveikurzukov/gurung/psychopy_gurung_v1/recordings/708780_main_imageset13_condition_it_ic_pic02_it_target.wav
157.646 rec_segment_queue_write /Users/matveikurzukov/gurung/psychopy_gurung_v1/recordings/708780_main_imageset13_condition_it_ic_pic03_end_ic_it.wav frames=17
157.647 make_sequence roles=['coh_1', 'coh_2', 'it_target', 'end_coh_it'] paths=['/Users/matveikurzukov/Library/CloudStorage/GoogleDrive-apazent@gmail.com/.shortcut-targets-by-id/1exBA-7XrpLfZc6s8oGNYTbmjGsu5dT6p/Gurung stimuli/9_descend_harvest rice/1/coh_1.png', '/Users/matveikurzukov/Library/CloudStorage/GoogleDrive-apazent@gmail.com/.shortcut-targets-by-id/1exBA-7XrpLfZc6s8oGNYTbmjGsu5dT6p/Gurung stimuli/9_descend_harvest rice/1/coh_2.png', '/Users/matveikurzukov/Library/CloudStorage/GoogleDrive-apazent@gmail.com/.shortcut-targets-by-id/1exBA-7XrpLfZc6s8oGNYTbmjGsu5dT6p/Gurung stimuli/9_descend_harvest rice/1/it_target.png', '/Users/matveikurzukov/Library/CloudStorage/GoogleDrive-apazent@gmail.com/.shortcut-targets-by-id/1exBA-7XrpLfZc6s8oGNYTbmjGsu5dT6p/Gurung stimuli/9_descend_harvest rice/1/end_coh_it.png']
157.648 rec_segment_written /Users/matveikurzukov/gurung/psychopy_gurung_v1/recordings/708780_main_imageset13_condition_it_ic_pic03_end_ic_it.wav
158.362 rec_segment_start /Users/matveikurzukov/gurung/psychopy_gurung_v1/recordings/708780_main_imageset09_condition_it_coh_pic01_coh_1.wav
158.613 rec_segment_queue_write /Users/matveikurzukov/gurung/psychopy_gurung_v1/recordings/708780_main_imageset09_condition_it_coh_pic01_coh_1.wav frames=24
158.613 rec_segment_start /Users/matveikurzukov/gurung/psychopy_gurung_v1/recordings/708780_main_imageset09_condition_it_coh_pic02_coh_2.wav
158.614 rec_segment_written /Users/matveikurzukov/gurung/psychopy_gurung_v1/recordings/708780_main_imageset09_condition_it_coh_pic01_coh_1.wav
158.813 rec_segment_queue_write /Users/matveikurzukov/gurung/psychopy_gurung_v1/recordings/708780_main_imageset09_condition_it_coh_pic02_coh_2.wav frames=18
158.813 rec_segment_start /Users/matveikurzukov/gurung/psychopy_gurung_v1/recordings/708780_main_imageset09_condition_it_coh_pic03_it_target.wav
158.816 rec_segment_written /Users/matveikurzukov/gurung/psychopy_gurung_v1/recordings/708780_main_imageset09_condition_it_coh_pic02_coh_2.wav
159.000 rec_segment_queue_write /Users/matveikurzukov/gurung/psychopy_gurung_v1/recordings/708780_main_imageset09_condition_it_coh_pic03_it_target.wav frames=18
159.000 rec_segment_start /Users/matveikurzukov/gurung/psychopy_gurung_v1/recordings/708780_main_imageset09_condition_it_coh_pic04_end_coh_it.wav
159.001 rec_segment_written /Users/matveikurzukov/gurung/psychopy_gurung_v1/recordings/708780_main_imageset09_condition_it_coh_pic03_it_target.wav
159.213 rec_segment_queue_write /Users/matveikurzukov/gurung/psychopy_gurung_v1/recordings/708780_main_imageset09_condition_it_coh_pic04_end_coh_it.wav frames=20
159.214 make_sequence roles=['ic_1', 'tr_target', 'end_ic_tr'] paths=['/Users/matveikurzukov/Library/CloudStorage/GoogleDrive-apazent@gmail.com/.shortcut-targets-by-id/1exBA-7XrpLfZc6s8oGNYTbmjGsu5dT6p/Gurung stimuli/3_rest_cook fish/1/ic_1.png', '/Users/matveikurzukov/Library/CloudStorage/GoogleDrive-apazent@gmail.com/.shortcut-targets-by-id/1exBA-7XrpLfZc6s8oGNYTbmjGsu5dT6p/Gurung stimuli/3_rest_cook fish/1/tr_target.png', '/Users/matveikurzukov/Library/CloudStorage/GoogleDrive-apazent@gmail.com/.shortcut-targets-by-id/1exBA-7XrpLfZc6s8oGNYTbmjGsu5dT6p/Gurung stimuli/3_rest_cook fish/1/end_ic_tr.png']
159.215 rec_segment_written /Users/matveikurzukov/gurung/psychopy_gurung_v1/recordings/708780_main_imageset09_condition_it_coh_pic04_end_coh_it.wav
159.512 rec_segment_start /Users/matveikurzukov/gurung/psychopy_gurung_v1/recordings/708780_main_imageset03_condition_tr_ic_pic01_ic_1.wav
159.979 rec_segment_queue_write /Users/matveikurzukov/gurung/psychopy_gurung_v1/recordings/708780_main_imageset03_condition_tr_ic_pic01_ic_1.wav frames=44
159.980 rec_segment_start /Users/matveikurzukov/gurung/psychopy_gurung_v1/recordings/708780_main_imageset03_condition_tr_ic_pic02_tr_target.wav
159.981 rec_segment_written /Users/matveikurzukov/gurung/psychopy_gurung_v1/recordings/708780_main_imageset03_condition_tr_ic_pic01_ic_1.wav
160.163 rec_segment_queue_write /Users/matveikurzukov/gurung/psychopy_gurung_v1/recordings/708780_main_imageset03_condition_tr_ic_pic02_tr_target.wav frames=17
160.163 rec_segment_start /Users/matveikurzukov/gurung/psychopy_gurung_v1/recordings/708780_main_imageset03_condition_tr_ic_pic03_end_ic_tr.wav
160.164 rec_segment_written /Users/matveikurzukov/gurung/psychopy_gurung_v1/recordings/708780_main_imageset03_condition_tr_ic_pic02_tr_target.wav
160.363 rec_segment_queue_write /Users/matveikurzukov/gurung/psychopy_gurung_v1/recordings/708780_main_imageset03_condition_tr_ic_pic03_end_ic_tr.wav frames=19
160.365 make_sequence roles=['coh_1', 'coh_2', 'it_target', 'end_coh_it'] paths=['/Users/matveikurzukov/Library/CloudStorage/GoogleDrive-apazent@gmail.com/.shortcut-targets-by-id/1exBA-7XrpLfZc6s8oGNYTbmjGsu5dT6p/Gurung stimuli/4_run_drink tea/1/coh_1.png', '/Users/matveikurzukov/Library/CloudStorage/GoogleDrive-apazent@gmail.com/.shortcut-targets-by-id/1exBA-7XrpLfZc6s8oGNYTbmjGsu5dT6p/Gurung stimuli/4_run_drink tea/1/coh_2.png', '/Users/matveikurzukov/Library/CloudStorage/GoogleDrive-apazent@gmail.com/.shortcut-targets-by-id/1exBA-7XrpLfZc6s8oGNYTbmjGsu5dT6p/Gurung stimuli/4_run_drink tea/1/it_target.png', '/Users/matveikurzukov/Library/CloudStorage/GoogleDrive-apazent@gmail.com/.shortcut-targets-by-id/1exBA-7XrpLfZc6s8oGNYTbmjGsu5dT6p/Gurung stimuli/4_run_drink tea/1/end_coh_it.png']
160.366 rec_segment_written /Users/matveikurzukov/gurung/psychopy_gurung_v1/recordings/708780_main_imageset03_condition_tr_ic_pic03_end_ic_tr.wav
160.762 play_audio /Users/matveikurzukov/gurung/psychopy_gurung_v1/Audio/tsakyali.wav
173.778 rec_segment_start /Users/matveikurzukov/gurung/psychopy_gurung_v1/recordings/708780_main_imageset04_condition_it_coh_pic01_coh_1.wav
174.128 rec_segment_queue_write /Users/matveikurzukov/gurung/psychopy_gurung_v1/recordings/708780_main_imageset04_condition_it_coh_pic01_coh_1.wav frames=33
174.129 rec_segment_start /Users/matveikurzukov/gurung/psychopy_gurung_v1/recordings/708780_main_imageset04_condition_it_coh_pic02_coh_2.wav
174.129 rec_segment_written /Users/matveikurzukov/gurung/psychopy_gurung_v1/recordings/708780_main_imageset04_condition_it_coh_pic01_coh_1.wav
174.465 rec_segment_queue_write /Users/matveikurzukov/gurung/psychopy_gurung_v1/recordings/708780_main_imageset04_condition_it_coh_pic02_coh_2.wav frames=32
174.465 rec_segment_start /Users/matveikurzukov/gurung/psychopy_gurung_v1/recordings/708780_main_imageset04_condition_it_coh_pic03_it_target.wav
174.466 rec_segment_written /Users/matveikurzukov/gurung/psychopy_gurung_v1/recordings/708780_main_imageset04_condition_it_coh_pic02_coh_2.wav
174.612 rec_segment_queue_write /Users/matveikurzukov/gurung/psychopy_gurung_v1/recordings/708780_main_imageset04_condition_it_coh_pic03_it_target.wav frames=14
174.612 rec_segment_start /Users/matveikurzukov/gurung/psychopy_gurung_v1/recordings/708780_main_imageset04_condition_it_coh_pic04_end_coh_it.wav
174.613 rec_segment_written /Users/matveikurzukov/gurung/psychopy_gurung_v1/recordings/708780_main_imageset04_condition_it_coh_pic03_it_target.wav
174.762 rec_segment_queue_write /Users/matveikurzukov/gurung/psychopy_gurung_v1/recordings/708780_main_imageset04_condition_it_coh_pic04_end_coh_it.wav frames=14
174.763 make_sequence roles=['coh_1', 'coh_2', 'tr_target'] paths=['/Users/matveikurzukov/Library/CloudStorage/GoogleDrive-apazent@gmail.com/.shortcut-targets-by-id/1exBA-7XrpLfZc6s8oGNYTbmjGsu5dT6p/Gurung stimuli/25_yawn_lock door/1/coh_1.png', '/Users/matveikurzukov/Library/CloudStorage/GoogleDrive-apazent@gmail.com/.shortcut-targets-by-id/1exBA-7XrpLfZc6s8oGNYTbmjGsu5dT6p/Gurung stimuli/25_yawn_lock door/1/coh_2.png', '/Users/matveikurzukov/Library/CloudStorage/GoogleDrive-apazent@gmail.com/.shortcut-targets-by-id/1exBA-7XrpLfZc6s8oGNYTbmjGsu5dT6p/Gurung stimuli/25_yawn_lock door/1/tr_target.png']
174.764 rec_segment_written /Users/matveikurzukov/gurung/psychopy_gurung_v1/recordings/708780_main_imageset04_condition_it_coh_pic04_end_coh_it.wav
175.278 rec_segment_start /Users/matveikurzukov/gurung/psychopy_gurung_v1/recordings/708780_main_imageset25_condition_tr_coh_pic01_coh_1.wav
175.495 rec_segment_queue_write /Users/matveikurzukov/gurung/psychopy_gurung_v1/recordings/708780_main_imageset25_condition_tr_coh_pic01_coh_1.wav frames=20
175.496 rec_segment_start /Users/matveikurzukov/gurung/psychopy_gurung_v1/recordings/708780_main_imageset25_condition_tr_coh_pic02_coh_2.wav
175.496 rec_segment_written /Users/matveikurzukov/gurung/psychopy_gurung_v1/recordings/708780_main_imageset25_condition_tr_coh_pic01_coh_1.wav
175.695 rec_segment_queue_write /Users/matveikurzukov/gurung/psychopy_gurung_v1/recordings/708780_main_imageset25_condition_tr_coh_pic02_coh_2.wav frames=19
175.695 rec_segment_start /Users/matveikurzukov/gurung/psychopy_gurung_v1/recordings/708780_main_imageset25_condition_tr_coh_pic03_tr_target.wav
175.696 rec_segment_written /Users/matveikurzukov/gurung/psychopy_gurung_v1/recordings/708780_main_imageset25_condition_tr_coh_pic02_coh_2.wav
175.879 rec_segment_queue_write /Users/matveikurzukov/gurung/psychopy_gurung_v1/recordings/708780_main_imageset25_condition_tr_coh_pic03_tr_target.wav frames=17
175.883 make_sequence roles=['coh_1', 'coh_2', 'it_target', 'end_coh_it'] paths=['/Users/matveikurzukov/Library/CloudStorage/GoogleDrive-apazent@gmail.com/.shortcut-targets-by-id/1exBA-7XrpLfZc6s8oGNYTbmjGsu5dT6p/Gurung stimuli/11_ascend_wipe plate/1/coh_1.png', '/Users/matveikurzukov/Library/CloudStorage/GoogleDrive-apazent@gmail.com/.shortcut-targets-by-id/1exBA-7XrpLfZc6s8oGNYTbmjGsu5dT6p/Gurung stimuli/11_ascend_wipe plate/1/coh_2.png', '/Users/matveikurzukov/Library/CloudStorage/GoogleDrive-apazent@gmail.com/.shortcut-targets-by-id/1exBA-7XrpLfZc6s8oGNYTbmjGsu5dT6p/Gurung stimuli/11_ascend_wipe plate/1/it_target.png', '/Users/matveikurzukov/Library/CloudStorage/GoogleDrive-apazent@gmail.com/.shortcut-targets-by-id/1exBA-7XrpLfZc6s8oGNYTbmjGsu5dT6p/Gurung stimuli/11_ascend_wipe plate/1/end_coh_it.png']
175.884 rec_segment_written /Users/matveikurzukov/gurung/psychopy_gurung_v1/recordings/708780_main_imageset25_condition_tr_coh_pic03_tr_target.wav
176.432 rec_segment_start /Users/matveikurzukov/gurung/psychopy_gurung_v1/recordings/708780_main_imageset11_condition_it_coh_pic01_coh_1.wav
176.779 rec_segment_queue_write /Users/matveikurzukov/gurung/psychopy_gurung_v1/recordings/708780_main_imageset11_condition_it_coh_pic01_coh_1.wav frames=33
176.779 rec_segment_start /Users/matveikurzukov/gurung/psychopy_gurung_v1/recordings/708780_main_imageset11_condition_it_coh_pic02_coh_2.wav
176.780 rec_segment_written /Users/matveikurzukov/gurung/psychopy_gurung_v1/recordings/708780_main_imageset11_condition_it_coh_pic01_coh_1.wav
176.995 rec_segment_queue_write /Users/matveikurzukov/gurung/psychopy_gurung_v1/recordings/708780_main_imageset11_condition_it_coh_pic02_coh_2.wav frames=20
176.995 rec_segment_start /Users/matveikurzukov/gurung/psychopy_gurung_v1/recordings/708780_main_imageset11_condition_it_coh_pic03_it_target.wav
176.996 rec_segment_written /Users/matveikurzukov/gurung/psychopy_gurung_v1/recordings/708780_main_imageset11_condition_it_coh_pic02_coh_2.wav
177.262 rec_segment_queue_write /Users/matveikurzukov/gurung/psychopy_gurung_v1/recordings/708780_main_imageset11_condition_it_coh_pic03_it_target.wav frames=25
177.262 rec_segment_start /Users/matveikurzukov/gurung/psychopy_gurung_v1/recordings/708780_main_imageset11_condition_it_coh_pic04_end_coh_it.wav
177.263 rec_segment_written /Users/matveikurzukov/gurung/psychopy_gurung_v1/recordings/708780_main_imageset11_condition_it_coh_pic03_it_target.wav
177.562 rec_segment_queue_write /Users/matveikurzukov/gurung/psychopy_gurung_v1/recordings/708780_main_imageset11_condition_it_coh_pic04_end_coh_it.wav frames=28
177.563 make_sequence roles=['ic_1', 'tr_target', 'end_ic_tr'] paths=['/Users/matveikurzukov/Library/CloudStorage/GoogleDrive-apazent@gmail.com/.shortcut-targets-by-id/1exBA-7XrpLfZc6s8oGNYTbmjGsu5dT6p/Gurung stimuli/30_smile_make momos/1/ic_1.png', '/Users/matveikurzukov/Library/CloudStorage/GoogleDrive-apazent@gmail.com/.shortcut-targets-by-id/1exBA-7XrpLfZc6s8oGNYTbmjGsu5dT6p/Gurung stimuli/30_smile_make momos/1/tr_target.png', '/Users/matveikurzukov/Library/CloudStorage/GoogleDrive-apazent@gmail.com/.shortcut-targets-by-id/1exBA-7XrpLfZc6s8oGNYTbmjGsu5dT6p/Gurung stimuli/30_smile_make momos/1/end_ic_tr.png']
177.563 rec_segment_written /Users/matveikurzukov/gurung/psychopy_gurung_v1/recordings/708780_main_imageset11_condition_it_coh_pic04_end_coh_it.wav
178.129 rec_segment_start /Users/matveikurzukov/gurung/psychopy_gurung_v1/recordings/708780_main_imageset30_condition_tr_ic_pic01_ic_1.wav
178.329 rec_segment_queue_write /Users/matveikurzukov/gurung/psychopy_gurung_v1/recordings/708780_main_imageset30_condition_tr_ic_pic01_ic_1.wav frames=19
178.329 rec_segment_start /Users/matveikurzukov/gurung/psychopy_gurung_v1/recordings/708780_main_imageset30_condition_tr_ic_pic02_tr_target.wav
178.330 rec_segment_written /Users/matveikurzukov/gurung/psychopy_gurung_v1/recordings/708780_main_imageset30_condition_tr_ic_pic01_ic_1.wav
178.512 rec_segment_queue_write /Users/matveikurzukov/gurung/psychopy_gurung_v1/recordings/708780_main_imageset30_condition_tr_ic_pic02_tr_target.wav frames=17
178.512 rec_segment_start /Users/matveikurzukov/gurung/psychopy_gurung_v1/recordings/708780_main_imageset30_condition_tr_ic_pic03_end_ic_tr.wav
178.513 rec_segment_written /Users/matveikurzukov/gurung/psychopy_gurung_v1/recordings/708780_main_imageset30_condition_tr_ic_pic02_tr_target.wav
178.699 rec_segment_queue_write /Users/matveikurzukov/gurung/psychopy_gurung_v1/recordings/708780_main_imageset30_condition_tr_ic_pic03_end_ic_tr.wav frames=18
178.700 make_sequence roles=['coh_1', 'coh_2', 'tr_target'] paths=['/Users/matveikurzukov/Library/CloudStorage/GoogleDrive-apazent@gmail.com/.shortcut-targets-by-id/1exBA-7XrpLfZc6s8oGNYTbmjGsu5dT6p/Gurung stimuli/23_stand_tear paper/1/coh_1.png', '/Users/matveikurzukov/Library/CloudStorage/GoogleDrive-apazent@gmail.com/.shortcut-targets-by-id/1exBA-7XrpLfZc6s8oGNYTbmjGsu5dT6p/Gurung stimuli/23_stand_tear paper/1/coh_2.png', '/Users/matveikurzukov/Library/CloudStorage/GoogleDrive-apazent@gmail.com/.shortcut-targets-by-id/1exBA-7XrpLfZc6s8oGNYTbmjGsu5dT6p/Gurung stimuli/23_stand_tear paper/1/tr_target.png']
178.700 rec_segment_written /Users/matveikurzukov/gurung/psychopy_gurung_v1/recordings/708780_main_imageset30_condition_tr_ic_pic03_end_ic_tr.wav
179.011 rec_segment_start /Users/matveikurzukov/gurung/psychopy_gurung_v1/recordings/708780_main_imageset23_condition_tr_coh_pic01_coh_1.wav
179.478 rec_segment_queue_write /Users/matveikurzukov/gurung/psychopy_gurung_v1/recordings/708780_main_imageset23_condition_tr_coh_pic01_coh_1.wav frames=44
179.478 rec_segment_start /Users/matveikurzukov/gurung/psychopy_gurung_v1/recordings/708780_main_imageset23_condition_tr_coh_pic02_coh_2.wav
179.479 rec_segment_written /Users/matveikurzukov/gurung/psychopy_gurung_v1/recordings/708780_main_imageset23_condition_tr_coh_pic01_coh_1.wav
179.711 rec_segment_queue_write /Users/matveikurzukov/gurung/psychopy_gurung_v1/recordings/708780_main_imageset23_condition_tr_coh_pic02_coh_2.wav frames=22
179.712 rec_segment_start /Users/matveikurzukov/gurung/psychopy_gurung_v1/recordings/708780_main_imageset23_condition_tr_coh_pic03_tr_target.wav
179.712 rec_segment_written /Users/matveikurzukov/gurung/psychopy_gurung_v1/recordings/708780_main_imageset23_condition_tr_coh_pic02_coh_2.wav
179.928 rec_segment_queue_write /Users/matveikurzukov/gurung/psychopy_gurung_v1/recordings/708780_main_imageset23_condition_tr_coh_pic03_tr_target.wav frames=20
179.929 make_sequence roles=['coh_1', 'coh_2', 'it_target', 'end_coh_it'] paths=['/Users/matveikurzukov/Library/CloudStorage/GoogleDrive-apazent@gmail.com/.shortcut-targets-by-id/1exBA-7XrpLfZc6s8oGNYTbmjGsu5dT6p/Gurung stimuli/21_cough_burn bottles/1/coh_1.png', '/Users/matveikurzukov/Library/CloudStorage/GoogleDrive-apazent@gmail.com/.shortcut-targets-by-id/1exBA-7XrpLfZc6s8oGNYTbmjGsu5dT6p/Gurung stimuli/21_cough_burn bottles/1/coh_2.png', '/Users/matveikurzukov/Library/CloudStorage/GoogleDrive-apazent@gmail.com/.shortcut-targets-by-id/1exBA-7XrpLfZc6s8oGNYTbmjGsu5dT6p/Gurung stimuli/21_cough_burn bottles/1/it_target.png', '/Users/matveikurzukov/Library/CloudStorage/GoogleDrive-apazent@gmail.com/.shortcut-targets-by-id/1exBA-7XrpLfZc6s8oGNYTbmjGsu5dT6p/Gurung stimuli/21_cough_burn bottles/1/end_coh_it.png']
179.930 rec_segment_written /Users/matveikurzukov/gurung/psychopy_gurung_v1/recordings/708780_main_imageset23_condition_tr_coh_pic03_tr_target.wav
180.278 rec_segment_start /Users/matveikurzukov/gurung/psychopy_gurung_v1/recordings/708780_main_imageset21_condition_it_coh_pic01_coh_1.wav
180.779 rec_segment_queue_write /Users/matveikurzukov/gurung/psychopy_gurung_v1/recordings/708780_main_imageset21_condition_it_coh_pic01_coh_1.wav frames=47
180.779 rec_segment_start /Users/matveikurzukov/gurung/psychopy_gurung_v1/recordings/708780_main_imageset21_condition_it_coh_pic02_coh_2.wav
180.780 rec_segment_written /Users/matveikurzukov/gurung/psychopy_gurung_v1/recordings/708780_main_imageset21_condition_it_coh_pic01_coh_1.wav
181.029 rec_segment_queue_write /Users/matveikurzukov/gurung/psychopy_gurung_v1/recordings/708780_main_imageset21_condition_it_coh_pic02_coh_2.wav frames=23
181.029 rec_segment_start /Users/matveikurzukov/gurung/psychopy_gurung_v1/recordings/708780_main_imageset21_condition_it_coh_pic03_it_target.wav
181.030 rec_segment_written /Users/matveikurzukov/gurung/psychopy_gurung_v1/recordings/708780_main_imageset21_condition_it_coh_pic02_coh_2.wav
181.212 rec_segment_queue_write /Users/matveikurzukov/gurung/psychopy_gurung_v1/recordings/708780_main_imageset21_condition_it_coh_pic03_it_target.wav frames=17
181.212 rec_segment_start /Users/matveikurzukov/gurung/psychopy_gurung_v1/recordings/708780_main_imageset21_condition_it_coh_pic04_end_coh_it.wav
181.213 rec_segment_written /Users/matveikurzukov/gurung/psychopy_gurung_v1/recordings/708780_main_imageset21_condition_it_coh_pic03_it_target.wav
181.378 rec_segment_queue_write /Users/matveikurzukov/gurung/psychopy_gurung_v1/recordings/708780_main_imageset21_condition_it_coh_pic04_end_coh_it.wav frames=16
181.382 rec_segment_written /Users/matveikurzukov/gurung/psychopy_gurung_v1/recordings/708780_main_imageset21_condition_it_coh_pic04_end_coh_it.wav
230.770 make_sequence roles=['ic_1', 'it_target', 'end_ic_it'] paths=['/Users/matveikurzukov/Library/CloudStorage/GoogleDrive-apazent@gmail.com/.shortcut-targets-by-id/1exBA-7XrpLfZc6s8oGNYTbmjGsu5dT6p/Gurung stimuli/30_smile_make momos/1/ic_1.png', '/Users/matveikurzukov/Library/CloudStorage/GoogleDrive-apazent@gmail.com/.shortcut-targets-by-id/1exBA-7XrpLfZc6s8oGNYTbmjGsu5dT6p/Gurung stimuli/30_smile_make momos/1/it_target.png', '/Users/matveikurzukov/Library/CloudStorage/GoogleDrive-apazent@gmail.com/.shortcut-targets-by-id/1exBA-7XrpLfZc6s8oGNYTbmjGsu5dT6p/Gurung stimuli/30_smile_make momos/1/end_ic_it.png']
231.709 rec_segment_start /Users/matveikurzukov/gurung/psychopy_gurung_v1/recordings/708780_main_imageset30_condition_it_ic_pic01_ic_1.wav
232.176 rec_segment_queue_write /Users/matveikurzukov/gurung/psychopy_gurung_v1/recordings/708780_main_imageset30_condition_it_ic_pic01_ic_1.wav frames=43
232.176 rec_segment_start /Users/matveikurzukov/gurung/psychopy_gurung_v1/recordings/708780_main_imageset30_condition_it_ic_pic02_it_target.wav
232.177 rec_segment_written /Users/matveikurzukov/gurung/psychopy_gurung_v1/recordings/708780_main_imageset30_condition_it_ic_pic01_ic_1.wav
232.626 rec_segment_queue_write /Users/matveikurzukov/gurung/psychopy_gurung_v1/recordings/708780_main_imageset30_condition_it_ic_pic02_it_target.wav frames=43
232.626 rec_segment_start /Users/matveikurzukov/gurung/psychopy_gurung_v1/recordings/708780_main_imageset30_condition_it_ic_pic03_end_ic_it.wav
232.627 rec_segment_written /Users/matveikurzukov/gurung/psychopy_gurung_v1/recordings/708780_main_imageset30_condition_it_ic_pic02_it_target.wav
233.194 rec_segment_queue_write /Users/matveikurzukov/gurung/psychopy_gurung_v1/recordings/708780_main_imageset30_condition_it_ic_pic03_end_ic_it.wav frames=53
233.195 make_sequence roles=['ic_1', 'it_target', 'end_ic_it'] paths=['/Users/matveikurzukov/Library/CloudStorage/GoogleDrive-apazent@gmail.com/.shortcut-targets-by-id/1exBA-7XrpLfZc6s8oGNYTbmjGsu5dT6p/Gurung stimuli/28_jump_peel orange/1/ic_1.png', '/Users/matveikurzukov/Library/CloudStorage/GoogleDrive-apazent@gmail.com/.shortcut-targets-by-id/1exBA-7XrpLfZc6s8oGNYTbmjGsu5dT6p/Gurung stimuli/28_jump_peel orange/1/it_target.png', '/Users/matveikurzukov/Library/CloudStorage/GoogleDrive-apazent@gmail.com/.shortcut-targets-by-id/1exBA-7XrpLfZc6s8oGNYTbmjGsu5dT6p/Gurung stimuli/28_jump_peel orange/1/end_ic_it.png']
233.198 rec_segment_written /Users/matveikurzukov/gurung/psychopy_gurung_v1/recordings/708780_main_imageset30_condition_it_ic_pic03_end_ic_it.wav
233.860 rec_segment_start /Users/matveikurzukov/gurung/psychopy_gurung_v1/recordings/708780_main_imageset28_condition_it_ic_pic01_ic_1.wav
234.093 rec_segment_queue_write /Users/matveikurzukov/gurung/psychopy_gurung_v1/recordings/708780_main_imageset28_condition_it_ic_pic01_ic_1.wav frames=22
234.093 rec_segment_start /Users/matveikurzukov/gurung/psychopy_gurung_v1/recordings/708780_main_imageset28_condition_it_ic_pic02_it_target.wav
234.094 rec_segment_written /Users/matveikurzukov/gurung/psychopy_gurung_v1/recordings/708780_main_imageset28_condition_it_ic_pic01_ic_1.wav
234.276 rec_segment_queue_write /Users/matveikurzukov/gurung/psychopy_gurung_v1/recordings/708780_main_imageset28_condition_it_ic_pic02_it_target.wav frames=17
234.276 rec_segment_start /Users/matveikurzukov/gurung/psychopy_gurung_v1/recordings/708780_main_imageset28_condition_it_ic_pic03_end_ic_it.wav
234.277 rec_segment_written /Users/matveikurzukov/gurung/psychopy_gurung_v1/recordings/708780_main_imageset28_condition_it_ic_pic02_it_target.wav
234.459 rec_segment_queue_write /Users/matveikurzukov/gurung/psychopy_gurung_v1/recordings/708780_main_imageset28_condition_it_ic_pic03_end_ic_it.wav frames=17
234.460 make_sequence roles=['coh_1', 'coh_2', 'it_target', 'end_coh_it'] paths=['/Users/matveikurzukov/Library/CloudStorage/GoogleDrive-apazent@gmail.com/.shortcut-targets-by-id/1exBA-7XrpLfZc6s8oGNYTbmjGsu5dT6p/Gurung stimuli/26_sleep_drag log/1/coh_1.png', '/Users/matveikurzukov/Library/CloudStorage/GoogleDrive-apazent@gmail.com/.shortcut-targets-by-id/1exBA-7XrpLfZc6s8oGNYTbmjGsu5dT6p/Gurung stimuli/26_sleep_drag log/1/coh_2.png', '/Users/matveikurzukov/Library/CloudStorage/GoogleDrive-apazent@gmail.com/.shortcut-targets-by-id/1exBA-7XrpLfZc6s8oGNYTbmjGsu5dT6p/Gurung stimuli/26_sleep_drag log/1/it_target.png', '/Users/matveikurzukov/Library/CloudStorage/GoogleDrive-apazent@gmail.com/.shortcut-targets-by-id/1exBA-7XrpLfZc6s8oGNYTbmjGsu5dT6p/Gurung stimuli/26_sleep_drag log/1/end_coh_it.png']
234.461 rec_segment_written /Users/matveikurzukov/gurung/psychopy_gurung_v1/recordings/708780_main_imageset28_condition_it_ic_pic03_end_ic_it.wav
234.876 rec_segment_start /Users/matveikurzukov/gurung/psychopy_gurung_v1/recordings/708780_main_imageset26_condition_it_coh_pic01_coh_1.wav
235.226 rec_segment_queue_write /Users/matveikurzukov/gurung/psychopy_gurung_v1/recordings/708780_main_imageset26_condition_it_coh_pic01_coh_1.wav frames=32
235.226 rec_segment_start /Users/matveikurzukov/gurung/psychopy_gurung_v1/recordings/708780_main_imageset26_condition_it_coh_pic02_coh_2.wav
235.227 rec_segment_written /Users/matveikurzukov/gurung/psychopy_gurung_v1/recordings/708780_main_imageset26_condition_it_coh_pic01_coh_1.wav
235.409 rec_segment_queue_write /Users/matveikurzukov/gurung/psychopy_gurung_v1/recordings/708780_main_imageset26_condition_it_coh_pic02_coh_2.wav frames=18
235.410 rec_segment_start /Users/matveikurzukov/gurung/psychopy_gurung_v1/recordings/708780_main_imageset26_condition_it_coh_pic03_it_target.wav
235.410 rec_segment_written /Users/matveikurzukov/gurung/psychopy_gurung_v1/recordings/708780_main_imageset26_condition_it_coh_pic02_coh_2.wav
235.576 rec_segment_queue_write /Users/matveikurzukov/gurung/psychopy_gurung_v1/recordings/708780_main_imageset26_condition_it_coh_pic03_it_target.wav frames=15
235.576 rec_segment_start /Users/matveikurzukov/gurung/psychopy_gurung_v1/recordings/708780_main_imageset26_condition_it_coh_pic04_end_coh_it.wav
235.577 rec_segment_written /Users/matveikurzukov/gurung/psychopy_gurung_v1/recordings/708780_main_imageset26_condition_it_coh_pic03_it_target.wav
235.760 rec_segment_queue_write /Users/matveikurzukov/gurung/psychopy_gurung_v1/recordings/708780_main_imageset26_condition_it_coh_pic04_end_coh_it.wav frames=17
235.761 make_sequence roles=['coh_1', 'coh_2', 'it_target', 'end_coh_it'] paths=['/Users/matveikurzukov/Library/CloudStorage/GoogleDrive-apazent@gmail.com/.shortcut-targets-by-id/1exBA-7XrpLfZc6s8oGNYTbmjGsu5dT6p/Gurung stimuli/23_stand_tear paper/1/coh_1.png', '/Users/matveikurzukov/Library/CloudStorage/GoogleDrive-apazent@gmail.com/.shortcut-targets-by-id/1exBA-7XrpLfZc6s8oGNYTbmjGsu5dT6p/Gurung stimuli/23_stand_tear paper/1/coh_2.png', '/Users/matveikurzukov/Library/CloudStorage/GoogleDrive-apazent@gmail.com/.shortcut-targets-by-id/1exBA-7XrpLfZc6s8oGNYTbmjGsu5dT6p/Gurung stimuli/23_stand_tear paper/1/it_target.png', '/Users/matveikurzukov/Library/CloudStorage/GoogleDrive-apazent@gmail.com/.shortcut-targets-by-id/1exBA-7XrpLfZc6s8oGNYTbmjGsu5dT6p/Gurung stimuli/23_stand_tear paper/1/end_coh_it.png']
235.763 rec_segment_written /Users/matveikurzukov/gurung/psychopy_gurung_v1/recordings/708780_main_imageset26_condition_it_coh_pic04_end_coh_it.wav
237.013 rec_segment_start /Users/matveikurzukov/gurung/psychopy_gurung_v1/recordings/708780_main_imageset23_condition_it_coh_pic01_coh_1.wav
237.309 rec_segment_queue_write /Users/matveikurzukov/gurung/psychopy_gurung_v1/recordings/708780_main_imageset23_condition_it_coh_pic01_coh_1.wav frames=28
237.310 rec_segment_start /Users/matveikurzukov/gurung/psychopy_gurung_v1/recordings/708780_main_imageset23_condition_it_coh_pic02_coh_2.wav
237.310 rec_segment_written /Users/matveikurzukov/gurung/psychopy_gurung_v1/recordings/708780_main_imageset23_condition_it_coh_pic01_coh_1.wav
237.493 rec_segment_queue_write /Users/matveikurzukov/gurung/psychopy_gurung_v1/recordings/708780_main_imageset23_condition_it_coh_pic02_coh_2.wav frames=17
237.493 rec_segment_start /Users/matveikurzukov/gurung/psychopy_gurung_v1/recordings/708780_main_imageset23_condition_it_coh_pic03_it_target.wav
237.494 rec_segment_written /Users/matveikurzukov/gurung/psychopy_gurung_v1/recordings/708780_main_imageset23_condition_it_coh_pic02_coh_2.wav
237.694 rec_segment_queue_write /Users/matveikurzukov/gurung/psychopy_gurung_v1/recordings/708780_main_imageset23_condition_it_coh_pic03_it_target.wav frames=19
237.694 rec_segment_start /Users/matveikurzukov/gurung/psychopy_gurung_v1/recordings/708780_main_imageset23_condition_it_coh_pic04_end_coh_it.wav
237.695 rec_segment_written /Users/matveikurzukov/gurung/psychopy_gurung_v1/recordings/708780_main_imageset23_condition_it_coh_pic03_it_target.wav
238.160 rec_segment_queue_write /Users/matveikurzukov/gurung/psychopy_gurung_v1/recordings/708780_main_imageset23_condition_it_coh_pic04_end_coh_it.wav frames=43
238.161 make_sequence roles=['coh_1', 'coh_2', 'tr_target'] paths=['/Users/matveikurzukov/Library/CloudStorage/GoogleDrive-apazent@gmail.com/.shortcut-targets-by-id/1exBA-7XrpLfZc6s8oGNYTbmjGsu5dT6p/Gurung stimuli/1_cough_throw bones/1/coh_1.png', '/Users/matveikurzukov/Library/CloudStorage/GoogleDrive-apazent@gmail.com/.shortcut-targets-by-id/1exBA-7XrpLfZc6s8oGNYTbmjGsu5dT6p/Gurung stimuli/1_cough_throw bones/1/coh_2.png', '/Users/matveikurzukov/Library/CloudStorage/GoogleDrive-apazent@gmail.com/.shortcut-targets-by-id/1exBA-7XrpLfZc6s8oGNYTbmjGsu5dT6p/Gurung stimuli/1_cough_throw bones/1/tr_target.png']
238.161 rec_segment_written /Users/matveikurzukov/gurung/psychopy_gurung_v1/recordings/708780_main_imageset23_condition_it_coh_pic04_end_coh_it.wav
238.390 play_audio /Users/matveikurzukov/gurung/psychopy_gurung_v1/Audio/tsakyali.wav
248.609 rec_segment_start /Users/matveikurzukov/gurung/psychopy_gurung_v1/recordings/708780_main_imageset01_condition_tr_coh_pic01_coh_1.wav
249.109 rec_segment_queue_write /Users/matveikurzukov/gurung/psychopy_gurung_v1/recordings/708780_main_imageset01_condition_tr_coh_pic01_coh_1.wav frames=47
249.109 rec_segment_start /Users/matveikurzukov/gurung/psychopy_gurung_v1/recordings/708780_main_imageset01_condition_tr_coh_pic02_coh_2.wav
249.110 rec_segment_written /Users/matveikurzukov/gurung/psychopy_gurung_v1/recordings/708780_main_imageset01_condition_tr_coh_pic01_coh_1.wav
249.292 rec_segment_queue_write /Users/matveikurzukov/gurung/psychopy_gurung_v1/recordings/708780_main_imageset01_condition_tr_coh_pic02_coh_2.wav frames=17
249.292 rec_segment_start /Users/matveikurzukov/gurung/psychopy_gurung_v1/recordings/708780_main_imageset01_condition_tr_coh_pic03_tr_target.wav
249.293 rec_segment_written /Users/matveikurzukov/gurung/psychopy_gurung_v1/recordings/708780_main_imageset01_condition_tr_coh_pic02_coh_2.wav
249.442 rec_segment_queue_write /Users/matveikurzukov/gurung/psychopy_gurung_v1/recordings/708780_main_imageset01_condition_tr_coh_pic03_tr_target.wav frames=14
249.444 make_sequence roles=['ic_1', 'tr_target', 'end_ic_tr'] paths=['/Users/matveikurzukov/Library/CloudStorage/GoogleDrive-apazent@gmail.com/.shortcut-targets-by-id/1exBA-7XrpLfZc6s8oGNYTbmjGsu5dT6p/Gurung stimuli/2_stand_weave basket/1/ic_1.png', '/Users/matveikurzukov/Library/CloudStorage/GoogleDrive-apazent@gmail.com/.shortcut-targets-by-id/1exBA-7XrpLfZc6s8oGNYTbmjGsu5dT6p/Gurung stimuli/2_stand_weave basket/1/tr_target.png', '/Users/matveikurzukov/Library/CloudStorage/GoogleDrive-apazent@gmail.com/.shortcut-targets-by-id/1exBA-7XrpLfZc6s8oGNYTbmjGsu5dT6p/Gurung stimuli/2_stand_weave basket/1/end_ic_tr.png']
249.444 rec_segment_written /Users/matveikurzukov/gurung/psychopy_gurung_v1/recordings/708780_main_imageset01_condition_tr_coh_pic03_tr_target.wav
249.842 rec_segment_start /Users/matveikurzukov/gurung/psychopy_gurung_v1/recordings/708780_main_imageset02_condition_tr_ic_pic01_ic_1.wav
250.175 rec_segment_queue_write /Users/matveikurzukov/gurung/psychopy_gurung_v1/recordings/708780_main_imageset02_condition_tr_ic_pic01_ic_1.wav frames=31
250.176 rec_segment_start /Users/matveikurzukov/gurung/psychopy_gurung_v1/recordings/708780_main_imageset02_condition_tr_ic_pic02_tr_target.wav
250.176 rec_segment_written /Users/matveikurzukov/gurung/psychopy_gurung_v1/recordings/708780_main_imageset02_condition_tr_ic_pic01_ic_1.wav
250.359 rec_segment_queue_write /Users/matveikurzukov/gurung/psychopy_gurung_v1/recordings/708780_main_imageset02_condition_tr_ic_pic02_tr_target.wav frames=17
250.359 rec_segment_start /Users/matveikurzukov/gurung/psychopy_gurung_v1/recordings/708780_main_imageset02_condition_tr_ic_pic03_end_ic_tr.wav
250.360 rec_segment_written /Users/matveikurzukov/gurung/psychopy_gurung_v1/recordings/708780_main_imageset02_condition_tr_ic_pic02_tr_target.wav
250.509 rec_segment_queue_write /Users/matveikurzukov/gurung/psychopy_gurung_v1/recordings/708780_main_imageset02_condition_tr_ic_pic03_end_ic_tr.wav frames=14
250.510 make_sequence roles=['ic_1', 'tr_target', 'end_ic_tr'] paths=['/Users/matveikurzukov/Library/CloudStorage/GoogleDrive-apazent@gmail.com/.shortcut-targets-by-id/1exBA-7XrpLfZc6s8oGNYTbmjGsu5dT6p/Gurung stimuli/14_ascend_weave raincoat/1/ic_1.png', '/Users/matveikurzukov/Library/CloudStorage/GoogleDrive-apazent@gmail.com/.shortcut-targets-by-id/1exBA-7XrpLfZc6s8oGNYTbmjGsu5dT6p/Gurung stimuli/14_ascend_weave raincoat/1/tr_target.png', '/Users/matveikurzukov/Library/CloudStorage/GoogleDrive-apazent@gmail.com/.shortcut-targets-by-id/1exBA-7XrpLfZc6s8oGNYTbmjGsu5dT6p/Gurung stimuli/14_ascend_weave raincoat/1/end_ic_tr.png']
250.511 rec_segment_written /Users/matveikurzukov/gurung/psychopy_gurung_v1/recordings/708780_main_imageset02_condition_tr_ic_pic03_end_ic_tr.wav
251.076 rec_segment_start /Users/matveikurzukov/gurung/psychopy_gurung_v1/recordings/708780_main_imageset14_condition_tr_ic_pic01_ic_1.wav
251.442 rec_segment_queue_write /Users/matveikurzukov/gurung/psychopy_gurung_v1/recordings/708780_main_imageset14_condition_tr_ic_pic01_ic_1.wav frames=35
251.442 rec_segment_start /Users/matveikurzukov/gurung/psychopy_gurung_v1/recordings/708780_main_imageset14_condition_tr_ic_pic02_tr_target.wav
251.443 rec_segment_written /Users/matveikurzukov/gurung/psychopy_gurung_v1/recordings/708780_main_imageset14_condition_tr_ic_pic01_ic_1.wav
251.610 rec_segment_queue_write /Users/matveikurzukov/gurung/psychopy_gurung_v1/recordings/708780_main_imageset14_condition_tr_ic_pic02_tr_target.wav frames=15
251.610 rec_segment_start /Users/matveikurzukov/gurung/psychopy_gurung_v1/recordings/708780_main_imageset14_condition_tr_ic_pic03_end_ic_tr.wav
251.612 rec_segment_written /Users/matveikurzukov/gurung/psychopy_gurung_v1/recordings/708780_main_imageset14_condition_tr_ic_pic02_tr_target.wav
251.792 rec_segment_queue_write /Users/matveikurzukov/gurung/psychopy_gurung_v1/recordings/708780_main_imageset14_condition_tr_ic_pic03_end_ic_tr.wav frames=17
251.793 make_sequence roles=['coh_1', 'coh_2', 'tr_target'] paths=['/Users/matveikurzukov/Library/CloudStorage/GoogleDrive-apazent@gmail.com/.shortcut-targets-by-id/1exBA-7XrpLfZc6s8oGNYTbmjGsu5dT6p/Gurung stimuli/3_rest_cook fish/1/coh_1.png', '/Users/matveikurzukov/Library/CloudStorage/GoogleDrive-apazent@gmail.com/.shortcut-targets-by-id/1exBA-7XrpLfZc6s8oGNYTbmjGsu5dT6p/Gurung stimuli/3_rest_cook fish/1/coh_2.png', '/Users/matveikurzukov/Library/CloudStorage/GoogleDrive-apazent@gmail.com/.shortcut-targets-by-id/1exBA-7XrpLfZc6s8oGNYTbmjGsu5dT6p/Gurung stimuli/3_rest_cook fish/1/tr_target.png']
251.794 rec_segment_written /Users/matveikurzukov/gurung/psychopy_gurung_v1/recordings/708780_main_imageset14_condition_tr_ic_pic03_end_ic_tr.wav
252.075 rec_segment_start /Users/matveikurzukov/gurung/psychopy_gurung_v1/recordings/708780_main_imageset03_condition_tr_coh_pic01_coh_1.wav
252.459 rec_segment_queue_write /Users/matveikurzukov/gurung/psychopy_gurung_v1/recordings/708780_main_imageset03_condition_tr_coh_pic01_coh_1.wav frames=36
252.459 rec_segment_start /Users/matveikurzukov/gurung/psychopy_gurung_v1/recordings/708780_main_imageset03_condition_tr_coh_pic02_coh_2.wav
252.460 rec_segment_written /Users/matveikurzukov/gurung/psychopy_gurung_v1/recordings/708780_main_imageset03_condition_tr_coh_pic01_coh_1.wav
252.659 rec_segment_queue_write /Users/matveikurzukov/gurung/psychopy_gurung_v1/recordings/708780_main_imageset03_condition_tr_coh_pic02_coh_2.wav frames=19
252.659 rec_segment_start /Users/matveikurzukov/gurung/psychopy_gurung_v1/recordings/708780_main_imageset03_condition_tr_coh_pic03_tr_target.wav
252.660 rec_segment_written /Users/matveikurzukov/gurung/psychopy_gurung_v1/recordings/708780_main_imageset03_condition_tr_coh_pic02_coh_2.wav
252.825 rec_segment_queue_write /Users/matveikurzukov/gurung/psychopy_gurung_v1/recordings/708780_main_imageset03_condition_tr_coh_pic03_tr_target.wav frames=15
252.826 make_sequence roles=['ic_1', 'it_target', 'end_ic_it'] paths=['/Users/matveikurzukov/Library/CloudStorage/GoogleDrive-apazent@gmail.com/.shortcut-targets-by-id/1exBA-7XrpLfZc6s8oGNYTbmjGsu5dT6p/Gurung stimuli/1_cough_throw bones/1/ic_1.png', '/Users/matveikurzukov/Library/CloudStorage/GoogleDrive-apazent@gmail.com/.shortcut-targets-by-id/1exBA-7XrpLfZc6s8oGNYTbmjGsu5dT6p/Gurung stimuli/1_cough_throw bones/1/it_target.png', '/Users/matveikurzukov/Library/CloudStorage/GoogleDrive-apazent@gmail.com/.shortcut-targets-by-id/1exBA-7XrpLfZc6s8oGNYTbmjGsu5dT6p/Gurung stimuli/1_cough_throw bones/1/end_ic_it.png']
252.827 rec_segment_written /Users/matveikurzukov/gurung/psychopy_gurung_v1/recordings/708780_main_imageset03_condition_tr_coh_pic03_tr_target.wav
253.042 play_audio /Users/matveikurzukov/gurung/psychopy_gurung_v1/Audio/tsakyali.wav
265.058 rec_segment_start /Users/matveikurzukov/gurung/psychopy_gurung_v1/recordings/708780_main_imageset01_condition_it_ic_pic01_ic_1.wav
265.425 rec_segment_queue_write /Users/matveikurzukov/gurung/psychopy_gurung_v1/recordings/708780_main_imageset01_condition_it_ic_pic01_ic_1.wav frames=35
265.425 rec_segment_start /Users/matveikurzukov/gurung/psychopy_gurung_v1/recordings/708780_main_imageset01_condition_it_ic_pic02_it_target.wav
265.426 rec_segment_written /Users/matveikurzukov/gurung/psychopy_gurung_v1/recordings/708780_main_imageset01_condition_it_ic_pic01_ic_1.wav
265.641 rec_segment_queue_write /Users/matveikurzukov/gurung/psychopy_gurung_v1/recordings/708780_main_imageset01_condition_it_ic_pic02_it_target.wav frames=20
265.642 rec_segment_start /Users/matveikurzukov/gurung/psychopy_gurung_v1/recordings/708780_main_imageset01_condition_it_ic_pic03_end_ic_it.wav
265.642 rec_segment_written /Users/matveikurzukov/gurung/psychopy_gurung_v1/recordings/708780_main_imageset01_condition_it_ic_pic02_it_target.wav
265.808 rec_segment_queue_write /Users/matveikurzukov/gurung/psychopy_gurung_v1/recordings/708780_main_imageset01_condition_it_ic_pic03_end_ic_it.wav frames=16
265.809 make_sequence roles=['ic_1', 'tr_target', 'end_ic_tr'] paths=['/Users/matveikurzukov/Library/CloudStorage/GoogleDrive-apazent@gmail.com/.shortcut-targets-by-id/1exBA-7XrpLfZc6s8oGNYTbmjGsu5dT6p/Gurung stimuli/10_run_cook pancakes/1/ic_1.png', '/Users/matveikurzukov/Library/CloudStorage/GoogleDrive-apazent@gmail.com/.shortcut-targets-by-id/1exBA-7XrpLfZc6s8oGNYTbmjGsu5dT6p/Gurung stimuli/10_run_cook pancakes/1/tr_target.png', '/Users/matveikurzukov/Library/CloudStorage/GoogleDrive-apazent@gmail.com/.shortcut-targets-by-id/1exBA-7XrpLfZc6s8oGNYTbmjGsu5dT6p/Gurung stimuli/10_run_cook pancakes/1/end_ic_tr.png']
265.810 rec_segment_written /Users/matveikurzukov/gurung/psychopy_gurung_v1/recordings/708780_main_imageset01_condition_it_ic_pic03_end_ic_it.wav
266.242 rec_segment_start /Users/matveikurzukov/gurung/psychopy_gurung_v1/recordings/708780_main_imageset10_condition_tr_ic_pic01_ic_1.wav
266.491 rec_segment_queue_write /Users/matveikurzukov/gurung/psychopy_gurung_v1/recordings/708780_main_imageset10_condition_tr_ic_pic01_ic_1.wav frames=24
266.492 rec_segment_start /Users/matveikurzukov/gurung/psychopy_gurung_v1/recordings/708780_main_imageset10_condition_tr_ic_pic02_tr_target.wav
266.493 rec_segment_written /Users/matveikurzukov/gurung/psychopy_gurung_v1/recordings/708780_main_imageset10_condition_tr_ic_pic01_ic_1.wav
266.691 rec_segment_queue_write /Users/matveikurzukov/gurung/psychopy_gurung_v1/recordings/708780_main_imageset10_condition_tr_ic_pic02_tr_target.wav frames=18
266.692 rec_segment_start /Users/matveikurzukov/gurung/psychopy_gurung_v1/recordings/708780_main_imageset10_condition_tr_ic_pic03_end_ic_tr.wav
266.692 rec_segment_written /Users/matveikurzukov/gurung/psychopy_gurung_v1/recordings/708780_main_imageset10_condition_tr_ic_pic02_tr_target.wav
266.858 rec_segment_queue_write /Users/matveikurzukov/gurung/psychopy_gurung_v1/recordings/708780_main_imageset10_condition_tr_ic_pic03_end_ic_tr.wav frames=16
266.859 make_sequence roles=['coh_1', 'coh_2', 'it_target', 'end_coh_it'] paths=['/Users/matveikurzukov/Library/CloudStorage/GoogleDrive-apazent@gmail.com/.shortcut-targets-by-id/1exBA-7XrpLfZc6s8oGNYTbmjGsu5dT6p/Gurung stimuli/13_stand_wash clothes/1/coh_1.png', '/Users/matveikurzukov/Library/CloudStorage/GoogleDrive-apazent@gmail.com/.shortcut-targets-by-id/1exBA-7XrpLfZc6s8oGNYTbmjGsu5dT6p/Gurung stimuli/13_stand_wash clothes/1/coh_2.png', '/Users/matveikurzukov/Library/CloudStorage/GoogleDrive-apazent@gmail.com/.shortcut-targets-by-id/1exBA-7XrpLfZc6s8oGNYTbmjGsu5dT6p/Gurung stimuli/13_stand_wash clothes/1/it_target.png', '/Users/matveikurzukov/Library/CloudStorage/GoogleDrive-apazent@gmail.com/.shortcut-targets-by-id/1exBA-7XrpLfZc6s8oGNYTbmjGsu5dT6p/Gurung stimuli/13_stand_wash clothes/1/end_coh_it.png']
266.860 rec_segment_written /Users/matveikurzukov/gurung/psychopy_gurung_v1/recordings/708780_main_imageset10_condition_tr_ic_pic03_end_ic_tr.wav
267.258 rec_segment_start /Users/matveikurzukov/gurung/psychopy_gurung_v1/recordings/708780_main_imageset13_condition_it_coh_pic01_coh_1.wav
267.491 rec_segment_queue_write /Users/matveikurzukov/gurung/psychopy_gurung_v1/recordings/708780_main_imageset13_condition_it_coh_pic01_coh_1.wav frames=22
267.492 rec_segment_start /Users/matveikurzukov/gurung/psychopy_gurung_v1/recordings/708780_main_imageset13_condition_it_coh_pic02_coh_2.wav
267.492 rec_segment_written /Users/matveikurzukov/gurung/psychopy_gurung_v1/recordings/708780_main_imageset13_condition_it_coh_pic01_coh_1.wav
267.691 rec_segment_queue_write /Users/matveikurzukov/gurung/psychopy_gurung_v1/recordings/708780_main_imageset13_condition_it_coh_pic02_coh_2.wav frames=19
267.692 rec_segment_start /Users/matveikurzukov/gurung/psychopy_gurung_v1/recordings/708780_main_imageset13_condition_it_coh_pic03_it_target.wav
267.692 rec_segment_written /Users/matveikurzukov/gurung/psychopy_gurung_v1/recordings/708780_main_imageset13_condition_it_coh_pic02_coh_2.wav
267.875 rec_segment_queue_write /Users/matveikurzukov/gurung/psychopy_gurung_v1/recordings/708780_main_imageset13_condition_it_coh_pic03_it_target.wav frames=17
267.875 rec_segment_start /Users/matveikurzukov/gurung/psychopy_gurung_v1/recordings/708780_main_imageset13_condition_it_coh_pic04_end_coh_it.wav
267.876 rec_segment_written /Users/matveikurzukov/gurung/psychopy_gurung_v1/recordings/708780_main_imageset13_condition_it_coh_pic03_it_target.wav
268.075 rec_segment_queue_write /Users/matveikurzukov/gurung/psychopy_gurung_v1/recordings/708780_main_imageset13_condition_it_coh_pic04_end_coh_it.wav frames=19
268.076 make_sequence roles=['ic_1', 'it_target', 'end_ic_it'] paths=['/Users/matveikurzukov/Library/CloudStorage/GoogleDrive-apazent@gmail.com/.shortcut-targets-by-id/1exBA-7XrpLfZc6s8oGNYTbmjGsu5dT6p/Gurung stimuli/15_smile_clean wall/1/ic_1.png', '/Users/matveikurzukov/Library/CloudStorage/GoogleDrive-apazent@gmail.com/.shortcut-targets-by-id/1exBA-7XrpLfZc6s8oGNYTbmjGsu5dT6p/Gurung stimuli/15_smile_clean wall/1/it_target.png', '/Users/matveikurzukov/Library/CloudStorage/GoogleDrive-apazent@gmail.com/.shortcut-targets-by-id/1exBA-7XrpLfZc6s8oGNYTbmjGsu5dT6p/Gurung stimuli/15_smile_clean wall/1/end_ic_it.png']
268.077 rec_segment_written /Users/matveikurzukov/gurung/psychopy_gurung_v1/recordings/708780_main_imageset13_condition_it_coh_pic04_end_coh_it.wav
268.558 rec_segment_start /Users/matveikurzukov/gurung/psychopy_gurung_v1/recordings/708780_main_imageset15_condition_it_ic_pic01_ic_1.wav
268.792 rec_segment_queue_write /Users/matveikurzukov/gurung/psychopy_gurung_v1/recordings/708780_main_imageset15_condition_it_ic_pic01_ic_1.wav frames=22
268.792 rec_segment_start /Users/matveikurzukov/gurung/psychopy_gurung_v1/recordings/708780_main_imageset15_condition_it_ic_pic02_it_target.wav
268.793 rec_segment_written /Users/matveikurzukov/gurung/psychopy_gurung_v1/recordings/708780_main_imageset15_condition_it_ic_pic01_ic_1.wav
269.091 rec_segment_queue_write /Users/matveikurzukov/gurung/psychopy_gurung_v1/recordings/708780_main_imageset15_condition_it_ic_pic02_it_target.wav frames=28
269.092 rec_segment_start /Users/matveikurzukov/gurung/psychopy_gurung_v1/recordings/708780_main_imageset15_condition_it_ic_pic03_end_ic_it.wav
269.092 rec_segment_written /Users/matveikurzukov/gurung/psychopy_gurung_v1/recordings/708780_main_imageset15_condition_it_ic_pic02_it_target.wav
269.841 rec_segment_queue_write /Users/matveikurzukov/gurung/psychopy_gurung_v1/recordings/708780_main_imageset15_condition_it_ic_pic03_end_ic_it.wav frames=71
269.842 make_sequence roles=['coh_1', 'coh_2', 'tr_target'] paths=['/Users/matveikurzukov/Library/CloudStorage/GoogleDrive-apazent@gmail.com/.shortcut-targets-by-id/1exBA-7XrpLfZc6s8oGNYTbmjGsu5dT6p/Gurung stimuli/28_jump_peel orange/1/coh_1.png', '/Users/matveikurzukov/Library/CloudStorage/GoogleDrive-apazent@gmail.com/.shortcut-targets-by-id/1exBA-7XrpLfZc6s8oGNYTbmjGsu5dT6p/Gurung stimuli/28_jump_peel orange/1/coh_2.png', '/Users/matveikurzukov/Library/CloudStorage/GoogleDrive-apazent@gmail.com/.shortcut-targets-by-id/1exBA-7XrpLfZc6s8oGNYTbmjGsu5dT6p/Gurung stimuli/28_jump_peel orange/1/tr_target.png']
269.843 rec_segment_written /Users/matveikurzukov/gurung/psychopy_gurung_v1/recordings/708780_main_imageset15_condition_it_ic_pic03_end_ic_it.wav
270.512 rec_segment_start /Users/matveikurzukov/gurung/psychopy_gurung_v1/recordings/708780_main_imageset28_condition_tr_coh_pic01_coh_1.wav
270.858 rec_segment_queue_write /Users/matveikurzukov/gurung/psychopy_gurung_v1/recordings/708780_main_imageset28_condition_tr_coh_pic01_coh_1.wav frames=32
270.858 rec_segment_start /Users/matveikurzukov/gurung/psychopy_gurung_v1/recordings/708780_main_imageset28_condition_tr_coh_pic02_coh_2.wav
270.859 rec_segment_written /Users/matveikurzukov/gurung/psychopy_gurung_v1/recordings/708780_main_imageset28_condition_tr_coh_pic01_coh_1.wav
271.058 rec_segment_queue_write /Users/matveikurzukov/gurung/psychopy_gurung_v1/recordings/708780_main_imageset28_condition_tr_coh_pic02_coh_2.wav frames=19
271.058 rec_segment_start /Users/matveikurzukov/gurung/psychopy_gurung_v1/recordings/708780_main_imageset28_condition_tr_coh_pic03_tr_target.wav
271.059 rec_segment_written /Users/matveikurzukov/gurung/psychopy_gurung_v1/recordings/708780_main_imageset28_condition_tr_coh_pic02_coh_2.wav
271.276 rec_segment_queue_write /Users/matveikurzukov/gurung/psychopy_gurung_v1/recordings/708780_main_imageset28_condition_tr_coh_pic03_tr_target.wav frames=20
271.276 make_sequence roles=['coh_1', 'coh_2', 'it_target', 'end_coh_it'] paths=['/Users/matveikurzukov/Library/CloudStorage/GoogleDrive-apazent@gmail.com/.shortcut-targets-by-id/1exBA-7XrpLfZc6s8oGNYTbmjGsu5dT6p/Gurung stimuli/8_smile_weave garland/1/coh_1.png', '/Users/matveikurzukov/Library/CloudStorage/GoogleDrive-apazent@gmail.com/.shortcut-targets-by-id/1exBA-7XrpLfZc6s8oGNYTbmjGsu5dT6p/Gurung stimuli/8_smile_weave garland/1/coh_2.png', '/Users/matveikurzukov/Library/CloudStorage/GoogleDrive-apazent@gmail.com/.shortcut-targets-by-id/1exBA-7XrpLfZc6s8oGNYTbmjGsu5dT6p/Gurung stimuli/8_smile_weave garland/1/it_target.png', '/Users/matveikurzukov/Library/CloudStorage/GoogleDrive-apazent@gmail.com/.shortcut-targets-by-id/1exBA-7XrpLfZc6s8oGNYTbmjGsu5dT6p/Gurung stimuli/8_smile_weave garland/1/end_coh_it.png']
271.277 rec_segment_written /Users/matveikurzukov/gurung/psychopy_gurung_v1/recordings/708780_main_imageset28_condition_tr_coh_pic03_tr_target.wav
272.924 rec_segment_start /Users/matveikurzukov/gurung/psychopy_gurung_v1/recordings/708780_main_imageset08_condition_it_coh_pic01_coh_1.wav
273.191 rec_segment_queue_write /Users/matveikurzukov/gurung/psychopy_gurung_v1/recordings/708780_main_imageset08_condition_it_coh_pic01_coh_1.wav frames=25
273.191 rec_segment_start /Users/matveikurzukov/gurung/psychopy_gurung_v1/recordings/708780_main_imageset08_condition_it_coh_pic02_coh_2.wav
273.193 rec_segment_written /Users/matveikurzukov/gurung/psychopy_gurung_v1/recordings/708780_main_imageset08_condition_it_coh_pic01_coh_1.wav
273.541 rec_segment_queue_write /Users/matveikurzukov/gurung/psychopy_gurung_v1/recordings/708780_main_imageset08_condition_it_coh_pic02_coh_2.wav frames=33
273.541 rec_segment_start /Users/matveikurzukov/gurung/psychopy_gurung_v1/recordings/708780_main_imageset08_condition_it_coh_pic03_it_target.wav
273.542 rec_segment_written /Users/matveikurzukov/gurung/psychopy_gurung_v1/recordings/708780_main_imageset08_condition_it_coh_pic02_coh_2.wav
273.813 rec_segment_queue_write /Users/matveikurzukov/gurung/psychopy_gurung_v1/recordings/708780_main_imageset08_condition_it_coh_pic03_it_target.wav frames=25
273.813 rec_segment_start /Users/matveikurzukov/gurung/psychopy_gurung_v1/recordings/708780_main_imageset08_condition_it_coh_pic04_end_coh_it.wav
273.817 rec_segment_written /Users/matveikurzukov/gurung/psychopy_gurung_v1/recordings/708780_main_imageset08_condition_it_coh_pic03_it_target.wav
274.058 rec_segment_queue_write /Users/matveikurzukov/gurung/psychopy_gurung_v1/recordings/708780_main_imageset08_condition_it_coh_pic04_end_coh_it.wav frames=23
274.059 make_sequence roles=['ic_1', 'tr_target', 'end_ic_tr'] paths=['/Users/matveikurzukov/Library/CloudStorage/GoogleDrive-apazent@gmail.com/.shortcut-targets-by-id/1exBA-7XrpLfZc6s8oGNYTbmjGsu5dT6p/Gurung stimuli/4_run_drink tea/1/ic_1.png', '/Users/matveikurzukov/Library/CloudStorage/GoogleDrive-apazent@gmail.com/.shortcut-targets-by-id/1exBA-7XrpLfZc6s8oGNYTbmjGsu5dT6p/Gurung stimuli/4_run_drink tea/1/tr_target.png', '/Users/matveikurzukov/Library/CloudStorage/GoogleDrive-apazent@gmail.com/.shortcut-targets-by-id/1exBA-7XrpLfZc6s8oGNYTbmjGsu5dT6p/Gurung stimuli/4_run_drink tea/1/end_ic_tr.png']
274.060 rec_segment_written /Users/matveikurzukov/gurung/psychopy_gurung_v1/recordings/708780_main_imageset08_condition_it_coh_pic04_end_coh_it.wav
274.325 rec_segment_start /Users/matveikurzukov/gurung/psychopy_gurung_v1/recordings/708780_main_imageset04_condition_tr_ic_pic01_ic_1.wav
274.591 rec_segment_queue_write /Users/matveikurzukov/gurung/psychopy_gurung_v1/recordings/708780_main_imageset04_condition_tr_ic_pic01_ic_1.wav frames=25
274.591 rec_segment_start /Users/matveikurzukov/gurung/psychopy_gurung_v1/recordings/708780_main_imageset04_condition_tr_ic_pic02_tr_target.wav
274.592 rec_segment_written /Users/matveikurzukov/gurung/psychopy_gurung_v1/recordings/708780_main_imageset04_condition_tr_ic_pic01_ic_1.wav
274.808 rec_segment_queue_write /Users/matveikurzukov/gurung/psychopy_gurung_v1/recordings/708780_main_imageset04_condition_tr_ic_pic02_tr_target.wav frames=20
274.808 rec_segment_start /Users/matveikurzukov/gurung/psychopy_gurung_v1/recordings/708780_main_imageset04_condition_tr_ic_pic03_end_ic_tr.wav
274.809 rec_segment_written /Users/matveikurzukov/gurung/psychopy_gurung_v1/recordings/708780_main_imageset04_condition_tr_ic_pic02_tr_target.wav
275.029 rec_segment_queue_write /Users/matveikurzukov/gurung/psychopy_gurung_v1/recordings/708780_main_imageset04_condition_tr_ic_pic03_end_ic_tr.wav frames=21
275.030 make_sequence roles=['coh_1', 'coh_2', 'tr_target'] paths=['/Users/matveikurzukov/Library/CloudStorage/GoogleDrive-apazent@gmail.com/.shortcut-targets-by-id/1exBA-7XrpLfZc6s8oGNYTbmjGsu5dT6p/Gurung stimuli/2_stand_weave basket/1/coh_1.png', '/Users/matveikurzukov/Library/CloudStorage/GoogleDrive-apazent@gmail.com/.shortcut-targets-by-id/1exBA-7XrpLfZc6s8oGNYTbmjGsu5dT6p/Gurung stimuli/2_stand_weave basket/1/coh_2.png', '/Users/matveikurzukov/Library/CloudStorage/GoogleDrive-apazent@gmail.com/.shortcut-targets-by-id/1exBA-7XrpLfZc6s8oGNYTbmjGsu5dT6p/Gurung stimuli/2_stand_weave basket/1/tr_target.png']
275.030 rec_segment_written /Users/matveikurzukov/gurung/psychopy_gurung_v1/recordings/708780_main_imageset04_condition_tr_ic_pic03_end_ic_tr.wav
275.255 play_audio /Users/matveikurzukov/gurung/psychopy_gurung_v1/Audio/tsakyali.wav
287.090 rec_segment_start /Users/matveikurzukov/gurung/psychopy_gurung_v1/recordings/708780_main_imageset02_condition_tr_coh_pic01_coh_1.wav
287.324 rec_segment_queue_write /Users/matveikurzukov/gurung/psychopy_gurung_v1/recordings/708780_main_imageset02_condition_tr_coh_pic01_coh_1.wav frames=22
287.324 rec_segment_start /Users/matveikurzukov/gurung/psychopy_gurung_v1/recordings/708780_main_imageset02_condition_tr_coh_pic02_coh_2.wav
287.325 rec_segment_written /Users/matveikurzukov/gurung/psychopy_gurung_v1/recordings/708780_main_imageset02_condition_tr_coh_pic01_coh_1.wav
287.507 rec_segment_queue_write /Users/matveikurzukov/gurung/psychopy_gurung_v1/recordings/708780_main_imageset02_condition_tr_coh_pic02_coh_2.wav frames=17
287.507 rec_segment_start /Users/matveikurzukov/gurung/psychopy_gurung_v1/recordings/708780_main_imageset02_condition_tr_coh_pic03_tr_target.wav
287.508 rec_segment_written /Users/matveikurzukov/gurung/psychopy_gurung_v1/recordings/708780_main_imageset02_condition_tr_coh_pic02_coh_2.wav
287.641 rec_segment_queue_write /Users/matveikurzukov/gurung/psychopy_gurung_v1/recordings/708780_main_imageset02_condition_tr_coh_pic03_tr_target.wav frames=12
287.642 make_sequence roles=['coh_1', 'coh_2', 'tr_target'] paths=['/Users/matveikurzukov/Library/CloudStorage/GoogleDrive-apazent@gmail.com/.shortcut-targets-by-id/1exBA-7XrpLfZc6s8oGNYTbmjGsu5dT6p/Gurung stimuli/26_sleep_drag log/1/coh_1.png', '/Users/matveikurzukov/Library/CloudStorage/GoogleDrive-apazent@gmail.com/.shortcut-targets-by-id/1exBA-7XrpLfZc6s8oGNYTbmjGsu5dT6p/Gurung stimuli/26_sleep_drag log/1/coh_2.png', '/Users/matveikurzukov/Library/CloudStorage/GoogleDrive-apazent@gmail.com/.shortcut-targets-by-id/1exBA-7XrpLfZc6s8oGNYTbmjGsu5dT6p/Gurung stimuli/26_sleep_drag log/1/tr_target.png']
287.642 rec_segment_written /Users/matveikurzukov/gurung/psychopy_gurung_v1/recordings/708780_main_imageset02_condition_tr_coh_pic03_tr_target.wav
287.923 rec_segment_start /Users/matveikurzukov/gurung/psychopy_gurung_v1/recordings/708780_main_imageset26_condition_tr_coh_pic01_coh_1.wav
288.207 rec_segment_queue_write /Users/matveikurzukov/gurung/psychopy_gurung_v1/recordings/708780_main_imageset26_condition_tr_coh_pic01_coh_1.wav frames=27
288.208 rec_segment_start /Users/matveikurzukov/gurung/psychopy_gurung_v1/recordings/708780_main_imageset26_condition_tr_coh_pic02_coh_2.wav
288.209 rec_segment_written /Users/matveikurzukov/gurung/psychopy_gurung_v1/recordings/708780_main_imageset26_condition_tr_coh_pic01_coh_1.wav
288.407 rec_segment_queue_write /Users/matveikurzukov/gurung/psychopy_gurung_v1/recordings/708780_main_imageset26_condition_tr_coh_pic02_coh_2.wav frames=18
288.407 rec_segment_start /Users/matveikurzukov/gurung/psychopy_gurung_v1/recordings/708780_main_imageset26_condition_tr_coh_pic03_tr_target.wav
288.408 rec_segment_written /Users/matveikurzukov/gurung/psychopy_gurung_v1/recordings/708780_main_imageset26_condition_tr_coh_pic02_coh_2.wav
288.574 rec_segment_queue_write /Users/matveikurzukov/gurung/psychopy_gurung_v1/recordings/708780_main_imageset26_condition_tr_coh_pic03_tr_target.wav frames=16
288.575 make_sequence roles=['ic_1', 'it_target', 'end_ic_it'] paths=['/Users/matveikurzukov/Library/CloudStorage/GoogleDrive-apazent@gmail.com/.shortcut-targets-by-id/1exBA-7XrpLfZc6s8oGNYTbmjGsu5dT6p/Gurung stimuli/2_stand_weave basket/1/ic_1.png', '/Users/matveikurzukov/Library/CloudStorage/GoogleDrive-apazent@gmail.com/.shortcut-targets-by-id/1exBA-7XrpLfZc6s8oGNYTbmjGsu5dT6p/Gurung stimuli/2_stand_weave basket/1/it_target.png', '/Users/matveikurzukov/Library/CloudStorage/GoogleDrive-apazent@gmail.com/.shortcut-targets-by-id/1exBA-7XrpLfZc6s8oGNYTbmjGsu5dT6p/Gurung stimuli/2_stand_weave basket/1/end_ic_it.png']
288.575 rec_segment_written /Users/matveikurzukov/gurung/psychopy_gurung_v1/recordings/708780_main_imageset26_condition_tr_coh_pic03_tr_target.wav
288.990 rec_segment_start /Users/matveikurzukov/gurung/psychopy_gurung_v1/recordings/708780_main_imageset02_condition_it_ic_pic01_ic_1.wav
289.240 rec_segment_queue_write /Users/matveikurzukov/gurung/psychopy_gurung_v1/recordings/708780_main_imageset02_condition_it_ic_pic01_ic_1.wav frames=23
289.241 rec_segment_start /Users/matveikurzukov/gurung/psychopy_gurung_v1/recordings/708780_main_imageset02_condition_it_ic_pic02_it_target.wav
289.242 rec_segment_written /Users/matveikurzukov/gurung/psychopy_gurung_v1/recordings/708780_main_imageset02_condition_it_ic_pic01_ic_1.wav
289.424 rec_segment_queue_write /Users/matveikurzukov/gurung/psychopy_gurung_v1/recordings/708780_main_imageset02_condition_it_ic_pic02_it_target.wav frames=18
289.424 rec_segment_start /Users/matveikurzukov/gurung/psychopy_gurung_v1/recordings/708780_main_imageset02_condition_it_ic_pic03_end_ic_it.wav
289.425 rec_segment_written /Users/matveikurzukov/gurung/psychopy_gurung_v1/recordings/708780_main_imageset02_condition_it_ic_pic02_it_target.wav
289.591 rec_segment_queue_write /Users/matveikurzukov/gurung/psychopy_gurung_v1/recordings/708780_main_imageset02_condition_it_ic_pic03_end_ic_it.wav frames=15
289.591 make_sequence roles=['ic_1', 'tr_target', 'end_ic_tr'] paths=['/Users/matveikurzukov/Library/CloudStorage/GoogleDrive-apazent@gmail.com/.shortcut-targets-by-id/1exBA-7XrpLfZc6s8oGNYTbmjGsu5dT6p/Gurung stimuli/17_rest_hang picture/1/ic_1.png', '/Users/matveikurzukov/Library/CloudStorage/GoogleDrive-apazent@gmail.com/.shortcut-targets-by-id/1exBA-7XrpLfZc6s8oGNYTbmjGsu5dT6p/Gurung stimuli/17_rest_hang picture/1/tr_target.png', '/Users/matveikurzukov/Library/CloudStorage/GoogleDrive-apazent@gmail.com/.shortcut-targets-by-id/1exBA-7XrpLfZc6s8oGNYTbmjGsu5dT6p/Gurung stimuli/17_rest_hang picture/1/end_ic_tr.png']
289.592 rec_segment_written /Users/matveikurzukov/gurung/psychopy_gurung_v1/recordings/708780_main_imageset02_condition_it_ic_pic03_end_ic_it.wav
290.090 rec_segment_start /Users/matveikurzukov/gurung/psychopy_gurung_v1/recordings/708780_main_imageset17_condition_tr_ic_pic01_ic_1.wav
290.324 rec_segment_queue_write /Users/matveikurzukov/gurung/psychopy_gurung_v1/recordings/708780_main_imageset17_condition_tr_ic_pic01_ic_1.wav frames=22
290.325 rec_segment_start /Users/matveikurzukov/gurung/psychopy_gurung_v1/recordings/708780_main_imageset17_condition_tr_ic_pic02_tr_target.wav
290.325 rec_segment_written /Users/matveikurzukov/gurung/psychopy_gurung_v1/recordings/708780_main_imageset17_condition_tr_ic_pic01_ic_1.wav
290.557 rec_segment_queue_write /Users/matveikurzukov/gurung/psychopy_gurung_v1/recordings/708780_main_imageset17_condition_tr_ic_pic02_tr_target.wav frames=22
290.557 rec_segment_start /Users/matveikurzukov/gurung/psychopy_gurung_v1/recordings/708780_main_imageset17_condition_tr_ic_pic03_end_ic_tr.wav
290.558 rec_segment_written /Users/matveikurzukov/gurung/psychopy_gurung_v1/recordings/708780_main_imageset17_condition_tr_ic_pic02_tr_target.wav
290.727 rec_segment_queue_write /Users/matveikurzukov/gurung/psychopy_gurung_v1/recordings/708780_main_imageset17_condition_tr_ic_pic03_end_ic_tr.wav frames=16
290.728 make_sequence roles=['ic_1', 'it_target', 'end_ic_it'] paths=['/Users/matveikurzukov/Library/CloudStorage/GoogleDrive-apazent@gmail.com/.shortcut-targets-by-id/1exBA-7XrpLfZc6s8oGNYTbmjGsu5dT6p/Gurung stimuli/4_run_drink tea/1/ic_1.png', '/Users/matveikurzukov/Library/CloudStorage/GoogleDrive-apazent@gmail.com/.shortcut-targets-by-id/1exBA-7XrpLfZc6s8oGNYTbmjGsu5dT6p/Gurung stimuli/4_run_drink tea/1/it_target.png', '/Users/matveikurzukov/Library/CloudStorage/GoogleDrive-apazent@gmail.com/.shortcut-targets-by-id/1exBA-7XrpLfZc6s8oGNYTbmjGsu5dT6p/Gurung stimuli/4_run_drink tea/1/end_ic_it.png']
290.729 rec_segment_written /Users/matveikurzukov/gurung/psychopy_gurung_v1/recordings/708780_main_imageset17_condition_tr_ic_pic03_end_ic_tr.wav
291.207 rec_segment_start /Users/matveikurzukov/gurung/psychopy_gurung_v1/recordings/708780_main_imageset04_condition_it_ic_pic01_ic_1.wav
291.424 rec_segment_queue_write /Users/matveikurzukov/gurung/psychopy_gurung_v1/recordings/708780_main_imageset04_condition_it_ic_pic01_ic_1.wav frames=20
291.424 rec_segment_start /Users/matveikurzukov/gurung/psychopy_gurung_v1/recordings/708780_main_imageset04_condition_it_ic_pic02_it_target.wav
291.425 rec_segment_written /Users/matveikurzukov/gurung/psychopy_gurung_v1/recordings/708780_main_imageset04_condition_it_ic_pic01_ic_1.wav
291.607 rec_segment_queue_write /Users/matveikurzukov/gurung/psychopy_gurung_v1/recordings/708780_main_imageset04_condition_it_ic_pic02_it_target.wav frames=17
291.607 rec_segment_start /Users/matveikurzukov/gurung/psychopy_gurung_v1/recordings/708780_main_imageset04_condition_it_ic_pic03_end_ic_it.wav
291.608 rec_segment_written /Users/matveikurzukov/gurung/psychopy_gurung_v1/recordings/708780_main_imageset04_condition_it_ic_pic02_it_target.wav
291.757 rec_segment_queue_write /Users/matveikurzukov/gurung/psychopy_gurung_v1/recordings/708780_main_imageset04_condition_it_ic_pic03_end_ic_it.wav frames=14
291.758 make_sequence roles=['ic_1', 'tr_target', 'end_ic_tr'] paths=['/Users/matveikurzukov/Library/CloudStorage/GoogleDrive-apazent@gmail.com/.shortcut-targets-by-id/1exBA-7XrpLfZc6s8oGNYTbmjGsu5dT6p/Gurung stimuli/28_jump_peel orange/1/ic_1.png', '/Users/matveikurzukov/Library/CloudStorage/GoogleDrive-apazent@gmail.com/.shortcut-targets-by-id/1exBA-7XrpLfZc6s8oGNYTbmjGsu5dT6p/Gurung stimuli/28_jump_peel orange/1/tr_target.png', '/Users/matveikurzukov/Library/CloudStorage/GoogleDrive-apazent@gmail.com/.shortcut-targets-by-id/1exBA-7XrpLfZc6s8oGNYTbmjGsu5dT6p/Gurung stimuli/28_jump_peel orange/1/end_ic_tr.png']
291.758 rec_segment_written /Users/matveikurzukov/gurung/psychopy_gurung_v1/recordings/708780_main_imageset04_condition_it_ic_pic03_end_ic_it.wav
291.979 play_audio /Users/matveikurzukov/gurung/psychopy_gurung_v1/Audio/tsakyali.wav
302.993 rec_segment_start /Users/matveikurzukov/gurung/psychopy_gurung_v1/recordings/708780_main_imageset28_condition_tr_ic_pic01_ic_1.wav
303.259 rec_segment_queue_write /Users/matveikurzukov/gurung/psychopy_gurung_v1/recordings/708780_main_imageset28_condition_tr_ic_pic01_ic_1.wav frames=25
303.260 rec_segment_start /Users/matveikurzukov/gurung/psychopy_gurung_v1/recordings/708780_main_imageset28_condition_tr_ic_pic02_tr_target.wav
303.260 rec_segment_written /Users/matveikurzukov/gurung/psychopy_gurung_v1/recordings/708780_main_imageset28_condition_tr_ic_pic01_ic_1.wav
303.440 rec_segment_queue_write /Users/matveikurzukov/gurung/psychopy_gurung_v1/recordings/708780_main_imageset28_condition_tr_ic_pic02_tr_target.wav frames=17
303.440 rec_segment_start /Users/matveikurzukov/gurung/psychopy_gurung_v1/recordings/708780_main_imageset28_condition_tr_ic_pic03_end_ic_tr.wav
303.441 rec_segment_written /Users/matveikurzukov/gurung/psychopy_gurung_v1/recordings/708780_main_imageset28_condition_tr_ic_pic02_tr_target.wav
303.606 rec_segment_queue_write /Users/matveikurzukov/gurung/psychopy_gurung_v1/recordings/708780_main_imageset28_condition_tr_ic_pic03_end_ic_tr.wav frames=15
303.607 make_sequence roles=['ic_1', 'tr_target', 'end_ic_tr'] paths=['/Users/matveikurzukov/Library/CloudStorage/GoogleDrive-apazent@gmail.com/.shortcut-targets-by-id/1exBA-7XrpLfZc6s8oGNYTbmjGsu5dT6p/Gurung stimuli/24_descend_paint bench/1/ic_1.png', '/Users/matveikurzukov/Library/CloudStorage/GoogleDrive-apazent@gmail.com/.shortcut-targets-by-id/1exBA-7XrpLfZc6s8oGNYTbmjGsu5dT6p/Gurung stimuli/24_descend_paint bench/1/tr_target.png', '/Users/matveikurzukov/Library/CloudStorage/GoogleDrive-apazent@gmail.com/.shortcut-targets-by-id/1exBA-7XrpLfZc6s8oGNYTbmjGsu5dT6p/Gurung stimuli/24_descend_paint bench/1/end_ic_tr.png']
303.608 rec_segment_written /Users/matveikurzukov/gurung/psychopy_gurung_v1/recordings/708780_main_imageset28_condition_tr_ic_pic03_end_ic_tr.wav
308.173 rec_segment_start /Users/matveikurzukov/gurung/psychopy_gurung_v1/recordings/708780_main_imageset24_condition_tr_ic_pic01_ic_1.wav
308.373 rec_segment_queue_write /Users/matveikurzukov/gurung/psychopy_gurung_v1/recordings/708780_main_imageset24_condition_tr_ic_pic01_ic_1.wav frames=19
308.373 rec_segment_start /Users/matveikurzukov/gurung/psychopy_gurung_v1/recordings/708780_main_imageset24_condition_tr_ic_pic02_tr_target.wav
308.374 rec_segment_written /Users/matveikurzukov/gurung/psychopy_gurung_v1/recordings/708780_main_imageset24_condition_tr_ic_pic01_ic_1.wav
308.523 rec_segment_queue_write /Users/matveikurzukov/gurung/psychopy_gurung_v1/recordings/708780_main_imageset24_condition_tr_ic_pic02_tr_target.wav frames=14
308.523 rec_segment_start /Users/matveikurzukov/gurung/psychopy_gurung_v1/recordings/708780_main_imageset24_condition_tr_ic_pic03_end_ic_tr.wav
308.524 rec_segment_written /Users/matveikurzukov/gurung/psychopy_gurung_v1/recordings/708780_main_imageset24_condition_tr_ic_pic02_tr_target.wav
308.690 rec_segment_queue_write /Users/matveikurzukov/gurung/psychopy_gurung_v1/recordings/708780_main_imageset24_condition_tr_ic_pic03_end_ic_tr.wav frames=16
308.691 make_sequence roles=['ic_1', 'it_target', 'end_ic_it'] paths=['/Users/matveikurzukov/Library/CloudStorage/GoogleDrive-apazent@gmail.com/.shortcut-targets-by-id/1exBA-7XrpLfZc6s8oGNYTbmjGsu5dT6p/Gurung stimuli/17_rest_hang picture/1/ic_1.png', '/Users/matveikurzukov/Library/CloudStorage/GoogleDrive-apazent@gmail.com/.shortcut-targets-by-id/1exBA-7XrpLfZc6s8oGNYTbmjGsu5dT6p/Gurung stimuli/17_rest_hang picture/1/it_target.png', '/Users/matveikurzukov/Library/CloudStorage/GoogleDrive-apazent@gmail.com/.shortcut-targets-by-id/1exBA-7XrpLfZc6s8oGNYTbmjGsu5dT6p/Gurung stimuli/17_rest_hang picture/1/end_ic_it.png']
308.691 rec_segment_written /Users/matveikurzukov/gurung/psychopy_gurung_v1/recordings/708780_main_imageset24_condition_tr_ic_pic03_end_ic_tr.wav
309.006 rec_segment_start /Users/matveikurzukov/gurung/psychopy_gurung_v1/recordings/708780_main_imageset17_condition_it_ic_pic01_ic_1.wav
309.190 rec_segment_queue_write /Users/matveikurzukov/gurung/psychopy_gurung_v1/recordings/708780_main_imageset17_condition_it_ic_pic01_ic_1.wav frames=17
309.190 rec_segment_start /Users/matveikurzukov/gurung/psychopy_gurung_v1/recordings/708780_main_imageset17_condition_it_ic_pic02_it_target.wav
309.190 rec_segment_written /Users/matveikurzukov/gurung/psychopy_gurung_v1/recordings/708780_main_imageset17_condition_it_ic_pic01_ic_1.wav
309.373 rec_segment_queue_write /Users/matveikurzukov/gurung/psychopy_gurung_v1/recordings/708780_main_imageset17_condition_it_ic_pic02_it_target.wav frames=17
309.373 rec_segment_start /Users/matveikurzukov/gurung/psychopy_gurung_v1/recordings/708780_main_imageset17_condition_it_ic_pic03_end_ic_it.wav
309.374 rec_segment_written /Users/matveikurzukov/gurung/psychopy_gurung_v1/recordings/708780_main_imageset17_condition_it_ic_pic02_it_target.wav
309.540 rec_segment_queue_write /Users/matveikurzukov/gurung/psychopy_gurung_v1/recordings/708780_main_imageset17_condition_it_ic_pic03_end_ic_it.wav frames=16
309.541 make_sequence roles=['coh_1', 'coh_2', 'tr_target'] paths=['/Users/matveikurzukov/Library/CloudStorage/GoogleDrive-apazent@gmail.com/.shortcut-targets-by-id/1exBA-7XrpLfZc6s8oGNYTbmjGsu5dT6p/Gurung stimuli/30_smile_make momos/1/coh_1.png', '/Users/matveikurzukov/Library/CloudStorage/GoogleDrive-apazent@gmail.com/.shortcut-targets-by-id/1exBA-7XrpLfZc6s8oGNYTbmjGsu5dT6p/Gurung stimuli/30_smile_make momos/1/coh_2.png', '/Users/matveikurzukov/Library/CloudStorage/GoogleDrive-apazent@gmail.com/.shortcut-targets-by-id/1exBA-7XrpLfZc6s8oGNYTbmjGsu5dT6p/Gurung stimuli/30_smile_make momos/1/tr_target.png']
309.542 rec_segment_written /Users/matveikurzukov/gurung/psychopy_gurung_v1/recordings/708780_main_imageset17_condition_it_ic_pic03_end_ic_it.wav
309.923 rec_segment_start /Users/matveikurzukov/gurung/psychopy_gurung_v1/recordings/708780_main_imageset30_condition_tr_coh_pic01_coh_1.wav
310.123 rec_segment_queue_write /Users/matveikurzukov/gurung/psychopy_gurung_v1/recordings/708780_main_imageset30_condition_tr_coh_pic01_coh_1.wav frames=19
310.123 rec_segment_start /Users/matveikurzukov/gurung/psychopy_gurung_v1/recordings/708780_main_imageset30_condition_tr_coh_pic02_coh_2.wav
310.124 rec_segment_written /Users/matveikurzukov/gurung/psychopy_gurung_v1/recordings/708780_main_imageset30_condition_tr_coh_pic01_coh_1.wav
310.290 rec_segment_queue_write /Users/matveikurzukov/gurung/psychopy_gurung_v1/recordings/708780_main_imageset30_condition_tr_coh_pic02_coh_2.wav frames=16
310.290 rec_segment_start /Users/matveikurzukov/gurung/psychopy_gurung_v1/recordings/708780_main_imageset30_condition_tr_coh_pic03_tr_target.wav
310.291 rec_segment_written /Users/matveikurzukov/gurung/psychopy_gurung_v1/recordings/708780_main_imageset30_condition_tr_coh_pic02_coh_2.wav
310.489 rec_segment_queue_write /Users/matveikurzukov/gurung/psychopy_gurung_v1/recordings/708780_main_imageset30_condition_tr_coh_pic03_tr_target.wav frames=19
310.490 make_sequence roles=['coh_1', 'coh_2', 'it_target', 'end_coh_it'] paths=['/Users/matveikurzukov/Library/CloudStorage/GoogleDrive-apazent@gmail.com/.shortcut-targets-by-id/1exBA-7XrpLfZc6s8oGNYTbmjGsu5dT6p/Gurung stimuli/12_come_eat rice/1/coh_1.png', '/Users/matveikurzukov/Library/CloudStorage/GoogleDrive-apazent@gmail.com/.shortcut-targets-by-id/1exBA-7XrpLfZc6s8oGNYTbmjGsu5dT6p/Gurung stimuli/12_come_eat rice/1/coh_2.png', '/Users/matveikurzukov/Library/CloudStorage/GoogleDrive-apazent@gmail.com/.shortcut-targets-by-id/1exBA-7XrpLfZc6s8oGNYTbmjGsu5dT6p/Gurung stimuli/12_come_eat rice/1/it_target.png', '/Users/matveikurzukov/Library/CloudStorage/GoogleDrive-apazent@gmail.com/.shortcut-targets-by-id/1exBA-7XrpLfZc6s8oGNYTbmjGsu5dT6p/Gurung stimuli/12_come_eat rice/1/end_coh_it.png']
310.491 rec_segment_written /Users/matveikurzukov/gurung/psychopy_gurung_v1/recordings/708780_main_imageset30_condition_tr_coh_pic03_tr_target.wav
311.208 rec_segment_start /Users/matveikurzukov/gurung/psychopy_gurung_v1/recordings/708780_main_imageset12_condition_it_coh_pic01_coh_1.wav
311.457 rec_segment_queue_write /Users/matveikurzukov/gurung/psychopy_gurung_v1/recordings/708780_main_imageset12_condition_it_coh_pic01_coh_1.wav frames=23
311.457 rec_segment_start /Users/matveikurzukov/gurung/psychopy_gurung_v1/recordings/708780_main_imageset12_condition_it_coh_pic02_coh_2.wav
311.459 rec_segment_written /Users/matveikurzukov/gurung/psychopy_gurung_v1/recordings/708780_main_imageset12_condition_it_coh_pic01_coh_1.wav
311.673 rec_segment_queue_write /Users/matveikurzukov/gurung/psychopy_gurung_v1/recordings/708780_main_imageset12_condition_it_coh_pic02_coh_2.wav frames=21
311.674 rec_segment_start /Users/matveikurzukov/gurung/psychopy_gurung_v1/recordings/708780_main_imageset12_condition_it_coh_pic03_it_target.wav
311.674 rec_segment_written /Users/matveikurzukov/gurung/psychopy_gurung_v1/recordings/708780_main_imageset12_condition_it_coh_pic02_coh_2.wav
311.842 rec_segment_queue_write /Users/matveikurzukov/gurung/psychopy_gurung_v1/recordings/708780_main_imageset12_condition_it_coh_pic03_it_target.wav frames=15
311.842 rec_segment_start /Users/matveikurzukov/gurung/psychopy_gurung_v1/recordings/708780_main_imageset12_condition_it_coh_pic04_end_coh_it.wav
311.843 rec_segment_written /Users/matveikurzukov/gurung/psychopy_gurung_v1/recordings/708780_main_imageset12_condition_it_coh_pic03_it_target.wav
312.040 rec_segment_queue_write /Users/matveikurzukov/gurung/psychopy_gurung_v1/recordings/708780_main_imageset12_condition_it_coh_pic04_end_coh_it.wav frames=19
312.041 make_sequence roles=['coh_1', 'coh_2', 'it_target', 'end_coh_it'] paths=['/Users/matveikurzukov/Library/CloudStorage/GoogleDrive-apazent@gmail.com/.shortcut-targets-by-id/1exBA-7XrpLfZc6s8oGNYTbmjGsu5dT6p/Gurung stimuli/7_sit_make fire/1/coh_1.png', '/Users/matveikurzukov/Library/CloudStorage/GoogleDrive-apazent@gmail.com/.shortcut-targets-by-id/1exBA-7XrpLfZc6s8oGNYTbmjGsu5dT6p/Gurung stimuli/7_sit_make fire/1/coh_2.png', '/Users/matveikurzukov/Library/CloudStorage/GoogleDrive-apazent@gmail.com/.shortcut-targets-by-id/1exBA-7XrpLfZc6s8oGNYTbmjGsu5dT6p/Gurung stimuli/7_sit_make fire/1/it_target.png', '/Users/matveikurzukov/Library/CloudStorage/GoogleDrive-apazent@gmail.com/.shortcut-targets-by-id/1exBA-7XrpLfZc6s8oGNYTbmjGsu5dT6p/Gurung stimuli/7_sit_make fire/1/end_coh_it.png']
312.041 rec_segment_written /Users/matveikurzukov/gurung/psychopy_gurung_v1/recordings/708780_main_imageset12_condition_it_coh_pic04_end_coh_it.wav
312.406 rec_segment_start /Users/matveikurzukov/gurung/psychopy_gurung_v1/recordings/708780_main_imageset07_condition_it_coh_pic01_coh_1.wav
312.789 rec_segment_queue_write /Users/matveikurzukov/gurung/psychopy_gurung_v1/recordings/708780_main_imageset07_condition_it_coh_pic01_coh_1.wav frames=36
312.790 rec_segment_start /Users/matveikurzukov/gurung/psychopy_gurung_v1/recordings/708780_main_imageset07_condition_it_coh_pic02_coh_2.wav
312.790 rec_segment_written /Users/matveikurzukov/gurung/psychopy_gurung_v1/recordings/708780_main_imageset07_condition_it_coh_pic01_coh_1.wav
313.157 rec_segment_queue_write /Users/matveikurzukov/gurung/psychopy_gurung_v1/recordings/708780_main_imageset07_condition_it_coh_pic02_coh_2.wav frames=35
313.157 rec_segment_start /Users/matveikurzukov/gurung/psychopy_gurung_v1/recordings/708780_main_imageset07_condition_it_coh_pic03_it_target.wav
313.161 rec_segment_written /Users/matveikurzukov/gurung/psychopy_gurung_v1/recordings/708780_main_imageset07_condition_it_coh_pic02_coh_2.wav
313.357 rec_segment_queue_write /Users/matveikurzukov/gurung/psychopy_gurung_v1/recordings/708780_main_imageset07_condition_it_coh_pic03_it_target.wav frames=18
313.357 rec_segment_start /Users/matveikurzukov/gurung/psychopy_gurung_v1/recordings/708780_main_imageset07_condition_it_coh_pic04_end_coh_it.wav
313.359 rec_segment_written /Users/matveikurzukov/gurung/psychopy_gurung_v1/recordings/708780_main_imageset07_condition_it_coh_pic03_it_target.wav
313.723 rec_segment_queue_write /Users/matveikurzukov/gurung/psychopy_gurung_v1/recordings/708780_main_imageset07_condition_it_coh_pic04_end_coh_it.wav frames=35
313.724 make_sequence roles=['coh_1', 'coh_2', 'it_target', 'end_coh_it'] paths=['/Users/matveikurzukov/Library/CloudStorage/GoogleDrive-apazent@gmail.com/.shortcut-targets-by-id/1exBA-7XrpLfZc6s8oGNYTbmjGsu5dT6p/Gurung stimuli/20_come_plant sapling/1/coh_1.png', '/Users/matveikurzukov/Library/CloudStorage/GoogleDrive-apazent@gmail.com/.shortcut-targets-by-id/1exBA-7XrpLfZc6s8oGNYTbmjGsu5dT6p/Gurung stimuli/20_come_plant sapling/1/coh_2.png', '/Users/matveikurzukov/Library/CloudStorage/GoogleDrive-apazent@gmail.com/.shortcut-targets-by-id/1exBA-7XrpLfZc6s8oGNYTbmjGsu5dT6p/Gurung stimuli/20_come_plant sapling/1/it_target.png', '/Users/matveikurzukov/Library/CloudStorage/GoogleDrive-apazent@gmail.com/.shortcut-targets-by-id/1exBA-7XrpLfZc6s8oGNYTbmjGsu5dT6p/Gurung stimuli/20_come_plant sapling/1/end_coh_it.png']
313.725 rec_segment_written /Users/matveikurzukov/gurung/psychopy_gurung_v1/recordings/708780_main_imageset07_condition_it_coh_pic04_end_coh_it.wav
315.239 rec_segment_start /Users/matveikurzukov/gurung/psychopy_gurung_v1/recordings/708780_main_imageset20_condition_it_coh_pic01_coh_1.wav
315.456 rec_segment_queue_write /Users/matveikurzukov/gurung/psychopy_gurung_v1/recordings/708780_main_imageset20_condition_it_coh_pic01_coh_1.wav frames=20
315.456 rec_segment_start /Users/matveikurzukov/gurung/psychopy_gurung_v1/recordings/708780_main_imageset20_condition_it_coh_pic02_coh_2.wav
315.457 rec_segment_written /Users/matveikurzukov/gurung/psychopy_gurung_v1/recordings/708780_main_imageset20_condition_it_coh_pic01_coh_1.wav
315.639 rec_segment_queue_write /Users/matveikurzukov/gurung/psychopy_gurung_v1/recordings/708780_main_imageset20_condition_it_coh_pic02_coh_2.wav frames=17
315.640 rec_segment_start /Users/matveikurzukov/gurung/psychopy_gurung_v1/recordings/708780_main_imageset20_condition_it_coh_pic03_it_target.wav
315.640 rec_segment_written /Users/matveikurzukov/gurung/psychopy_gurung_v1/recordings/708780_main_imageset20_condition_it_coh_pic02_coh_2.wav
315.840 rec_segment_queue_write /Users/matveikurzukov/gurung/psychopy_gurung_v1/recordings/708780_main_imageset20_condition_it_coh_pic03_it_target.wav frames=19
315.840 rec_segment_start /Users/matveikurzukov/gurung/psychopy_gurung_v1/recordings/708780_main_imageset20_condition_it_coh_pic04_end_coh_it.wav
315.840 rec_segment_written /Users/matveikurzukov/gurung/psychopy_gurung_v1/recordings/708780_main_imageset20_condition_it_coh_pic03_it_target.wav
316.073 rec_segment_queue_write /Users/matveikurzukov/gurung/psychopy_gurung_v1/recordings/708780_main_imageset20_condition_it_coh_pic04_end_coh_it.wav frames=22
316.074 make_sequence roles=['ic_1', 'it_target', 'end_ic_it'] paths=['/Users/matveikurzukov/Library/CloudStorage/GoogleDrive-apazent@gmail.com/.shortcut-targets-by-id/1exBA-7XrpLfZc6s8oGNYTbmjGsu5dT6p/Gurung stimuli/16_sleep_wash dish/1/ic_1.png', '/Users/matveikurzukov/Library/CloudStorage/GoogleDrive-apazent@gmail.com/.shortcut-targets-by-id/1exBA-7XrpLfZc6s8oGNYTbmjGsu5dT6p/Gurung stimuli/16_sleep_wash dish/1/it_target.png', '/Users/matveikurzukov/Library/CloudStorage/GoogleDrive-apazent@gmail.com/.shortcut-targets-by-id/1exBA-7XrpLfZc6s8oGNYTbmjGsu5dT6p/Gurung stimuli/16_sleep_wash dish/1/end_ic_it.png']
316.074 rec_segment_written /Users/matveikurzukov/gurung/psychopy_gurung_v1/recordings/708780_main_imageset20_condition_it_coh_pic04_end_coh_it.wav
316.907 rec_segment_start /Users/matveikurzukov/gurung/psychopy_gurung_v1/recordings/708780_main_imageset16_condition_it_ic_pic01_ic_1.wav
317.206 rec_segment_queue_write /Users/matveikurzukov/gurung/psychopy_gurung_v1/recordings/708780_main_imageset16_condition_it_ic_pic01_ic_1.wav frames=28
317.206 rec_segment_start /Users/matveikurzukov/gurung/psychopy_gurung_v1/recordings/708780_main_imageset16_condition_it_ic_pic02_it_target.wav
317.207 rec_segment_written /Users/matveikurzukov/gurung/psychopy_gurung_v1/recordings/708780_main_imageset16_condition_it_ic_pic01_ic_1.wav
317.389 rec_segment_queue_write /Users/matveikurzukov/gurung/psychopy_gurung_v1/recordings/708780_main_imageset16_condition_it_ic_pic02_it_target.wav frames=17
317.390 rec_segment_start /Users/matveikurzukov/gurung/psychopy_gurung_v1/recordings/708780_main_imageset16_condition_it_ic_pic03_end_ic_it.wav
317.390 rec_segment_written /Users/matveikurzukov/gurung/psychopy_gurung_v1/recordings/708780_main_imageset16_condition_it_ic_pic02_it_target.wav
317.556 rec_segment_queue_write /Users/matveikurzukov/gurung/psychopy_gurung_v1/recordings/708780_main_imageset16_condition_it_ic_pic03_end_ic_it.wav frames=15
317.557 make_sequence roles=['coh_1', 'coh_2', 'it_target', 'end_coh_it'] paths=['/Users/matveikurzukov/Library/CloudStorage/GoogleDrive-apazent@gmail.com/.shortcut-targets-by-id/1exBA-7XrpLfZc6s8oGNYTbmjGsu5dT6p/Gurung stimuli/18_yawn_put on cap/1/coh_1.png', '/Users/matveikurzukov/Library/CloudStorage/GoogleDrive-apazent@gmail.com/.shortcut-targets-by-id/1exBA-7XrpLfZc6s8oGNYTbmjGsu5dT6p/Gurung stimuli/18_yawn_put on cap/1/coh_2.png', '/Users/matveikurzukov/Library/CloudStorage/GoogleDrive-apazent@gmail.com/.shortcut-targets-by-id/1exBA-7XrpLfZc6s8oGNYTbmjGsu5dT6p/Gurung stimuli/18_yawn_put on cap/1/it_target.png', '/Users/matveikurzukov/Library/CloudStorage/GoogleDrive-apazent@gmail.com/.shortcut-targets-by-id/1exBA-7XrpLfZc6s8oGNYTbmjGsu5dT6p/Gurung stimuli/18_yawn_put on cap/1/end_coh_it.png']
317.558 rec_segment_written /Users/matveikurzukov/gurung/psychopy_gurung_v1/recordings/708780_main_imageset16_condition_it_ic_pic03_end_ic_it.wav
318.056 rec_segment_start /Users/matveikurzukov/gurung/psychopy_gurung_v1/recordings/708780_main_imageset18_condition_it_coh_pic01_coh_1.wav
318.473 rec_segment_queue_write /Users/matveikurzukov/gurung/psychopy_gurung_v1/recordings/708780_main_imageset18_condition_it_coh_pic01_coh_1.wav frames=39
318.473 rec_segment_start /Users/matveikurzukov/gurung/psychopy_gurung_v1/recordings/708780_main_imageset18_condition_it_coh_pic02_coh_2.wav
318.474 rec_segment_written /Users/matveikurzukov/gurung/psychopy_gurung_v1/recordings/708780_main_imageset18_condition_it_coh_pic01_coh_1.wav
318.657 rec_segment_queue_write /Users/matveikurzukov/gurung/psychopy_gurung_v1/recordings/708780_main_imageset18_condition_it_coh_pic02_coh_2.wav frames=17
318.657 rec_segment_start /Users/matveikurzukov/gurung/psychopy_gurung_v1/recordings/708780_main_imageset18_condition_it_coh_pic03_it_target.wav
318.660 rec_segment_written /Users/matveikurzukov/gurung/psychopy_gurung_v1/recordings/708780_main_imageset18_condition_it_coh_pic02_coh_2.wav
319.257 rec_segment_queue_write /Users/matveikurzukov/gurung/psychopy_gurung_v1/recordings/708780_main_imageset18_condition_it_coh_pic03_it_target.wav frames=57
319.257 rec_segment_start /Users/matveikurzukov/gurung/psychopy_gurung_v1/recordings/708780_main_imageset18_condition_it_coh_pic04_end_coh_it.wav
319.260 rec_segment_written /Users/matveikurzukov/gurung/psychopy_gurung_v1/recordings/708780_main_imageset18_condition_it_coh_pic03_it_target.wav
319.540 rec_segment_queue_write /Users/matveikurzukov/gurung/psychopy_gurung_v1/recordings/708780_main_imageset18_condition_it_coh_pic04_end_coh_it.wav frames=26
319.541 make_sequence roles=['coh_1', 'coh_2', 'it_target', 'end_coh_it'] paths=['/Users/matveikurzukov/Library/CloudStorage/GoogleDrive-apazent@gmail.com/.shortcut-targets-by-id/1exBA-7XrpLfZc6s8oGNYTbmjGsu5dT6p/Gurung stimuli/29_sit_cut potato/1/coh_1.png', '/Users/matveikurzukov/Library/CloudStorage/GoogleDrive-apazent@gmail.com/.shortcut-targets-by-id/1exBA-7XrpLfZc6s8oGNYTbmjGsu5dT6p/Gurung stimuli/29_sit_cut potato/1/coh_2.png', '/Users/matveikurzukov/Library/CloudStorage/GoogleDrive-apazent@gmail.com/.shortcut-targets-by-id/1exBA-7XrpLfZc6s8oGNYTbmjGsu5dT6p/Gurung stimuli/29_sit_cut potato/1/it_target.png', '/Users/matveikurzukov/Library/CloudStorage/GoogleDrive-apazent@gmail.com/.shortcut-targets-by-id/1exBA-7XrpLfZc6s8oGNYTbmjGsu5dT6p/Gurung stimuli/29_sit_cut potato/1/end_coh_it.png']
319.541 rec_segment_written /Users/matveikurzukov/gurung/psychopy_gurung_v1/recordings/708780_main_imageset18_condition_it_coh_pic04_end_coh_it.wav
321.289 rec_segment_start /Users/matveikurzukov/gurung/psychopy_gurung_v1/recordings/708780_main_imageset29_condition_it_coh_pic01_coh_1.wav
321.940 rec_segment_queue_write /Users/matveikurzukov/gurung/psychopy_gurung_v1/recordings/708780_main_imageset29_condition_it_coh_pic01_coh_1.wav frames=61
321.940 rec_segment_start /Users/matveikurzukov/gurung/psychopy_gurung_v1/recordings/708780_main_imageset29_condition_it_coh_pic02_coh_2.wav
321.943 rec_segment_written /Users/matveikurzukov/gurung/psychopy_gurung_v1/recordings/708780_main_imageset29_condition_it_coh_pic01_coh_1.wav
322.223 rec_segment_queue_write /Users/matveikurzukov/gurung/psychopy_gurung_v1/recordings/708780_main_imageset29_condition_it_coh_pic02_coh_2.wav frames=27
322.223 rec_segment_start /Users/matveikurzukov/gurung/psychopy_gurung_v1/recordings/708780_main_imageset29_condition_it_coh_pic03_it_target.wav
322.224 rec_segment_written /Users/matveikurzukov/gurung/psychopy_gurung_v1/recordings/708780_main_imageset29_condition_it_coh_pic02_coh_2.wav
322.373 rec_segment_queue_write /Users/matveikurzukov/gurung/psychopy_gurung_v1/recordings/708780_main_imageset29_condition_it_coh_pic03_it_target.wav frames=14
322.374 rec_segment_start /Users/matveikurzukov/gurung/psychopy_gurung_v1/recordings/708780_main_imageset29_condition_it_coh_pic04_end_coh_it.wav
322.376 rec_segment_written /Users/matveikurzukov/gurung/psychopy_gurung_v1/recordings/708780_main_imageset29_condition_it_coh_pic03_it_target.wav
322.656 rec_segment_queue_write /Users/matveikurzukov/gurung/psychopy_gurung_v1/recordings/708780_main_imageset29_condition_it_coh_pic04_end_coh_it.wav frames=26
322.657 make_sequence roles=['coh_1', 'coh_2', 'it_target', 'end_coh_it'] paths=['/Users/matveikurzukov/Library/CloudStorage/GoogleDrive-apazent@gmail.com/.shortcut-targets-by-id/1exBA-7XrpLfZc6s8oGNYTbmjGsu5dT6p/Gurung stimuli/22_come_push chest/1/coh_1.png', '/Users/matveikurzukov/Library/CloudStorage/GoogleDrive-apazent@gmail.com/.shortcut-targets-by-id/1exBA-7XrpLfZc6s8oGNYTbmjGsu5dT6p/Gurung stimuli/22_come_push chest/1/coh_2.png', '/Users/matveikurzukov/Library/CloudStorage/GoogleDrive-apazent@gmail.com/.shortcut-targets-by-id/1exBA-7XrpLfZc6s8oGNYTbmjGsu5dT6p/Gurung stimuli/22_come_push chest/1/it_target.png', '/Users/matveikurzukov/Library/CloudStorage/GoogleDrive-apazent@gmail.com/.shortcut-targets-by-id/1exBA-7XrpLfZc6s8oGNYTbmjGsu5dT6p/Gurung stimuli/22_come_push chest/1/end_coh_it.png']
322.658 rec_segment_written /Users/matveikurzukov/gurung/psychopy_gurung_v1/recordings/708780_main_imageset29_condition_it_coh_pic04_end_coh_it.wav
323.373 rec_segment_start /Users/matveikurzukov/gurung/psychopy_gurung_v1/recordings/708780_main_imageset22_condition_it_coh_pic01_coh_1.wav
323.739 rec_segment_queue_write /Users/matveikurzukov/gurung/psychopy_gurung_v1/recordings/708780_main_imageset22_condition_it_coh_pic01_coh_1.wav frames=35
323.739 rec_segment_start /Users/matveikurzukov/gurung/psychopy_gurung_v1/recordings/708780_main_imageset22_condition_it_coh_pic02_coh_2.wav
323.742 rec_segment_written /Users/matveikurzukov/gurung/psychopy_gurung_v1/recordings/708780_main_imageset22_condition_it_coh_pic01_coh_1.wav
325.022 rec_segment_queue_write /Users/matveikurzukov/gurung/psychopy_gurung_v1/recordings/708780_main_imageset22_condition_it_coh_pic02_coh_2.wav frames=120
325.023 rec_segment_start /Users/matveikurzukov/gurung/psychopy_gurung_v1/recordings/708780_main_imageset22_condition_it_coh_pic03_it_target.wav
325.024 rec_segment_written /Users/matveikurzukov/gurung/psychopy_gurung_v1/recordings/708780_main_imageset22_condition_it_coh_pic02_coh_2.wav
325.539 rec_segment_queue_write /Users/matveikurzukov/gurung/psychopy_gurung_v1/recordings/708780_main_imageset22_condition_it_coh_pic03_it_target.wav frames=49
325.540 rec_segment_start /Users/matveikurzukov/gurung/psychopy_gurung_v1/recordings/708780_main_imageset22_condition_it_coh_pic04_end_coh_it.wav
325.541 rec_segment_written /Users/matveikurzukov/gurung/psychopy_gurung_v1/recordings/708780_main_imageset22_condition_it_coh_pic03_it_target.wav
325.956 rec_segment_queue_write /Users/matveikurzukov/gurung/psychopy_gurung_v1/recordings/708780_main_imageset22_condition_it_coh_pic04_end_coh_it.wav frames=39
325.957 make_sequence roles=['coh_1', 'coh_2', 'tr_target'] paths=['/Users/matveikurzukov/Library/CloudStorage/GoogleDrive-apazent@gmail.com/.shortcut-targets-by-id/1exBA-7XrpLfZc6s8oGNYTbmjGsu5dT6p/Gurung stimuli/15_smile_clean wall/1/coh_1.png', '/Users/matveikurzukov/Library/CloudStorage/GoogleDrive-apazent@gmail.com/.shortcut-targets-by-id/1exBA-7XrpLfZc6s8oGNYTbmjGsu5dT6p/Gurung stimuli/15_smile_clean wall/1/coh_2.png', '/Users/matveikurzukov/Library/CloudStorage/GoogleDrive-apazent@gmail.com/.shortcut-targets-by-id/1exBA-7XrpLfZc6s8oGNYTbmjGsu5dT6p/Gurung stimuli/15_smile_clean wall/1/tr_target.png']
325.959 rec_segment_written /Users/matveikurzukov/gurung/psychopy_gurung_v1/recordings/708780_main_imageset22_condition_it_coh_pic04_end_coh_it.wav
326.656 rec_segment_start /Users/matveikurzukov/gurung/psychopy_gurung_v1/recordings/708780_main_imageset15_condition_tr_coh_pic01_coh_1.wav
326.939 rec_segment_queue_write /Users/matveikurzukov/gurung/psychopy_gurung_v1/recordings/708780_main_imageset15_condition_tr_coh_pic01_coh_1.wav frames=27
326.940 rec_segment_start /Users/matveikurzukov/gurung/psychopy_gurung_v1/recordings/708780_main_imageset15_condition_tr_coh_pic02_coh_2.wav
326.940 rec_segment_written /Users/matveikurzukov/gurung/psychopy_gurung_v1/recordings/708780_main_imageset15_condition_tr_coh_pic01_coh_1.wav
327.173 rec_segment_queue_write /Users/matveikurzukov/gurung/psychopy_gurung_v1/recordings/708780_main_imageset15_condition_tr_coh_pic02_coh_2.wav frames=22
327.173 rec_segment_start /Users/matveikurzukov/gurung/psychopy_gurung_v1/recordings/708780_main_imageset15_condition_tr_coh_pic03_tr_target.wav
327.175 rec_segment_written /Users/matveikurzukov/gurung/psychopy_gurung_v1/recordings/708780_main_imageset15_condition_tr_coh_pic02_coh_2.wav
327.689 rec_segment_queue_write /Users/matveikurzukov/gurung/psychopy_gurung_v1/recordings/708780_main_imageset15_condition_tr_coh_pic03_tr_target.wav frames=48
327.690 make_sequence roles=['coh_1', 'coh_2', 'it_target', 'end_coh_it'] paths=['/Users/matveikurzukov/Library/CloudStorage/GoogleDrive-apazent@gmail.com/.shortcut-targets-by-id/1exBA-7XrpLfZc6s8oGNYTbmjGsu5dT6p/Gurung stimuli/19_sit_crack egg/1/coh_1.png', '/Users/matveikurzukov/Library/CloudStorage/GoogleDrive-apazent@gmail.com/.shortcut-targets-by-id/1exBA-7XrpLfZc6s8oGNYTbmjGsu5dT6p/Gurung stimuli/19_sit_crack egg/1/coh_2.png', '/Users/matveikurzukov/Library/CloudStorage/GoogleDrive-apazent@gmail.com/.shortcut-targets-by-id/1exBA-7XrpLfZc6s8oGNYTbmjGsu5dT6p/Gurung stimuli/19_sit_crack egg/1/it_target.png', '/Users/matveikurzukov/Library/CloudStorage/GoogleDrive-apazent@gmail.com/.shortcut-targets-by-id/1exBA-7XrpLfZc6s8oGNYTbmjGsu5dT6p/Gurung stimuli/19_sit_crack egg/1/end_coh_it.png']
327.691 rec_segment_written /Users/matveikurzukov/gurung/psychopy_gurung_v1/recordings/708780_main_imageset15_condition_tr_coh_pic03_tr_target.wav
328.542 rec_segment_start /Users/matveikurzukov/gurung/psychopy_gurung_v1/recordings/708780_main_imageset19_condition_it_coh_pic01_coh_1.wav
329.089 rec_segment_queue_write /Users/matveikurzukov/gurung/psychopy_gurung_v1/recordings/708780_main_imageset19_condition_it_coh_pic01_coh_1.wav frames=51
329.090 rec_segment_start /Users/matveikurzukov/gurung/psychopy_gurung_v1/recordings/708780_main_imageset19_condition_it_coh_pic02_coh_2.wav
329.092 rec_segment_written /Users/matveikurzukov/gurung/psychopy_gurung_v1/recordings/708780_main_imageset19_condition_it_coh_pic01_coh_1.wav
329.572 rec_segment_queue_write /Users/matveikurzukov/gurung/psychopy_gurung_v1/recordings/708780_main_imageset19_condition_it_coh_pic02_coh_2.wav frames=46
329.573 rec_segment_start /Users/matveikurzukov/gurung/psychopy_gurung_v1/recordings/708780_main_imageset19_condition_it_coh_pic03_it_target.wav
329.574 rec_segment_written /Users/matveikurzukov/gurung/psychopy_gurung_v1/recordings/708780_main_imageset19_condition_it_coh_pic02_coh_2.wav
332.106 rec_segment_queue_write /Users/matveikurzukov/gurung/psychopy_gurung_v1/recordings/708780_main_imageset19_condition_it_coh_pic03_it_target.wav frames=237
332.106 rec_segment_start /Users/matveikurzukov/gurung/psychopy_gurung_v1/recordings/708780_main_imageset19_condition_it_coh_pic04_end_coh_it.wav
332.124 rec_segment_written /Users/matveikurzukov/gurung/psychopy_gurung_v1/recordings/708780_main_imageset19_condition_it_coh_pic03_it_target.wav
340.272 rec_segment_queue_write /Users/matveikurzukov/gurung/psychopy_gurung_v1/recordings/708780_main_imageset19_condition_it_coh_pic04_end_coh_it.wav frames=766
340.273 make_sequence roles=['coh_1', 'coh_2', 'tr_target'] paths=['/Users/matveikurzukov/Library/CloudStorage/GoogleDrive-apazent@gmail.com/.shortcut-targets-by-id/1exBA-7XrpLfZc6s8oGNYTbmjGsu5dT6p/Gurung stimuli/8_smile_weave garland/1/coh_1.png', '/Users/matveikurzukov/Library/CloudStorage/GoogleDrive-apazent@gmail.com/.shortcut-targets-by-id/1exBA-7XrpLfZc6s8oGNYTbmjGsu5dT6p/Gurung stimuli/8_smile_weave garland/1/coh_2.png', '/Users/matveikurzukov/Library/CloudStorage/GoogleDrive-apazent@gmail.com/.shortcut-targets-by-id/1exBA-7XrpLfZc6s8oGNYTbmjGsu5dT6p/Gurung stimuli/8_smile_weave garland/1/tr_target.png']
340.277 rec_segment_written /Users/matveikurzukov/gurung/psychopy_gurung_v1/recordings/708780_main_imageset19_condition_it_coh_pic04_end_coh_it.wav
341.072 rec_segment_start /Users/matveikurzukov/gurung/psychopy_gurung_v1/recordings/708780_main_imageset08_condition_tr_coh_pic01_coh_1.wav
341.806 rec_segment_queue_write /Users/matveikurzukov/gurung/psychopy_gurung_v1/recordings/708780_main_imageset08_condition_tr_coh_pic01_coh_1.wav frames=69
341.806 rec_segment_start /Users/matveikurzukov/gurung/psychopy_gurung_v1/recordings/708780_main_imageset08_condition_tr_coh_pic02_coh_2.wav
341.809 rec_segment_written /Users/matveikurzukov/gurung/psychopy_gurung_v1/recordings/708780_main_imageset08_condition_tr_coh_pic01_coh_1.wav
342.205 rec_segment_queue_write /Users/matveikurzukov/gurung/psychopy_gurung_v1/recordings/708780_main_imageset08_condition_tr_coh_pic02_coh_2.wav frames=37
342.205 rec_segment_start /Users/matveikurzukov/gurung/psychopy_gurung_v1/recordings/708780_main_imageset08_condition_tr_coh_pic03_tr_target.wav
342.206 rec_segment_written /Users/matveikurzukov/gurung/psychopy_gurung_v1/recordings/708780_main_imageset08_condition_tr_coh_pic02_coh_2.wav
347.605 rec_segment_queue_write /Users/matveikurzukov/gurung/psychopy_gurung_v1/recordings/708780_main_imageset08_condition_tr_coh_pic03_tr_target.wav frames=506
347.606 make_sequence roles=['ic_1', 'it_target', 'end_ic_it'] paths=['/Users/matveikurzukov/Library/CloudStorage/GoogleDrive-apazent@gmail.com/.shortcut-targets-by-id/1exBA-7XrpLfZc6s8oGNYTbmjGsu5dT6p/Gurung stimuli/5_rest_build wall/1/ic_1.png', '/Users/matveikurzukov/Library/CloudStorage/GoogleDrive-apazent@gmail.com/.shortcut-targets-by-id/1exBA-7XrpLfZc6s8oGNYTbmjGsu5dT6p/Gurung stimuli/5_rest_build wall/1/it_target.png', '/Users/matveikurzukov/Library/CloudStorage/GoogleDrive-apazent@gmail.com/.shortcut-targets-by-id/1exBA-7XrpLfZc6s8oGNYTbmjGsu5dT6p/Gurung stimuli/5_rest_build wall/1/end_ic_it.png']
347.610 rec_segment_written /Users/matveikurzukov/gurung/psychopy_gurung_v1/recordings/708780_main_imageset08_condition_tr_coh_pic03_tr_target.wav
348.388 rec_segment_start /Users/matveikurzukov/gurung/psychopy_gurung_v1/recordings/708780_main_imageset05_condition_it_ic_pic01_ic_1.wav
348.904 rec_segment_queue_write /Users/matveikurzukov/gurung/psychopy_gurung_v1/recordings/708780_main_imageset05_condition_it_ic_pic01_ic_1.wav frames=48
348.905 rec_segment_start /Users/matveikurzukov/gurung/psychopy_gurung_v1/recordings/708780_main_imageset05_condition_it_ic_pic02_it_target.wav
348.906 rec_segment_written /Users/matveikurzukov/gurung/psychopy_gurung_v1/recordings/708780_main_imageset05_condition_it_ic_pic01_ic_1.wav
350.421 rec_segment_queue_write /Users/matveikurzukov/gurung/psychopy_gurung_v1/recordings/708780_main_imageset05_condition_it_ic_pic02_it_target.wav frames=142
350.421 rec_segment_start /Users/matveikurzukov/gurung/psychopy_gurung_v1/recordings/708780_main_imageset05_condition_it_ic_pic03_end_ic_it.wav
350.423 rec_segment_written /Users/matveikurzukov/gurung/psychopy_gurung_v1/recordings/708780_main_imageset05_condition_it_ic_pic02_it_target.wav
350.821 rec_segment_queue_write /Users/matveikurzukov/gurung/psychopy_gurung_v1/recordings/708780_main_imageset05_condition_it_ic_pic03_end_ic_it.wav frames=38
350.822 make_sequence roles=['coh_1', 'coh_2', 'it_target', 'end_coh_it'] paths=['/Users/matveikurzukov/Library/CloudStorage/GoogleDrive-apazent@gmail.com/.shortcut-targets-by-id/1exBA-7XrpLfZc6s8oGNYTbmjGsu5dT6p/Gurung stimuli/14_ascend_weave raincoat/1/coh_1.png', '/Users/matveikurzukov/Library/CloudStorage/GoogleDrive-apazent@gmail.com/.shortcut-targets-by-id/1exBA-7XrpLfZc6s8oGNYTbmjGsu5dT6p/Gurung stimuli/14_ascend_weave raincoat/1/coh_2.png', '/Users/matveikurzukov/Library/CloudStorage/GoogleDrive-apazent@gmail.com/.shortcut-targets-by-id/1exBA-7XrpLfZc6s8oGNYTbmjGsu5dT6p/Gurung stimuli/14_ascend_weave raincoat/1/it_target.png', '/Users/matveikurzukov/Library/CloudStorage/GoogleDrive-apazent@gmail.com/.shortcut-targets-by-id/1exBA-7XrpLfZc6s8oGNYTbmjGsu5dT6p/Gurung stimuli/14_ascend_weave raincoat/1/end_coh_it.png']
350.823 rec_segment_written /Users/matveikurzukov/gurung/psychopy_gurung_v1/recordings/708780_main_imageset05_condition_it_ic_pic03_end_ic_it.wav
351.671 rec_segment_start /Users/matveikurzukov/gurung/psychopy_gurung_v1/recordings/708780_main_imageset14_condition_it_coh_pic01_coh_1.wav
352.088 rec_segment_queue_write /Users/matveikurzukov/gurung/psychopy_gurung_v1/recordings/708780_main_imageset14_condition_it_coh_pic01_coh_1.wav frames=39
352.088 rec_segment_start /Users/matveikurzukov/gurung/psychopy_gurung_v1/recordings/708780_main_imageset14_condition_it_coh_pic02_coh_2.wav
352.089 rec_segment_written /Users/matveikurzukov/gurung/psychopy_gurung_v1/recordings/708780_main_imageset14_condition_it_coh_pic01_coh_1.wav
352.522 rec_segment_queue_write /Users/matveikurzukov/gurung/psychopy_gurung_v1/recordings/708780_main_imageset14_condition_it_coh_pic02_coh_2.wav frames=40
352.523 rec_segment_start /Users/matveikurzukov/gurung/psychopy_gurung_v1/recordings/708780_main_imageset14_condition_it_coh_pic03_it_target.wav
352.524 rec_segment_written /Users/matveikurzukov/gurung/psychopy_gurung_v1/recordings/708780_main_imageset14_condition_it_coh_pic02_coh_2.wav
352.889 rec_segment_queue_write /Users/matveikurzukov/gurung/psychopy_gurung_v1/recordings/708780_main_imageset14_condition_it_coh_pic03_it_target.wav frames=35
352.890 rec_segment_start /Users/matveikurzukov/gurung/psychopy_gurung_v1/recordings/708780_main_imageset14_condition_it_coh_pic04_end_coh_it.wav
352.890 rec_segment_written /Users/matveikurzukov/gurung/psychopy_gurung_v1/recordings/708780_main_imageset14_condition_it_coh_pic03_it_target.wav
353.204 rec_segment_queue_write /Users/matveikurzukov/gurung/psychopy_gurung_v1/recordings/708780_main_imageset14_condition_it_coh_pic04_end_coh_it.wav frames=29
353.205 make_sequence roles=['ic_1', 'tr_target', 'end_ic_tr'] paths=['/Users/matveikurzukov/Library/CloudStorage/GoogleDrive-apazent@gmail.com/.shortcut-targets-by-id/1exBA-7XrpLfZc6s8oGNYTbmjGsu5dT6p/Gurung stimuli/13_stand_wash clothes/1/ic_1.png', '/Users/matveikurzukov/Library/CloudStorage/GoogleDrive-apazent@gmail.com/.shortcut-targets-by-id/1exBA-7XrpLfZc6s8oGNYTbmjGsu5dT6p/Gurung stimuli/13_stand_wash clothes/1/tr_target.png', '/Users/matveikurzukov/Library/CloudStorage/GoogleDrive-apazent@gmail.com/.shortcut-targets-by-id/1exBA-7XrpLfZc6s8oGNYTbmjGsu5dT6p/Gurung stimuli/13_stand_wash clothes/1/end_ic_tr.png']
353.206 rec_segment_written /Users/matveikurzukov/gurung/psychopy_gurung_v1/recordings/708780_main_imageset14_condition_it_coh_pic04_end_coh_it.wav
353.459 play_audio /Users/matveikurzukov/gurung/psychopy_gurung_v1/Audio/tsakyali.wav
364.487 rec_segment_start /Users/matveikurzukov/gurung/psychopy_gurung_v1/recordings/708780_main_imageset13_condition_tr_ic_pic01_ic_1.wav
365.104 rec_segment_queue_write /Users/matveikurzukov/gurung/psychopy_gurung_v1/recordings/708780_main_imageset13_condition_tr_ic_pic01_ic_1.wav frames=58
365.105 rec_segment_start /Users/matveikurzukov/gurung/psychopy_gurung_v1/recordings/708780_main_imageset13_condition_tr_ic_pic02_tr_target.wav
365.110 rec_segment_written /Users/matveikurzukov/gurung/psychopy_gurung_v1/recordings/708780_main_imageset13_condition_tr_ic_pic01_ic_1.wav
365.304 rec_segment_queue_write /Users/matveikurzukov/gurung/psychopy_gurung_v1/recordings/708780_main_imageset13_condition_tr_ic_pic02_tr_target.wav frames=19
365.304 rec_segment_start /Users/matveikurzukov/gurung/psychopy_gurung_v1/recordings/708780_main_imageset13_condition_tr_ic_pic03_end_ic_tr.wav
365.305 rec_segment_written /Users/matveikurzukov/gurung/psychopy_gurung_v1/recordings/708780_main_imageset13_condition_tr_ic_pic02_tr_target.wav
365.487 rec_segment_queue_write /Users/matveikurzukov/gurung/psychopy_gurung_v1/recordings/708780_main_imageset13_condition_tr_ic_pic03_end_ic_tr.wav frames=17
365.489 make_sequence roles=['ic_1', 'tr_target', 'end_ic_tr'] paths=['/Users/matveikurzukov/Library/CloudStorage/GoogleDrive-apazent@gmail.com/.shortcut-targets-by-id/1exBA-7XrpLfZc6s8oGNYTbmjGsu5dT6p/Gurung stimuli/5_rest_build wall/1/ic_1.png', '/Users/matveikurzukov/Library/CloudStorage/GoogleDrive-apazent@gmail.com/.shortcut-targets-by-id/1exBA-7XrpLfZc6s8oGNYTbmjGsu5dT6p/Gurung stimuli/5_rest_build wall/1/tr_target.png', '/Users/matveikurzukov/Library/CloudStorage/GoogleDrive-apazent@gmail.com/.shortcut-targets-by-id/1exBA-7XrpLfZc6s8oGNYTbmjGsu5dT6p/Gurung stimuli/5_rest_build wall/1/end_ic_tr.png']
365.490 rec_segment_written /Users/matveikurzukov/gurung/psychopy_gurung_v1/recordings/708780_main_imageset13_condition_tr_ic_pic03_end_ic_tr.wav
366.071 rec_segment_start /Users/matveikurzukov/gurung/psychopy_gurung_v1/recordings/708780_main_imageset05_condition_tr_ic_pic01_ic_1.wav
366.337 rec_segment_queue_write /Users/matveikurzukov/gurung/psychopy_gurung_v1/recordings/708780_main_imageset05_condition_tr_ic_pic01_ic_1.wav frames=25
366.337 rec_segment_start /Users/matveikurzukov/gurung/psychopy_gurung_v1/recordings/708780_main_imageset05_condition_tr_ic_pic02_tr_target.wav
366.338 rec_segment_written /Users/matveikurzukov/gurung/psychopy_gurung_v1/recordings/708780_main_imageset05_condition_tr_ic_pic01_ic_1.wav
366.587 rec_segment_queue_write /Users/matveikurzukov/gurung/psychopy_gurung_v1/recordings/708780_main_imageset05_condition_tr_ic_pic02_tr_target.wav frames=23
366.587 rec_segment_start /Users/matveikurzukov/gurung/psychopy_gurung_v1/recordings/708780_main_imageset05_condition_tr_ic_pic03_end_ic_tr.wav
366.588 rec_segment_written /Users/matveikurzukov/gurung/psychopy_gurung_v1/recordings/708780_main_imageset05_condition_tr_ic_pic02_tr_target.wav
366.754 rec_segment_queue_write /Users/matveikurzukov/gurung/psychopy_gurung_v1/recordings/708780_main_imageset05_condition_tr_ic_pic03_end_ic_tr.wav frames=16
366.755 make_sequence roles=['coh_1', 'coh_2', 'tr_target'] paths=['/Users/matveikurzukov/Library/CloudStorage/GoogleDrive-apazent@gmail.com/.shortcut-targets-by-id/1exBA-7XrpLfZc6s8oGNYTbmjGsu5dT6p/Gurung stimuli/6_sleep_pluck tomatoes/1/coh_1.png', '/Users/matveikurzukov/Library/CloudStorage/GoogleDrive-apazent@gmail.com/.shortcut-targets-by-id/1exBA-7XrpLfZc6s8oGNYTbmjGsu5dT6p/Gurung stimuli/6_sleep_pluck tomatoes/1/coh_2.png', '/Users/matveikurzukov/Library/CloudStorage/GoogleDrive-apazent@gmail.com/.shortcut-targets-by-id/1exBA-7XrpLfZc6s8oGNYTbmjGsu5dT6p/Gurung stimuli/6_sleep_pluck tomatoes/1/tr_target.png']
366.755 rec_segment_written /Users/matveikurzukov/gurung/psychopy_gurung_v1/recordings/708780_main_imageset05_condition_tr_ic_pic03_end_ic_tr.wav
367.103 rec_segment_start /Users/matveikurzukov/gurung/psychopy_gurung_v1/recordings/708780_main_imageset06_condition_tr_coh_pic01_coh_1.wav
367.303 rec_segment_queue_write /Users/matveikurzukov/gurung/psychopy_gurung_v1/recordings/708780_main_imageset06_condition_tr_coh_pic01_coh_1.wav frames=19
367.304 rec_segment_start /Users/matveikurzukov/gurung/psychopy_gurung_v1/recordings/708780_main_imageset06_condition_tr_coh_pic02_coh_2.wav
367.304 rec_segment_written /Users/matveikurzukov/gurung/psychopy_gurung_v1/recordings/708780_main_imageset06_condition_tr_coh_pic01_coh_1.wav
367.470 rec_segment_queue_write /Users/matveikurzukov/gurung/psychopy_gurung_v1/recordings/708780_main_imageset06_condition_tr_coh_pic02_coh_2.wav frames=16
367.471 rec_segment_start /Users/matveikurzukov/gurung/psychopy_gurung_v1/recordings/708780_main_imageset06_condition_tr_coh_pic03_tr_target.wav
367.472 rec_segment_written /Users/matveikurzukov/gurung/psychopy_gurung_v1/recordings/708780_main_imageset06_condition_tr_coh_pic02_coh_2.wav
367.654 rec_segment_queue_write /Users/matveikurzukov/gurung/psychopy_gurung_v1/recordings/708780_main_imageset06_condition_tr_coh_pic03_tr_target.wav frames=17
367.655 make_sequence roles=['coh_1', 'coh_2', 'it_target', 'end_coh_it'] paths=['/Users/matveikurzukov/Library/CloudStorage/GoogleDrive-apazent@gmail.com/.shortcut-targets-by-id/1exBA-7XrpLfZc6s8oGNYTbmjGsu5dT6p/Gurung stimuli/1_cough_throw bones/1/coh_1.png', '/Users/matveikurzukov/Library/CloudStorage/GoogleDrive-apazent@gmail.com/.shortcut-targets-by-id/1exBA-7XrpLfZc6s8oGNYTbmjGsu5dT6p/Gurung stimuli/1_cough_throw bones/1/coh_2.png', '/Users/matveikurzukov/Library/CloudStorage/GoogleDrive-apazent@gmail.com/.shortcut-targets-by-id/1exBA-7XrpLfZc6s8oGNYTbmjGsu5dT6p/Gurung stimuli/1_cough_throw bones/1/it_target.png', '/Users/matveikurzukov/Library/CloudStorage/GoogleDrive-apazent@gmail.com/.shortcut-targets-by-id/1exBA-7XrpLfZc6s8oGNYTbmjGsu5dT6p/Gurung stimuli/1_cough_throw bones/1/end_coh_it.png']
367.656 rec_segment_written /Users/matveikurzukov/gurung/psychopy_gurung_v1/recordings/708780_main_imageset06_condition_tr_coh_pic03_tr_target.wav
368.054 rec_segment_start /Users/matveikurzukov/gurung/psychopy_gurung_v1/recordings/708780_main_imageset01_condition_it_coh_pic01_coh_1.wav
368.270 rec_segment_queue_write /Users/matveikurzukov/gurung/psychopy_gurung_v1/recordings/708780_main_imageset01_condition_it_coh_pic01_coh_1.wav frames=20
368.271 rec_segment_start /Users/matveikurzukov/gurung/psychopy_gurung_v1/recordings/708780_main_imageset01_condition_it_coh_pic02_coh_2.wav
368.272 rec_segment_written /Users/matveikurzukov/gurung/psychopy_gurung_v1/recordings/708780_main_imageset01_condition_it_coh_pic01_coh_1.wav
368.504 rec_segment_queue_write /Users/matveikurzukov/gurung/psychopy_gurung_v1/recordings/708780_main_imageset01_condition_it_coh_pic02_coh_2.wav frames=22
368.504 rec_segment_start /Users/matveikurzukov/gurung/psychopy_gurung_v1/recordings/708780_main_imageset01_condition_it_coh_pic03_it_target.wav
368.505 rec_segment_written /Users/matveikurzukov/gurung/psychopy_gurung_v1/recordings/708780_main_imageset01_condition_it_coh_pic02_coh_2.wav
368.687 rec_segment_queue_write /Users/matveikurzukov/gurung/psychopy_gurung_v1/recordings/708780_main_imageset01_condition_it_coh_pic03_it_target.wav frames=17
368.687 rec_segment_start /Users/matveikurzukov/gurung/psychopy_gurung_v1/recordings/708780_main_imageset01_condition_it_coh_pic04_end_coh_it.wav
368.688 rec_segment_written /Users/matveikurzukov/gurung/psychopy_gurung_v1/recordings/708780_main_imageset01_condition_it_coh_pic03_it_target.wav
368.870 rec_segment_queue_write /Users/matveikurzukov/gurung/psychopy_gurung_v1/recordings/708780_main_imageset01_condition_it_coh_pic04_end_coh_it.wav frames=17
368.872 rec_segment_written /Users/matveikurzukov/gurung/psychopy_gurung_v1/recordings/708780_main_imageset01_condition_it_coh_pic04_end_coh_it.wav
404.595 make_sequence roles=['ic_1', 'it_target', 'end_ic_it'] paths=['/Users/matveikurzukov/Library/CloudStorage/GoogleDrive-apazent@gmail.com/.shortcut-targets-by-id/1exBA-7XrpLfZc6s8oGNYTbmjGsu5dT6p/Gurung stimuli/19_sit_crack egg/1/ic_1.png', '/Users/matveikurzukov/Library/CloudStorage/GoogleDrive-apazent@gmail.com/.shortcut-targets-by-id/1exBA-7XrpLfZc6s8oGNYTbmjGsu5dT6p/Gurung stimuli/19_sit_crack egg/1/it_target.png', '/Users/matveikurzukov/Library/CloudStorage/GoogleDrive-apazent@gmail.com/.shortcut-targets-by-id/1exBA-7XrpLfZc6s8oGNYTbmjGsu5dT6p/Gurung stimuli/19_sit_crack egg/1/end_ic_it.png']
404.901 rec_segment_start /Users/matveikurzukov/gurung/psychopy_gurung_v1/recordings/708780_main_imageset19_condition_it_ic_pic01_ic_1.wav
405.185 rec_segment_queue_write /Users/matveikurzukov/gurung/psychopy_gurung_v1/recordings/708780_main_imageset19_condition_it_ic_pic01_ic_1.wav frames=27
405.185 rec_segment_start /Users/matveikurzukov/gurung/psychopy_gurung_v1/recordings/708780_main_imageset19_condition_it_ic_pic02_it_target.wav
405.186 rec_segment_written /Users/matveikurzukov/gurung/psychopy_gurung_v1/recordings/708780_main_imageset19_condition_it_ic_pic01_ic_1.wav
405.352 rec_segment_queue_write /Users/matveikurzukov/gurung/psychopy_gurung_v1/recordings/708780_main_imageset19_condition_it_ic_pic02_it_target.wav frames=15
405.352 rec_segment_start /Users/matveikurzukov/gurung/psychopy_gurung_v1/recordings/708780_main_imageset19_condition_it_ic_pic03_end_ic_it.wav
405.352 rec_segment_written /Users/matveikurzukov/gurung/psychopy_gurung_v1/recordings/708780_main_imageset19_condition_it_ic_pic02_it_target.wav
405.485 rec_segment_queue_write /Users/matveikurzukov/gurung/psychopy_gurung_v1/recordings/708780_main_imageset19_condition_it_ic_pic03_end_ic_it.wav frames=13
405.486 make_sequence roles=['coh_1', 'coh_2', 'it_target', 'end_coh_it'] paths=['/Users/matveikurzukov/Library/CloudStorage/GoogleDrive-apazent@gmail.com/.shortcut-targets-by-id/1exBA-7XrpLfZc6s8oGNYTbmjGsu5dT6p/Gurung stimuli/28_jump_peel orange/1/coh_1.png', '/Users/matveikurzukov/Library/CloudStorage/GoogleDrive-apazent@gmail.com/.shortcut-targets-by-id/1exBA-7XrpLfZc6s8oGNYTbmjGsu5dT6p/Gurung stimuli/28_jump_peel orange/1/coh_2.png', '/Users/matveikurzukov/Library/CloudStorage/GoogleDrive-apazent@gmail.com/.shortcut-targets-by-id/1exBA-7XrpLfZc6s8oGNYTbmjGsu5dT6p/Gurung stimuli/28_jump_peel orange/1/it_target.png', '/Users/matveikurzukov/Library/CloudStorage/GoogleDrive-apazent@gmail.com/.shortcut-targets-by-id/1exBA-7XrpLfZc6s8oGNYTbmjGsu5dT6p/Gurung stimuli/28_jump_peel orange/1/end_coh_it.png']
405.487 rec_segment_written /Users/matveikurzukov/gurung/psychopy_gurung_v1/recordings/708780_main_imageset19_condition_it_ic_pic03_end_ic_it.wav
406.001 rec_segment_start /Users/matveikurzukov/gurung/psychopy_gurung_v1/recordings/708780_main_imageset28_condition_it_coh_pic01_coh_1.wav
406.185 rec_segment_queue_write /Users/matveikurzukov/gurung/psychopy_gurung_v1/recordings/708780_main_imageset28_condition_it_coh_pic01_coh_1.wav frames=18
406.185 rec_segment_start /Users/matveikurzukov/gurung/psychopy_gurung_v1/recordings/708780_main_imageset28_condition_it_coh_pic02_coh_2.wav
406.186 rec_segment_written /Users/matveikurzukov/gurung/psychopy_gurung_v1/recordings/708780_main_imageset28_condition_it_coh_pic01_coh_1.wav
406.338 rec_segment_queue_write /Users/matveikurzukov/gurung/psychopy_gurung_v1/recordings/708780_main_imageset28_condition_it_coh_pic02_coh_2.wav frames=14
406.339 rec_segment_start /Users/matveikurzukov/gurung/psychopy_gurung_v1/recordings/708780_main_imageset28_condition_it_coh_pic03_it_target.wav
406.339 rec_segment_written /Users/matveikurzukov/gurung/psychopy_gurung_v1/recordings/708780_main_imageset28_condition_it_coh_pic02_coh_2.wav
406.519 rec_segment_queue_write /Users/matveikurzukov/gurung/psychopy_gurung_v1/recordings/708780_main_imageset28_condition_it_coh_pic03_it_target.wav frames=17
406.519 rec_segment_start /Users/matveikurzukov/gurung/psychopy_gurung_v1/recordings/708780_main_imageset28_condition_it_coh_pic04_end_coh_it.wav
406.521 rec_segment_written /Users/matveikurzukov/gurung/psychopy_gurung_v1/recordings/708780_main_imageset28_condition_it_coh_pic03_it_target.wav
406.685 rec_segment_queue_write /Users/matveikurzukov/gurung/psychopy_gurung_v1/recordings/708780_main_imageset28_condition_it_coh_pic04_end_coh_it.wav frames=15
406.686 make_sequence roles=['ic_1', 'it_target', 'end_ic_it'] paths=['/Users/matveikurzukov/Library/CloudStorage/GoogleDrive-apazent@gmail.com/.shortcut-targets-by-id/1exBA-7XrpLfZc6s8oGNYTbmjGsu5dT6p/Gurung stimuli/29_sit_cut potato/1/ic_1.png', '/Users/matveikurzukov/Library/CloudStorage/GoogleDrive-apazent@gmail.com/.shortcut-targets-by-id/1exBA-7XrpLfZc6s8oGNYTbmjGsu5dT6p/Gurung stimuli/29_sit_cut potato/1/it_target.png', '/Users/matveikurzukov/Library/CloudStorage/GoogleDrive-apazent@gmail.com/.shortcut-targets-by-id/1exBA-7XrpLfZc6s8oGNYTbmjGsu5dT6p/Gurung stimuli/29_sit_cut potato/1/end_ic_it.png']
406.687 rec_segment_written /Users/matveikurzukov/gurung/psychopy_gurung_v1/recordings/708780_main_imageset28_condition_it_coh_pic04_end_coh_it.wav
407.018 rec_segment_start /Users/matveikurzukov/gurung/psychopy_gurung_v1/recordings/708780_main_imageset29_condition_it_ic_pic01_ic_1.wav
407.169 rec_segment_queue_write /Users/matveikurzukov/gurung/psychopy_gurung_v1/recordings/708780_main_imageset29_condition_it_ic_pic01_ic_1.wav frames=14
407.169 rec_segment_start /Users/matveikurzukov/gurung/psychopy_gurung_v1/recordings/708780_main_imageset29_condition_it_ic_pic02_it_target.wav
407.169 rec_segment_written /Users/matveikurzukov/gurung/psychopy_gurung_v1/recordings/708780_main_imageset29_condition_it_ic_pic01_ic_1.wav
407.368 rec_segment_queue_write /Users/matveikurzukov/gurung/psychopy_gurung_v1/recordings/708780_main_imageset29_condition_it_ic_pic02_it_target.wav frames=18
407.368 rec_segment_start /Users/matveikurzukov/gurung/psychopy_gurung_v1/recordings/708780_main_imageset29_condition_it_ic_pic03_end_ic_it.wav
407.369 rec_segment_written /Users/matveikurzukov/gurung/psychopy_gurung_v1/recordings/708780_main_imageset29_condition_it_ic_pic02_it_target.wav
407.535 rec_segment_queue_write /Users/matveikurzukov/gurung/psychopy_gurung_v1/recordings/708780_main_imageset29_condition_it_ic_pic03_end_ic_it.wav frames=16
407.536 make_sequence roles=['ic_1', 'tr_target', 'end_ic_tr'] paths=['/Users/matveikurzukov/Library/CloudStorage/GoogleDrive-apazent@gmail.com/.shortcut-targets-by-id/1exBA-7XrpLfZc6s8oGNYTbmjGsu5dT6p/Gurung stimuli/6_sleep_pluck tomatoes/1/ic_1.png', '/Users/matveikurzukov/Library/CloudStorage/GoogleDrive-apazent@gmail.com/.shortcut-targets-by-id/1exBA-7XrpLfZc6s8oGNYTbmjGsu5dT6p/Gurung stimuli/6_sleep_pluck tomatoes/1/tr_target.png', '/Users/matveikurzukov/Library/CloudStorage/GoogleDrive-apazent@gmail.com/.shortcut-targets-by-id/1exBA-7XrpLfZc6s8oGNYTbmjGsu5dT6p/Gurung stimuli/6_sleep_pluck tomatoes/1/end_ic_tr.png']
407.536 rec_segment_written /Users/matveikurzukov/gurung/psychopy_gurung_v1/recordings/708780_main_imageset29_condition_it_ic_pic03_end_ic_it.wav
407.818 rec_segment_start /Users/matveikurzukov/gurung/psychopy_gurung_v1/recordings/708780_main_imageset06_condition_tr_ic_pic01_ic_1.wav
407.968 rec_segment_queue_write /Users/matveikurzukov/gurung/psychopy_gurung_v1/recordings/708780_main_imageset06_condition_tr_ic_pic01_ic_1.wav frames=14
407.969 rec_segment_start /Users/matveikurzukov/gurung/psychopy_gurung_v1/recordings/708780_main_imageset06_condition_tr_ic_pic02_tr_target.wav
407.969 rec_segment_written /Users/matveikurzukov/gurung/psychopy_gurung_v1/recordings/708780_main_imageset06_condition_tr_ic_pic01_ic_1.wav
408.121 rec_segment_queue_write /Users/matveikurzukov/gurung/psychopy_gurung_v1/recordings/708780_main_imageset06_condition_tr_ic_pic02_tr_target.wav frames=14
408.121 rec_segment_start /Users/matveikurzukov/gurung/psychopy_gurung_v1/recordings/708780_main_imageset06_condition_tr_ic_pic03_end_ic_tr.wav
408.127 rec_segment_written /Users/matveikurzukov/gurung/psychopy_gurung_v1/recordings/708780_main_imageset06_condition_tr_ic_pic02_tr_target.wav
408.285 rec_segment_queue_write /Users/matveikurzukov/gurung/psychopy_gurung_v1/recordings/708780_main_imageset06_condition_tr_ic_pic03_end_ic_tr.wav frames=15
408.287 make_sequence roles=['coh_1', 'coh_2', 'tr_target'] paths=['/Users/matveikurzukov/Library/CloudStorage/GoogleDrive-apazent@gmail.com/.shortcut-targets-by-id/1exBA-7XrpLfZc6s8oGNYTbmjGsu5dT6p/Gurung stimuli/9_descend_harvest rice/1/coh_1.png', '/Users/matveikurzukov/Library/CloudStorage/GoogleDrive-apazent@gmail.com/.shortcut-targets-by-id/1exBA-7XrpLfZc6s8oGNYTbmjGsu5dT6p/Gurung stimuli/9_descend_harvest rice/1/coh_2.png', '/Users/matveikurzukov/Library/CloudStorage/GoogleDrive-apazent@gmail.com/.shortcut-targets-by-id/1exBA-7XrpLfZc6s8oGNYTbmjGsu5dT6p/Gurung stimuli/9_descend_harvest rice/1/tr_target.png']
408.288 rec_segment_written /Users/matveikurzukov/gurung/psychopy_gurung_v1/recordings/708780_main_imageset06_condition_tr_ic_pic03_end_ic_tr.wav
408.585 rec_segment_start /Users/matveikurzukov/gurung/psychopy_gurung_v1/recordings/708780_main_imageset09_condition_tr_coh_pic01_coh_1.wav
408.735 rec_segment_queue_write /Users/matveikurzukov/gurung/psychopy_gurung_v1/recordings/708780_main_imageset09_condition_tr_coh_pic01_coh_1.wav frames=14
408.735 rec_segment_start /Users/matveikurzukov/gurung/psychopy_gurung_v1/recordings/708780_main_imageset09_condition_tr_coh_pic02_coh_2.wav
408.736 rec_segment_written /Users/matveikurzukov/gurung/psychopy_gurung_v1/recordings/708780_main_imageset09_condition_tr_coh_pic01_coh_1.wav
408.901 rec_segment_queue_write /Users/matveikurzukov/gurung/psychopy_gurung_v1/recordings/708780_main_imageset09_condition_tr_coh_pic02_coh_2.wav frames=15
408.902 rec_segment_start /Users/matveikurzukov/gurung/psychopy_gurung_v1/recordings/708780_main_imageset09_condition_tr_coh_pic03_tr_target.wav
408.902 rec_segment_written /Users/matveikurzukov/gurung/psychopy_gurung_v1/recordings/708780_main_imageset09_condition_tr_coh_pic02_coh_2.wav
409.068 rec_segment_queue_write /Users/matveikurzukov/gurung/psychopy_gurung_v1/recordings/708780_main_imageset09_condition_tr_coh_pic03_tr_target.wav frames=16
409.069 make_sequence roles=['coh_1', 'coh_2', 'tr_target'] paths=['/Users/matveikurzukov/Library/CloudStorage/GoogleDrive-apazent@gmail.com/.shortcut-targets-by-id/1exBA-7XrpLfZc6s8oGNYTbmjGsu5dT6p/Gurung stimuli/20_come_plant sapling/1/coh_1.png', '/Users/matveikurzukov/Library/CloudStorage/GoogleDrive-apazent@gmail.com/.shortcut-targets-by-id/1exBA-7XrpLfZc6s8oGNYTbmjGsu5dT6p/Gurung stimuli/20_come_plant sapling/1/coh_2.png', '/Users/matveikurzukov/Library/CloudStorage/GoogleDrive-apazent@gmail.com/.shortcut-targets-by-id/1exBA-7XrpLfZc6s8oGNYTbmjGsu5dT6p/Gurung stimuli/20_come_plant sapling/1/tr_target.png']
409.070 rec_segment_written /Users/matveikurzukov/gurung/psychopy_gurung_v1/recordings/708780_main_imageset09_condition_tr_coh_pic03_tr_target.wav
409.368 rec_segment_start /Users/matveikurzukov/gurung/psychopy_gurung_v1/recordings/708780_main_imageset20_condition_tr_coh_pic01_coh_1.wav
409.535 rec_segment_queue_write /Users/matveikurzukov/gurung/psychopy_gurung_v1/recordings/708780_main_imageset20_condition_tr_coh_pic01_coh_1.wav frames=16
409.535 rec_segment_start /Users/matveikurzukov/gurung/psychopy_gurung_v1/recordings/708780_main_imageset20_condition_tr_coh_pic02_coh_2.wav
409.536 rec_segment_written /Users/matveikurzukov/gurung/psychopy_gurung_v1/recordings/708780_main_imageset20_condition_tr_coh_pic01_coh_1.wav
409.702 rec_segment_queue_write /Users/matveikurzukov/gurung/psychopy_gurung_v1/recordings/708780_main_imageset20_condition_tr_coh_pic02_coh_2.wav frames=15
409.702 rec_segment_start /Users/matveikurzukov/gurung/psychopy_gurung_v1/recordings/708780_main_imageset20_condition_tr_coh_pic03_tr_target.wav
409.702 rec_segment_written /Users/matveikurzukov/gurung/psychopy_gurung_v1/recordings/708780_main_imageset20_condition_tr_coh_pic02_coh_2.wav
409.868 rec_segment_queue_write /Users/matveikurzukov/gurung/psychopy_gurung_v1/recordings/708780_main_imageset20_condition_tr_coh_pic03_tr_target.wav frames=16
409.869 rec_segment_written /Users/matveikurzukov/gurung/psychopy_gurung_v1/recordings/708780_main_imageset20_condition_tr_coh_pic03_tr_target.wav
409.872 make_sequence roles=['ic_1', 'tr_target', 'end_ic_tr'] paths=['/Users/matveikurzukov/Library/CloudStorage/GoogleDrive-apazent@gmail.com/.shortcut-targets-by-id/1exBA-7XrpLfZc6s8oGNYTbmjGsu5dT6p/Gurung stimuli/12_come_eat rice/1/ic_1.png', '/Users/matveikurzukov/Library/CloudStorage/GoogleDrive-apazent@gmail.com/.shortcut-targets-by-id/1exBA-7XrpLfZc6s8oGNYTbmjGsu5dT6p/Gurung stimuli/12_come_eat rice/1/tr_target.png', '/Users/matveikurzukov/Library/CloudStorage/GoogleDrive-apazent@gmail.com/.shortcut-targets-by-id/1exBA-7XrpLfZc6s8oGNYTbmjGsu5dT6p/Gurung stimuli/12_come_eat rice/1/end_ic_tr.png']
410.218 rec_segment_start /Users/matveikurzukov/gurung/psychopy_gurung_v1/recordings/708780_main_imageset12_condition_tr_ic_pic01_ic_1.wav
410.372 rec_segment_queue_write /Users/matveikurzukov/gurung/psychopy_gurung_v1/recordings/708780_main_imageset12_condition_tr_ic_pic01_ic_1.wav frames=14
410.373 rec_segment_start /Users/matveikurzukov/gurung/psychopy_gurung_v1/recordings/708780_main_imageset12_condition_tr_ic_pic02_tr_target.wav
410.374 rec_segment_written /Users/matveikurzukov/gurung/psychopy_gurung_v1/recordings/708780_main_imageset12_condition_tr_ic_pic01_ic_1.wav
410.535 rec_segment_queue_write /Users/matveikurzukov/gurung/psychopy_gurung_v1/recordings/708780_main_imageset12_condition_tr_ic_pic02_tr_target.wav frames=15
410.535 rec_segment_start /Users/matveikurzukov/gurung/psychopy_gurung_v1/recordings/708780_main_imageset12_condition_tr_ic_pic03_end_ic_tr.wav
410.536 rec_segment_written /Users/matveikurzukov/gurung/psychopy_gurung_v1/recordings/708780_main_imageset12_condition_tr_ic_pic02_tr_target.wav
410.685 rec_segment_queue_write /Users/matveikurzukov/gurung/psychopy_gurung_v1/recordings/708780_main_imageset12_condition_tr_ic_pic03_end_ic_tr.wav frames=14
410.685 make_sequence roles=['coh_1', 'coh_2', 'it_target', 'end_coh_it'] paths=['/Users/matveikurzukov/Library/CloudStorage/GoogleDrive-apazent@gmail.com/.shortcut-targets-by-id/1exBA-7XrpLfZc6s8oGNYTbmjGsu5dT6p/Gurung stimuli/30_smile_make momos/1/coh_1.png', '/Users/matveikurzukov/Library/CloudStorage/GoogleDrive-apazent@gmail.com/.shortcut-targets-by-id/1exBA-7XrpLfZc6s8oGNYTbmjGsu5dT6p/Gurung stimuli/30_smile_make momos/1/coh_2.png', '/Users/matveikurzukov/Library/CloudStorage/GoogleDrive-apazent@gmail.com/.shortcut-targets-by-id/1exBA-7XrpLfZc6s8oGNYTbmjGsu5dT6p/Gurung stimuli/30_smile_make momos/1/it_target.png', '/Users/matveikurzukov/Library/CloudStorage/GoogleDrive-apazent@gmail.com/.shortcut-targets-by-id/1exBA-7XrpLfZc6s8oGNYTbmjGsu5dT6p/Gurung stimuli/30_smile_make momos/1/end_coh_it.png']
410.686 rec_segment_written /Users/matveikurzukov/gurung/psychopy_gurung_v1/recordings/708780_main_imageset12_condition_tr_ic_pic03_end_ic_tr.wav
411.034 rec_segment_start /Users/matveikurzukov/gurung/psychopy_gurung_v1/recordings/708780_main_imageset30_condition_it_coh_pic01_coh_1.wav
411.201 rec_segment_queue_write /Users/matveikurzukov/gurung/psychopy_gurung_v1/recordings/708780_main_imageset30_condition_it_coh_pic01_coh_1.wav frames=16
411.202 rec_segment_start /Users/matveikurzukov/gurung/psychopy_gurung_v1/recordings/708780_main_imageset30_condition_it_coh_pic02_coh_2.wav
411.202 rec_segment_written /Users/matveikurzukov/gurung/psychopy_gurung_v1/recordings/708780_main_imageset30_condition_it_coh_pic01_coh_1.wav
411.351 rec_segment_queue_write /Users/matveikurzukov/gurung/psychopy_gurung_v1/recordings/708780_main_imageset30_condition_it_coh_pic02_coh_2.wav frames=14
411.352 rec_segment_start /Users/matveikurzukov/gurung/psychopy_gurung_v1/recordings/708780_main_imageset30_condition_it_coh_pic03_it_target.wav
411.352 rec_segment_written /Users/matveikurzukov/gurung/psychopy_gurung_v1/recordings/708780_main_imageset30_condition_it_coh_pic02_coh_2.wav
411.518 rec_segment_queue_write /Users/matveikurzukov/gurung/psychopy_gurung_v1/recordings/708780_main_imageset30_condition_it_coh_pic03_it_target.wav frames=16
411.518 rec_segment_start /Users/matveikurzukov/gurung/psychopy_gurung_v1/recordings/708780_main_imageset30_condition_it_coh_pic04_end_coh_it.wav
411.519 rec_segment_written /Users/matveikurzukov/gurung/psychopy_gurung_v1/recordings/708780_main_imageset30_condition_it_coh_pic03_it_target.wav
411.652 rec_segment_queue_write /Users/matveikurzukov/gurung/psychopy_gurung_v1/recordings/708780_main_imageset30_condition_it_coh_pic04_end_coh_it.wav frames=12
411.652 make_sequence roles=['ic_1', 'tr_target', 'end_ic_tr'] paths=['/Users/matveikurzukov/Library/CloudStorage/GoogleDrive-apazent@gmail.com/.shortcut-targets-by-id/1exBA-7XrpLfZc6s8oGNYTbmjGsu5dT6p/Gurung stimuli/11_ascend_wipe plate/1/ic_1.png', '/Users/matveikurzukov/Library/CloudStorage/GoogleDrive-apazent@gmail.com/.shortcut-targets-by-id/1exBA-7XrpLfZc6s8oGNYTbmjGsu5dT6p/Gurung stimuli/11_ascend_wipe plate/1/tr_target.png', '/Users/matveikurzukov/Library/CloudStorage/GoogleDrive-apazent@gmail.com/.shortcut-targets-by-id/1exBA-7XrpLfZc6s8oGNYTbmjGsu5dT6p/Gurung stimuli/11_ascend_wipe plate/1/end_ic_tr.png']
411.653 rec_segment_written /Users/matveikurzukov/gurung/psychopy_gurung_v1/recordings/708780_main_imageset30_condition_it_coh_pic04_end_coh_it.wav
411.984 rec_segment_start /Users/matveikurzukov/gurung/psychopy_gurung_v1/recordings/708780_main_imageset11_condition_tr_ic_pic01_ic_1.wav
412.135 rec_segment_queue_write /Users/matveikurzukov/gurung/psychopy_gurung_v1/recordings/708780_main_imageset11_condition_tr_ic_pic01_ic_1.wav frames=14
412.135 rec_segment_start /Users/matveikurzukov/gurung/psychopy_gurung_v1/recordings/708780_main_imageset11_condition_tr_ic_pic02_tr_target.wav
412.136 rec_segment_written /Users/matveikurzukov/gurung/psychopy_gurung_v1/recordings/708780_main_imageset11_condition_tr_ic_pic01_ic_1.wav
412.285 rec_segment_queue_write /Users/matveikurzukov/gurung/psychopy_gurung_v1/recordings/708780_main_imageset11_condition_tr_ic_pic02_tr_target.wav frames=14
412.285 rec_segment_start /Users/matveikurzukov/gurung/psychopy_gurung_v1/recordings/708780_main_imageset11_condition_tr_ic_pic03_end_ic_tr.wav
412.286 rec_segment_written /Users/matveikurzukov/gurung/psychopy_gurung_v1/recordings/708780_main_imageset11_condition_tr_ic_pic02_tr_target.wav
412.451 rec_segment_queue_write /Users/matveikurzukov/gurung/psychopy_gurung_v1/recordings/708780_main_imageset11_condition_tr_ic_pic03_end_ic_tr.wav frames=16
412.452 make_sequence roles=['coh_1', 'coh_2', 'it_target', 'end_coh_it'] paths=['/Users/matveikurzukov/Library/CloudStorage/GoogleDrive-apazent@gmail.com/.shortcut-targets-by-id/1exBA-7XrpLfZc6s8oGNYTbmjGsu5dT6p/Gurung stimuli/17_rest_hang picture/1/coh_1.png', '/Users/matveikurzukov/Library/CloudStorage/GoogleDrive-apazent@gmail.com/.shortcut-targets-by-id/1exBA-7XrpLfZc6s8oGNYTbmjGsu5dT6p/Gurung stimuli/17_rest_hang picture/1/coh_2.png', '/Users/matveikurzukov/Library/CloudStorage/GoogleDrive-apazent@gmail.com/.shortcut-targets-by-id/1exBA-7XrpLfZc6s8oGNYTbmjGsu5dT6p/Gurung stimuli/17_rest_hang picture/1/it_target.png', '/Users/matveikurzukov/Library/CloudStorage/GoogleDrive-apazent@gmail.com/.shortcut-targets-by-id/1exBA-7XrpLfZc6s8oGNYTbmjGsu5dT6p/Gurung stimuli/17_rest_hang picture/1/end_coh_it.png']
412.453 rec_segment_written /Users/matveikurzukov/gurung/psychopy_gurung_v1/recordings/708780_main_imageset11_condition_tr_ic_pic03_end_ic_tr.wav
412.901 rec_segment_start /Users/matveikurzukov/gurung/psychopy_gurung_v1/recordings/708780_main_imageset17_condition_it_coh_pic01_coh_1.wav
413.051 rec_segment_queue_write /Users/matveikurzukov/gurung/psychopy_gurung_v1/recordings/708780_main_imageset17_condition_it_coh_pic01_coh_1.wav frames=14
413.052 rec_segment_start /Users/matveikurzukov/gurung/psychopy_gurung_v1/recordings/708780_main_imageset17_condition_it_coh_pic02_coh_2.wav
413.052 rec_segment_written /Users/matveikurzukov/gurung/psychopy_gurung_v1/recordings/708780_main_imageset17_condition_it_coh_pic01_coh_1.wav
413.218 rec_segment_queue_write /Users/matveikurzukov/gurung/psychopy_gurung_v1/recordings/708780_main_imageset17_condition_it_coh_pic02_coh_2.wav frames=16
413.218 rec_segment_start /Users/matveikurzukov/gurung/psychopy_gurung_v1/recordings/708780_main_imageset17_condition_it_coh_pic03_it_target.wav
413.219 rec_segment_written /Users/matveikurzukov/gurung/psychopy_gurung_v1/recordings/708780_main_imageset17_condition_it_coh_pic02_coh_2.wav
413.368 rec_segment_queue_write /Users/matveikurzukov/gurung/psychopy_gurung_v1/recordings/708780_main_imageset17_condition_it_coh_pic03_it_target.wav frames=14
413.368 rec_segment_start /Users/matveikurzukov/gurung/psychopy_gurung_v1/recordings/708780_main_imageset17_condition_it_coh_pic04_end_coh_it.wav
413.369 rec_segment_written /Users/matveikurzukov/gurung/psychopy_gurung_v1/recordings/708780_main_imageset17_condition_it_coh_pic03_it_target.wav
413.535 rec_segment_queue_write /Users/matveikurzukov/gurung/psychopy_gurung_v1/recordings/708780_main_imageset17_condition_it_coh_pic04_end_coh_it.wav frames=16
413.536 make_sequence roles=['ic_1', 'tr_target', 'end_ic_tr'] paths=['/Users/matveikurzukov/Library/CloudStorage/GoogleDrive-apazent@gmail.com/.shortcut-targets-by-id/1exBA-7XrpLfZc6s8oGNYTbmjGsu5dT6p/Gurung stimuli/20_come_plant sapling/1/ic_1.png', '/Users/matveikurzukov/Library/CloudStorage/GoogleDrive-apazent@gmail.com/.shortcut-targets-by-id/1exBA-7XrpLfZc6s8oGNYTbmjGsu5dT6p/Gurung stimuli/20_come_plant sapling/1/tr_target.png', '/Users/matveikurzukov/Library/CloudStorage/GoogleDrive-apazent@gmail.com/.shortcut-targets-by-id/1exBA-7XrpLfZc6s8oGNYTbmjGsu5dT6p/Gurung stimuli/20_come_plant sapling/1/end_ic_tr.png']
413.537 rec_segment_written /Users/matveikurzukov/gurung/psychopy_gurung_v1/recordings/708780_main_imageset17_condition_it_coh_pic04_end_coh_it.wav
413.768 play_audio /Users/matveikurzukov/gurung/psychopy_gurung_v1/Audio/tsakyali.wav
426.400 rec_segment_start /Users/matveikurzukov/gurung/psychopy_gurung_v1/recordings/708780_main_imageset20_condition_tr_ic_pic01_ic_1.wav
426.834 rec_segment_queue_write /Users/matveikurzukov/gurung/psychopy_gurung_v1/recordings/708780_main_imageset20_condition_tr_ic_pic01_ic_1.wav frames=40
426.834 rec_segment_start /Users/matveikurzukov/gurung/psychopy_gurung_v1/recordings/708780_main_imageset20_condition_tr_ic_pic02_tr_target.wav
426.835 rec_segment_written /Users/matveikurzukov/gurung/psychopy_gurung_v1/recordings/708780_main_imageset20_condition_tr_ic_pic01_ic_1.wav
426.970 rec_segment_queue_write /Users/matveikurzukov/gurung/psychopy_gurung_v1/recordings/708780_main_imageset20_condition_tr_ic_pic02_tr_target.wav frames=13
426.970 rec_segment_start /Users/matveikurzukov/gurung/psychopy_gurung_v1/recordings/708780_main_imageset20_condition_tr_ic_pic03_end_ic_tr.wav
426.971 rec_segment_written /Users/matveikurzukov/gurung/psychopy_gurung_v1/recordings/708780_main_imageset20_condition_tr_ic_pic02_tr_target.wav
427.101 rec_segment_queue_write /Users/matveikurzukov/gurung/psychopy_gurung_v1/recordings/708780_main_imageset20_condition_tr_ic_pic03_end_ic_tr.wav frames=12
427.102 make_sequence roles=['ic_1', 'tr_target', 'end_ic_tr'] paths=['/Users/matveikurzukov/Library/CloudStorage/GoogleDrive-apazent@gmail.com/.shortcut-targets-by-id/1exBA-7XrpLfZc6s8oGNYTbmjGsu5dT6p/Gurung stimuli/15_smile_clean wall/1/ic_1.png', '/Users/matveikurzukov/Library/CloudStorage/GoogleDrive-apazent@gmail.com/.shortcut-targets-by-id/1exBA-7XrpLfZc6s8oGNYTbmjGsu5dT6p/Gurung stimuli/15_smile_clean wall/1/tr_target.png', '/Users/matveikurzukov/Library/CloudStorage/GoogleDrive-apazent@gmail.com/.shortcut-targets-by-id/1exBA-7XrpLfZc6s8oGNYTbmjGsu5dT6p/Gurung stimuli/15_smile_clean wall/1/end_ic_tr.png']
427.102 rec_segment_written /Users/matveikurzukov/gurung/psychopy_gurung_v1/recordings/708780_main_imageset20_condition_tr_ic_pic03_end_ic_tr.wav
427.384 rec_segment_start /Users/matveikurzukov/gurung/psychopy_gurung_v1/recordings/708780_main_imageset15_condition_tr_ic_pic01_ic_1.wav
427.550 rec_segment_queue_write /Users/matveikurzukov/gurung/psychopy_gurung_v1/recordings/708780_main_imageset15_condition_tr_ic_pic01_ic_1.wav frames=16
427.551 rec_segment_start /Users/matveikurzukov/gurung/psychopy_gurung_v1/recordings/708780_main_imageset15_condition_tr_ic_pic02_tr_target.wav
427.551 rec_segment_written /Users/matveikurzukov/gurung/psychopy_gurung_v1/recordings/708780_main_imageset15_condition_tr_ic_pic01_ic_1.wav
427.704 rec_segment_queue_write /Users/matveikurzukov/gurung/psychopy_gurung_v1/recordings/708780_main_imageset15_condition_tr_ic_pic02_tr_target.wav frames=14
427.704 rec_segment_start /Users/matveikurzukov/gurung/psychopy_gurung_v1/recordings/708780_main_imageset15_condition_tr_ic_pic03_end_ic_tr.wav
427.705 rec_segment_written /Users/matveikurzukov/gurung/psychopy_gurung_v1/recordings/708780_main_imageset15_condition_tr_ic_pic02_tr_target.wav
427.851 rec_segment_queue_write /Users/matveikurzukov/gurung/psychopy_gurung_v1/recordings/708780_main_imageset15_condition_tr_ic_pic03_end_ic_tr.wav frames=14
427.852 make_sequence roles=['coh_1', 'coh_2', 'tr_target'] paths=['/Users/matveikurzukov/Library/CloudStorage/GoogleDrive-apazent@gmail.com/.shortcut-targets-by-id/1exBA-7XrpLfZc6s8oGNYTbmjGsu5dT6p/Gurung stimuli/11_ascend_wipe plate/1/coh_1.png', '/Users/matveikurzukov/Library/CloudStorage/GoogleDrive-apazent@gmail.com/.shortcut-targets-by-id/1exBA-7XrpLfZc6s8oGNYTbmjGsu5dT6p/Gurung stimuli/11_ascend_wipe plate/1/coh_2.png', '/Users/matveikurzukov/Library/CloudStorage/GoogleDrive-apazent@gmail.com/.shortcut-targets-by-id/1exBA-7XrpLfZc6s8oGNYTbmjGsu5dT6p/Gurung stimuli/11_ascend_wipe plate/1/tr_target.png']
427.853 rec_segment_written /Users/matveikurzukov/gurung/psychopy_gurung_v1/recordings/708780_main_imageset15_condition_tr_ic_pic03_end_ic_tr.wav
428.167 rec_segment_start /Users/matveikurzukov/gurung/psychopy_gurung_v1/recordings/708780_main_imageset11_condition_tr_coh_pic01_coh_1.wav
428.336 rec_segment_queue_write /Users/matveikurzukov/gurung/psychopy_gurung_v1/recordings/708780_main_imageset11_condition_tr_coh_pic01_coh_1.wav frames=16
428.336 rec_segment_start /Users/matveikurzukov/gurung/psychopy_gurung_v1/recordings/708780_main_imageset11_condition_tr_coh_pic02_coh_2.wav
428.337 rec_segment_written /Users/matveikurzukov/gurung/psychopy_gurung_v1/recordings/708780_main_imageset11_condition_tr_coh_pic01_coh_1.wav
428.501 rec_segment_queue_write /Users/matveikurzukov/gurung/psychopy_gurung_v1/recordings/708780_main_imageset11_condition_tr_coh_pic02_coh_2.wav frames=16
428.501 rec_segment_start /Users/matveikurzukov/gurung/psychopy_gurung_v1/recordings/708780_main_imageset11_condition_tr_coh_pic03_tr_target.wav
428.502 rec_segment_written /Users/matveikurzukov/gurung/psychopy_gurung_v1/recordings/708780_main_imageset11_condition_tr_coh_pic02_coh_2.wav
428.667 rec_segment_queue_write /Users/matveikurzukov/gurung/psychopy_gurung_v1/recordings/708780_main_imageset11_condition_tr_coh_pic03_tr_target.wav frames=15
428.668 make_sequence roles=['ic_1', 'it_target', 'end_ic_it'] paths=['/Users/matveikurzukov/Library/CloudStorage/GoogleDrive-apazent@gmail.com/.shortcut-targets-by-id/1exBA-7XrpLfZc6s8oGNYTbmjGsu5dT6p/Gurung stimuli/25_yawn_lock door/1/ic_1.png', '/Users/matveikurzukov/Library/CloudStorage/GoogleDrive-apazent@gmail.com/.shortcut-targets-by-id/1exBA-7XrpLfZc6s8oGNYTbmjGsu5dT6p/Gurung stimuli/25_yawn_lock door/1/it_target.png', '/Users/matveikurzukov/Library/CloudStorage/GoogleDrive-apazent@gmail.com/.shortcut-targets-by-id/1exBA-7XrpLfZc6s8oGNYTbmjGsu5dT6p/Gurung stimuli/25_yawn_lock door/1/end_ic_it.png']
428.669 rec_segment_written /Users/matveikurzukov/gurung/psychopy_gurung_v1/recordings/708780_main_imageset11_condition_tr_coh_pic03_tr_target.wav
428.983 rec_segment_start /Users/matveikurzukov/gurung/psychopy_gurung_v1/recordings/708780_main_imageset25_condition_it_ic_pic01_ic_1.wav
429.167 rec_segment_queue_write /Users/matveikurzukov/gurung/psychopy_gurung_v1/recordings/708780_main_imageset25_condition_it_ic_pic01_ic_1.wav frames=17
429.167 rec_segment_start /Users/matveikurzukov/gurung/psychopy_gurung_v1/recordings/708780_main_imageset25_condition_it_ic_pic02_it_target.wav
429.168 rec_segment_written /Users/matveikurzukov/gurung/psychopy_gurung_v1/recordings/708780_main_imageset25_condition_it_ic_pic01_ic_1.wav
429.334 rec_segment_queue_write /Users/matveikurzukov/gurung/psychopy_gurung_v1/recordings/708780_main_imageset25_condition_it_ic_pic02_it_target.wav frames=16
429.334 rec_segment_start /Users/matveikurzukov/gurung/psychopy_gurung_v1/recordings/708780_main_imageset25_condition_it_ic_pic03_end_ic_it.wav
429.335 rec_segment_written /Users/matveikurzukov/gurung/psychopy_gurung_v1/recordings/708780_main_imageset25_condition_it_ic_pic02_it_target.wav
429.501 rec_segment_queue_write /Users/matveikurzukov/gurung/psychopy_gurung_v1/recordings/708780_main_imageset25_condition_it_ic_pic03_end_ic_it.wav frames=15
429.502 make_sequence roles=['coh_1', 'coh_2', 'tr_target'] paths=['/Users/matveikurzukov/Library/CloudStorage/GoogleDrive-apazent@gmail.com/.shortcut-targets-by-id/1exBA-7XrpLfZc6s8oGNYTbmjGsu5dT6p/Gurung stimuli/16_sleep_wash dish/1/coh_1.png', '/Users/matveikurzukov/Library/CloudStorage/GoogleDrive-apazent@gmail.com/.shortcut-targets-by-id/1exBA-7XrpLfZc6s8oGNYTbmjGsu5dT6p/Gurung stimuli/16_sleep_wash dish/1/coh_2.png', '/Users/matveikurzukov/Library/CloudStorage/GoogleDrive-apazent@gmail.com/.shortcut-targets-by-id/1exBA-7XrpLfZc6s8oGNYTbmjGsu5dT6p/Gurung stimuli/16_sleep_wash dish/1/tr_target.png']
429.502 rec_segment_written /Users/matveikurzukov/gurung/psychopy_gurung_v1/recordings/708780_main_imageset25_condition_it_ic_pic03_end_ic_it.wav
429.850 rec_segment_start /Users/matveikurzukov/gurung/psychopy_gurung_v1/recordings/708780_main_imageset16_condition_tr_coh_pic01_coh_1.wav
430.050 rec_segment_queue_write /Users/matveikurzukov/gurung/psychopy_gurung_v1/recordings/708780_main_imageset16_condition_tr_coh_pic01_coh_1.wav frames=19
430.051 rec_segment_start /Users/matveikurzukov/gurung/psychopy_gurung_v1/recordings/708780_main_imageset16_condition_tr_coh_pic02_coh_2.wav
430.051 rec_segment_written /Users/matveikurzukov/gurung/psychopy_gurung_v1/recordings/708780_main_imageset16_condition_tr_coh_pic01_coh_1.wav
430.217 rec_segment_queue_write /Users/matveikurzukov/gurung/psychopy_gurung_v1/recordings/708780_main_imageset16_condition_tr_coh_pic02_coh_2.wav frames=16
430.217 rec_segment_start /Users/matveikurzukov/gurung/psychopy_gurung_v1/recordings/708780_main_imageset16_condition_tr_coh_pic03_tr_target.wav
430.218 rec_segment_written /Users/matveikurzukov/gurung/psychopy_gurung_v1/recordings/708780_main_imageset16_condition_tr_coh_pic02_coh_2.wav
430.417 rec_segment_queue_write /Users/matveikurzukov/gurung/psychopy_gurung_v1/recordings/708780_main_imageset16_condition_tr_coh_pic03_tr_target.wav frames=18
430.418 make_sequence roles=['ic_1', 'it_target', 'end_ic_it'] paths=['/Users/matveikurzukov/Library/CloudStorage/GoogleDrive-apazent@gmail.com/.shortcut-targets-by-id/1exBA-7XrpLfZc6s8oGNYTbmjGsu5dT6p/Gurung stimuli/14_ascend_weave raincoat/1/ic_1.png', '/Users/matveikurzukov/Library/CloudStorage/GoogleDrive-apazent@gmail.com/.shortcut-targets-by-id/1exBA-7XrpLfZc6s8oGNYTbmjGsu5dT6p/Gurung stimuli/14_ascend_weave raincoat/1/it_target.png', '/Users/matveikurzukov/Library/CloudStorage/GoogleDrive-apazent@gmail.com/.shortcut-targets-by-id/1exBA-7XrpLfZc6s8oGNYTbmjGsu5dT6p/Gurung stimuli/14_ascend_weave raincoat/1/end_ic_it.png']
430.418 rec_segment_written /Users/matveikurzukov/gurung/psychopy_gurung_v1/recordings/708780_main_imageset16_condition_tr_coh_pic03_tr_target.wav
431.051 rec_segment_start /Users/matveikurzukov/gurung/psychopy_gurung_v1/recordings/708780_main_imageset14_condition_it_ic_pic01_ic_1.wav
431.439 rec_segment_queue_write /Users/matveikurzukov/gurung/psychopy_gurung_v1/recordings/708780_main_imageset14_condition_it_ic_pic01_ic_1.wav frames=36
431.439 rec_segment_start /Users/matveikurzukov/gurung/psychopy_gurung_v1/recordings/708780_main_imageset14_condition_it_ic_pic02_it_target.wav
431.440 rec_segment_written /Users/matveikurzukov/gurung/psychopy_gurung_v1/recordings/708780_main_imageset14_condition_it_ic_pic01_ic_1.wav
432.035 rec_segment_queue_write /Users/matveikurzukov/gurung/psychopy_gurung_v1/recordings/708780_main_imageset14_condition_it_ic_pic02_it_target.wav frames=56
432.035 rec_segment_start /Users/matveikurzukov/gurung/psychopy_gurung_v1/recordings/708780_main_imageset14_condition_it_ic_pic03_end_ic_it.wav
432.038 rec_segment_written /Users/matveikurzukov/gurung/psychopy_gurung_v1/recordings/708780_main_imageset14_condition_it_ic_pic02_it_target.wav
432.218 rec_segment_queue_write /Users/matveikurzukov/gurung/psychopy_gurung_v1/recordings/708780_main_imageset14_condition_it_ic_pic03_end_ic_it.wav frames=17
432.219 make_sequence roles=['ic_1', 'tr_target', 'end_ic_tr'] paths=['/Users/matveikurzukov/Library/CloudStorage/GoogleDrive-apazent@gmail.com/.shortcut-targets-by-id/1exBA-7XrpLfZc6s8oGNYTbmjGsu5dT6p/Gurung stimuli/7_sit_make fire/1/ic_1.png', '/Users/matveikurzukov/Library/CloudStorage/GoogleDrive-apazent@gmail.com/.shortcut-targets-by-id/1exBA-7XrpLfZc6s8oGNYTbmjGsu5dT6p/Gurung stimuli/7_sit_make fire/1/tr_target.png', '/Users/matveikurzukov/Library/CloudStorage/GoogleDrive-apazent@gmail.com/.shortcut-targets-by-id/1exBA-7XrpLfZc6s8oGNYTbmjGsu5dT6p/Gurung stimuli/7_sit_make fire/1/end_ic_tr.png']
