trial_id,n_images,img1,img1_role,img2,img2_role,img3,img3_role,img4,img4_role,between_image,thisN,thisTrialN,thisRepN,random_order,dataset_number,dataset_slug,dataset_label,stimulus_set,condition_id,condition_name,cohesion,transitivity,audio_probe,between_audio,between_audio_lock_sec,source_dataset_folder,PracticeLoop.thisRepN,PracticeLoop.thisTrialN,PracticeLoop.thisN,PracticeLoop.thisIndex,MainBlock1.thisRepN,MainBlock1.thisTrialN,MainBlock1.thisN,MainBlock1.thisIndex,MainBlock2.thisRepN,MainBlock2.thisTrialN,MainBlock2.thisN,MainBlock2.thisIndex,MainBlock3.thisRepN,MainBlock3.thisTrialN,MainBlock3.thisN,MainBlock3.thisIndex,thisRow.t,notes,piloting,Instructions.started,Instructions_keep_alive.started,Instructions.stopped,practice_trial_index,practice_between_image,PracticeTrial.started,PracticeTrial_keep_alive.started,practice_between_rt,practice_seg1_role,practice_seg1_audio,practice_seg2_role,practice_seg2_audio,practice_seg3_role,practice_seg3_audio,PracticeTrial.stopped,PracticeEnd.started,PracticeEnd_keep_alive.started,PracticeEnd.stopped,main_trial_index,MainTrial.started,MainTrial_keep_alive.started,between_rt,seg1_role,seg1_audio,seg2_role,seg2_audio,seg3_role,seg3_audio,MainTrial.stopped,seg4_role,seg4_audio,Break.started,Break_keep_alive.started,Break.stopped,EndExperiment.started,EndExperiment_keep_alive.started,EndExperiment.stopped,participant,session,date,expName,expVersion,psychopyVersion,frameRate,expStart,
,,,,,,,,,,,,,,,,,,,,,,,,,,,,,,,,,,,,,,,,,,,,,False,0.10019087499949819,0.11668262500006676,93.24826020899945,,,,,,,,,,,,,,,,,,,,,,,,,,,,,,,,,,,875233,001,2026-06-06_21h40.45.140,gurung_120_v1,,2026.1.3,59.94989663403184,2026-06-06 21h40.45.659069 +0200,
practice_01,3,Stimuli/pr1_1.png,practice_1,Stimuli/pr1_2.png,practice_2,Stimuli/pr1_3.png,practice_3,None,None,BetweenTrials/img_20260522_165652.jpg,0,0,0,,,,,,,,,,,,,,0,0,0,0,,,,,,,,,,,,,93.59726891699938,,,,,,1,/Users/matveikurzukov/gurung/psychopy_gurung_v1/BetweenTrials/img_20260522_165652.jpg,93.57132279199959,93.59726891699938,3.045298207999622,practice_1,/Users/matveikurzukov/gurung/psychopy_gurung_v1/recordings/875233_practice_01_pic01_practice_1.wav,practice_2,/Users/matveikurzukov/gurung/psychopy_gurung_v1/recordings/875233_practice_01_pic02_practice_2.wav,practice_3,/Users/matveikurzukov/gurung/psychopy_gurung_v1/recordings/875233_practice_01_pic03_practice_3.wav,106.23140470899943,,,,,,,,,,,,,,,,,,,,,,,875233,001,2026-06-06_21h40.45.140,gurung_120_v1,,2026.1.3,59.94989663403184,2026-06-06 21h40.45.659069 +0200,
practice_02,3,Stimuli/pr2_1.png,practice_1,Stimuli/pr2_2.png,practice_2,Stimuli/pr2_3.png,practice_3,None,None,BetweenTrials/1752221806065.jpg,1,1,0,,,,,,,,,,,,,,0,1,1,1,,,,,,,,,,,,,106.59626037499947,,,,,,2,/Users/matveikurzukov/gurung/psychopy_gurung_v1/BetweenTrials/1752221806065.jpg,106.57633991700004,106.59626037499947,0.18895208400044794,practice_1,/Users/matveikurzukov/gurung/psychopy_gurung_v1/recordings/875233_practice_02_pic01_practice_1.wav,practice_2,/Users/matveikurzukov/gurung/psychopy_gurung_v1/recordings/875233_practice_02_pic02_practice_2.wav,practice_3,/Users/matveikurzukov/gurung/psychopy_gurung_v1/recordings/875233_practice_02_pic03_practice_3.wav,110.14748183399934,,,,,,,,,,,,,,,,,,,,,,,875233,001,2026-06-06_21h40.45.140,gurung_120_v1,,2026.1.3,59.94989663403184,2026-06-06 21h40.45.659069 +0200,
practice_03,3,Stimuli/pr3_1.png,practice_1,Stimuli/pr3_2.png,practice_2,Stimuli/pr3_3.png,practice_3,None,None,BetweenTrials/1752221806065.jpg,2,2,0,,,,,,,,,,,,,,0,2,2,2,,,,,,,,,,,,,110.44622841699947,,,,,,3,/Users/matveikurzukov/gurung/psychopy_gurung_v1/BetweenTrials/1752221806065.jpg,110.43225679199986,110.44622841699947,0.9317526670001826,practice_1,/Users/matveikurzukov/gurung/psychopy_gurung_v1/recordings/875233_practice_03_pic01_practice_1.wav,practice_2,/Users/matveikurzukov/gurung/psychopy_gurung_v1/recordings/875233_practice_03_pic02_practice_2.wav,practice_3,/Users/matveikurzukov/gurung/psychopy_gurung_v1/recordings/875233_practice_03_pic03_practice_3.wav,115.09806987499996,,,,,,,,,,,,,,,,,,,,,,,875233,001,2026-06-06_21h40.45.140,gurung_120_v1,,2026.1.3,59.94989663403184,2026-06-06 21h40.45.659069 +0200,
practice_04,3,Stimuli/pr4_1.png,practice_1,Stimuli/pr4_2.png,practice_2,Stimuli/pr4_3.png,practice_3,None,None,BetweenTrials/1752221806065.jpg,3,3,0,,,,,,,,,,,,,,0,3,3,3,,,,,,,,,,,,,115.41259824999997,,,,,,4,/Users/matveikurzukov/gurung/psychopy_gurung_v1/BetweenTrials/1752221806065.jpg,115.39619216699975,115.41259824999997,0.41841341700001067,practice_1,/Users/matveikurzukov/gurung/psychopy_gurung_v1/recordings/875233_practice_04_pic01_practice_1.wav,practice_2,/Users/matveikurzukov/gurung/psychopy_gurung_v1/recordings/875233_practice_04_pic02_practice_2.wav,practice_3,/Users/matveikurzukov/gurung/psychopy_gurung_v1/recordings/875233_practice_04_pic03_practice_3.wav,118.26491712499956,,,,,,,,,,,,,,,,,,,,,,,875233,001,2026-06-06_21h40.45.140,gurung_120_v1,,2026.1.3,59.94989663403184,2026-06-06 21h40.45.659069 +0200,
practice_05,3,Stimuli/pr5_1.png,practice_1,Stimuli/pr5_2.png,practice_2,Stimuli/pr5_3.png,practice_3,None,None,BetweenTrials/1752221806065.jpg,4,4,0,,,,,,,,,,,,,,0,4,4,4,,,,,,,,,,,,,118.57906037499924,,,,,,5,/Users/matveikurzukov/gurung/psychopy_gurung_v1/BetweenTrials/1752221806065.jpg,118.56393408399981,118.57906037499924,0.1831543749995035,practice_1,/Users/matveikurzukov/gurung/psychopy_gurung_v1/recordings/875233_practice_05_pic01_practice_1.wav,practice_2,/Users/matveikurzukov/gurung/psychopy_gurung_v1/recordings/875233_practice_05_pic02_practice_2.wav,practice_3,/Users/matveikurzukov/gurung/psychopy_gurung_v1/recordings/875233_practice_05_pic03_practice_3.wav,121.04730762500003,,,,,,,,,,,,,,,,,,,,,,,875233,001,2026-06-06_21h40.45.140,gurung_120_v1,,2026.1.3,59.94989663403184,2026-06-06 21h40.45.659069 +0200,
practice_06,3,Stimuli/pr6_1.png,practice_1,Stimuli/pr6_2.png,practice_2,Stimuli/pr6_3.png,practice_3,None,None,BetweenTrials/1752221802086.jpg,5,5,0,,,,,,,,,,,,,,0,5,5,5,,,,,,,,,,,,,121.39566579199982,,,,,,6,/Users/matveikurzukov/gurung/psychopy_gurung_v1/BetweenTrials/1752221802086.jpg,121.37010495899995,121.39566579199982,0.3270795830003408,practice_1,/Users/matveikurzukov/gurung/psychopy_gurung_v1/recordings/875233_practice_06_pic01_practice_1.wav,practice_2,/Users/matveikurzukov/gurung/psychopy_gurung_v1/recordings/875233_practice_06_pic02_practice_2.wav,practice_3,/Users/matveikurzukov/gurung/psychopy_gurung_v1/recordings/875233_practice_06_pic03_practice_3.wav,124.21347545899971,,,,,,,,,,,,,,,,,,,,,,,875233,001,2026-06-06_21h40.45.140,gurung_120_v1,,2026.1.3,59.94989663403184,2026-06-06 21h40.45.659069 +0200,
practice_07,3,Stimuli/pr7_1.png,practice_1,Stimuli/pr7_2.png,practice_2,Stimuli/pr7_3.png,practice_3,None,None,BetweenTrials/img_20260522_165652.jpg,6,6,0,,,,,,,,,,,,,,0,6,6,6,,,,,,,,,,,,,124.51282891699975,,,,,,7,/Users/matveikurzukov/gurung/psychopy_gurung_v1/BetweenTrials/img_20260522_165652.jpg,124.49330874999941,124.51282891699975,0.3378405000003113,practice_1,/Users/matveikurzukov/gurung/psychopy_gurung_v1/recordings/875233_practice_07_pic01_practice_1.wav,practice_2,/Users/matveikurzukov/gurung/psychopy_gurung_v1/recordings/875233_practice_07_pic02_practice_2.wav,practice_3,/Users/matveikurzukov/gurung/psychopy_gurung_v1/recordings/875233_practice_07_pic03_practice_3.wav,127.21325545899981,,,,,,,,,,,,,,,,,,,,,,,875233,001,2026-06-06_21h40.45.140,gurung_120_v1,,2026.1.3,59.94989663403184,2026-06-06 21h40.45.659069 +0200,
practice_08,3,Stimuli/pr8_1.png,practice_1,Stimuli/pr8_2.png,practice_2,Stimuli/pr8_3.png,practice_3,None,None,BetweenTrials/img_20260522_165652.jpg,7,7,0,,,,,,,,,,,,,,0,7,7,7,,,,,,,,,,,,,127.54584858399994,,,,,,8,/Users/matveikurzukov/gurung/psychopy_gurung_v1/BetweenTrials/img_20260522_165652.jpg,127.51910483399934,127.54584858399994,0.32837225000002945,practice_1,/Users/matveikurzukov/gurung/psychopy_gurung_v1/recordings/875233_practice_08_pic01_practice_1.wav,practice_2,/Users/matveikurzukov/gurung/psychopy_gurung_v1/recordings/875233_practice_08_pic02_practice_2.wav,practice_3,/Users/matveikurzukov/gurung/psychopy_gurung_v1/recordings/875233_practice_08_pic03_practice_3.wav,130.12984670900005,,,,,,,,,,,,,,,,,,,,,,,875233,001,2026-06-06_21h40.45.140,gurung_120_v1,,2026.1.3,59.94989663403184,2026-06-06 21h40.45.659069 +0200,
,,,,,,,,,,,,,,,,,,,,,,,,,,,,,,,,,,,,,,,,,,,,,,,,,,,,,,,,,,,,,130.23217545899934,130.26284687499992,130.6344479169993,,,,,,,,,,,,,,,,,,,,875233,001,2026-06-06_21h40.45.140,gurung_120_v1,,2026.1.3,59.94989663403184,2026-06-06 21h40.45.659069 +0200,
d025_set1_tr_ic,3,MainStimuli/025_yawn_lock_door/ic_1.png,ic_1,MainStimuli/025_yawn_lock_door/tr_target.png,tr_target,MainStimuli/025_yawn_lock_door/end_ic_tr.png,end_ic_tr,None,None,BetweenTrials/img_20260522_165652.jpg,0,0,0,1,25,025_yawn_lock_door,yawn_lock_door,1,tr_ic,transitive_incohesive,incohesive,transitive,0,None,0,/Users/matveikurzukov/Library/CloudStorage/GoogleDrive-apazent@gmail.com/.shortcut-targets-by-id/1exBA-7XrpLfZc6s8oGNYTbmjGsu5dT6p/Gurung stimuli/25_yawn_lock door,,,,,0,0,0,0,,,,,,,,,130.79545908399996,,,,,,,,,,,,,,,,,,,,,1,130.76515762500003,130.79545908399996,0.7816464170000472,ic_1,/Users/matveikurzukov/gurung/psychopy_gurung_v1/recordings/875233_main_imageset25_condition_tr_ic_pic01_ic_1.wav,tr_target,/Users/matveikurzukov/gurung/psychopy_gurung_v1/recordings/875233_main_imageset25_condition_tr_ic_pic02_tr_target.wav,end_ic_tr,/Users/matveikurzukov/gurung/psychopy_gurung_v1/recordings/875233_main_imageset25_condition_tr_ic_pic03_end_ic_tr.wav,133.04722945899994,,,,,,,,,875233,001,2026-06-06_21h40.45.140,gurung_120_v1,,2026.1.3,59.94989663403184,2026-06-06 21h40.45.659069 +0200,
d010_set1_it_coh,4,MainStimuli/010_run_cook_pancakes/coh_1.png,coh_1,MainStimuli/010_run_cook_pancakes/coh_2.png,coh_2,MainStimuli/010_run_cook_pancakes/it_target.png,it_target,MainStimuli/010_run_cook_pancakes/end_coh_it.png,end_coh_it,BetweenTrials/img-20250813-wa0011.jpg,1,1,0,2,10,010_run_cook_pancakes,run_cook_pancakes,1,it_coh,intransitive_cohesive,cohesive,intransitive,0,None,0,/Users/matveikurzukov/Library/CloudStorage/GoogleDrive-apazent@gmail.com/.shortcut-targets-by-id/1exBA-7XrpLfZc6s8oGNYTbmjGsu5dT6p/Gurung stimuli/10_run_cook pancakes,,,,,0,1,1,1,,,,,,,,,133.3287533749999,,,,,,,,,,,,,,,,,,,,,2,133.3076732919999,133.3287533749999,0.27220124999985273,coh_1,/Users/matveikurzukov/gurung/psychopy_gurung_v1/recordings/875233_main_imageset10_condition_it_coh_pic01_coh_1.wav,coh_2,/Users/matveikurzukov/gurung/psychopy_gurung_v1/recordings/875233_main_imageset10_condition_it_coh_pic02_coh_2.wav,it_target,/Users/matveikurzukov/gurung/psychopy_gurung_v1/recordings/875233_main_imageset10_condition_it_coh_pic03_it_target.wav,135.22989441699974,end_coh_it,/Users/matveikurzukov/gurung/psychopy_gurung_v1/recordings/875233_main_imageset10_condition_it_coh_pic04_end_coh_it.wav,,,,,,,875233,001,2026-06-06_21h40.45.140,gurung_120_v1,,2026.1.3,59.94989663403184,2026-06-06 21h40.45.659069 +0200,
d009_set1_tr_ic,3,MainStimuli/009_descend_harvest_rice/ic_1.png,ic_1,MainStimuli/009_descend_harvest_rice/tr_target.png,tr_target,MainStimuli/009_descend_harvest_rice/end_ic_tr.png,end_ic_tr,None,None,BetweenTrials/img_20260522_165652.jpg,2,2,0,3,9,009_descend_harvest_rice,descend_harvest_rice,1,tr_ic,transitive_incohesive,incohesive,transitive,0,None,0,/Users/matveikurzukov/Library/CloudStorage/GoogleDrive-apazent@gmail.com/.shortcut-targets-by-id/1exBA-7XrpLfZc6s8oGNYTbmjGsu5dT6p/Gurung stimuli/9_descend_harvest rice,,,,,0,2,2,2,,,,,,,,,135.4119889169997,,,,,,,,,,,,,,,,,,,,,3,135.3944624169999,135.4119889169997,0.25283191699963936,ic_1,/Users/matveikurzukov/gurung/psychopy_gurung_v1/recordings/875233_main_imageset09_condition_tr_ic_pic01_ic_1.wav,tr_target,/Users/matveikurzukov/gurung/psychopy_gurung_v1/recordings/875233_main_imageset09_condition_tr_ic_pic02_tr_target.wav,end_ic_tr,/Users/matveikurzukov/gurung/psychopy_gurung_v1/recordings/875233_main_imageset09_condition_tr_ic_pic03_end_ic_tr.wav,136.7797817089995,,,,,,,,,875233,001,2026-06-06_21h40.45.140,gurung_120_v1,,2026.1.3,59.94989663403184,2026-06-06 21h40.45.659069 +0200,
d021_set1_tr_ic,3,MainStimuli/021_cough_burn_bottles/ic_1.png,ic_1,MainStimuli/021_cough_burn_bottles/tr_target.png,tr_target,MainStimuli/021_cough_burn_bottles/end_ic_tr.png,end_ic_tr,None,None,BetweenTrials/img_20260522_165652.jpg,3,3,0,4,21,021_cough_burn_bottles,cough_burn_bottles,1,tr_ic,transitive_incohesive,incohesive,transitive,0,None,0,/Users/matveikurzukov/Library/CloudStorage/GoogleDrive-apazent@gmail.com/.shortcut-targets-by-id/1exBA-7XrpLfZc6s8oGNYTbmjGsu5dT6p/Gurung stimuli/21_cough_burn bottles,,,,,0,3,3,3,,,,,,,,,136.96200308399966,,,,,,,,,,,,,,,,,,,,,4,136.93697466699996,136.96200308399966,0.308847042000707,ic_1,/Users/matveikurzukov/gurung/psychopy_gurung_v1/recordings/875233_main_imageset21_condition_tr_ic_pic01_ic_1.wav,tr_target,/Users/matveikurzukov/gurung/psychopy_gurung_v1/recordings/875233_main_imageset21_condition_tr_ic_pic02_tr_target.wav,end_ic_tr,/Users/matveikurzukov/gurung/psychopy_gurung_v1/recordings/875233_main_imageset21_condition_tr_ic_pic03_end_ic_tr.wav,138.3967300839995,,,,,,,,,875233,001,2026-06-06_21h40.45.140,gurung_120_v1,,2026.1.3,59.94989663403184,2026-06-06 21h40.45.659069 +0200,
d007_set1_it_ic,3,MainStimuli/007_sit_make_fire/ic_1.png,ic_1,MainStimuli/007_sit_make_fire/it_target.png,it_target,MainStimuli/007_sit_make_fire/end_ic_it.png,end_ic_it,None,None,BetweenTrials/1752221806065.jpg,4,4,0,5,7,007_sit_make_fire,sit_make_fire,1,it_ic,intransitive_incohesive,incohesive,intransitive,0,None,0,/Users/matveikurzukov/Library/CloudStorage/GoogleDrive-apazent@gmail.com/.shortcut-targets-by-id/1exBA-7XrpLfZc6s8oGNYTbmjGsu5dT6p/Gurung stimuli/7_sit_make fire,,,,,0,4,4,4,,,,,,,,,138.57851195900002,,,,,,,,,,,,,,,,,,,,,5,138.55267941700004,138.57851195900002,0.2931710419998126,ic_1,/Users/matveikurzukov/gurung/psychopy_gurung_v1/recordings/875233_main_imageset07_condition_it_ic_pic01_ic_1.wav,it_target,/Users/matveikurzukov/gurung/psychopy_gurung_v1/recordings/875233_main_imageset07_condition_it_ic_pic02_it_target.wav,end_ic_it,/Users/matveikurzukov/gurung/psychopy_gurung_v1/recordings/875233_main_imageset07_condition_it_ic_pic03_end_ic_it.wav,140.12953033399936,,,,,,,,,875233,001,2026-06-06_21h40.45.140,gurung_120_v1,,2026.1.3,59.94989663403184,2026-06-06 21h40.45.659069 +0200,
d024_set1_it_ic,3,MainStimuli/024_descend_paint_bench/ic_1.png,ic_1,MainStimuli/024_descend_paint_bench/it_target.png,it_target,MainStimuli/024_descend_paint_bench/end_ic_it.png,end_ic_it,None,None,BetweenTrials/1752221802086.jpg,5,5,0,6,24,024_descend_paint_bench,descend_paint_bench,1,it_ic,intransitive_incohesive,incohesive,intransitive,0,None,0,/Users/matveikurzukov/Library/CloudStorage/GoogleDrive-apazent@gmail.com/.shortcut-targets-by-id/1exBA-7XrpLfZc6s8oGNYTbmjGsu5dT6p/Gurung stimuli/24_descend_paint bench,,,,,0,5,5,5,,,,,,,,,140.31148320899956,,,,,,,,,,,,,,,,,,,,,6,140.2818725419993,140.31148320899956,0.6860708750000413,ic_1,/Users/matveikurzukov/gurung/psychopy_gurung_v1/recordings/875233_main_imageset24_condition_it_ic_pic01_ic_1.wav,it_target,/Users/matveikurzukov/gurung/psychopy_gurung_v1/recordings/875233_main_imageset24_condition_it_ic_pic02_it_target.wav,end_ic_it,/Users/matveikurzukov/gurung/psychopy_gurung_v1/recordings/875233_main_imageset24_condition_it_ic_pic03_end_ic_it.wav,143.72992570899987,,,,,,,,,875233,001,2026-06-06_21h40.45.140,gurung_120_v1,,2026.1.3,59.94989663403184,2026-06-06 21h40.45.659069 +0200,
d029_set1_tr_coh,3,MainStimuli/029_sit_cut_potato/coh_1.png,coh_1,MainStimuli/029_sit_cut_potato/coh_2.png,coh_2,MainStimuli/029_sit_cut_potato/tr_target.png,tr_target,None,None,BetweenTrials/img_20260522_165652.jpg,6,6,0,7,29,029_sit_cut_potato,sit_cut_potato,1,tr_coh,transitive_cohesive,cohesive,transitive,0,None,0,/Users/matveikurzukov/Library/CloudStorage/GoogleDrive-apazent@gmail.com/.shortcut-targets-by-id/1exBA-7XrpLfZc6s8oGNYTbmjGsu5dT6p/Gurung stimuli/29_sit_cut potato,,,,,0,6,6,6,,,,,,,,,143.96172937499978,,,,,,,,,,,,,,,,,,,,,7,143.93721533400003,143.96172937499978,0.5143750000006548,coh_1,/Users/matveikurzukov/gurung/psychopy_gurung_v1/recordings/875233_main_imageset29_condition_tr_coh_pic01_coh_1.wav,coh_2,/Users/matveikurzukov/gurung/psychopy_gurung_v1/recordings/875233_main_imageset29_condition_tr_coh_pic02_coh_2.wav,tr_target,/Users/matveikurzukov/gurung/psychopy_gurung_v1/recordings/875233_main_imageset29_condition_tr_coh_pic03_tr_target.wav,146.14683029199932,,,,,,,,,875233,001,2026-06-06_21h40.45.140,gurung_120_v1,,2026.1.3,59.94989663403184,2026-06-06 21h40.45.659069 +0200,
d027_set1_it_coh,4,MainStimuli/027_jump_pull_blanket/coh_1.png,coh_1,MainStimuli/027_jump_pull_blanket/coh_2.png,coh_2,MainStimuli/027_jump_pull_blanket/it_target.png,it_target,MainStimuli/027_jump_pull_blanket/end_coh_it.png,end_coh_it,BetweenTrials/1752221802086.jpg,7,7,0,8,27,027_jump_pull_blanket,jump_pull_blanket,1,it_coh,intransitive_cohesive,cohesive,intransitive,0,None,0,/Users/matveikurzukov/Library/CloudStorage/GoogleDrive-apazent@gmail.com/.shortcut-targets-by-id/1exBA-7XrpLfZc6s8oGNYTbmjGsu5dT6p/Gurung stimuli/27_jump_pull blanket,,,,,0,7,7,7,,,,,,,,,146.39491570899918,,,,,,,,,,,,,,,,,,,,,8,146.3758310839994,146.39491570899918,0.3030171660002452,coh_1,/Users/matveikurzukov/gurung/psychopy_gurung_v1/recordings/875233_main_imageset27_condition_it_coh_pic01_coh_1.wav,coh_2,/Users/matveikurzukov/gurung/psychopy_gurung_v1/recordings/875233_main_imageset27_condition_it_coh_pic02_coh_2.wav,it_target,/Users/matveikurzukov/gurung/psychopy_gurung_v1/recordings/875233_main_imageset27_condition_it_coh_pic03_it_target.wav,148.31323266699928,end_coh_it,/Users/matveikurzukov/gurung/psychopy_gurung_v1/recordings/875233_main_imageset27_condition_it_coh_pic04_end_coh_it.wav,,,,,,,875233,001,2026-06-06_21h40.45.140,gurung_120_v1,,2026.1.3,59.94989663403184,2026-06-06 21h40.45.659069 +0200,
d002_set1_it_coh,4,MainStimuli/002_stand_weave_basket/coh_1.png,coh_1,MainStimuli/002_stand_weave_basket/coh_2.png,coh_2,MainStimuli/002_stand_weave_basket/it_target.png,it_target,MainStimuli/002_stand_weave_basket/end_coh_it.png,end_coh_it,BetweenTrials/img-20250813-wa0011.jpg,8,8,0,9,2,002_stand_weave_basket,stand_weave_basket,1,it_coh,intransitive_cohesive,cohesive,intransitive,0,None,0,/Users/matveikurzukov/Library/CloudStorage/GoogleDrive-apazent@gmail.com/.shortcut-targets-by-id/1exBA-7XrpLfZc6s8oGNYTbmjGsu5dT6p/Gurung stimuli/2_stand_weave basket,,,,,0,8,8,8,,,,,,,,,148.54437416699966,,,,,,,,,,,,,,,,,,,,,9,148.5242809169995,148.54437416699966,0.3042870839999523,coh_1,/Users/matveikurzukov/gurung/psychopy_gurung_v1/recordings/875233_main_imageset02_condition_it_coh_pic01_coh_1.wav,coh_2,/Users/matveikurzukov/gurung/psychopy_gurung_v1/recordings/875233_main_imageset02_condition_it_coh_pic02_coh_2.wav,it_target,/Users/matveikurzukov/gurung/psychopy_gurung_v1/recordings/875233_main_imageset02_condition_it_coh_pic03_it_target.wav,150.54570624999997,end_coh_it,/Users/matveikurzukov/gurung/psychopy_gurung_v1/recordings/875233_main_imageset02_condition_it_coh_pic04_end_coh_it.wav,,,,,,,875233,001,2026-06-06_21h40.45.140,gurung_120_v1,,2026.1.3,59.94989663403184,2026-06-06 21h40.45.659069 +0200,
d012_set1_tr_coh,3,MainStimuli/012_come_eat_rice/coh_1.png,coh_1,MainStimuli/012_come_eat_rice/coh_2.png,coh_2,MainStimuli/012_come_eat_rice/tr_target.png,tr_target,None,None,BetweenTrials/img-20250813-wa0011.jpg,9,9,0,10,12,012_come_eat_rice,come_eat_rice,1,tr_coh,transitive_cohesive,cohesive,transitive,0,None,0,/Users/matveikurzukov/Library/CloudStorage/GoogleDrive-apazent@gmail.com/.shortcut-targets-by-id/1exBA-7XrpLfZc6s8oGNYTbmjGsu5dT6p/Gurung stimuli/12_come_eat rice,,,,,0,9,9,9,,,,,,,,,150.72761020899998,,,,,,,,,,,,,,,,,,,,,10,150.71050520899917,150.72761020899998,0.30211645899998985,coh_1,/Users/matveikurzukov/gurung/psychopy_gurung_v1/recordings/875233_main_imageset12_condition_tr_coh_pic01_coh_1.wav,coh_2,/Users/matveikurzukov/gurung/psychopy_gurung_v1/recordings/875233_main_imageset12_condition_tr_coh_pic02_coh_2.wav,tr_target,/Users/matveikurzukov/gurung/psychopy_gurung_v1/recordings/875233_main_imageset12_condition_tr_coh_pic03_tr_target.wav,152.22910924999996,,,,,,,,,875233,001,2026-06-06_21h40.45.140,gurung_120_v1,,2026.1.3,59.94989663403184,2026-06-06 21h40.45.659069 +0200,
d006_set1_it_ic,3,MainStimuli/006_sleep_pluck_tomatoes/ic_1.png,ic_1,MainStimuli/006_sleep_pluck_tomatoes/it_target.png,it_target,MainStimuli/006_sleep_pluck_tomatoes/end_ic_it.png,end_ic_it,None,None,BetweenTrials/img_20260522_165652.jpg,10,10,0,11,6,006_sleep_pluck_tomatoes,sleep_pluck_tomatoes,1,it_ic,intransitive_incohesive,incohesive,intransitive,1,Audio/tsakyali.wav,10,/Users/matveikurzukov/Library/CloudStorage/GoogleDrive-apazent@gmail.com/.shortcut-targets-by-id/1exBA-7XrpLfZc6s8oGNYTbmjGsu5dT6p/Gurung stimuli/6_sleep_pluck tomatoes,,,,,0,10,10,10,,,,,,,,,152.46159029199953,,,,,,,,,,,,,,,,,,,,,11,152.4461826249999,152.46159029199953,10.548195832999227,ic_1,/Users/matveikurzukov/gurung/psychopy_gurung_v1/recordings/875233_main_imageset06_condition_it_ic_pic01_ic_1.wav,it_target,/Users/matveikurzukov/gurung/psychopy_gurung_v1/recordings/875233_main_imageset06_condition_it_ic_pic02_it_target.wav,end_ic_it,/Users/matveikurzukov/gurung/psychopy_gurung_v1/recordings/875233_main_imageset06_condition_it_ic_pic03_end_ic_it.wav,165.32799445899946,,,,,,,,,875233,001,2026-06-06_21h40.45.140,gurung_120_v1,,2026.1.3,59.94989663403184,2026-06-06 21h40.45.659069 +0200,
d024_set1_tr_coh,3,MainStimuli/024_descend_paint_bench/coh_1.png,coh_1,MainStimuli/024_descend_paint_bench/coh_2.png,coh_2,MainStimuli/024_descend_paint_bench/tr_target.png,tr_target,None,None,BetweenTrials/1752221802086.jpg,11,11,0,12,24,024_descend_paint_bench,descend_paint_bench,1,tr_coh,transitive_cohesive,cohesive,transitive,0,None,0,/Users/matveikurzukov/Library/CloudStorage/GoogleDrive-apazent@gmail.com/.shortcut-targets-by-id/1exBA-7XrpLfZc6s8oGNYTbmjGsu5dT6p/Gurung stimuli/24_descend_paint bench,,,,,0,11,11,11,,,,,,,,,165.51024479199987,,,,,,,,,,,,,,,,,,,,,12,165.48993804199927,165.51024479199987,0.22161695799968584,coh_1,/Users/matveikurzukov/gurung/psychopy_gurung_v1/recordings/875233_main_imageset24_condition_tr_coh_pic01_coh_1.wav,coh_2,/Users/matveikurzukov/gurung/psychopy_gurung_v1/recordings/875233_main_imageset24_condition_tr_coh_pic02_coh_2.wav,tr_target,/Users/matveikurzukov/gurung/psychopy_gurung_v1/recordings/875233_main_imageset24_condition_tr_coh_pic03_tr_target.wav,167.3444940419995,,,,,,,,,875233,001,2026-06-06_21h40.45.140,gurung_120_v1,,2026.1.3,59.94989663403184,2026-06-06 21h40.45.659069 +0200,
d018_set1_tr_coh,3,MainStimuli/018_yawn_put_on_cap/coh_1.png,coh_1,MainStimuli/018_yawn_put_on_cap/coh_2.png,coh_2,MainStimuli/018_yawn_put_on_cap/tr_target.png,tr_target,None,None,BetweenTrials/1752221802086.jpg,12,12,0,13,18,018_yawn_put_on_cap,yawn_put_on_cap,1,tr_coh,transitive_cohesive,cohesive,transitive,0,None,0,/Users/matveikurzukov/Library/CloudStorage/GoogleDrive-apazent@gmail.com/.shortcut-targets-by-id/1exBA-7XrpLfZc6s8oGNYTbmjGsu5dT6p/Gurung stimuli/18_yawn_put on cap,,,,,0,12,12,12,,,,,,,,,167.50978183400002,,,,,,,,,,,,,,,,,,,,,13,167.49394324999957,167.50978183400002,0.38354474999960075,coh_1,/Users/matveikurzukov/gurung/psychopy_gurung_v1/recordings/875233_main_imageset18_condition_tr_coh_pic01_coh_1.wav,coh_2,/Users/matveikurzukov/gurung/psychopy_gurung_v1/recordings/875233_main_imageset18_condition_tr_coh_pic02_coh_2.wav,tr_target,/Users/matveikurzukov/gurung/psychopy_gurung_v1/recordings/875233_main_imageset18_condition_tr_coh_pic03_tr_target.wav,169.16128449999997,,,,,,,,,875233,001,2026-06-06_21h40.45.140,gurung_120_v1,,2026.1.3,59.94989663403184,2026-06-06 21h40.45.659069 +0200,
d018_set1_tr_ic,3,MainStimuli/018_yawn_put_on_cap/ic_1.png,ic_1,MainStimuli/018_yawn_put_on_cap/tr_target.png,tr_target,MainStimuli/018_yawn_put_on_cap/end_ic_tr.png,end_ic_tr,None,None,BetweenTrials/img_20260522_165652.jpg,13,13,0,14,18,018_yawn_put_on_cap,yawn_put_on_cap,1,tr_ic,transitive_incohesive,incohesive,transitive,0,None,0,/Users/matveikurzukov/Library/CloudStorage/GoogleDrive-apazent@gmail.com/.shortcut-targets-by-id/1exBA-7XrpLfZc6s8oGNYTbmjGsu5dT6p/Gurung stimuli/18_yawn_put on cap,,,,,0,13,13,13,,,,,,,,,169.3433473749992,,,,,,,,,,,,,,,,,,,,,14,169.3134895839994,169.3433473749992,0.29752416699921014,ic_1,/Users/matveikurzukov/gurung/psychopy_gurung_v1/recordings/875233_main_imageset18_condition_tr_ic_pic01_ic_1.wav,tr_target,/Users/matveikurzukov/gurung/psychopy_gurung_v1/recordings/875233_main_imageset18_condition_tr_ic_pic02_tr_target.wav,end_ic_tr,/Users/matveikurzukov/gurung/psychopy_gurung_v1/recordings/875233_main_imageset18_condition_tr_ic_pic03_end_ic_tr.wav,170.92782533399986,,,,,,,,,875233,001,2026-06-06_21h40.45.140,gurung_120_v1,,2026.1.3,59.94989663403184,2026-06-06 21h40.45.659069 +0200,
d008_set1_tr_ic,3,MainStimuli/008_smile_weave_garland/ic_1.png,ic_1,MainStimuli/008_smile_weave_garland/tr_target.png,tr_target,MainStimuli/008_smile_weave_garland/end_ic_tr.png,end_ic_tr,None,None,BetweenTrials/1752221802086.jpg,14,14,0,15,8,008_smile_weave_garland,smile_weave_garland,1,tr_ic,transitive_incohesive,incohesive,transitive,0,None,0,/Users/matveikurzukov/Library/CloudStorage/GoogleDrive-apazent@gmail.com/.shortcut-targets-by-id/1exBA-7XrpLfZc6s8oGNYTbmjGsu5dT6p/Gurung stimuli/8_smile_weave garland,,,,,0,14,14,14,,,,,,,,,171.0930798749996,,,,,,,,,,,,,,,,,,,,,15,171.07417404199987,171.0930798749996,0.2701027499997508,ic_1,/Users/matveikurzukov/gurung/psychopy_gurung_v1/recordings/875233_main_imageset08_condition_tr_ic_pic01_ic_1.wav,tr_target,/Users/matveikurzukov/gurung/psychopy_gurung_v1/recordings/875233_main_imageset08_condition_tr_ic_pic02_tr_target.wav,end_ic_tr,/Users/matveikurzukov/gurung/psychopy_gurung_v1/recordings/875233_main_imageset08_condition_tr_ic_pic03_end_ic_tr.wav,172.52743549999923,,,,,,,,,875233,001,2026-06-06_21h40.45.140,gurung_120_v1,,2026.1.3,59.94989663403184,2026-06-06 21h40.45.659069 +0200,
d027_set1_tr_coh,3,MainStimuli/027_jump_pull_blanket/coh_1.png,coh_1,MainStimuli/027_jump_pull_blanket/coh_2.png,coh_2,MainStimuli/027_jump_pull_blanket/tr_target.png,tr_target,None,None,BetweenTrials/1752221806065.jpg,15,15,0,16,27,027_jump_pull_blanket,jump_pull_blanket,1,tr_coh,transitive_cohesive,cohesive,transitive,0,None,0,/Users/matveikurzukov/Library/CloudStorage/GoogleDrive-apazent@gmail.com/.shortcut-targets-by-id/1exBA-7XrpLfZc6s8oGNYTbmjGsu5dT6p/Gurung stimuli/27_jump_pull blanket,,,,,0,15,15,15,,,,,,,,,172.70966449999923,,,,,,,,,,,,,,,,,,,,,16,172.68116029199973,172.70966449999923,0.32960404099958396,coh_1,/Users/matveikurzukov/gurung/psychopy_gurung_v1/recordings/875233_main_imageset27_condition_tr_coh_pic01_coh_1.wav,coh_2,/Users/matveikurzukov/gurung/psychopy_gurung_v1/recordings/875233_main_imageset27_condition_tr_coh_pic02_coh_2.wav,tr_target,/Users/matveikurzukov/gurung/psychopy_gurung_v1/recordings/875233_main_imageset27_condition_tr_coh_pic03_tr_target.wav,174.21109154199985,,,,,,,,,875233,001,2026-06-06_21h40.45.140,gurung_120_v1,,2026.1.3,59.94989663403184,2026-06-06 21h40.45.659069 +0200,
d009_set1_it_ic,3,MainStimuli/009_descend_harvest_rice/ic_1.png,ic_1,MainStimuli/009_descend_harvest_rice/it_target.png,it_target,MainStimuli/009_descend_harvest_rice/end_ic_it.png,end_ic_it,None,None,BetweenTrials/1752221806065.jpg,16,16,0,17,9,009_descend_harvest_rice,descend_harvest_rice,1,it_ic,intransitive_incohesive,incohesive,intransitive,0,None,0,/Users/matveikurzukov/Library/CloudStorage/GoogleDrive-apazent@gmail.com/.shortcut-targets-by-id/1exBA-7XrpLfZc6s8oGNYTbmjGsu5dT6p/Gurung stimuli/9_descend_harvest rice,,,,,0,16,16,16,,,,,,,,,174.39280808399963,,,,,,,,,,,,,,,,,,,,,17,174.36700195899994,174.39280808399963,0.3102883750007095,ic_1,/Users/matveikurzukov/gurung/psychopy_gurung_v1/recordings/875233_main_imageset09_condition_it_ic_pic01_ic_1.wav,it_target,/Users/matveikurzukov/gurung/psychopy_gurung_v1/recordings/875233_main_imageset09_condition_it_ic_pic02_it_target.wav,end_ic_it,/Users/matveikurzukov/gurung/psychopy_gurung_v1/recordings/875233_main_imageset09_condition_it_ic_pic03_end_ic_it.wav,175.92709241699959,,,,,,,,,875233,001,2026-06-06_21h40.45.140,gurung_120_v1,,2026.1.3,59.94989663403184,2026-06-06 21h40.45.659069 +0200,
d001_set1_tr_ic,3,MainStimuli/001_cough_throw_bones/ic_1.png,ic_1,MainStimuli/001_cough_throw_bones/tr_target.png,tr_target,MainStimuli/001_cough_throw_bones/end_ic_tr.png,end_ic_tr,None,None,BetweenTrials/img-20250813-wa0011.jpg,17,17,0,18,1,001_cough_throw_bones,cough_throw_bones,1,tr_ic,transitive_incohesive,incohesive,transitive,0,None,0,/Users/matveikurzukov/Library/CloudStorage/GoogleDrive-apazent@gmail.com/.shortcut-targets-by-id/1exBA-7XrpLfZc6s8oGNYTbmjGsu5dT6p/Gurung stimuli/1_cough_throw bones,,,,,0,17,17,17,,,,,,,,,176.0927395839999,,,,,,,,,,,,,,,,,,,,,18,176.07344212499993,176.0927395839999,0.28761466600008134,ic_1,/Users/matveikurzukov/gurung/psychopy_gurung_v1/recordings/875233_main_imageset01_condition_tr_ic_pic01_ic_1.wav,tr_target,/Users/matveikurzukov/gurung/psychopy_gurung_v1/recordings/875233_main_imageset01_condition_tr_ic_pic02_tr_target.wav,end_ic_tr,/Users/matveikurzukov/gurung/psychopy_gurung_v1/recordings/875233_main_imageset01_condition_tr_ic_pic03_end_ic_tr.wav,177.6107807089993,,,,,,,,,875233,001,2026-06-06_21h40.45.140,gurung_120_v1,,2026.1.3,59.94989663403184,2026-06-06 21h40.45.659069 +0200,
d021_set1_it_ic,3,MainStimuli/021_cough_burn_bottles/ic_1.png,ic_1,MainStimuli/021_cough_burn_bottles/it_target.png,it_target,MainStimuli/021_cough_burn_bottles/end_ic_it.png,end_ic_it,None,None,BetweenTrials/1752221802086.jpg,18,18,0,19,21,021_cough_burn_bottles,cough_burn_bottles,1,it_ic,intransitive_incohesive,incohesive,intransitive,1,Audio/tsakyali.wav,10,/Users/matveikurzukov/Library/CloudStorage/GoogleDrive-apazent@gmail.com/.shortcut-targets-by-id/1exBA-7XrpLfZc6s8oGNYTbmjGsu5dT6p/Gurung stimuli/21_cough_burn bottles,,,,,0,18,18,18,,,,,,,,,177.8259375839998,,,,,,,,,,,,,,,,,,,,,19,177.80804524999985,177.8259375839998,10.535431000000244,ic_1,/Users/matveikurzukov/gurung/psychopy_gurung_v1/recordings/875233_main_imageset21_condition_it_ic_pic01_ic_1.wav,it_target,/Users/matveikurzukov/gurung/psychopy_gurung_v1/recordings/875233_main_imageset21_condition_it_ic_pic02_it_target.wav,end_ic_it,/Users/matveikurzukov/gurung/psychopy_gurung_v1/recordings/875233_main_imageset21_condition_it_ic_pic03_end_ic_it.wav,189.74378287499985,,,,,,,,,875233,001,2026-06-06_21h40.45.140,gurung_120_v1,,2026.1.3,59.94989663403184,2026-06-06 21h40.45.659069 +0200,
d016_set1_it_coh,4,MainStimuli/016_sleep_wash_dish/coh_1.png,coh_1,MainStimuli/016_sleep_wash_dish/coh_2.png,coh_2,MainStimuli/016_sleep_wash_dish/it_target.png,it_target,MainStimuli/016_sleep_wash_dish/end_coh_it.png,end_coh_it,BetweenTrials/img-20250813-wa0011.jpg,19,19,0,20,16,016_sleep_wash_dish,sleep_wash_dish,1,it_coh,intransitive_cohesive,cohesive,intransitive,0,None,0,/Users/matveikurzukov/Library/CloudStorage/GoogleDrive-apazent@gmail.com/.shortcut-targets-by-id/1exBA-7XrpLfZc6s8oGNYTbmjGsu5dT6p/Gurung stimuli/16_sleep_wash dish,,,,,0,19,19,19,,,,,,,,,189.9753625839994,,,,,,,,,,,,,,,,,,,,,20,189.9596612919995,189.9753625839994,0.8837491670001327,coh_1,/Users/matveikurzukov/gurung/psychopy_gurung_v1/recordings/875233_main_imageset16_condition_it_coh_pic01_coh_1.wav,coh_2,/Users/matveikurzukov/gurung/psychopy_gurung_v1/recordings/875233_main_imageset16_condition_it_coh_pic02_coh_2.wav,it_target,/Users/matveikurzukov/gurung/psychopy_gurung_v1/recordings/875233_main_imageset16_condition_it_coh_pic03_it_target.wav,193.01089445899925,end_coh_it,/Users/matveikurzukov/gurung/psychopy_gurung_v1/recordings/875233_main_imageset16_condition_it_coh_pic04_end_coh_it.wav,,,,,,,875233,001,2026-06-06_21h40.45.140,gurung_120_v1,,2026.1.3,59.94989663403184,2026-06-06 21h40.45.659069 +0200,
d014_set1_tr_coh,3,MainStimuli/014_ascend_weave_raincoat/coh_1.png,coh_1,MainStimuli/014_ascend_weave_raincoat/coh_2.png,coh_2,MainStimuli/014_ascend_weave_raincoat/tr_target.png,tr_target,None,None,BetweenTrials/img_20260522_165652.jpg,20,20,0,21,14,014_ascend_weave_raincoat,ascend_weave_raincoat,1,tr_coh,transitive_cohesive,cohesive,transitive,0,None,0,/Users/matveikurzukov/Library/CloudStorage/GoogleDrive-apazent@gmail.com/.shortcut-targets-by-id/1exBA-7XrpLfZc6s8oGNYTbmjGsu5dT6p/Gurung stimuli/14_ascend_weave raincoat,,,,,0,20,20,20,,,,,,,,,193.20885191699927,,,,,,,,,,,,,,,,,,,,,21,193.18521904199952,193.20885191699927,0.3745921660001841,coh_1,/Users/matveikurzukov/gurung/psychopy_gurung_v1/recordings/875233_main_imageset14_condition_tr_coh_pic01_coh_1.wav,coh_2,/Users/matveikurzukov/gurung/psychopy_gurung_v1/recordings/875233_main_imageset14_condition_tr_coh_pic02_coh_2.wav,tr_target,/Users/matveikurzukov/gurung/psychopy_gurung_v1/recordings/875233_main_imageset14_condition_tr_coh_pic03_tr_target.wav,195.01012629199977,,,,,,,,,875233,001,2026-06-06_21h40.45.140,gurung_120_v1,,2026.1.3,59.94989663403184,2026-06-06 21h40.45.659069 +0200,
d024_set1_it_coh,4,MainStimuli/024_descend_paint_bench/coh_1.png,coh_1,MainStimuli/024_descend_paint_bench/coh_2.png,coh_2,MainStimuli/024_descend_paint_bench/it_target.png,it_target,MainStimuli/024_descend_paint_bench/end_coh_it.png,end_coh_it,BetweenTrials/img_20260522_165652.jpg,21,21,0,22,24,024_descend_paint_bench,descend_paint_bench,1,it_coh,intransitive_cohesive,cohesive,intransitive,0,None,0,/Users/matveikurzukov/Library/CloudStorage/GoogleDrive-apazent@gmail.com/.shortcut-targets-by-id/1exBA-7XrpLfZc6s8oGNYTbmjGsu5dT6p/Gurung stimuli/24_descend_paint bench,,,,,0,21,21,21,,,,,,,,,195.24171791699973,,,,,,,,,,,,,,,,,,,,,22,195.22545329199966,195.24171791699973,0.7179721660004361,coh_1,/Users/matveikurzukov/gurung/psychopy_gurung_v1/recordings/875233_main_imageset24_condition_it_coh_pic01_coh_1.wav,coh_2,/Users/matveikurzukov/gurung/psychopy_gurung_v1/recordings/875233_main_imageset24_condition_it_coh_pic02_coh_2.wav,it_target,/Users/matveikurzukov/gurung/psychopy_gurung_v1/recordings/875233_main_imageset24_condition_it_coh_pic03_it_target.wav,200.95966237499943,end_coh_it,/Users/matveikurzukov/gurung/psychopy_gurung_v1/recordings/875233_main_imageset24_condition_it_coh_pic04_end_coh_it.wav,,,,,,,875233,001,2026-06-06_21h40.45.140,gurung_120_v1,,2026.1.3,59.94989663403184,2026-06-06 21h40.45.659069 +0200,
d005_set1_it_coh,4,MainStimuli/005_rest_build_wall/coh_1.png,coh_1,MainStimuli/005_rest_build_wall/coh_2.png,coh_2,MainStimuli/005_rest_build_wall/it_target.png,it_target,MainStimuli/005_rest_build_wall/end_coh_it.png,end_coh_it,BetweenTrials/img_20260522_165652.jpg,22,22,0,23,5,005_rest_build_wall,rest_build_wall,1,it_coh,intransitive_cohesive,cohesive,intransitive,0,None,0,/Users/matveikurzukov/Library/CloudStorage/GoogleDrive-apazent@gmail.com/.shortcut-targets-by-id/1exBA-7XrpLfZc6s8oGNYTbmjGsu5dT6p/Gurung stimuli/5_rest_build wall,,,,,0,22,22,22,,,,,,,,,201.1746338339999,,,,,,,,,,,,,,,,,,,,,23,201.15696758399918,201.1746338339999,0.36998912499984726,coh_1,/Users/matveikurzukov/gurung/psychopy_gurung_v1/recordings/875233_main_imageset05_condition_it_coh_pic01_coh_1.wav,coh_2,/Users/matveikurzukov/gurung/psychopy_gurung_v1/recordings/875233_main_imageset05_condition_it_coh_pic02_coh_2.wav,it_target,/Users/matveikurzukov/gurung/psychopy_gurung_v1/recordings/875233_main_imageset05_condition_it_coh_pic03_it_target.wav,203.02656729199953,end_coh_it,/Users/matveikurzukov/gurung/psychopy_gurung_v1/recordings/875233_main_imageset05_condition_it_coh_pic04_end_coh_it.wav,,,,,,,875233,001,2026-06-06_21h40.45.140,gurung_120_v1,,2026.1.3,59.94989663403184,2026-06-06 21h40.45.659069 +0200,
d023_set1_tr_ic,3,MainStimuli/023_stand_tear_paper/ic_1.png,ic_1,MainStimuli/023_stand_tear_paper/tr_target.png,tr_target,MainStimuli/023_stand_tear_paper/end_ic_tr.png,end_ic_tr,None,None,BetweenTrials/1752221802086.jpg,23,23,0,24,23,023_stand_tear_paper,stand_tear_paper,1,tr_ic,transitive_incohesive,incohesive,transitive,0,None,0,/Users/matveikurzukov/Library/CloudStorage/GoogleDrive-apazent@gmail.com/.shortcut-targets-by-id/1exBA-7XrpLfZc6s8oGNYTbmjGsu5dT6p/Gurung stimuli/23_stand_tear paper,,,,,0,23,23,23,,,,,,,,,203.20793595899977,,,,,,,,,,,,,,,,,,,,,24,203.1795779589993,203.20793595899977,0.3466756660000101,ic_1,/Users/matveikurzukov/gurung/psychopy_gurung_v1/recordings/875233_main_imageset23_condition_tr_ic_pic01_ic_1.wav,tr_target,/Users/matveikurzukov/gurung/psychopy_gurung_v1/recordings/875233_main_imageset23_condition_tr_ic_pic02_tr_target.wav,end_ic_tr,/Users/matveikurzukov/gurung/psychopy_gurung_v1/recordings/875233_main_imageset23_condition_tr_ic_pic03_end_ic_tr.wav,204.6259659999996,,,,,,,,,875233,001,2026-06-06_21h40.45.140,gurung_120_v1,,2026.1.3,59.94989663403184,2026-06-06 21h40.45.659069 +0200,
d016_set1_tr_ic,3,MainStimuli/016_sleep_wash_dish/ic_1.png,ic_1,MainStimuli/016_sleep_wash_dish/tr_target.png,tr_target,MainStimuli/016_sleep_wash_dish/end_ic_tr.png,end_ic_tr,None,None,BetweenTrials/1752221802086.jpg,24,24,0,25,16,016_sleep_wash_dish,sleep_wash_dish,1,tr_ic,transitive_incohesive,incohesive,transitive,0,None,0,/Users/matveikurzukov/Library/CloudStorage/GoogleDrive-apazent@gmail.com/.shortcut-targets-by-id/1exBA-7XrpLfZc6s8oGNYTbmjGsu5dT6p/Gurung stimuli/16_sleep_wash dish,,,,,0,24,24,24,,,,,,,,,204.80768366699976,,,,,,,,,,,,,,,,,,,,,25,204.78101100000003,204.80768366699976,0.327739625000504,ic_1,/Users/matveikurzukov/gurung/psychopy_gurung_v1/recordings/875233_main_imageset16_condition_tr_ic_pic01_ic_1.wav,tr_target,/Users/matveikurzukov/gurung/psychopy_gurung_v1/recordings/875233_main_imageset16_condition_tr_ic_pic02_tr_target.wav,end_ic_tr,/Users/matveikurzukov/gurung/psychopy_gurung_v1/recordings/875233_main_imageset16_condition_tr_ic_pic03_end_ic_tr.wav,206.15887608399953,,,,,,,,,875233,001,2026-06-06_21h40.45.140,gurung_120_v1,,2026.1.3,59.94989663403184,2026-06-06 21h40.45.659069 +0200,
d026_set1_tr_ic,3,MainStimuli/026_sleep_drag_log/ic_1.png,ic_1,MainStimuli/026_sleep_drag_log/tr_target.png,tr_target,MainStimuli/026_sleep_drag_log/end_ic_tr.png,end_ic_tr,None,None,BetweenTrials/img-20250813-wa0011.jpg,25,25,0,26,26,026_sleep_drag_log,sleep_drag_log,1,tr_ic,transitive_incohesive,incohesive,transitive,0,None,0,/Users/matveikurzukov/Library/CloudStorage/GoogleDrive-apazent@gmail.com/.shortcut-targets-by-id/1exBA-7XrpLfZc6s8oGNYTbmjGsu5dT6p/Gurung stimuli/26_sleep_drag log,,,,,0,25,25,25,,,,,,,,,206.34128308399977,,,,,,,,,,,,,,,,,,,,,26,206.3190349589995,206.34128308399977,0.24214866700003768,ic_1,/Users/matveikurzukov/gurung/psychopy_gurung_v1/recordings/875233_main_imageset26_condition_tr_ic_pic01_ic_1.wav,tr_target,/Users/matveikurzukov/gurung/psychopy_gurung_v1/recordings/875233_main_imageset26_condition_tr_ic_pic02_tr_target.wav,end_ic_tr,/Users/matveikurzukov/gurung/psychopy_gurung_v1/recordings/875233_main_imageset26_condition_tr_ic_pic03_end_ic_tr.wav,207.62630074999925,,,,,,,,,875233,001,2026-06-06_21h40.45.140,gurung_120_v1,,2026.1.3,59.94989663403184,2026-06-06 21h40.45.659069 +0200,
d021_set1_tr_coh,3,MainStimuli/021_cough_burn_bottles/coh_1.png,coh_1,MainStimuli/021_cough_burn_bottles/coh_2.png,coh_2,MainStimuli/021_cough_burn_bottles/tr_target.png,tr_target,None,None,BetweenTrials/img_20260522_165652.jpg,26,26,0,27,21,021_cough_burn_bottles,cough_burn_bottles,1,tr_coh,transitive_cohesive,cohesive,transitive,0,None,0,/Users/matveikurzukov/Library/CloudStorage/GoogleDrive-apazent@gmail.com/.shortcut-targets-by-id/1exBA-7XrpLfZc6s8oGNYTbmjGsu5dT6p/Gurung stimuli/21_cough_burn bottles,,,,,0,26,26,26,,,,,,,,,207.8077379589995,,,,,,,,,,,,,,,,,,,,,27,207.77891374999945,207.8077379589995,0.22996074999991833,coh_1,/Users/matveikurzukov/gurung/psychopy_gurung_v1/recordings/875233_main_imageset21_condition_tr_coh_pic01_coh_1.wav,coh_2,/Users/matveikurzukov/gurung/psychopy_gurung_v1/recordings/875233_main_imageset21_condition_tr_coh_pic02_coh_2.wav,tr_target,/Users/matveikurzukov/gurung/psychopy_gurung_v1/recordings/875233_main_imageset21_condition_tr_coh_pic03_tr_target.wav,209.0757974169992,,,,,,,,,875233,001,2026-06-06_21h40.45.140,gurung_120_v1,,2026.1.3,59.94989663403184,2026-06-06 21h40.45.659069 +0200,
d007_set1_tr_coh,3,MainStimuli/007_sit_make_fire/coh_1.png,coh_1,MainStimuli/007_sit_make_fire/coh_2.png,coh_2,MainStimuli/007_sit_make_fire/tr_target.png,tr_target,None,None,BetweenTrials/img-20250813-wa0011.jpg,27,27,0,28,7,007_sit_make_fire,sit_make_fire,1,tr_coh,transitive_cohesive,cohesive,transitive,0,None,0,/Users/matveikurzukov/Library/CloudStorage/GoogleDrive-apazent@gmail.com/.shortcut-targets-by-id/1exBA-7XrpLfZc6s8oGNYTbmjGsu5dT6p/Gurung stimuli/7_sit_make fire,,,,,0,27,27,27,,,,,,,,,209.24076945899924,,,,,,,,,,,,,,,,,,,,,28,209.22624562500005,209.24076945899924,0.2990782090000721,coh_1,/Users/matveikurzukov/gurung/psychopy_gurung_v1/recordings/875233_main_imageset07_condition_tr_coh_pic01_coh_1.wav,coh_2,/Users/matveikurzukov/gurung/psychopy_gurung_v1/recordings/875233_main_imageset07_condition_tr_coh_pic02_coh_2.wav,tr_target,/Users/matveikurzukov/gurung/psychopy_gurung_v1/recordings/875233_main_imageset07_condition_tr_coh_pic03_tr_target.wav,210.67557870899964,,,,,,,,,875233,001,2026-06-06_21h40.45.140,gurung_120_v1,,2026.1.3,59.94989663403184,2026-06-06 21h40.45.659069 +0200,
d022_set1_it_ic,3,MainStimuli/022_come_push_chest/ic_1.png,ic_1,MainStimuli/022_come_push_chest/it_target.png,it_target,MainStimuli/022_come_push_chest/end_ic_it.png,end_ic_it,None,None,BetweenTrials/1752221806065.jpg,28,28,0,29,22,022_come_push_chest,come_push_chest,1,it_ic,intransitive_incohesive,incohesive,intransitive,0,None,0,/Users/matveikurzukov/Library/CloudStorage/GoogleDrive-apazent@gmail.com/.shortcut-targets-by-id/1exBA-7XrpLfZc6s8oGNYTbmjGsu5dT6p/Gurung stimuli/22_come_push chest,,,,,0,28,28,28,,,,,,,,,210.8572237919998,,,,,,,,,,,,,,,,,,,,,29,210.83039683399966,210.8572237919998,0.34472616700077197,ic_1,/Users/matveikurzukov/gurung/psychopy_gurung_v1/recordings/875233_main_imageset22_condition_it_ic_pic01_ic_1.wav,it_target,/Users/matveikurzukov/gurung/psychopy_gurung_v1/recordings/875233_main_imageset22_condition_it_ic_pic02_it_target.wav,end_ic_it,/Users/matveikurzukov/gurung/psychopy_gurung_v1/recordings/875233_main_imageset22_condition_it_ic_pic03_end_ic_it.wav,212.49246087499978,,,,,,,,,875233,001,2026-06-06_21h40.45.140,gurung_120_v1,,2026.1.3,59.94989663403184,2026-06-06 21h40.45.659069 +0200,
d003_set1_it_ic,3,MainStimuli/003_rest_cook_fish/ic_1.png,ic_1,MainStimuli/003_rest_cook_fish/it_target.png,it_target,MainStimuli/003_rest_cook_fish/end_ic_it.png,end_ic_it,None,None,BetweenTrials/1752221802086.jpg,29,29,0,30,3,003_rest_cook_fish,rest_cook_fish,1,it_ic,intransitive_incohesive,incohesive,intransitive,0,None,0,/Users/matveikurzukov/Library/CloudStorage/GoogleDrive-apazent@gmail.com/.shortcut-targets-by-id/1exBA-7XrpLfZc6s8oGNYTbmjGsu5dT6p/Gurung stimuli/3_rest_cook fish,,,,,0,29,29,29,,,,,,,,,212.70766187499976,,,,,,,,,,,,,,,,,,,,,30,212.69079845899978,212.70766187499976,0.3193719589999091,ic_1,/Users/matveikurzukov/gurung/psychopy_gurung_v1/recordings/875233_main_imageset03_condition_it_ic_pic01_ic_1.wav,it_target,/Users/matveikurzukov/gurung/psychopy_gurung_v1/recordings/875233_main_imageset03_condition_it_ic_pic02_it_target.wav,end_ic_it,/Users/matveikurzukov/gurung/psychopy_gurung_v1/recordings/875233_main_imageset03_condition_it_ic_pic03_end_ic_it.wav,214.12946483399992,,,,,,,,,875233,001,2026-06-06_21h40.45.140,gurung_120_v1,,2026.1.3,59.94989663403184,2026-06-06 21h40.45.659069 +0200,
d022_set1_tr_ic,3,MainStimuli/022_come_push_chest/ic_1.png,ic_1,MainStimuli/022_come_push_chest/tr_target.png,tr_target,MainStimuli/022_come_push_chest/end_ic_tr.png,end_ic_tr,None,None,BetweenTrials/img_20260522_165652.jpg,30,30,0,31,22,022_come_push_chest,come_push_chest,1,tr_ic,transitive_incohesive,incohesive,transitive,0,None,0,/Users/matveikurzukov/Library/CloudStorage/GoogleDrive-apazent@gmail.com/.shortcut-targets-by-id/1exBA-7XrpLfZc6s8oGNYTbmjGsu5dT6p/Gurung stimuli/22_come_push chest,,,,,0,30,30,30,,,,,,,,,214.3072215839993,,,,,,,,,,,,,,,,,,,,,31,214.2834602089997,214.3072215839993,0.29290504199980205,ic_1,/Users/matveikurzukov/gurung/psychopy_gurung_v1/recordings/875233_main_imageset22_condition_tr_ic_pic01_ic_1.wav,tr_target,/Users/matveikurzukov/gurung/psychopy_gurung_v1/recordings/875233_main_imageset22_condition_tr_ic_pic02_tr_target.wav,end_ic_tr,/Users/matveikurzukov/gurung/psychopy_gurung_v1/recordings/875233_main_imageset22_condition_tr_ic_pic03_end_ic_tr.wav,215.67508937499952,,,,,,,,,875233,001,2026-06-06_21h40.45.140,gurung_120_v1,,2026.1.3,59.94989663403184,2026-06-06 21h40.45.659069 +0200,
d013_set1_it_ic,3,MainStimuli/013_stand_wash_clothes/ic_1.png,ic_1,MainStimuli/013_stand_wash_clothes/it_target.png,it_target,MainStimuli/013_stand_wash_clothes/end_ic_it.png,end_ic_it,None,None,BetweenTrials/1752221802086.jpg,31,31,0,32,13,013_stand_wash_clothes,stand_wash_clothes,1,it_ic,intransitive_incohesive,incohesive,intransitive,0,None,0,/Users/matveikurzukov/Library/CloudStorage/GoogleDrive-apazent@gmail.com/.shortcut-targets-by-id/1exBA-7XrpLfZc6s8oGNYTbmjGsu5dT6p/Gurung stimuli/13_stand_wash clothes,,,,,0,31,31,31,,,,,,,,,215.85712124999918,,,,,,,,,,,,,,,,,,,,,32,215.83218062499964,215.85712124999918,0.2929179169996132,ic_1,/Users/matveikurzukov/gurung/psychopy_gurung_v1/recordings/875233_main_imageset13_condition_it_ic_pic01_ic_1.wav,it_target,/Users/matveikurzukov/gurung/psychopy_gurung_v1/recordings/875233_main_imageset13_condition_it_ic_pic02_it_target.wav,end_ic_it,/Users/matveikurzukov/gurung/psychopy_gurung_v1/recordings/875233_main_imageset13_condition_it_ic_pic03_end_ic_it.wav,217.14191495899922,,,,,,,,,875233,001,2026-06-06_21h40.45.140,gurung_120_v1,,2026.1.3,59.94989663403184,2026-06-06 21h40.45.659069 +0200,
d009_set1_it_coh,4,MainStimuli/009_descend_harvest_rice/coh_1.png,coh_1,MainStimuli/009_descend_harvest_rice/coh_2.png,coh_2,MainStimuli/009_descend_harvest_rice/it_target.png,it_target,MainStimuli/009_descend_harvest_rice/end_coh_it.png,end_coh_it,BetweenTrials/img_20260522_165652.jpg,32,32,0,33,9,009_descend_harvest_rice,descend_harvest_rice,1,it_coh,intransitive_cohesive,cohesive,intransitive,0,None,0,/Users/matveikurzukov/Library/CloudStorage/GoogleDrive-apazent@gmail.com/.shortcut-targets-by-id/1exBA-7XrpLfZc6s8oGNYTbmjGsu5dT6p/Gurung stimuli/9_descend_harvest rice,,,,,0,32,32,32,,,,,,,,,217.35704529199938,,,,,,,,,,,,,,,,,,,,,33,217.3333107089993,217.35704529199938,0.19147816700024123,coh_1,/Users/matveikurzukov/gurung/psychopy_gurung_v1/recordings/875233_main_imageset09_condition_it_coh_pic01_coh_1.wav,coh_2,/Users/matveikurzukov/gurung/psychopy_gurung_v1/recordings/875233_main_imageset09_condition_it_coh_pic02_coh_2.wav,it_target,/Users/matveikurzukov/gurung/psychopy_gurung_v1/recordings/875233_main_imageset09_condition_it_coh_pic03_it_target.wav,218.92584216699925,end_coh_it,/Users/matveikurzukov/gurung/psychopy_gurung_v1/recordings/875233_main_imageset09_condition_it_coh_pic04_end_coh_it.wav,,,,,,,875233,001,2026-06-06_21h40.45.140,gurung_120_v1,,2026.1.3,59.94989663403184,2026-06-06 21h40.45.659069 +0200,
d003_set1_tr_ic,3,MainStimuli/003_rest_cook_fish/ic_1.png,ic_1,MainStimuli/003_rest_cook_fish/tr_target.png,tr_target,MainStimuli/003_rest_cook_fish/end_ic_tr.png,end_ic_tr,None,None,BetweenTrials/1752221802086.jpg,33,33,0,34,3,003_rest_cook_fish,rest_cook_fish,1,tr_ic,transitive_incohesive,incohesive,transitive,0,None,0,/Users/matveikurzukov/Library/CloudStorage/GoogleDrive-apazent@gmail.com/.shortcut-targets-by-id/1exBA-7XrpLfZc6s8oGNYTbmjGsu5dT6p/Gurung stimuli/3_rest_cook fish,,,,,0,33,33,33,,,,,,,,,219.09057795899935,,,,,,,,,,,,,,,,,,,,,34,219.07384583399926,219.09057795899935,0.3008093339994957,ic_1,/Users/matveikurzukov/gurung/psychopy_gurung_v1/recordings/875233_main_imageset03_condition_tr_ic_pic01_ic_1.wav,tr_target,/Users/matveikurzukov/gurung/psychopy_gurung_v1/recordings/875233_main_imageset03_condition_tr_ic_pic02_tr_target.wav,end_ic_tr,/Users/matveikurzukov/gurung/psychopy_gurung_v1/recordings/875233_main_imageset03_condition_tr_ic_pic03_end_ic_tr.wav,220.4432829589996,,,,,,,,,875233,001,2026-06-06_21h40.45.140,gurung_120_v1,,2026.1.3,59.94989663403184,2026-06-06 21h40.45.659069 +0200,
d004_set1_it_coh,4,MainStimuli/004_run_drink_tea/coh_1.png,coh_1,MainStimuli/004_run_drink_tea/coh_2.png,coh_2,MainStimuli/004_run_drink_tea/it_target.png,it_target,MainStimuli/004_run_drink_tea/end_coh_it.png,end_coh_it,BetweenTrials/img_20260522_165652.jpg,34,34,0,35,4,004_run_drink_tea,run_drink_tea,1,it_coh,intransitive_cohesive,cohesive,intransitive,1,Audio/tsakyali.wav,10,/Users/matveikurzukov/Library/CloudStorage/GoogleDrive-apazent@gmail.com/.shortcut-targets-by-id/1exBA-7XrpLfZc6s8oGNYTbmjGsu5dT6p/Gurung stimuli/4_run_drink tea,,,,,0,34,34,34,,,,,,,,,220.70687774999988,,,,,,,,,,,,,,,,,,,,,35,220.69057299999986,220.70687774999988,11.03377829100009,coh_1,/Users/matveikurzukov/gurung/psychopy_gurung_v1/recordings/875233_main_imageset04_condition_it_coh_pic01_coh_1.wav,coh_2,/Users/matveikurzukov/gurung/psychopy_gurung_v1/recordings/875233_main_imageset04_condition_it_coh_pic02_coh_2.wav,it_target,/Users/matveikurzukov/gurung/psychopy_gurung_v1/recordings/875233_main_imageset04_condition_it_coh_pic03_it_target.wav,233.22491166700001,end_coh_it,/Users/matveikurzukov/gurung/psychopy_gurung_v1/recordings/875233_main_imageset04_condition_it_coh_pic04_end_coh_it.wav,,,,,,,875233,001,2026-06-06_21h40.45.140,gurung_120_v1,,2026.1.3,59.94989663403184,2026-06-06 21h40.45.659069 +0200,
d025_set1_tr_coh,3,MainStimuli/025_yawn_lock_door/coh_1.png,coh_1,MainStimuli/025_yawn_lock_door/coh_2.png,coh_2,MainStimuli/025_yawn_lock_door/tr_target.png,tr_target,None,None,BetweenTrials/1752221802086.jpg,35,35,0,36,25,025_yawn_lock_door,yawn_lock_door,1,tr_coh,transitive_cohesive,cohesive,transitive,0,None,0,/Users/matveikurzukov/Library/CloudStorage/GoogleDrive-apazent@gmail.com/.shortcut-targets-by-id/1exBA-7XrpLfZc6s8oGNYTbmjGsu5dT6p/Gurung stimuli/25_yawn_lock door,,,,,0,35,35,35,,,,,,,,,233.43987783400007,,,,,,,,,,,,,,,,,,,,,36,233.41697012499935,233.43987783400007,0.29113479199986614,coh_1,/Users/matveikurzukov/gurung/psychopy_gurung_v1/recordings/875233_main_imageset25_condition_tr_coh_pic01_coh_1.wav,coh_2,/Users/matveikurzukov/gurung/psychopy_gurung_v1/recordings/875233_main_imageset25_condition_tr_coh_pic02_coh_2.wav,tr_target,/Users/matveikurzukov/gurung/psychopy_gurung_v1/recordings/875233_main_imageset25_condition_tr_coh_pic03_tr_target.wav,234.67445212499933,,,,,,,,,875233,001,2026-06-06_21h40.45.140,gurung_120_v1,,2026.1.3,59.94989663403184,2026-06-06 21h40.45.659069 +0200,
d011_set1_it_coh,4,MainStimuli/011_ascend_wipe_plate/coh_1.png,coh_1,MainStimuli/011_ascend_wipe_plate/coh_2.png,coh_2,MainStimuli/011_ascend_wipe_plate/it_target.png,it_target,MainStimuli/011_ascend_wipe_plate/end_coh_it.png,end_coh_it,BetweenTrials/1752221806065.jpg,36,36,0,37,11,011_ascend_wipe_plate,ascend_wipe_plate,1,it_coh,intransitive_cohesive,cohesive,intransitive,0,None,0,/Users/matveikurzukov/Library/CloudStorage/GoogleDrive-apazent@gmail.com/.shortcut-targets-by-id/1exBA-7XrpLfZc6s8oGNYTbmjGsu5dT6p/Gurung stimuli/11_ascend_wipe plate,,,,,0,36,36,36,,,,,,,,,234.90633904199967,,,,,,,,,,,,,,,,,,,,,37,234.88710662499943,234.90633904199967,0.3036372080005094,coh_1,/Users/matveikurzukov/gurung/psychopy_gurung_v1/recordings/875233_main_imageset11_condition_it_coh_pic01_coh_1.wav,coh_2,/Users/matveikurzukov/gurung/psychopy_gurung_v1/recordings/875233_main_imageset11_condition_it_coh_pic02_coh_2.wav,it_target,/Users/matveikurzukov/gurung/psychopy_gurung_v1/recordings/875233_main_imageset11_condition_it_coh_pic03_it_target.wav,236.60715133399935,end_coh_it,/Users/matveikurzukov/gurung/psychopy_gurung_v1/recordings/875233_main_imageset11_condition_it_coh_pic04_end_coh_it.wav,,,,,,,875233,001,2026-06-06_21h40.45.140,gurung_120_v1,,2026.1.3,59.94989663403184,2026-06-06 21h40.45.659069 +0200,
d030_set1_tr_ic,3,MainStimuli/030_smile_make_momos/ic_1.png,ic_1,MainStimuli/030_smile_make_momos/tr_target.png,tr_target,MainStimuli/030_smile_make_momos/end_ic_tr.png,end_ic_tr,None,None,BetweenTrials/1752221806065.jpg,37,37,0,38,30,030_smile_make_momos,smile_make_momos,1,tr_ic,transitive_incohesive,incohesive,transitive,0,None,0,/Users/matveikurzukov/Library/CloudStorage/GoogleDrive-apazent@gmail.com/.shortcut-targets-by-id/1exBA-7XrpLfZc6s8oGNYTbmjGsu5dT6p/Gurung stimuli/30_smile_make momos,,,,,0,37,37,37,,,,,,,,,236.77254774999983,,,,,,,,,,,,,,,,,,,,,38,236.7569805839994,236.77254774999983,0.26646325000001525,ic_1,/Users/matveikurzukov/gurung/psychopy_gurung_v1/recordings/875233_main_imageset30_condition_tr_ic_pic01_ic_1.wav,tr_target,/Users/matveikurzukov/gurung/psychopy_gurung_v1/recordings/875233_main_imageset30_condition_tr_ic_pic02_tr_target.wav,end_ic_tr,/Users/matveikurzukov/gurung/psychopy_gurung_v1/recordings/875233_main_imageset30_condition_tr_ic_pic03_end_ic_tr.wav,238.7905189589992,,,,,,,,,875233,001,2026-06-06_21h40.45.140,gurung_120_v1,,2026.1.3,59.94989663403184,2026-06-06 21h40.45.659069 +0200,
d023_set1_tr_coh,3,MainStimuli/023_stand_tear_paper/coh_1.png,coh_1,MainStimuli/023_stand_tear_paper/coh_2.png,coh_2,MainStimuli/023_stand_tear_paper/tr_target.png,tr_target,None,None,BetweenTrials/img-20250813-wa0011.jpg,38,38,0,39,23,023_stand_tear_paper,stand_tear_paper,1,tr_coh,transitive_cohesive,cohesive,transitive,0,None,0,/Users/matveikurzukov/Library/CloudStorage/GoogleDrive-apazent@gmail.com/.shortcut-targets-by-id/1exBA-7XrpLfZc6s8oGNYTbmjGsu5dT6p/Gurung stimuli/23_stand_tear paper,,,,,0,38,38,38,,,,,,,,,238.95567970899992,,,,,,,,,,,,,,,,,,,,,39,238.93771741699948,238.95567970899992,0.26942766699994536,coh_1,/Users/matveikurzukov/gurung/psychopy_gurung_v1/recordings/875233_main_imageset23_condition_tr_coh_pic01_coh_1.wav,coh_2,/Users/matveikurzukov/gurung/psychopy_gurung_v1/recordings/875233_main_imageset23_condition_tr_coh_pic02_coh_2.wav,tr_target,/Users/matveikurzukov/gurung/psychopy_gurung_v1/recordings/875233_main_imageset23_condition_tr_coh_pic03_tr_target.wav,240.45751708399985,,,,,,,,,875233,001,2026-06-06_21h40.45.140,gurung_120_v1,,2026.1.3,59.94989663403184,2026-06-06 21h40.45.659069 +0200,
d021_set1_it_coh,4,MainStimuli/021_cough_burn_bottles/coh_1.png,coh_1,MainStimuli/021_cough_burn_bottles/coh_2.png,coh_2,MainStimuli/021_cough_burn_bottles/it_target.png,it_target,MainStimuli/021_cough_burn_bottles/end_coh_it.png,end_coh_it,BetweenTrials/img-20250813-wa0011.jpg,39,39,0,40,21,021_cough_burn_bottles,cough_burn_bottles,1,it_coh,intransitive_cohesive,cohesive,intransitive,0,None,0,/Users/matveikurzukov/Library/CloudStorage/GoogleDrive-apazent@gmail.com/.shortcut-targets-by-id/1exBA-7XrpLfZc6s8oGNYTbmjGsu5dT6p/Gurung stimuli/21_cough_burn bottles,,,,,0,39,39,39,,,,,,,,,240.67246887500005,,,,,,,,,,,,,,,,,,,,,40,240.6516121249997,240.67246887500005,0.38905337500000314,coh_1,/Users/matveikurzukov/gurung/psychopy_gurung_v1/recordings/875233_main_imageset21_condition_it_coh_pic01_coh_1.wav,coh_2,/Users/matveikurzukov/gurung/psychopy_gurung_v1/recordings/875233_main_imageset21_condition_it_coh_pic02_coh_2.wav,it_target,/Users/matveikurzukov/gurung/psychopy_gurung_v1/recordings/875233_main_imageset21_condition_it_coh_pic03_it_target.wav,242.52358037499926,end_coh_it,/Users/matveikurzukov/gurung/psychopy_gurung_v1/recordings/875233_main_imageset21_condition_it_coh_pic04_end_coh_it.wav,,,,,,,875233,001,2026-06-06_21h40.45.140,gurung_120_v1,,2026.1.3,59.94989663403184,2026-06-06 21h40.45.659069 +0200,
,,,,,,,,,,,,,,,,,,,,,,,,,,,,,,,,,,,,,,,,,,,,,,,,,,,,,,,,,,,,,,,,,,,,,,,,,,,,,242.6101141249992,242.6389617089999,276.12168133399973,,,,875233,001,2026-06-06_21h40.45.140,gurung_120_v1,,2026.1.3,59.94989663403184,2026-06-06 21h40.45.659069 +0200,
d030_set1_it_ic,3,MainStimuli/030_smile_make_momos/ic_1.png,ic_1,MainStimuli/030_smile_make_momos/it_target.png,it_target,MainStimuli/030_smile_make_momos/end_ic_it.png,end_ic_it,None,None,BetweenTrials/1752221802086.jpg,0,0,0,41,30,030_smile_make_momos,smile_make_momos,1,it_ic,intransitive_incohesive,incohesive,intransitive,0,None,0,/Users/matveikurzukov/Library/CloudStorage/GoogleDrive-apazent@gmail.com/.shortcut-targets-by-id/1exBA-7XrpLfZc6s8oGNYTbmjGsu5dT6p/Gurung stimuli/30_smile_make momos,,,,,,,,,0,0,0,0,,,,,276.2542319999993,,,,,,,,,,,,,,,,,,,,,41,276.2358925419994,276.2542319999993,0.45214629200017953,ic_1,/Users/matveikurzukov/gurung/psychopy_gurung_v1/recordings/875233_main_imageset30_condition_it_ic_pic01_ic_1.wav,it_target,/Users/matveikurzukov/gurung/psychopy_gurung_v1/recordings/875233_main_imageset30_condition_it_ic_pic02_it_target.wav,end_ic_it,/Users/matveikurzukov/gurung/psychopy_gurung_v1/recordings/875233_main_imageset30_condition_it_ic_pic03_end_ic_it.wav,277.6388574169996,,,,,,,,,875233,001,2026-06-06_21h40.45.140,gurung_120_v1,,2026.1.3,59.94989663403184,2026-06-06 21h40.45.659069 +0200,
d028_set1_it_ic,3,MainStimuli/028_jump_peel_orange/ic_1.png,ic_1,MainStimuli/028_jump_peel_orange/it_target.png,it_target,MainStimuli/028_jump_peel_orange/end_ic_it.png,end_ic_it,None,None,BetweenTrials/1752221806065.jpg,1,1,0,42,28,028_jump_peel_orange,jump_peel_orange,1,it_ic,intransitive_incohesive,incohesive,intransitive,0,None,0,/Users/matveikurzukov/Library/CloudStorage/GoogleDrive-apazent@gmail.com/.shortcut-targets-by-id/1exBA-7XrpLfZc6s8oGNYTbmjGsu5dT6p/Gurung stimuli/28_jump_peel orange,,,,,,,,,0,1,1,1,,,,,277.8206633339996,,,,,,,,,,,,,,,,,,,,,42,277.80304279199936,277.8206633339996,0.319534250000288,ic_1,/Users/matveikurzukov/gurung/psychopy_gurung_v1/recordings/875233_main_imageset28_condition_it_ic_pic01_ic_1.wav,it_target,/Users/matveikurzukov/gurung/psychopy_gurung_v1/recordings/875233_main_imageset28_condition_it_ic_pic02_it_target.wav,end_ic_it,/Users/matveikurzukov/gurung/psychopy_gurung_v1/recordings/875233_main_imageset28_condition_it_ic_pic03_end_ic_it.wav,279.0555689589992,,,,,,,,,875233,001,2026-06-06_21h40.45.140,gurung_120_v1,,2026.1.3,59.94989663403184,2026-06-06 21h40.45.659069 +0200,
d026_set1_it_coh,4,MainStimuli/026_sleep_drag_log/coh_1.png,coh_1,MainStimuli/026_sleep_drag_log/coh_2.png,coh_2,MainStimuli/026_sleep_drag_log/it_target.png,it_target,MainStimuli/026_sleep_drag_log/end_coh_it.png,end_coh_it,BetweenTrials/1752221806065.jpg,2,2,0,43,26,026_sleep_drag_log,sleep_drag_log,1,it_coh,intransitive_cohesive,cohesive,intransitive,0,None,0,/Users/matveikurzukov/Library/CloudStorage/GoogleDrive-apazent@gmail.com/.shortcut-targets-by-id/1exBA-7XrpLfZc6s8oGNYTbmjGsu5dT6p/Gurung stimuli/26_sleep_drag log,,,,,,,,,0,2,2,2,,,,,279.28731441699983,,,,,,,,,,,,,,,,,,,,,43,279.2686501669996,279.28731441699983,0.3362557079999533,coh_1,/Users/matveikurzukov/gurung/psychopy_gurung_v1/recordings/875233_main_imageset26_condition_it_coh_pic01_coh_1.wav,coh_2,/Users/matveikurzukov/gurung/psychopy_gurung_v1/recordings/875233_main_imageset26_condition_it_coh_pic02_coh_2.wav,it_target,/Users/matveikurzukov/gurung/psychopy_gurung_v1/recordings/875233_main_imageset26_condition_it_coh_pic03_it_target.wav,280.8550204999992,end_coh_it,/Users/matveikurzukov/gurung/psychopy_gurung_v1/recordings/875233_main_imageset26_condition_it_coh_pic04_end_coh_it.wav,,,,,,,875233,001,2026-06-06_21h40.45.140,gurung_120_v1,,2026.1.3,59.94989663403184,2026-06-06 21h40.45.659069 +0200,
d023_set1_it_coh,4,MainStimuli/023_stand_tear_paper/coh_1.png,coh_1,MainStimuli/023_stand_tear_paper/coh_2.png,coh_2,MainStimuli/023_stand_tear_paper/it_target.png,it_target,MainStimuli/023_stand_tear_paper/end_coh_it.png,end_coh_it,BetweenTrials/1752221802086.jpg,3,3,0,44,23,023_stand_tear_paper,stand_tear_paper,1,it_coh,intransitive_cohesive,cohesive,intransitive,0,None,0,/Users/matveikurzukov/Library/CloudStorage/GoogleDrive-apazent@gmail.com/.shortcut-targets-by-id/1exBA-7XrpLfZc6s8oGNYTbmjGsu5dT6p/Gurung stimuli/23_stand_tear paper,,,,,,,,,0,3,3,3,,,,,281.07032699999945,,,,,,,,,,,,,,,,,,,,,44,281.04685329199947,281.07032699999945,0.2910884579996491,coh_1,/Users/matveikurzukov/gurung/psychopy_gurung_v1/recordings/875233_main_imageset23_condition_it_coh_pic01_coh_1.wav,coh_2,/Users/matveikurzukov/gurung/psychopy_gurung_v1/recordings/875233_main_imageset23_condition_it_coh_pic02_coh_2.wav,it_target,/Users/matveikurzukov/gurung/psychopy_gurung_v1/recordings/875233_main_imageset23_condition_it_coh_pic03_it_target.wav,285.18848179199995,end_coh_it,/Users/matveikurzukov/gurung/psychopy_gurung_v1/recordings/875233_main_imageset23_condition_it_coh_pic04_end_coh_it.wav,,,,,,,875233,001,2026-06-06_21h40.45.140,gurung_120_v1,,2026.1.3,59.94989663403184,2026-06-06 21h40.45.659069 +0200,
d001_set1_tr_coh,3,MainStimuli/001_cough_throw_bones/coh_1.png,coh_1,MainStimuli/001_cough_throw_bones/coh_2.png,coh_2,MainStimuli/001_cough_throw_bones/tr_target.png,tr_target,None,None,BetweenTrials/img-20250813-wa0011.jpg,4,4,0,45,1,001_cough_throw_bones,cough_throw_bones,1,tr_coh,transitive_cohesive,cohesive,transitive,1,Audio/tsakyali.wav,10,/Users/matveikurzukov/Library/CloudStorage/GoogleDrive-apazent@gmail.com/.shortcut-targets-by-id/1exBA-7XrpLfZc6s8oGNYTbmjGsu5dT6p/Gurung stimuli/1_cough_throw bones,,,,,,,,,0,4,4,4,,,,,285.47215224999945,,,,,,,,,,,,,,,,,,,,,45,285.45623604199955,285.47215224999945,10.448024375000386,coh_1,/Users/matveikurzukov/gurung/psychopy_gurung_v1/recordings/875233_main_imageset01_condition_tr_coh_pic01_coh_1.wav,coh_2,/Users/matveikurzukov/gurung/psychopy_gurung_v1/recordings/875233_main_imageset01_condition_tr_coh_pic02_coh_2.wav,tr_target,/Users/matveikurzukov/gurung/psychopy_gurung_v1/recordings/875233_main_imageset01_condition_tr_coh_pic03_tr_target.wav,297.2210794999992,,,,,,,,,875233,001,2026-06-06_21h40.45.140,gurung_120_v1,,2026.1.3,59.94989663403184,2026-06-06 21h40.45.659069 +0200,
d002_set1_tr_ic,3,MainStimuli/002_stand_weave_basket/ic_1.png,ic_1,MainStimuli/002_stand_weave_basket/tr_target.png,tr_target,MainStimuli/002_stand_weave_basket/end_ic_tr.png,end_ic_tr,None,None,BetweenTrials/1752221802086.jpg,5,5,0,46,2,002_stand_weave_basket,stand_weave_basket,1,tr_ic,transitive_incohesive,incohesive,transitive,0,None,0,/Users/matveikurzukov/Library/CloudStorage/GoogleDrive-apazent@gmail.com/.shortcut-targets-by-id/1exBA-7XrpLfZc6s8oGNYTbmjGsu5dT6p/Gurung stimuli/2_stand_weave basket,,,,,,,,,0,5,5,5,,,,,297.4194749999997,,,,,,,,,,,,,,,,,,,,,46,297.3986923749999,297.4194749999997,0.6725606250001874,ic_1,/Users/matveikurzukov/gurung/psychopy_gurung_v1/recordings/875233_main_imageset02_condition_tr_ic_pic01_ic_1.wav,tr_target,/Users/matveikurzukov/gurung/psychopy_gurung_v1/recordings/875233_main_imageset02_condition_tr_ic_pic02_tr_target.wav,end_ic_tr,/Users/matveikurzukov/gurung/psychopy_gurung_v1/recordings/875233_main_imageset02_condition_tr_ic_pic03_end_ic_tr.wav,299.32092779199957,,,,,,,,,875233,001,2026-06-06_21h40.45.140,gurung_120_v1,,2026.1.3,59.94989663403184,2026-06-06 21h40.45.659069 +0200,
d014_set1_tr_ic,3,MainStimuli/014_ascend_weave_raincoat/ic_1.png,ic_1,MainStimuli/014_ascend_weave_raincoat/tr_target.png,tr_target,MainStimuli/014_ascend_weave_raincoat/end_ic_tr.png,end_ic_tr,None,None,BetweenTrials/img_20260522_165652.jpg,6,6,0,47,14,014_ascend_weave_raincoat,ascend_weave_raincoat,1,tr_ic,transitive_incohesive,incohesive,transitive,0,None,0,/Users/matveikurzukov/Library/CloudStorage/GoogleDrive-apazent@gmail.com/.shortcut-targets-by-id/1exBA-7XrpLfZc6s8oGNYTbmjGsu5dT6p/Gurung stimuli/14_ascend_weave raincoat,,,,,,,,,0,6,6,6,,,,,299.5022928749995,,,,,,,,,,,,,,,,,,,,,47,299.47791899999993,299.5022928749995,0.40965804099960224,ic_1,/Users/matveikurzukov/gurung/psychopy_gurung_v1/recordings/875233_main_imageset14_condition_tr_ic_pic01_ic_1.wav,tr_target,/Users/matveikurzukov/gurung/psychopy_gurung_v1/recordings/875233_main_imageset14_condition_tr_ic_pic02_tr_target.wav,end_ic_tr,/Users/matveikurzukov/gurung/psychopy_gurung_v1/recordings/875233_main_imageset14_condition_tr_ic_pic03_end_ic_tr.wav,301.07042695899963,,,,,,,,,875233,001,2026-06-06_21h40.45.140,gurung_120_v1,,2026.1.3,59.94989663403184,2026-06-06 21h40.45.659069 +0200,
d003_set1_tr_coh,3,MainStimuli/003_rest_cook_fish/coh_1.png,coh_1,MainStimuli/003_rest_cook_fish/coh_2.png,coh_2,MainStimuli/003_rest_cook_fish/tr_target.png,tr_target,None,None,BetweenTrials/img_20260522_165652.jpg,7,7,0,48,3,003_rest_cook_fish,rest_cook_fish,1,tr_coh,transitive_cohesive,cohesive,transitive,0,None,0,/Users/matveikurzukov/Library/CloudStorage/GoogleDrive-apazent@gmail.com/.shortcut-targets-by-id/1exBA-7XrpLfZc6s8oGNYTbmjGsu5dT6p/Gurung stimuli/3_rest_cook fish,,,,,,,,,0,7,7,7,,,,,301.2371308339998,,,,,,,,,,,,,,,,,,,,,48,301.2219777089995,301.2371308339998,0.4656532500002868,coh_1,/Users/matveikurzukov/gurung/psychopy_gurung_v1/recordings/875233_main_imageset03_condition_tr_coh_pic01_coh_1.wav,coh_2,/Users/matveikurzukov/gurung/psychopy_gurung_v1/recordings/875233_main_imageset03_condition_tr_coh_pic02_coh_2.wav,tr_target,/Users/matveikurzukov/gurung/psychopy_gurung_v1/recordings/875233_main_imageset03_condition_tr_coh_pic03_tr_target.wav,302.7873505839998,,,,,,,,,875233,001,2026-06-06_21h40.45.140,gurung_120_v1,,2026.1.3,59.94989663403184,2026-06-06 21h40.45.659069 +0200,
d001_set1_it_ic,3,MainStimuli/001_cough_throw_bones/ic_1.png,ic_1,MainStimuli/001_cough_throw_bones/it_target.png,it_target,MainStimuli/001_cough_throw_bones/end_ic_it.png,end_ic_it,None,None,BetweenTrials/img_20260522_165652.jpg,8,8,0,49,1,001_cough_throw_bones,cough_throw_bones,1,it_ic,intransitive_incohesive,incohesive,intransitive,1,Audio/tsakyali.wav,10,/Users/matveikurzukov/Library/CloudStorage/GoogleDrive-apazent@gmail.com/.shortcut-targets-by-id/1exBA-7XrpLfZc6s8oGNYTbmjGsu5dT6p/Gurung stimuli/1_cough_throw bones,,,,,,,,,0,8,8,8,,,,,303.0025474589993,,,,,,,,,,,,,,,,,,,,,49,302.9868105839996,303.0025474589993,12.1824459999998,ic_1,/Users/matveikurzukov/gurung/psychopy_gurung_v1/recordings/875233_main_imageset01_condition_it_ic_pic01_ic_1.wav,it_target,/Users/matveikurzukov/gurung/psychopy_gurung_v1/recordings/875233_main_imageset01_condition_it_ic_pic02_it_target.wav,end_ic_it,/Users/matveikurzukov/gurung/psychopy_gurung_v1/recordings/875233_main_imageset01_condition_it_ic_pic03_end_ic_it.wav,316.1692102089992,,,,,,,,,875233,001,2026-06-06_21h40.45.140,gurung_120_v1,,2026.1.3,59.94989663403184,2026-06-06 21h40.45.659069 +0200,
d010_set1_tr_ic,3,MainStimuli/010_run_cook_pancakes/ic_1.png,ic_1,MainStimuli/010_run_cook_pancakes/tr_target.png,tr_target,MainStimuli/010_run_cook_pancakes/end_ic_tr.png,end_ic_tr,None,None,BetweenTrials/img_20260522_165652.jpg,9,9,0,50,10,010_run_cook_pancakes,run_cook_pancakes,1,tr_ic,transitive_incohesive,incohesive,transitive,0,None,0,/Users/matveikurzukov/Library/CloudStorage/GoogleDrive-apazent@gmail.com/.shortcut-targets-by-id/1exBA-7XrpLfZc6s8oGNYTbmjGsu5dT6p/Gurung stimuli/10_run_cook pancakes,,,,,,,,,0,9,9,9,,,,,316.35128983399954,,,,,,,,,,,,,,,,,,,,,50,316.32194091699967,316.35128983399954,0.3638175420001062,ic_1,/Users/matveikurzukov/gurung/psychopy_gurung_v1/recordings/875233_main_imageset10_condition_tr_ic_pic01_ic_1.wav,tr_target,/Users/matveikurzukov/gurung/psychopy_gurung_v1/recordings/875233_main_imageset10_condition_tr_ic_pic02_tr_target.wav,end_ic_tr,/Users/matveikurzukov/gurung/psychopy_gurung_v1/recordings/875233_main_imageset10_condition_tr_ic_pic03_end_ic_tr.wav,318.00308266699994,,,,,,,,,875233,001,2026-06-06_21h40.45.140,gurung_120_v1,,2026.1.3,59.94989663403184,2026-06-06 21h40.45.659069 +0200,
d013_set1_it_coh,4,MainStimuli/013_stand_wash_clothes/coh_1.png,coh_1,MainStimuli/013_stand_wash_clothes/coh_2.png,coh_2,MainStimuli/013_stand_wash_clothes/it_target.png,it_target,MainStimuli/013_stand_wash_clothes/end_coh_it.png,end_coh_it,BetweenTrials/1752221802086.jpg,10,10,0,51,13,013_stand_wash_clothes,stand_wash_clothes,1,it_coh,intransitive_cohesive,cohesive,intransitive,0,None,0,/Users/matveikurzukov/Library/CloudStorage/GoogleDrive-apazent@gmail.com/.shortcut-targets-by-id/1exBA-7XrpLfZc6s8oGNYTbmjGsu5dT6p/Gurung stimuli/13_stand_wash clothes,,,,,,,,,0,10,10,10,,,,,318.25154091700006,,,,,,,,,,,,,,,,,,,,,51,318.2332362919997,318.25154091700006,0.35294749999957276,coh_1,/Users/matveikurzukov/gurung/psychopy_gurung_v1/recordings/875233_main_imageset13_condition_it_coh_pic01_coh_1.wav,coh_2,/Users/matveikurzukov/gurung/psychopy_gurung_v1/recordings/875233_main_imageset13_condition_it_coh_pic02_coh_2.wav,it_target,/Users/matveikurzukov/gurung/psychopy_gurung_v1/recordings/875233_main_imageset13_condition_it_coh_pic03_it_target.wav,320.10343308399933,end_coh_it,/Users/matveikurzukov/gurung/psychopy_gurung_v1/recordings/875233_main_imageset13_condition_it_coh_pic04_end_coh_it.wav,,,,,,,875233,001,2026-06-06_21h40.45.140,gurung_120_v1,,2026.1.3,59.94989663403184,2026-06-06 21h40.45.659069 +0200,
d015_set1_it_ic,3,MainStimuli/015_smile_clean_wall/ic_1.png,ic_1,MainStimuli/015_smile_clean_wall/it_target.png,it_target,MainStimuli/015_smile_clean_wall/end_ic_it.png,end_ic_it,None,None,BetweenTrials/1752221806065.jpg,11,11,0,52,15,015_smile_clean_wall,smile_clean_wall,1,it_ic,intransitive_incohesive,incohesive,intransitive,0,None,0,/Users/matveikurzukov/Library/CloudStorage/GoogleDrive-apazent@gmail.com/.shortcut-targets-by-id/1exBA-7XrpLfZc6s8oGNYTbmjGsu5dT6p/Gurung stimuli/15_smile_clean wall,,,,,,,,,0,11,11,11,,,,,320.30186966699966,,,,,,,,,,,,,,,,,,,,,52,320.281755084,320.30186966699966,0.3217426669998531,ic_1,/Users/matveikurzukov/gurung/psychopy_gurung_v1/recordings/875233_main_imageset15_condition_it_ic_pic01_ic_1.wav,it_target,/Users/matveikurzukov/gurung/psychopy_gurung_v1/recordings/875233_main_imageset15_condition_it_ic_pic02_it_target.wav,end_ic_it,/Users/matveikurzukov/gurung/psychopy_gurung_v1/recordings/875233_main_imageset15_condition_it_ic_pic03_end_ic_it.wav,321.57006370899944,,,,,,,,,875233,001,2026-06-06_21h40.45.140,gurung_120_v1,,2026.1.3,59.94989663403184,2026-06-06 21h40.45.659069 +0200,
d028_set1_tr_coh,3,MainStimuli/028_jump_peel_orange/coh_1.png,coh_1,MainStimuli/028_jump_peel_orange/coh_2.png,coh_2,MainStimuli/028_jump_peel_orange/tr_target.png,tr_target,None,None,BetweenTrials/1752221802086.jpg,12,12,0,53,28,028_jump_peel_orange,jump_peel_orange,1,tr_coh,transitive_cohesive,cohesive,transitive,0,None,0,/Users/matveikurzukov/Library/CloudStorage/GoogleDrive-apazent@gmail.com/.shortcut-targets-by-id/1exBA-7XrpLfZc6s8oGNYTbmjGsu5dT6p/Gurung stimuli/28_jump_peel orange,,,,,,,,,0,12,12,12,,,,,321.75107641699924,,,,,,,,,,,,,,,,,,,,,53,321.7306452499997,321.75107641699924,0.6389502500005619,coh_1,/Users/matveikurzukov/gurung/psychopy_gurung_v1/recordings/875233_main_imageset28_condition_tr_coh_pic01_coh_1.wav,coh_2,/Users/matveikurzukov/gurung/psychopy_gurung_v1/recordings/875233_main_imageset28_condition_tr_coh_pic02_coh_2.wav,tr_target,/Users/matveikurzukov/gurung/psychopy_gurung_v1/recordings/875233_main_imageset28_condition_tr_coh_pic03_tr_target.wav,323.4200792089996,,,,,,,,,875233,001,2026-06-06_21h40.45.140,gurung_120_v1,,2026.1.3,59.94989663403184,2026-06-06 21h40.45.659069 +0200,
d008_set1_it_coh,4,MainStimuli/008_smile_weave_garland/coh_1.png,coh_1,MainStimuli/008_smile_weave_garland/coh_2.png,coh_2,MainStimuli/008_smile_weave_garland/it_target.png,it_target,MainStimuli/008_smile_weave_garland/end_coh_it.png,end_coh_it,BetweenTrials/img_20260522_165652.jpg,13,13,0,54,8,008_smile_weave_garland,smile_weave_garland,1,it_coh,intransitive_cohesive,cohesive,intransitive,0,None,0,/Users/matveikurzukov/Library/CloudStorage/GoogleDrive-apazent@gmail.com/.shortcut-targets-by-id/1exBA-7XrpLfZc6s8oGNYTbmjGsu5dT6p/Gurung stimuli/8_smile_weave garland,,,,,,,,,0,13,13,13,,,,,323.63429474999975,,,,,,,,,,,,,,,,,,,,,54,323.6163745419999,323.63429474999975,0.33587325000007695,coh_1,/Users/matveikurzukov/gurung/psychopy_gurung_v1/recordings/875233_main_imageset08_condition_it_coh_pic01_coh_1.wav,coh_2,/Users/matveikurzukov/gurung/psychopy_gurung_v1/recordings/875233_main_imageset08_condition_it_coh_pic02_coh_2.wav,it_target,/Users/matveikurzukov/gurung/psychopy_gurung_v1/recordings/875233_main_imageset08_condition_it_coh_pic03_it_target.wav,325.46898333399986,end_coh_it,/Users/matveikurzukov/gurung/psychopy_gurung_v1/recordings/875233_main_imageset08_condition_it_coh_pic04_end_coh_it.wav,,,,,,,875233,001,2026-06-06_21h40.45.140,gurung_120_v1,,2026.1.3,59.94989663403184,2026-06-06 21h40.45.659069 +0200,
d004_set1_tr_ic,3,MainStimuli/004_run_drink_tea/ic_1.png,ic_1,MainStimuli/004_run_drink_tea/tr_target.png,tr_target,MainStimuli/004_run_drink_tea/end_ic_tr.png,end_ic_tr,None,None,BetweenTrials/img_20260522_165652.jpg,14,14,0,55,4,004_run_drink_tea,run_drink_tea,1,tr_ic,transitive_incohesive,incohesive,transitive,0,None,0,/Users/matveikurzukov/Library/CloudStorage/GoogleDrive-apazent@gmail.com/.shortcut-targets-by-id/1exBA-7XrpLfZc6s8oGNYTbmjGsu5dT6p/Gurung stimuli/4_run_drink tea,,,,,,,,,0,14,14,14,,,,,325.63505349999923,,,,,,,,,,,,,,,,,,,,,55,325.61815008399935,325.63505349999923,0.36704441600068094,ic_1,/Users/matveikurzukov/gurung/psychopy_gurung_v1/recordings/875233_main_imageset04_condition_tr_ic_pic01_ic_1.wav,tr_target,/Users/matveikurzukov/gurung/psychopy_gurung_v1/recordings/875233_main_imageset04_condition_tr_ic_pic02_tr_target.wav,end_ic_tr,/Users/matveikurzukov/gurung/psychopy_gurung_v1/recordings/875233_main_imageset04_condition_tr_ic_pic03_end_ic_tr.wav,327.2023225419998,,,,,,,,,875233,001,2026-06-06_21h40.45.140,gurung_120_v1,,2026.1.3,59.94989663403184,2026-06-06 21h40.45.659069 +0200,
d002_set1_tr_coh,3,MainStimuli/002_stand_weave_basket/coh_1.png,coh_1,MainStimuli/002_stand_weave_basket/coh_2.png,coh_2,MainStimuli/002_stand_weave_basket/tr_target.png,tr_target,None,None,BetweenTrials/img_20260522_165652.jpg,15,15,0,56,2,002_stand_weave_basket,stand_weave_basket,1,tr_coh,transitive_cohesive,cohesive,transitive,1,Audio/tsakyali.wav,10,/Users/matveikurzukov/Library/CloudStorage/GoogleDrive-apazent@gmail.com/.shortcut-targets-by-id/1exBA-7XrpLfZc6s8oGNYTbmjGsu5dT6p/Gurung stimuli/2_stand_weave basket,,,,,,,,,0,15,15,15,,,,,327.43409679199976,,,,,,,,,,,,,,,,,,,,,56,327.4146323749992,327.43409679199976,11.00758204200065,coh_1,/Users/matveikurzukov/gurung/psychopy_gurung_v1/recordings/875233_main_imageset02_condition_tr_coh_pic01_coh_1.wav,coh_2,/Users/matveikurzukov/gurung/psychopy_gurung_v1/recordings/875233_main_imageset02_condition_tr_coh_pic02_coh_2.wav,tr_target,/Users/matveikurzukov/gurung/psychopy_gurung_v1/recordings/875233_main_imageset02_condition_tr_coh_pic03_tr_target.wav,339.50173837500006,,,,,,,,,875233,001,2026-06-06_21h40.45.140,gurung_120_v1,,2026.1.3,59.94989663403184,2026-06-06 21h40.45.659069 +0200,
d026_set1_tr_coh,3,MainStimuli/026_sleep_drag_log/coh_1.png,coh_1,MainStimuli/026_sleep_drag_log/coh_2.png,coh_2,MainStimuli/026_sleep_drag_log/tr_target.png,tr_target,None,None,BetweenTrials/img_20260522_165652.jpg,16,16,0,57,26,026_sleep_drag_log,sleep_drag_log,1,tr_coh,transitive_cohesive,cohesive,transitive,0,None,0,/Users/matveikurzukov/Library/CloudStorage/GoogleDrive-apazent@gmail.com/.shortcut-targets-by-id/1exBA-7XrpLfZc6s8oGNYTbmjGsu5dT6p/Gurung stimuli/26_sleep_drag log,,,,,,,,,0,16,16,16,,,,,339.68315358399923,,,,,,,,,,,,,,,,,,,,,57,339.65830245899997,339.68315358399923,0.44793241699971986,coh_1,/Users/matveikurzukov/gurung/psychopy_gurung_v1/recordings/875233_main_imageset26_condition_tr_coh_pic01_coh_1.wav,coh_2,/Users/matveikurzukov/gurung/psychopy_gurung_v1/recordings/875233_main_imageset26_condition_tr_coh_pic02_coh_2.wav,tr_target,/Users/matveikurzukov/gurung/psychopy_gurung_v1/recordings/875233_main_imageset26_condition_tr_coh_pic03_tr_target.wav,341.18534754199936,,,,,,,,,875233,001,2026-06-06_21h40.45.140,gurung_120_v1,,2026.1.3,59.94989663403184,2026-06-06 21h40.45.659069 +0200,
d002_set1_it_ic,3,MainStimuli/002_stand_weave_basket/ic_1.png,ic_1,MainStimuli/002_stand_weave_basket/it_target.png,it_target,MainStimuli/002_stand_weave_basket/end_ic_it.png,end_ic_it,None,None,BetweenTrials/1752221806065.jpg,17,17,0,58,2,002_stand_weave_basket,stand_weave_basket,1,it_ic,intransitive_incohesive,incohesive,intransitive,0,None,0,/Users/matveikurzukov/Library/CloudStorage/GoogleDrive-apazent@gmail.com/.shortcut-targets-by-id/1exBA-7XrpLfZc6s8oGNYTbmjGsu5dT6p/Gurung stimuli/2_stand_weave basket,,,,,,,,,0,17,17,17,,,,,341.40176662499925,,,,,,,,,,,,,,,,,,,,,58,341.38558312499936,341.40176662499925,0.3490317089999735,ic_1,/Users/matveikurzukov/gurung/psychopy_gurung_v1/recordings/875233_main_imageset02_condition_it_ic_pic01_ic_1.wav,it_target,/Users/matveikurzukov/gurung/psychopy_gurung_v1/recordings/875233_main_imageset02_condition_it_ic_pic02_it_target.wav,end_ic_it,/Users/matveikurzukov/gurung/psychopy_gurung_v1/recordings/875233_main_imageset02_condition_it_ic_pic03_end_ic_it.wav,342.73514104199967,,,,,,,,,875233,001,2026-06-06_21h40.45.140,gurung_120_v1,,2026.1.3,59.94989663403184,2026-06-06 21h40.45.659069 +0200,
d017_set1_tr_ic,3,MainStimuli/017_rest_hang_picture/ic_1.png,ic_1,MainStimuli/017_rest_hang_picture/tr_target.png,tr_target,MainStimuli/017_rest_hang_picture/end_ic_tr.png,end_ic_tr,None,None,BetweenTrials/img-20250813-wa0011.jpg,18,18,0,59,17,017_rest_hang_picture,rest_hang_picture,1,tr_ic,transitive_incohesive,incohesive,transitive,0,None,0,/Users/matveikurzukov/Library/CloudStorage/GoogleDrive-apazent@gmail.com/.shortcut-targets-by-id/1exBA-7XrpLfZc6s8oGNYTbmjGsu5dT6p/Gurung stimuli/17_rest_hang picture,,,,,,,,,0,18,18,18,,,,,342.9164667499999,,,,,,,,,,,,,,,,,,,,,59,342.8960664999995,342.9164667499999,0.3216925419992549,ic_1,/Users/matveikurzukov/gurung/psychopy_gurung_v1/recordings/875233_main_imageset17_condition_tr_ic_pic01_ic_1.wav,tr_target,/Users/matveikurzukov/gurung/psychopy_gurung_v1/recordings/875233_main_imageset17_condition_tr_ic_pic02_tr_target.wav,end_ic_tr,/Users/matveikurzukov/gurung/psychopy_gurung_v1/recordings/875233_main_imageset17_condition_tr_ic_pic03_end_ic_tr.wav,344.1844862499993,,,,,,,,,875233,001,2026-06-06_21h40.45.140,gurung_120_v1,,2026.1.3,59.94989663403184,2026-06-06 21h40.45.659069 +0200,
d004_set1_it_ic,3,MainStimuli/004_run_drink_tea/ic_1.png,ic_1,MainStimuli/004_run_drink_tea/it_target.png,it_target,MainStimuli/004_run_drink_tea/end_ic_it.png,end_ic_it,None,None,BetweenTrials/1752221802086.jpg,19,19,0,60,4,004_run_drink_tea,run_drink_tea,1,it_ic,intransitive_incohesive,incohesive,intransitive,0,None,0,/Users/matveikurzukov/Library/CloudStorage/GoogleDrive-apazent@gmail.com/.shortcut-targets-by-id/1exBA-7XrpLfZc6s8oGNYTbmjGsu5dT6p/Gurung stimuli/4_run_drink tea,,,,,,,,,0,19,19,19,,,,,344.3662859169999,,,,,,,,,,,,,,,,,,,,,60,344.3390320839999,344.3662859169999,0.36181954099993163,ic_1,/Users/matveikurzukov/gurung/psychopy_gurung_v1/recordings/875233_main_imageset04_condition_it_ic_pic01_ic_1.wav,it_target,/Users/matveikurzukov/gurung/psychopy_gurung_v1/recordings/875233_main_imageset04_condition_it_ic_pic02_it_target.wav,end_ic_it,/Users/matveikurzukov/gurung/psychopy_gurung_v1/recordings/875233_main_imageset04_condition_it_ic_pic03_end_ic_it.wav,345.66796262499975,,,,,,,,,875233,001,2026-06-06_21h40.45.140,gurung_120_v1,,2026.1.3,59.94989663403184,2026-06-06 21h40.45.659069 +0200,
d028_set1_tr_ic,3,MainStimuli/028_jump_peel_orange/ic_1.png,ic_1,MainStimuli/028_jump_peel_orange/tr_target.png,tr_target,MainStimuli/028_jump_peel_orange/end_ic_tr.png,end_ic_tr,None,None,BetweenTrials/1752221802086.jpg,20,20,0,61,28,028_jump_peel_orange,jump_peel_orange,1,tr_ic,transitive_incohesive,incohesive,transitive,1,Audio/tsakyali.wav,10,/Users/matveikurzukov/Library/CloudStorage/GoogleDrive-apazent@gmail.com/.shortcut-targets-by-id/1exBA-7XrpLfZc6s8oGNYTbmjGsu5dT6p/Gurung stimuli/28_jump_peel orange,,,,,,,,,0,20,20,20,,,,,345.89959762499984,,,,,,,,,,,,,,,,,,,,,61,345.8773869589995,345.89959762499984,13.939382708999801,ic_1,/Users/matveikurzukov/gurung/psychopy_gurung_v1/recordings/875233_main_imageset28_condition_tr_ic_pic01_ic_1.wav,tr_target,/Users/matveikurzukov/gurung/psychopy_gurung_v1/recordings/875233_main_imageset28_condition_tr_ic_pic02_tr_target.wav,end_ic_tr,/Users/matveikurzukov/gurung/psychopy_gurung_v1/recordings/875233_main_imageset28_condition_tr_ic_pic03_end_ic_tr.wav,360.83327866699983,,,,,,,,,875233,001,2026-06-06_21h40.45.140,gurung_120_v1,,2026.1.3,59.94989663403184,2026-06-06 21h40.45.659069 +0200,
d024_set1_tr_ic,3,MainStimuli/024_descend_paint_bench/ic_1.png,ic_1,MainStimuli/024_descend_paint_bench/tr_target.png,tr_target,MainStimuli/024_descend_paint_bench/end_ic_tr.png,end_ic_tr,None,None,BetweenTrials/1752221806065.jpg,21,21,0,62,24,024_descend_paint_bench,descend_paint_bench,1,tr_ic,transitive_incohesive,incohesive,transitive,0,None,0,/Users/matveikurzukov/Library/CloudStorage/GoogleDrive-apazent@gmail.com/.shortcut-targets-by-id/1exBA-7XrpLfZc6s8oGNYTbmjGsu5dT6p/Gurung stimuli/24_descend_paint bench,,,,,,,,,0,21,21,21,,,,,360.9988304589997,,,,,,,,,,,,,,,,,,,,,62,360.97817699999996,360.9988304589997,0.45596745800048666,ic_1,/Users/matveikurzukov/gurung/psychopy_gurung_v1/recordings/875233_main_imageset24_condition_tr_ic_pic01_ic_1.wav,tr_target,/Users/matveikurzukov/gurung/psychopy_gurung_v1/recordings/875233_main_imageset24_condition_tr_ic_pic02_tr_target.wav,end_ic_tr,/Users/matveikurzukov/gurung/psychopy_gurung_v1/recordings/875233_main_imageset24_condition_tr_ic_pic03_end_ic_tr.wav,362.4831970839996,,,,,,,,,875233,001,2026-06-06_21h40.45.140,gurung_120_v1,,2026.1.3,59.94989663403184,2026-06-06 21h40.45.659069 +0200,
d017_set1_it_ic,3,MainStimuli/017_rest_hang_picture/ic_1.png,ic_1,MainStimuli/017_rest_hang_picture/it_target.png,it_target,MainStimuli/017_rest_hang_picture/end_ic_it.png,end_ic_it,None,None,BetweenTrials/1752221802086.jpg,22,22,0,63,17,017_rest_hang_picture,rest_hang_picture,1,it_ic,intransitive_incohesive,incohesive,intransitive,0,None,0,/Users/matveikurzukov/Library/CloudStorage/GoogleDrive-apazent@gmail.com/.shortcut-targets-by-id/1exBA-7XrpLfZc6s8oGNYTbmjGsu5dT6p/Gurung stimuli/17_rest_hang picture,,,,,,,,,0,22,22,22,,,,,362.6487460419994,,,,,,,,,,,,,,,,,,,,,63,362.62887599999976,362.6487460419994,0.42073566599992773,ic_1,/Users/matveikurzukov/gurung/psychopy_gurung_v1/recordings/875233_main_imageset17_condition_it_ic_pic01_ic_1.wav,it_target,/Users/matveikurzukov/gurung/psychopy_gurung_v1/recordings/875233_main_imageset17_condition_it_ic_pic02_it_target.wav,end_ic_it,/Users/matveikurzukov/gurung/psychopy_gurung_v1/recordings/875233_main_imageset17_condition_it_ic_pic03_end_ic_it.wav,364.1164531249997,,,,,,,,,875233,001,2026-06-06_21h40.45.140,gurung_120_v1,,2026.1.3,59.94989663403184,2026-06-06 21h40.45.659069 +0200,
d030_set1_tr_coh,3,MainStimuli/030_smile_make_momos/coh_1.png,coh_1,MainStimuli/030_smile_make_momos/coh_2.png,coh_2,MainStimuli/030_smile_make_momos/tr_target.png,tr_target,None,None,BetweenTrials/img-20250813-wa0011.jpg,23,23,0,64,30,030_smile_make_momos,smile_make_momos,1,tr_coh,transitive_cohesive,cohesive,transitive,0,None,0,/Users/matveikurzukov/Library/CloudStorage/GoogleDrive-apazent@gmail.com/.shortcut-targets-by-id/1exBA-7XrpLfZc6s8oGNYTbmjGsu5dT6p/Gurung stimuli/30_smile_make momos,,,,,,,,,0,23,23,23,,,,,364.2815703749993,,,,,,,,,,,,,,,,,,,,,64,364.25551212499977,364.2815703749993,0.34376383400012855,coh_1,/Users/matveikurzukov/gurung/psychopy_gurung_v1/recordings/875233_main_imageset30_condition_tr_coh_pic01_coh_1.wav,coh_2,/Users/matveikurzukov/gurung/psychopy_gurung_v1/recordings/875233_main_imageset30_condition_tr_coh_pic02_coh_2.wav,tr_target,/Users/matveikurzukov/gurung/psychopy_gurung_v1/recordings/875233_main_imageset30_condition_tr_coh_pic03_tr_target.wav,365.63299754199943,,,,,,,,,875233,001,2026-06-06_21h40.45.140,gurung_120_v1,,2026.1.3,59.94989663403184,2026-06-06 21h40.45.659069 +0200,
d012_set1_it_coh,4,MainStimuli/012_come_eat_rice/coh_1.png,coh_1,MainStimuli/012_come_eat_rice/coh_2.png,coh_2,MainStimuli/012_come_eat_rice/it_target.png,it_target,MainStimuli/012_come_eat_rice/end_coh_it.png,end_coh_it,BetweenTrials/1752221806065.jpg,24,24,0,65,12,012_come_eat_rice,come_eat_rice,1,it_coh,intransitive_cohesive,cohesive,intransitive,0,None,0,/Users/matveikurzukov/Library/CloudStorage/GoogleDrive-apazent@gmail.com/.shortcut-targets-by-id/1exBA-7XrpLfZc6s8oGNYTbmjGsu5dT6p/Gurung stimuli/12_come_eat rice,,,,,,,,,0,24,24,24,,,,,365.84840254199935,,,,,,,,,,,,,,,,,,,,,65,365.8199992919999,365.84840254199935,0.8128099170007772,coh_1,/Users/matveikurzukov/gurung/psychopy_gurung_v1/recordings/875233_main_imageset12_condition_it_coh_pic01_coh_1.wav,coh_2,/Users/matveikurzukov/gurung/psychopy_gurung_v1/recordings/875233_main_imageset12_condition_it_coh_pic02_coh_2.wav,it_target,/Users/matveikurzukov/gurung/psychopy_gurung_v1/recordings/875233_main_imageset12_condition_it_coh_pic03_it_target.wav,368.2171441249993,end_coh_it,/Users/matveikurzukov/gurung/psychopy_gurung_v1/recordings/875233_main_imageset12_condition_it_coh_pic04_end_coh_it.wav,,,,,,,875233,001,2026-06-06_21h40.45.140,gurung_120_v1,,2026.1.3,59.94989663403184,2026-06-06 21h40.45.659069 +0200,
d007_set1_it_coh,4,MainStimuli/007_sit_make_fire/coh_1.png,coh_1,MainStimuli/007_sit_make_fire/coh_2.png,coh_2,MainStimuli/007_sit_make_fire/it_target.png,it_target,MainStimuli/007_sit_make_fire/end_coh_it.png,end_coh_it,BetweenTrials/img_20260522_165652.jpg,25,25,0,66,7,007_sit_make_fire,sit_make_fire,1,it_coh,intransitive_cohesive,cohesive,intransitive,0,None,0,/Users/matveikurzukov/Library/CloudStorage/GoogleDrive-apazent@gmail.com/.shortcut-targets-by-id/1exBA-7XrpLfZc6s8oGNYTbmjGsu5dT6p/Gurung stimuli/7_sit_make fire,,,,,,,,,0,25,25,25,,,,,368.482044417,,,,,,,,,,,,,,,,,,,,,66,368.4567616669992,368.482044417,0.37747712500004127,coh_1,/Users/matveikurzukov/gurung/psychopy_gurung_v1/recordings/875233_main_imageset07_condition_it_coh_pic01_coh_1.wav,coh_2,/Users/matveikurzukov/gurung/psychopy_gurung_v1/recordings/875233_main_imageset07_condition_it_coh_pic02_coh_2.wav,it_target,/Users/matveikurzukov/gurung/psychopy_gurung_v1/recordings/875233_main_imageset07_condition_it_coh_pic03_it_target.wav,370.38306020899927,end_coh_it,/Users/matveikurzukov/gurung/psychopy_gurung_v1/recordings/875233_main_imageset07_condition_it_coh_pic04_end_coh_it.wav,,,,,,,875233,001,2026-06-06_21h40.45.140,gurung_120_v1,,2026.1.3,59.94989663403184,2026-06-06 21h40.45.659069 +0200,
d020_set1_it_coh,4,MainStimuli/020_come_plant_sapling/coh_1.png,coh_1,MainStimuli/020_come_plant_sapling/coh_2.png,coh_2,MainStimuli/020_come_plant_sapling/it_target.png,it_target,MainStimuli/020_come_plant_sapling/end_coh_it.png,end_coh_it,BetweenTrials/1752221802086.jpg,26,26,0,67,20,020_come_plant_sapling,come_plant_sapling,1,it_coh,intransitive_cohesive,cohesive,intransitive,0,None,0,/Users/matveikurzukov/Library/CloudStorage/GoogleDrive-apazent@gmail.com/.shortcut-targets-by-id/1exBA-7XrpLfZc6s8oGNYTbmjGsu5dT6p/Gurung stimuli/20_come_plant sapling,,,,,,,,,0,26,26,26,,,,,370.64863824999975,,,,,,,,,,,,,,,,,,,,,67,370.6207323339995,370.64863824999975,0.31214375000035943,coh_1,/Users/matveikurzukov/gurung/psychopy_gurung_v1/recordings/875233_main_imageset20_condition_it_coh_pic01_coh_1.wav,coh_2,/Users/matveikurzukov/gurung/psychopy_gurung_v1/recordings/875233_main_imageset20_condition_it_coh_pic02_coh_2.wav,it_target,/Users/matveikurzukov/gurung/psychopy_gurung_v1/recordings/875233_main_imageset20_condition_it_coh_pic03_it_target.wav,372.5675793749997,end_coh_it,/Users/matveikurzukov/gurung/psychopy_gurung_v1/recordings/875233_main_imageset20_condition_it_coh_pic04_end_coh_it.wav,,,,,,,875233,001,2026-06-06_21h40.45.140,gurung_120_v1,,2026.1.3,59.94989663403184,2026-06-06 21h40.45.659069 +0200,
d016_set1_it_ic,3,MainStimuli/016_sleep_wash_dish/ic_1.png,ic_1,MainStimuli/016_sleep_wash_dish/it_target.png,it_target,MainStimuli/016_sleep_wash_dish/end_ic_it.png,end_ic_it,None,None,BetweenTrials/1752221802086.jpg,27,27,0,68,16,016_sleep_wash_dish,sleep_wash_dish,1,it_ic,intransitive_incohesive,incohesive,intransitive,0,None,0,/Users/matveikurzukov/Library/CloudStorage/GoogleDrive-apazent@gmail.com/.shortcut-targets-by-id/1exBA-7XrpLfZc6s8oGNYTbmjGsu5dT6p/Gurung stimuli/16_sleep_wash dish,,,,,,,,,0,27,27,27,,,,,372.7818394999995,,,,,,,,,,,,,,,,,,,,,68,372.76567066699954,372.7818394999995,0.3177612080007748,ic_1,/Users/matveikurzukov/gurung/psychopy_gurung_v1/recordings/875233_main_imageset16_condition_it_ic_pic01_ic_1.wav,it_target,/Users/matveikurzukov/gurung/psychopy_gurung_v1/recordings/875233_main_imageset16_condition_it_ic_pic02_it_target.wav,end_ic_it,/Users/matveikurzukov/gurung/psychopy_gurung_v1/recordings/875233_main_imageset16_condition_it_ic_pic03_end_ic_it.wav,374.082697459,,,,,,,,,875233,001,2026-06-06_21h40.45.140,gurung_120_v1,,2026.1.3,59.94989663403184,2026-06-06 21h40.45.659069 +0200,
d018_set1_it_coh,4,MainStimuli/018_yawn_put_on_cap/coh_1.png,coh_1,MainStimuli/018_yawn_put_on_cap/coh_2.png,coh_2,MainStimuli/018_yawn_put_on_cap/it_target.png,it_target,MainStimuli/018_yawn_put_on_cap/end_coh_it.png,end_coh_it,BetweenTrials/img-20250813-wa0011.jpg,28,28,0,69,18,018_yawn_put_on_cap,yawn_put_on_cap,1,it_coh,intransitive_cohesive,cohesive,intransitive,0,None,0,/Users/matveikurzukov/Library/CloudStorage/GoogleDrive-apazent@gmail.com/.shortcut-targets-by-id/1exBA-7XrpLfZc6s8oGNYTbmjGsu5dT6p/Gurung stimuli/18_yawn_put on cap,,,,,,,,,0,28,28,28,,,,,374.29808858399974,,,,,,,,,,,,,,,,,,,,,69,374.26933279199966,374.29808858399974,0.41716154100049607,coh_1,/Users/matveikurzukov/gurung/psychopy_gurung_v1/recordings/875233_main_imageset18_condition_it_coh_pic01_coh_1.wav,coh_2,/Users/matveikurzukov/gurung/psychopy_gurung_v1/recordings/875233_main_imageset18_condition_it_coh_pic02_coh_2.wav,it_target,/Users/matveikurzukov/gurung/psychopy_gurung_v1/recordings/875233_main_imageset18_condition_it_coh_pic03_it_target.wav,376.31638354200004,end_coh_it,/Users/matveikurzukov/gurung/psychopy_gurung_v1/recordings/875233_main_imageset18_condition_it_coh_pic04_end_coh_it.wav,,,,,,,875233,001,2026-06-06_21h40.45.140,gurung_120_v1,,2026.1.3,59.94989663403184,2026-06-06 21h40.45.659069 +0200,
d029_set1_it_coh,4,MainStimuli/029_sit_cut_potato/coh_1.png,coh_1,MainStimuli/029_sit_cut_potato/coh_2.png,coh_2,MainStimuli/029_sit_cut_potato/it_target.png,it_target,MainStimuli/029_sit_cut_potato/end_coh_it.png,end_coh_it,BetweenTrials/img-20250813-wa0011.jpg,29,29,0,70,29,029_sit_cut_potato,sit_cut_potato,1,it_coh,intransitive_cohesive,cohesive,intransitive,0,None,0,/Users/matveikurzukov/Library/CloudStorage/GoogleDrive-apazent@gmail.com/.shortcut-targets-by-id/1exBA-7XrpLfZc6s8oGNYTbmjGsu5dT6p/Gurung stimuli/29_sit_cut potato,,,,,,,,,0,29,29,29,,,,,376.5647201669999,,,,,,,,,,,,,,,,,,,,,70,376.54973804199926,376.5647201669999,0.2826879159993041,coh_1,/Users/matveikurzukov/gurung/psychopy_gurung_v1/recordings/875233_main_imageset29_condition_it_coh_pic01_coh_1.wav,coh_2,/Users/matveikurzukov/gurung/psychopy_gurung_v1/recordings/875233_main_imageset29_condition_it_coh_pic02_coh_2.wav,it_target,/Users/matveikurzukov/gurung/psychopy_gurung_v1/recordings/875233_main_imageset29_condition_it_coh_pic03_it_target.wav,378.41654262499924,end_coh_it,/Users/matveikurzukov/gurung/psychopy_gurung_v1/recordings/875233_main_imageset29_condition_it_coh_pic04_end_coh_it.wav,,,,,,,875233,001,2026-06-06_21h40.45.140,gurung_120_v1,,2026.1.3,59.94989663403184,2026-06-06 21h40.45.659069 +0200,
d022_set1_it_coh,4,MainStimuli/022_come_push_chest/coh_1.png,coh_1,MainStimuli/022_come_push_chest/coh_2.png,coh_2,MainStimuli/022_come_push_chest/it_target.png,it_target,MainStimuli/022_come_push_chest/end_coh_it.png,end_coh_it,BetweenTrials/img-20250813-wa0011.jpg,30,30,0,71,22,022_come_push_chest,come_push_chest,1,it_coh,intransitive_cohesive,cohesive,intransitive,0,None,0,/Users/matveikurzukov/Library/CloudStorage/GoogleDrive-apazent@gmail.com/.shortcut-targets-by-id/1exBA-7XrpLfZc6s8oGNYTbmjGsu5dT6p/Gurung stimuli/22_come_push chest,,,,,,,,,0,30,30,30,,,,,378.681621875,,,,,,,,,,,,,,,,,,,,,71,378.66560649999974,378.681621875,0.5677237500003685,coh_1,/Users/matveikurzukov/gurung/psychopy_gurung_v1/recordings/875233_main_imageset22_condition_it_coh_pic01_coh_1.wav,coh_2,/Users/matveikurzukov/gurung/psychopy_gurung_v1/recordings/875233_main_imageset22_condition_it_coh_pic02_coh_2.wav,it_target,/Users/matveikurzukov/gurung/psychopy_gurung_v1/recordings/875233_main_imageset22_condition_it_coh_pic03_it_target.wav,381.1990933749994,end_coh_it,/Users/matveikurzukov/gurung/psychopy_gurung_v1/recordings/875233_main_imageset22_condition_it_coh_pic04_end_coh_it.wav,,,,,,,875233,001,2026-06-06_21h40.45.140,gurung_120_v1,,2026.1.3,59.94989663403184,2026-06-06 21h40.45.659069 +0200,
d015_set1_tr_coh,3,MainStimuli/015_smile_clean_wall/coh_1.png,coh_1,MainStimuli/015_smile_clean_wall/coh_2.png,coh_2,MainStimuli/015_smile_clean_wall/tr_target.png,tr_target,None,None,BetweenTrials/1752221806065.jpg,31,31,0,72,15,015_smile_clean_wall,smile_clean_wall,1,tr_coh,transitive_cohesive,cohesive,transitive,0,None,0,/Users/matveikurzukov/Library/CloudStorage/GoogleDrive-apazent@gmail.com/.shortcut-targets-by-id/1exBA-7XrpLfZc6s8oGNYTbmjGsu5dT6p/Gurung stimuli/15_smile_clean wall,,,,,,,,,0,31,31,31,,,,,381.3639349589994,,,,,,,,,,,,,,,,,,,,,72,381.34409637499994,381.3639349589994,0.47182674999930896,coh_1,/Users/matveikurzukov/gurung/psychopy_gurung_v1/recordings/875233_main_imageset15_condition_tr_coh_pic01_coh_1.wav,coh_2,/Users/matveikurzukov/gurung/psychopy_gurung_v1/recordings/875233_main_imageset15_condition_tr_coh_pic02_coh_2.wav,tr_target,/Users/matveikurzukov/gurung/psychopy_gurung_v1/recordings/875233_main_imageset15_condition_tr_coh_pic03_tr_target.wav,383.9164350839992,,,,,,,,,875233,001,2026-06-06_21h40.45.140,gurung_120_v1,,2026.1.3,59.94989663403184,2026-06-06 21h40.45.659069 +0200,
d019_set1_it_coh,4,MainStimuli/019_sit_crack_egg/coh_1.png,coh_1,MainStimuli/019_sit_crack_egg/coh_2.png,coh_2,MainStimuli/019_sit_crack_egg/it_target.png,it_target,MainStimuli/019_sit_crack_egg/end_coh_it.png,end_coh_it,BetweenTrials/img-20250813-wa0011.jpg,32,32,0,73,19,019_sit_crack_egg,sit_crack_egg,1,it_coh,intransitive_cohesive,cohesive,intransitive,0,None,0,/Users/matveikurzukov/Library/CloudStorage/GoogleDrive-apazent@gmail.com/.shortcut-targets-by-id/1exBA-7XrpLfZc6s8oGNYTbmjGsu5dT6p/Gurung stimuli/19_sit_crack egg,,,,,,,,,0,32,32,32,,,,,384.1140095419996,,,,,,,,,,,,,,,,,,,,,73,384.0997115,384.1140095419996,0.5325870830001804,coh_1,/Users/matveikurzukov/gurung/psychopy_gurung_v1/recordings/875233_main_imageset19_condition_it_coh_pic01_coh_1.wav,coh_2,/Users/matveikurzukov/gurung/psychopy_gurung_v1/recordings/875233_main_imageset19_condition_it_coh_pic02_coh_2.wav,it_target,/Users/matveikurzukov/gurung/psychopy_gurung_v1/recordings/875233_main_imageset19_condition_it_coh_pic03_it_target.wav,386.08230933399955,end_coh_it,/Users/matveikurzukov/gurung/psychopy_gurung_v1/recordings/875233_main_imageset19_condition_it_coh_pic04_end_coh_it.wav,,,,,,,875233,001,2026-06-06_21h40.45.140,gurung_120_v1,,2026.1.3,59.94989663403184,2026-06-06 21h40.45.659069 +0200,
d008_set1_tr_coh,3,MainStimuli/008_smile_weave_garland/coh_1.png,coh_1,MainStimuli/008_smile_weave_garland/coh_2.png,coh_2,MainStimuli/008_smile_weave_garland/tr_target.png,tr_target,None,None,BetweenTrials/img_20260522_165652.jpg,33,33,0,74,8,008_smile_weave_garland,smile_weave_garland,1,tr_coh,transitive_cohesive,cohesive,transitive,0,None,0,/Users/matveikurzukov/Library/CloudStorage/GoogleDrive-apazent@gmail.com/.shortcut-targets-by-id/1exBA-7XrpLfZc6s8oGNYTbmjGsu5dT6p/Gurung stimuli/8_smile_weave garland,,,,,,,,,0,33,33,33,,,,,386.2472962919992,,,,,,,,,,,,,,,,,,,,,74,386.22424466699977,386.2472962919992,0.39264141599960567,coh_1,/Users/matveikurzukov/gurung/psychopy_gurung_v1/recordings/875233_main_imageset08_condition_tr_coh_pic01_coh_1.wav,coh_2,/Users/matveikurzukov/gurung/psychopy_gurung_v1/recordings/875233_main_imageset08_condition_tr_coh_pic02_coh_2.wav,tr_target,/Users/matveikurzukov/gurung/psychopy_gurung_v1/recordings/875233_main_imageset08_condition_tr_coh_pic03_tr_target.wav,387.6149218749997,,,,,,,,,875233,001,2026-06-06_21h40.45.140,gurung_120_v1,,2026.1.3,59.94989663403184,2026-06-06 21h40.45.659069 +0200,
d005_set1_it_ic,3,MainStimuli/005_rest_build_wall/ic_1.png,ic_1,MainStimuli/005_rest_build_wall/it_target.png,it_target,MainStimuli/005_rest_build_wall/end_ic_it.png,end_ic_it,None,None,BetweenTrials/img-20250813-wa0011.jpg,34,34,0,75,5,005_rest_build_wall,rest_build_wall,1,it_ic,intransitive_incohesive,incohesive,intransitive,0,None,0,/Users/matveikurzukov/Library/CloudStorage/GoogleDrive-apazent@gmail.com/.shortcut-targets-by-id/1exBA-7XrpLfZc6s8oGNYTbmjGsu5dT6p/Gurung stimuli/5_rest_build wall,,,,,,,,,0,34,34,34,,,,,387.78027820899933,,,,,,,,,,,,,,,,,,,,,75,387.7617692089998,387.78027820899933,0.33719441700031894,ic_1,/Users/matveikurzukov/gurung/psychopy_gurung_v1/recordings/875233_main_imageset05_condition_it_ic_pic01_ic_1.wav,it_target,/Users/matveikurzukov/gurung/psychopy_gurung_v1/recordings/875233_main_imageset05_condition_it_ic_pic02_it_target.wav,end_ic_it,/Users/matveikurzukov/gurung/psychopy_gurung_v1/recordings/875233_main_imageset05_condition_it_ic_pic03_end_ic_it.wav,389.06508266699984,,,,,,,,,875233,001,2026-06-06_21h40.45.140,gurung_120_v1,,2026.1.3,59.94989663403184,2026-06-06 21h40.45.659069 +0200,
d014_set1_it_coh,4,MainStimuli/014_ascend_weave_raincoat/coh_1.png,coh_1,MainStimuli/014_ascend_weave_raincoat/coh_2.png,coh_2,MainStimuli/014_ascend_weave_raincoat/it_target.png,it_target,MainStimuli/014_ascend_weave_raincoat/end_coh_it.png,end_coh_it,BetweenTrials/1752221802086.jpg,35,35,0,76,14,014_ascend_weave_raincoat,ascend_weave_raincoat,1,it_coh,intransitive_cohesive,cohesive,intransitive,0,None,0,/Users/matveikurzukov/Library/CloudStorage/GoogleDrive-apazent@gmail.com/.shortcut-targets-by-id/1exBA-7XrpLfZc6s8oGNYTbmjGsu5dT6p/Gurung stimuli/14_ascend_weave raincoat,,,,,,,,,0,35,35,35,,,,,389.28048529199987,,,,,,,,,,,,,,,,,,,,,76,389.26067833399975,389.28048529199987,0.32067137499961973,coh_1,/Users/matveikurzukov/gurung/psychopy_gurung_v1/recordings/875233_main_imageset14_condition_it_coh_pic01_coh_1.wav,coh_2,/Users/matveikurzukov/gurung/psychopy_gurung_v1/recordings/875233_main_imageset14_condition_it_coh_pic02_coh_2.wav,it_target,/Users/matveikurzukov/gurung/psychopy_gurung_v1/recordings/875233_main_imageset14_condition_it_coh_pic03_it_target.wav,390.9323827089993,end_coh_it,/Users/matveikurzukov/gurung/psychopy_gurung_v1/recordings/875233_main_imageset14_condition_it_coh_pic04_end_coh_it.wav,,,,,,,875233,001,2026-06-06_21h40.45.140,gurung_120_v1,,2026.1.3,59.94989663403184,2026-06-06 21h40.45.659069 +0200,
d013_set1_tr_ic,3,MainStimuli/013_stand_wash_clothes/ic_1.png,ic_1,MainStimuli/013_stand_wash_clothes/tr_target.png,tr_target,MainStimuli/013_stand_wash_clothes/end_ic_tr.png,end_ic_tr,None,None,BetweenTrials/1752221806065.jpg,36,36,0,77,13,013_stand_wash_clothes,stand_wash_clothes,1,tr_ic,transitive_incohesive,incohesive,transitive,1,Audio/tsakyali.wav,10,/Users/matveikurzukov/Library/CloudStorage/GoogleDrive-apazent@gmail.com/.shortcut-targets-by-id/1exBA-7XrpLfZc6s8oGNYTbmjGsu5dT6p/Gurung stimuli/13_stand_wash clothes,,,,,,,,,0,36,36,36,,,,,391.1470191669996,,,,,,,,,,,,,,,,,,,,,77,391.131043417,391.1470191669996,10.50001466699996,ic_1,/Users/matveikurzukov/gurung/psychopy_gurung_v1/recordings/875233_main_imageset13_condition_tr_ic_pic01_ic_1.wav,tr_target,/Users/matveikurzukov/gurung/psychopy_gurung_v1/recordings/875233_main_imageset13_condition_tr_ic_pic02_tr_target.wav,end_ic_tr,/Users/matveikurzukov/gurung/psychopy_gurung_v1/recordings/875233_main_imageset13_condition_tr_ic_pic03_end_ic_tr.wav,402.8810117089997,,,,,,,,,875233,001,2026-06-06_21h40.45.140,gurung_120_v1,,2026.1.3,59.94989663403184,2026-06-06 21h40.45.659069 +0200,
d005_set1_tr_ic,3,MainStimuli/005_rest_build_wall/ic_1.png,ic_1,MainStimuli/005_rest_build_wall/tr_target.png,tr_target,MainStimuli/005_rest_build_wall/end_ic_tr.png,end_ic_tr,None,None,BetweenTrials/1752221802086.jpg,37,37,0,78,5,005_rest_build_wall,rest_build_wall,1,tr_ic,transitive_incohesive,incohesive,transitive,0,None,0,/Users/matveikurzukov/Library/CloudStorage/GoogleDrive-apazent@gmail.com/.shortcut-targets-by-id/1exBA-7XrpLfZc6s8oGNYTbmjGsu5dT6p/Gurung stimuli/5_rest_build wall,,,,,,,,,0,37,37,37,,,,,403.046404875,,,,,,,,,,,,,,,,,,,,,78,403.03183779199935,403.046404875,0.1822247909994985,ic_1,/Users/matveikurzukov/gurung/psychopy_gurung_v1/recordings/875233_main_imageset05_condition_tr_ic_pic01_ic_1.wav,tr_target,/Users/matveikurzukov/gurung/psychopy_gurung_v1/recordings/875233_main_imageset05_condition_tr_ic_pic02_tr_target.wav,end_ic_tr,/Users/matveikurzukov/gurung/psychopy_gurung_v1/recordings/875233_main_imageset05_condition_tr_ic_pic03_end_ic_tr.wav,403.98110837499917,,,,,,,,,875233,001,2026-06-06_21h40.45.140,gurung_120_v1,,2026.1.3,59.94989663403184,2026-06-06 21h40.45.659069 +0200,
d006_set1_tr_coh,3,MainStimuli/006_sleep_pluck_tomatoes/coh_1.png,coh_1,MainStimuli/006_sleep_pluck_tomatoes/coh_2.png,coh_2,MainStimuli/006_sleep_pluck_tomatoes/tr_target.png,tr_target,None,None,BetweenTrials/1752221802086.jpg,38,38,0,79,6,006_sleep_pluck_tomatoes,sleep_pluck_tomatoes,1,tr_coh,transitive_cohesive,cohesive,transitive,0,None,0,/Users/matveikurzukov/Library/CloudStorage/GoogleDrive-apazent@gmail.com/.shortcut-targets-by-id/1exBA-7XrpLfZc6s8oGNYTbmjGsu5dT6p/Gurung stimuli/6_sleep_pluck tomatoes,,,,,,,,,0,38,38,38,,,,,404.1462778749992,,,,,,,,,,,,,,,,,,,,,79,404.1245906669992,404.1462778749992,0.17304008300015994,coh_1,/Users/matveikurzukov/gurung/psychopy_gurung_v1/recordings/875233_main_imageset06_condition_tr_coh_pic01_coh_1.wav,coh_2,/Users/matveikurzukov/gurung/psychopy_gurung_v1/recordings/875233_main_imageset06_condition_tr_coh_pic02_coh_2.wav,tr_target,/Users/matveikurzukov/gurung/psychopy_gurung_v1/recordings/875233_main_imageset06_condition_tr_coh_pic03_tr_target.wav,405.1807985839996,,,,,,,,,875233,001,2026-06-06_21h40.45.140,gurung_120_v1,,2026.1.3,59.94989663403184,2026-06-06 21h40.45.659069 +0200,
d001_set1_it_coh,4,MainStimuli/001_cough_throw_bones/coh_1.png,coh_1,MainStimuli/001_cough_throw_bones/coh_2.png,coh_2,MainStimuli/001_cough_throw_bones/it_target.png,it_target,MainStimuli/001_cough_throw_bones/end_coh_it.png,end_coh_it,BetweenTrials/1752221806065.jpg,39,39,0,80,1,001_cough_throw_bones,cough_throw_bones,1,it_coh,intransitive_cohesive,cohesive,intransitive,0,None,0,/Users/matveikurzukov/Library/CloudStorage/GoogleDrive-apazent@gmail.com/.shortcut-targets-by-id/1exBA-7XrpLfZc6s8oGNYTbmjGsu5dT6p/Gurung stimuli/1_cough_throw bones,,,,,,,,,0,39,39,39,,,,,405.3796245419999,,,,,,,,,,,,,,,,,,,,,80,405.358871292,405.3796245419999,0.13847870800054807,coh_1,/Users/matveikurzukov/gurung/psychopy_gurung_v1/recordings/875233_main_imageset01_condition_it_coh_pic01_coh_1.wav,coh_2,/Users/matveikurzukov/gurung/psychopy_gurung_v1/recordings/875233_main_imageset01_condition_it_coh_pic02_coh_2.wav,it_target,/Users/matveikurzukov/gurung/psychopy_gurung_v1/recordings/875233_main_imageset01_condition_it_coh_pic03_it_target.wav,406.6140998339997,end_coh_it,/Users/matveikurzukov/gurung/psychopy_gurung_v1/recordings/875233_main_imageset01_condition_it_coh_pic04_end_coh_it.wav,,,,,,,875233,001,2026-06-06_21h40.45.140,gurung_120_v1,,2026.1.3,59.94989663403184,2026-06-06 21h40.45.659069 +0200,
,,,,,,,,,,,,,,,,,,,,,,,,,,,,,,,,,,,,,,,,,,,,,,,,,,,,,,,,,,,,,,,,,,,,,,,,,,,,,406.6857442499995,406.7129356249998,436.77851049999936,,,,875233,001,2026-06-06_21h40.45.140,gurung_120_v1,,2026.1.3,59.94989663403184,2026-06-06 21h40.45.659069 +0200,
d019_set1_it_ic,3,MainStimuli/019_sit_crack_egg/ic_1.png,ic_1,MainStimuli/019_sit_crack_egg/it_target.png,it_target,MainStimuli/019_sit_crack_egg/end_ic_it.png,end_ic_it,None,None,BetweenTrials/img_20260522_165652.jpg,0,0,0,81,19,019_sit_crack_egg,sit_crack_egg,1,it_ic,intransitive_incohesive,incohesive,intransitive,0,None,0,/Users/matveikurzukov/Library/CloudStorage/GoogleDrive-apazent@gmail.com/.shortcut-targets-by-id/1exBA-7XrpLfZc6s8oGNYTbmjGsu5dT6p/Gurung stimuli/19_sit_crack egg,,,,,,,,,,,,,0,0,0,0,436.9113199169997,,,,,,,,,,,,,,,,,,,,,81,436.8838124999993,436.9113199169997,0.4289349169994239,ic_1,/Users/matveikurzukov/gurung/psychopy_gurung_v1/recordings/875233_main_imageset19_condition_it_ic_pic01_ic_1.wav,it_target,/Users/matveikurzukov/gurung/psychopy_gurung_v1/recordings/875233_main_imageset19_condition_it_ic_pic02_it_target.wav,end_ic_it,/Users/matveikurzukov/gurung/psychopy_gurung_v1/recordings/875233_main_imageset19_condition_it_ic_pic03_end_ic_it.wav,438.0791980839995,,,,,,,,,875233,001,2026-06-06_21h40.45.140,gurung_120_v1,,2026.1.3,59.94989663403184,2026-06-06 21h40.45.659069 +0200,
d028_set1_it_coh,4,MainStimuli/028_jump_peel_orange/coh_1.png,coh_1,MainStimuli/028_jump_peel_orange/coh_2.png,coh_2,MainStimuli/028_jump_peel_orange/it_target.png,it_target,MainStimuli/028_jump_peel_orange/end_coh_it.png,end_coh_it,BetweenTrials/img-20250813-wa0011.jpg,1,1,0,82,28,028_jump_peel_orange,jump_peel_orange,1,it_coh,intransitive_cohesive,cohesive,intransitive,0,None,0,/Users/matveikurzukov/Library/CloudStorage/GoogleDrive-apazent@gmail.com/.shortcut-targets-by-id/1exBA-7XrpLfZc6s8oGNYTbmjGsu5dT6p/Gurung stimuli/28_jump_peel orange,,,,,,,,,,,,,0,1,1,1,438.29477329199926,,,,,,,,,,,,,,,,,,,,,82,438.26712962500005,438.29477329199926,0.05543987500004732,coh_1,/Users/matveikurzukov/gurung/psychopy_gurung_v1/recordings/875233_main_imageset28_condition_it_coh_pic01_coh_1.wav,coh_2,/Users/matveikurzukov/gurung/psychopy_gurung_v1/recordings/875233_main_imageset28_condition_it_coh_pic02_coh_2.wav,it_target,/Users/matveikurzukov/gurung/psychopy_gurung_v1/recordings/875233_main_imageset28_condition_it_coh_pic03_it_target.wav,439.1795737499997,end_coh_it,/Users/matveikurzukov/gurung/psychopy_gurung_v1/recordings/875233_main_imageset28_condition_it_coh_pic04_end_coh_it.wav,,,,,,,875233,001,2026-06-06_21h40.45.140,gurung_120_v1,,2026.1.3,59.94989663403184,2026-06-06 21h40.45.659069 +0200,
d029_set1_it_ic,3,MainStimuli/029_sit_cut_potato/ic_1.png,ic_1,MainStimuli/029_sit_cut_potato/it_target.png,it_target,MainStimuli/029_sit_cut_potato/end_ic_it.png,end_ic_it,None,None,BetweenTrials/img_20260522_165652.jpg,2,2,0,83,29,029_sit_cut_potato,sit_cut_potato,1,it_ic,intransitive_incohesive,incohesive,intransitive,0,None,0,/Users/matveikurzukov/Library/CloudStorage/GoogleDrive-apazent@gmail.com/.shortcut-targets-by-id/1exBA-7XrpLfZc6s8oGNYTbmjGsu5dT6p/Gurung stimuli/29_sit_cut potato,,,,,,,,,,,,,0,2,2,2,439.3447107089996,,,,,,,,,,,,,,,,,,,,,83,439.32467275,439.3447107089996,0.08794066700011172,ic_1,/Users/matveikurzukov/gurung/psychopy_gurung_v1/recordings/875233_main_imageset29_condition_it_ic_pic01_ic_1.wav,it_target,/Users/matveikurzukov/gurung/psychopy_gurung_v1/recordings/875233_main_imageset29_condition_it_ic_pic02_it_target.wav,end_ic_it,/Users/matveikurzukov/gurung/psychopy_gurung_v1/recordings/875233_main_imageset29_condition_it_ic_pic03_end_ic_it.wav,440.06281766699976,,,,,,,,,875233,001,2026-06-06_21h40.45.140,gurung_120_v1,,2026.1.3,59.94989663403184,2026-06-06 21h40.45.659069 +0200,
d006_set1_tr_ic,3,MainStimuli/006_sleep_pluck_tomatoes/ic_1.png,ic_1,MainStimuli/006_sleep_pluck_tomatoes/tr_target.png,tr_target,MainStimuli/006_sleep_pluck_tomatoes/end_ic_tr.png,end_ic_tr,None,None,BetweenTrials/img_20260522_165652.jpg,3,3,0,84,6,006_sleep_pluck_tomatoes,sleep_pluck_tomatoes,1,tr_ic,transitive_incohesive,incohesive,transitive,0,None,0,/Users/matveikurzukov/Library/CloudStorage/GoogleDrive-apazent@gmail.com/.shortcut-targets-by-id/1exBA-7XrpLfZc6s8oGNYTbmjGsu5dT6p/Gurung stimuli/6_sleep_pluck tomatoes,,,,,,,,,,,,,0,3,3,3,440.2278630839992,,,,,,,,,,,,,,,,,,,,,84,440.2024946249994,440.2278630839992,0.04307312500077387,ic_1,/Users/matveikurzukov/gurung/psychopy_gurung_v1/recordings/875233_main_imageset06_condition_tr_ic_pic01_ic_1.wav,tr_target,/Users/matveikurzukov/gurung/psychopy_gurung_v1/recordings/875233_main_imageset06_condition_tr_ic_pic02_tr_target.wav,end_ic_tr,/Users/matveikurzukov/gurung/psychopy_gurung_v1/recordings/875233_main_imageset06_condition_tr_ic_pic03_end_ic_tr.wav,440.8957717919993,,,,,,,,,875233,001,2026-06-06_21h40.45.140,gurung_120_v1,,2026.1.3,59.94989663403184,2026-06-06 21h40.45.659069 +0200,
d009_set1_tr_coh,3,MainStimuli/009_descend_harvest_rice/coh_1.png,coh_1,MainStimuli/009_descend_harvest_rice/coh_2.png,coh_2,MainStimuli/009_descend_harvest_rice/tr_target.png,tr_target,None,None,BetweenTrials/1752221806065.jpg,4,4,0,85,9,009_descend_harvest_rice,descend_harvest_rice,1,tr_coh,transitive_cohesive,cohesive,transitive,0,None,0,/Users/matveikurzukov/Library/CloudStorage/GoogleDrive-apazent@gmail.com/.shortcut-targets-by-id/1exBA-7XrpLfZc6s8oGNYTbmjGsu5dT6p/Gurung stimuli/9_descend_harvest rice,,,,,,,,,,,,,0,4,4,4,441.0613424589992,,,,,,,,,,,,,,,,,,,,,85,441.03887258399936,441.0613424589992,0.05691824999939854,coh_1,/Users/matveikurzukov/gurung/psychopy_gurung_v1/recordings/875233_main_imageset09_condition_tr_coh_pic01_coh_1.wav,coh_2,/Users/matveikurzukov/gurung/psychopy_gurung_v1/recordings/875233_main_imageset09_condition_tr_coh_pic02_coh_2.wav,tr_target,/Users/matveikurzukov/gurung/psychopy_gurung_v1/recordings/875233_main_imageset09_condition_tr_coh_pic03_tr_target.wav,441.7456772919995,,,,,,,,,875233,001,2026-06-06_21h40.45.140,gurung_120_v1,,2026.1.3,59.94989663403184,2026-06-06 21h40.45.659069 +0200,
d020_set1_tr_coh,3,MainStimuli/020_come_plant_sapling/coh_1.png,coh_1,MainStimuli/020_come_plant_sapling/coh_2.png,coh_2,MainStimuli/020_come_plant_sapling/tr_target.png,tr_target,None,None,BetweenTrials/img_20260522_165652.jpg,5,5,0,86,20,020_come_plant_sapling,come_plant_sapling,1,tr_coh,transitive_cohesive,cohesive,transitive,0,None,0,/Users/matveikurzukov/Library/CloudStorage/GoogleDrive-apazent@gmail.com/.shortcut-targets-by-id/1exBA-7XrpLfZc6s8oGNYTbmjGsu5dT6p/Gurung stimuli/20_come_plant sapling,,,,,,,,,,,,,0,5,5,5,441.91119779199926,,,,,,,,,,,,,,,,,,,,,86,441.8923238339994,441.91119779199926,0.03670054099984554,coh_1,/Users/matveikurzukov/gurung/psychopy_gurung_v1/recordings/875233_main_imageset20_condition_tr_coh_pic01_coh_1.wav,coh_2,/Users/matveikurzukov/gurung/psychopy_gurung_v1/recordings/875233_main_imageset20_condition_tr_coh_pic02_coh_2.wav,tr_target,/Users/matveikurzukov/gurung/psychopy_gurung_v1/recordings/875233_main_imageset20_condition_tr_coh_pic03_tr_target.wav,442.6290706669997,,,,,,,,,875233,001,2026-06-06_21h40.45.140,gurung_120_v1,,2026.1.3,59.94989663403184,2026-06-06 21h40.45.659069 +0200,
d012_set1_tr_ic,3,MainStimuli/012_come_eat_rice/ic_1.png,ic_1,MainStimuli/012_come_eat_rice/tr_target.png,tr_target,MainStimuli/012_come_eat_rice/end_ic_tr.png,end_ic_tr,None,None,BetweenTrials/img-20250813-wa0011.jpg,6,6,0,87,12,012_come_eat_rice,come_eat_rice,1,tr_ic,transitive_incohesive,incohesive,transitive,0,None,0,/Users/matveikurzukov/Library/CloudStorage/GoogleDrive-apazent@gmail.com/.shortcut-targets-by-id/1exBA-7XrpLfZc6s8oGNYTbmjGsu5dT6p/Gurung stimuli/12_come_eat rice,,,,,,,,,,,,,0,6,6,6,442.79454412499945,,,,,,,,,,,,,,,,,,,,,87,442.7707808339992,442.79454412499945,0.04173316699962015,ic_1,/Users/matveikurzukov/gurung/psychopy_gurung_v1/recordings/875233_main_imageset12_condition_tr_ic_pic01_ic_1.wav,tr_target,/Users/matveikurzukov/gurung/psychopy_gurung_v1/recordings/875233_main_imageset12_condition_tr_ic_pic02_tr_target.wav,end_ic_tr,/Users/matveikurzukov/gurung/psychopy_gurung_v1/recordings/875233_main_imageset12_condition_tr_ic_pic03_end_ic_tr.wav,443.46244291699986,,,,,,,,,875233,001,2026-06-06_21h40.45.140,gurung_120_v1,,2026.1.3,59.94989663403184,2026-06-06 21h40.45.659069 +0200,
d030_set1_it_coh,4,MainStimuli/030_smile_make_momos/coh_1.png,coh_1,MainStimuli/030_smile_make_momos/coh_2.png,coh_2,MainStimuli/030_smile_make_momos/it_target.png,it_target,MainStimuli/030_smile_make_momos/end_coh_it.png,end_coh_it,BetweenTrials/1752221802086.jpg,7,7,0,88,30,030_smile_make_momos,smile_make_momos,1,it_coh,intransitive_cohesive,cohesive,intransitive,0,None,0,/Users/matveikurzukov/Library/CloudStorage/GoogleDrive-apazent@gmail.com/.shortcut-targets-by-id/1exBA-7XrpLfZc6s8oGNYTbmjGsu5dT6p/Gurung stimuli/30_smile_make momos,,,,,,,,,,,,,0,7,7,7,443.66142379199937,,,,,,,,,,,,,,,,,,,,,88,443.646798709,443.66142379199937,0.03253274999951827,coh_1,/Users/matveikurzukov/gurung/psychopy_gurung_v1/recordings/875233_main_imageset30_condition_it_coh_pic01_coh_1.wav,coh_2,/Users/matveikurzukov/gurung/psychopy_gurung_v1/recordings/875233_main_imageset30_condition_it_coh_pic02_coh_2.wav,it_target,/Users/matveikurzukov/gurung/psychopy_gurung_v1/recordings/875233_main_imageset30_condition_it_coh_pic03_it_target.wav,444.5956363339992,end_coh_it,/Users/matveikurzukov/gurung/psychopy_gurung_v1/recordings/875233_main_imageset30_condition_it_coh_pic04_end_coh_it.wav,,,,,,,875233,001,2026-06-06_21h40.45.140,gurung_120_v1,,2026.1.3,59.94989663403184,2026-06-06 21h40.45.659069 +0200,
d011_set1_tr_ic,3,MainStimuli/011_ascend_wipe_plate/ic_1.png,ic_1,MainStimuli/011_ascend_wipe_plate/tr_target.png,tr_target,MainStimuli/011_ascend_wipe_plate/end_ic_tr.png,end_ic_tr,None,None,BetweenTrials/img_20260522_165652.jpg,8,8,0,89,11,011_ascend_wipe_plate,ascend_wipe_plate,1,tr_ic,transitive_incohesive,incohesive,transitive,0,None,0,/Users/matveikurzukov/Library/CloudStorage/GoogleDrive-apazent@gmail.com/.shortcut-targets-by-id/1exBA-7XrpLfZc6s8oGNYTbmjGsu5dT6p/Gurung stimuli/11_ascend_wipe plate,,,,,,,,,,,,,0,8,8,8,444.76112804199965,,,,,,,,,,,,,,,,,,,,,89,444.73900324999977,444.76112804199965,0.09007416700023896,ic_1,/Users/matveikurzukov/gurung/psychopy_gurung_v1/recordings/875233_main_imageset11_condition_tr_ic_pic01_ic_1.wav,tr_target,/Users/matveikurzukov/gurung/psychopy_gurung_v1/recordings/875233_main_imageset11_condition_tr_ic_pic02_tr_target.wav,end_ic_tr,/Users/matveikurzukov/gurung/psychopy_gurung_v1/recordings/875233_main_imageset11_condition_tr_ic_pic03_end_ic_tr.wav,445.4955992919995,,,,,,,,,875233,001,2026-06-06_21h40.45.140,gurung_120_v1,,2026.1.3,59.94989663403184,2026-06-06 21h40.45.659069 +0200,
d017_set1_it_coh,4,MainStimuli/017_rest_hang_picture/coh_1.png,coh_1,MainStimuli/017_rest_hang_picture/coh_2.png,coh_2,MainStimuli/017_rest_hang_picture/it_target.png,it_target,MainStimuli/017_rest_hang_picture/end_coh_it.png,end_coh_it,BetweenTrials/img-20250813-wa0011.jpg,9,9,0,90,17,017_rest_hang_picture,rest_hang_picture,1,it_coh,intransitive_cohesive,cohesive,intransitive,0,None,0,/Users/matveikurzukov/Library/CloudStorage/GoogleDrive-apazent@gmail.com/.shortcut-targets-by-id/1exBA-7XrpLfZc6s8oGNYTbmjGsu5dT6p/Gurung stimuli/17_rest_hang picture,,,,,,,,,,,,,0,9,9,9,445.6944219999996,,,,,,,,,,,,,,,,,,,,,90,445.67266991699944,445.6944219999996,0.05588445899957151,coh_1,/Users/matveikurzukov/gurung/psychopy_gurung_v1/recordings/875233_main_imageset17_condition_it_coh_pic01_coh_1.wav,coh_2,/Users/matveikurzukov/gurung/psychopy_gurung_v1/recordings/875233_main_imageset17_condition_it_coh_pic02_coh_2.wav,it_target,/Users/matveikurzukov/gurung/psychopy_gurung_v1/recordings/875233_main_imageset17_condition_it_coh_pic03_it_target.wav,446.61223308399985,end_coh_it,/Users/matveikurzukov/gurung/psychopy_gurung_v1/recordings/875233_main_imageset17_condition_it_coh_pic04_end_coh_it.wav,,,,,,,875233,001,2026-06-06_21h40.45.140,gurung_120_v1,,2026.1.3,59.94989663403184,2026-06-06 21h40.45.659069 +0200,
d020_set1_tr_ic,3,MainStimuli/020_come_plant_sapling/ic_1.png,ic_1,MainStimuli/020_come_plant_sapling/tr_target.png,tr_target,MainStimuli/020_come_plant_sapling/end_ic_tr.png,end_ic_tr,None,None,BetweenTrials/img-20250813-wa0011.jpg,10,10,0,91,20,020_come_plant_sapling,come_plant_sapling,1,tr_ic,transitive_incohesive,incohesive,transitive,1,Audio/tsakyali.wav,10,/Users/matveikurzukov/Library/CloudStorage/GoogleDrive-apazent@gmail.com/.shortcut-targets-by-id/1exBA-7XrpLfZc6s8oGNYTbmjGsu5dT6p/Gurung stimuli/20_come_plant sapling,,,,,,,,,,,,,0,10,10,10,446.82772870899953,,,,,,,,,,,,,,,,,,,,,91,446.8086818339998,446.82772870899953,10.01996175000022,ic_1,/Users/matveikurzukov/gurung/psychopy_gurung_v1/recordings/875233_main_imageset20_condition_tr_ic_pic01_ic_1.wav,tr_target,/Users/matveikurzukov/gurung/psychopy_gurung_v1/recordings/875233_main_imageset20_condition_tr_ic_pic02_tr_target.wav,end_ic_tr,/Users/matveikurzukov/gurung/psychopy_gurung_v1/recordings/875233_main_imageset20_condition_tr_ic_pic03_end_ic_tr.wav,457.51437237499977,,,,,,,,,875233,001,2026-06-06_21h40.45.140,gurung_120_v1,,2026.1.3,59.94989663403184,2026-06-06 21h40.45.659069 +0200,
d015_set1_tr_ic,3,MainStimuli/015_smile_clean_wall/ic_1.png,ic_1,MainStimuli/015_smile_clean_wall/tr_target.png,tr_target,MainStimuli/015_smile_clean_wall/end_ic_tr.png,end_ic_tr,None,None,BetweenTrials/img_20260522_165652.jpg,11,11,0,92,15,015_smile_clean_wall,smile_clean_wall,1,tr_ic,transitive_incohesive,incohesive,transitive,0,None,0,/Users/matveikurzukov/Library/CloudStorage/GoogleDrive-apazent@gmail.com/.shortcut-targets-by-id/1exBA-7XrpLfZc6s8oGNYTbmjGsu5dT6p/Gurung stimuli/15_smile_clean wall,,,,,,,,,,,,,0,11,11,11,457.6772758339994,,,,,,,,,,,,,,,,,,,,,92,457.6604015839994,457.6772758339994,0.08447287499984668,ic_1,/Users/matveikurzukov/gurung/psychopy_gurung_v1/recordings/875233_main_imageset15_condition_tr_ic_pic01_ic_1.wav,tr_target,/Users/matveikurzukov/gurung/psychopy_gurung_v1/recordings/875233_main_imageset15_condition_tr_ic_pic02_tr_target.wav,end_ic_tr,/Users/matveikurzukov/gurung/psychopy_gurung_v1/recordings/875233_main_imageset15_condition_tr_ic_pic03_end_ic_tr.wav,458.4309906669996,,,,,,,,,875233,001,2026-06-06_21h40.45.140,gurung_120_v1,,2026.1.3,59.94989663403184,2026-06-06 21h40.45.659069 +0200,
d011_set1_tr_coh,3,MainStimuli/011_ascend_wipe_plate/coh_1.png,coh_1,MainStimuli/011_ascend_wipe_plate/coh_2.png,coh_2,MainStimuli/011_ascend_wipe_plate/tr_target.png,tr_target,None,None,BetweenTrials/img_20260522_165652.jpg,12,12,0,93,11,011_ascend_wipe_plate,ascend_wipe_plate,1,tr_coh,transitive_cohesive,cohesive,transitive,0,None,0,/Users/matveikurzukov/Library/CloudStorage/GoogleDrive-apazent@gmail.com/.shortcut-targets-by-id/1exBA-7XrpLfZc6s8oGNYTbmjGsu5dT6p/Gurung stimuli/11_ascend_wipe plate,,,,,,,,,,,,,0,12,12,12,458.59386291699957,,,,,,,,,,,,,,,,,,,,,93,458.57343816699995,458.59386291699957,0.08863449999989825,coh_1,/Users/matveikurzukov/gurung/psychopy_gurung_v1/recordings/875233_main_imageset11_condition_tr_coh_pic01_coh_1.wav,coh_2,/Users/matveikurzukov/gurung/psychopy_gurung_v1/recordings/875233_main_imageset11_condition_tr_coh_pic02_coh_2.wav,tr_target,/Users/matveikurzukov/gurung/psychopy_gurung_v1/recordings/875233_main_imageset11_condition_tr_coh_pic03_tr_target.wav,459.2787028749999,,,,,,,,,875233,001,2026-06-06_21h40.45.140,gurung_120_v1,,2026.1.3,59.94989663403184,2026-06-06 21h40.45.659069 +0200,
d025_set1_it_ic,3,MainStimuli/025_yawn_lock_door/ic_1.png,ic_1,MainStimuli/025_yawn_lock_door/it_target.png,it_target,MainStimuli/025_yawn_lock_door/end_ic_it.png,end_ic_it,None,None,BetweenTrials/1752221806065.jpg,13,13,0,94,25,025_yawn_lock_door,yawn_lock_door,1,it_ic,intransitive_incohesive,incohesive,intransitive,0,None,0,/Users/matveikurzukov/Library/CloudStorage/GoogleDrive-apazent@gmail.com/.shortcut-targets-by-id/1exBA-7XrpLfZc6s8oGNYTbmjGsu5dT6p/Gurung stimuli/25_yawn_lock door,,,,,,,,,,,,,0,13,13,13,459.44402029199955,,,,,,,,,,,,,,,,,,,,,94,459.42533687499963,459.44402029199955,0.0364832919995024,ic_1,/Users/matveikurzukov/gurung/psychopy_gurung_v1/recordings/875233_main_imageset25_condition_it_ic_pic01_ic_1.wav,it_target,/Users/matveikurzukov/gurung/psychopy_gurung_v1/recordings/875233_main_imageset25_condition_it_ic_pic02_it_target.wav,end_ic_it,/Users/matveikurzukov/gurung/psychopy_gurung_v1/recordings/875233_main_imageset25_condition_it_ic_pic03_end_ic_it.wav,460.0948749999998,,,,,,,,,875233,001,2026-06-06_21h40.45.140,gurung_120_v1,,2026.1.3,59.94989663403184,2026-06-06 21h40.45.659069 +0200,
d016_set1_tr_coh,3,MainStimuli/016_sleep_wash_dish/coh_1.png,coh_1,MainStimuli/016_sleep_wash_dish/coh_2.png,coh_2,MainStimuli/016_sleep_wash_dish/tr_target.png,tr_target,None,None,BetweenTrials/1752221806065.jpg,14,14,0,95,16,016_sleep_wash_dish,sleep_wash_dish,1,tr_coh,transitive_cohesive,cohesive,transitive,0,None,0,/Users/matveikurzukov/Library/CloudStorage/GoogleDrive-apazent@gmail.com/.shortcut-targets-by-id/1exBA-7XrpLfZc6s8oGNYTbmjGsu5dT6p/Gurung stimuli/16_sleep_wash dish,,,,,,,,,,,,,0,14,14,14,460.2605434999996,,,,,,,,,,,,,,,,,,,,,95,460.24164329199994,460.2605434999996,0.070515541999157,coh_1,/Users/matveikurzukov/gurung/psychopy_gurung_v1/recordings/875233_main_imageset16_condition_tr_coh_pic01_coh_1.wav,coh_2,/Users/matveikurzukov/gurung/psychopy_gurung_v1/recordings/875233_main_imageset16_condition_tr_coh_pic02_coh_2.wav,tr_target,/Users/matveikurzukov/gurung/psychopy_gurung_v1/recordings/875233_main_imageset16_condition_tr_coh_pic03_tr_target.wav,460.9782522919995,,,,,,,,,875233,001,2026-06-06_21h40.45.140,gurung_120_v1,,2026.1.3,59.94989663403184,2026-06-06 21h40.45.659069 +0200,
d014_set1_it_ic,3,MainStimuli/014_ascend_weave_raincoat/ic_1.png,ic_1,MainStimuli/014_ascend_weave_raincoat/it_target.png,it_target,MainStimuli/014_ascend_weave_raincoat/end_ic_it.png,end_ic_it,None,None,BetweenTrials/1752221802086.jpg,15,15,0,96,14,014_ascend_weave_raincoat,ascend_weave_raincoat,1,it_ic,intransitive_incohesive,incohesive,intransitive,0,None,0,/Users/matveikurzukov/Library/CloudStorage/GoogleDrive-apazent@gmail.com/.shortcut-targets-by-id/1exBA-7XrpLfZc6s8oGNYTbmjGsu5dT6p/Gurung stimuli/14_ascend_weave raincoat,,,,,,,,,,,,,0,15,15,15,461.1439578749996,,,,,,,,,,,,,,,,,,,,,96,461.12806179199924,461.1439578749996,0.06691733299976477,ic_1,/Users/matveikurzukov/gurung/psychopy_gurung_v1/recordings/875233_main_imageset14_condition_it_ic_pic01_ic_1.wav,it_target,/Users/matveikurzukov/gurung/psychopy_gurung_v1/recordings/875233_main_imageset14_condition_it_ic_pic02_it_target.wav,end_ic_it,/Users/matveikurzukov/gurung/psychopy_gurung_v1/recordings/875233_main_imageset14_condition_it_ic_pic03_end_ic_it.wav,462.06159641699924,,,,,,,,,875233,001,2026-06-06_21h40.45.140,gurung_120_v1,,2026.1.3,59.94989663403184,2026-06-06 21h40.45.659069 +0200,
d007_set1_tr_ic,3,MainStimuli/007_sit_make_fire/ic_1.png,ic_1,MainStimuli/007_sit_make_fire/tr_target.png,tr_target,MainStimuli/007_sit_make_fire/end_ic_tr.png,end_ic_tr,None,None,BetweenTrials/img-20250813-wa0011.jpg,16,16,0,97,7,007_sit_make_fire,sit_make_fire,1,tr_ic,transitive_incohesive,incohesive,transitive,0,None,0,/Users/matveikurzukov/Library/CloudStorage/GoogleDrive-apazent@gmail.com/.shortcut-targets-by-id/1exBA-7XrpLfZc6s8oGNYTbmjGsu5dT6p/Gurung stimuli/7_sit_make fire,,,,,,,,,,,,,0,16,16,16,462.22701637499995,,,,,,,,,,,,,,,,,,,,,97,462.20450591699955,462.22701637499995,0.12349537499994767,ic_1,/Users/matveikurzukov/gurung/psychopy_gurung_v1/recordings/875233_main_imageset07_condition_tr_ic_pic01_ic_1.wav,tr_target,/Users/matveikurzukov/gurung/psychopy_gurung_v1/recordings/875233_main_imageset07_condition_tr_ic_pic02_tr_target.wav,end_ic_tr,/Users/matveikurzukov/gurung/psychopy_gurung_v1/recordings/875233_main_imageset07_condition_tr_ic_pic03_end_ic_tr.wav,463.0781939999997,,,,,,,,,875233,001,2026-06-06_21h40.45.140,gurung_120_v1,,2026.1.3,59.94989663403184,2026-06-06 21h40.45.659069 +0200,
d010_set1_tr_coh,3,MainStimuli/010_run_cook_pancakes/coh_1.png,coh_1,MainStimuli/010_run_cook_pancakes/coh_2.png,coh_2,MainStimuli/010_run_cook_pancakes/tr_target.png,tr_target,None,None,BetweenTrials/img_20260522_165652.jpg,17,17,0,98,10,010_run_cook_pancakes,run_cook_pancakes,1,tr_coh,transitive_cohesive,cohesive,transitive,0,None,0,/Users/matveikurzukov/Library/CloudStorage/GoogleDrive-apazent@gmail.com/.shortcut-targets-by-id/1exBA-7XrpLfZc6s8oGNYTbmjGsu5dT6p/Gurung stimuli/10_run_cook pancakes,,,,,,,,,,,,,0,17,17,17,463.2436362499993,,,,,,,,,,,,,,,,,,,,,98,463.2234304169997,463.2436362499993,0.10454908400060958,coh_1,/Users/matveikurzukov/gurung/psychopy_gurung_v1/recordings/875233_main_imageset10_condition_tr_coh_pic01_coh_1.wav,coh_2,/Users/matveikurzukov/gurung/psychopy_gurung_v1/recordings/875233_main_imageset10_condition_tr_coh_pic02_coh_2.wav,tr_target,/Users/matveikurzukov/gurung/psychopy_gurung_v1/recordings/875233_main_imageset10_condition_tr_coh_pic03_tr_target.wav,463.9949376249997,,,,,,,,,875233,001,2026-06-06_21h40.45.140,gurung_120_v1,,2026.1.3,59.94989663403184,2026-06-06 21h40.45.659069 +0200,
d017_set1_tr_coh,3,MainStimuli/017_rest_hang_picture/coh_1.png,coh_1,MainStimuli/017_rest_hang_picture/coh_2.png,coh_2,MainStimuli/017_rest_hang_picture/tr_target.png,tr_target,None,None,BetweenTrials/img_20260522_165652.jpg,18,18,0,99,17,017_rest_hang_picture,rest_hang_picture,1,tr_coh,transitive_cohesive,cohesive,transitive,0,None,0,/Users/matveikurzukov/Library/CloudStorage/GoogleDrive-apazent@gmail.com/.shortcut-targets-by-id/1exBA-7XrpLfZc6s8oGNYTbmjGsu5dT6p/Gurung stimuli/17_rest_hang picture,,,,,,,,,,,,,0,18,18,18,464.16033874999994,,,,,,,,,,,,,,,,,,,,,99,464.1350679999996,464.16033874999994,0.07639100000051258,coh_1,/Users/matveikurzukov/gurung/psychopy_gurung_v1/recordings/875233_main_imageset17_condition_tr_coh_pic01_coh_1.wav,coh_2,/Users/matveikurzukov/gurung/psychopy_gurung_v1/recordings/875233_main_imageset17_condition_tr_coh_pic02_coh_2.wav,tr_target,/Users/matveikurzukov/gurung/psychopy_gurung_v1/recordings/875233_main_imageset17_condition_tr_coh_pic03_tr_target.wav,464.9281282089996,,,,,,,,,875233,001,2026-06-06_21h40.45.140,gurung_120_v1,,2026.1.3,59.94989663403184,2026-06-06 21h40.45.659069 +0200,
d012_set1_it_ic,3,MainStimuli/012_come_eat_rice/ic_1.png,ic_1,MainStimuli/012_come_eat_rice/it_target.png,it_target,MainStimuli/012_come_eat_rice/end_ic_it.png,end_ic_it,None,None,BetweenTrials/img_20260522_165652.jpg,19,19,0,100,12,012_come_eat_rice,come_eat_rice,1,it_ic,intransitive_incohesive,incohesive,intransitive,0,None,0,/Users/matveikurzukov/Library/CloudStorage/GoogleDrive-apazent@gmail.com/.shortcut-targets-by-id/1exBA-7XrpLfZc6s8oGNYTbmjGsu5dT6p/Gurung stimuli/12_come_eat rice,,,,,,,,,,,,,0,19,19,19,465.09361920899937,,,,,,,,,,,,,,,,,,,,,100,465.0693449169994,465.09361920899937,0.058508416000222496,ic_1,/Users/matveikurzukov/gurung/psychopy_gurung_v1/recordings/875233_main_imageset12_condition_it_ic_pic01_ic_1.wav,it_target,/Users/matveikurzukov/gurung/psychopy_gurung_v1/recordings/875233_main_imageset12_condition_it_ic_pic02_it_target.wav,end_ic_it,/Users/matveikurzukov/gurung/psychopy_gurung_v1/recordings/875233_main_imageset12_condition_it_ic_pic03_end_ic_it.wav,465.7802904169994,,,,,,,,,875233,001,2026-06-06_21h40.45.140,gurung_120_v1,,2026.1.3,59.94989663403184,2026-06-06 21h40.45.659069 +0200,
d011_set1_it_ic,3,MainStimuli/011_ascend_wipe_plate/ic_1.png,ic_1,MainStimuli/011_ascend_wipe_plate/it_target.png,it_target,MainStimuli/011_ascend_wipe_plate/end_ic_it.png,end_ic_it,None,None,BetweenTrials/1752221802086.jpg,20,20,0,101,11,011_ascend_wipe_plate,ascend_wipe_plate,1,it_ic,intransitive_incohesive,incohesive,intransitive,0,None,0,/Users/matveikurzukov/Library/CloudStorage/GoogleDrive-apazent@gmail.com/.shortcut-targets-by-id/1exBA-7XrpLfZc6s8oGNYTbmjGsu5dT6p/Gurung stimuli/11_ascend_wipe plate,,,,,,,,,,,,,0,20,20,20,465.94358091699996,,,,,,,,,,,,,,,,,,,,,101,465.9275536669993,465.94358091699996,0.08371437500045431,ic_1,/Users/matveikurzukov/gurung/psychopy_gurung_v1/recordings/875233_main_imageset11_condition_it_ic_pic01_ic_1.wav,it_target,/Users/matveikurzukov/gurung/psychopy_gurung_v1/recordings/875233_main_imageset11_condition_it_ic_pic02_it_target.wav,end_ic_it,/Users/matveikurzukov/gurung/psychopy_gurung_v1/recordings/875233_main_imageset11_condition_it_ic_pic03_end_ic_it.wav,466.87817870899926,,,,,,,,,875233,001,2026-06-06_21h40.45.140,gurung_120_v1,,2026.1.3,59.94989663403184,2026-06-06 21h40.45.659069 +0200,
d018_set1_it_ic,3,MainStimuli/018_yawn_put_on_cap/ic_1.png,ic_1,MainStimuli/018_yawn_put_on_cap/it_target.png,it_target,MainStimuli/018_yawn_put_on_cap/end_ic_it.png,end_ic_it,None,None,BetweenTrials/1752221802086.jpg,21,21,0,102,18,018_yawn_put_on_cap,yawn_put_on_cap,1,it_ic,intransitive_incohesive,incohesive,intransitive,1,Audio/tsakyali.wav,10,/Users/matveikurzukov/Library/CloudStorage/GoogleDrive-apazent@gmail.com/.shortcut-targets-by-id/1exBA-7XrpLfZc6s8oGNYTbmjGsu5dT6p/Gurung stimuli/18_yawn_put on cap,,,,,,,,,,,,,0,21,21,21,467.0935437089993,,,,,,,,,,,,,,,,,,,,,102,467.06797649999953,467.0935437089993,11.792540124999505,ic_1,/Users/matveikurzukov/gurung/psychopy_gurung_v1/recordings/875233_main_imageset18_condition_it_ic_pic01_ic_1.wav,it_target,/Users/matveikurzukov/gurung/psychopy_gurung_v1/recordings/875233_main_imageset18_condition_it_ic_pic02_it_target.wav,end_ic_it,/Users/matveikurzukov/gurung/psychopy_gurung_v1/recordings/875233_main_imageset18_condition_it_ic_pic03_end_ic_it.wav,479.7640509589992,,,,,,,,,875233,001,2026-06-06_21h40.45.140,gurung_120_v1,,2026.1.3,59.94989663403184,2026-06-06 21h40.45.659069 +0200,
d023_set1_it_ic,3,MainStimuli/023_stand_tear_paper/ic_1.png,ic_1,MainStimuli/023_stand_tear_paper/it_target.png,it_target,MainStimuli/023_stand_tear_paper/end_ic_it.png,end_ic_it,None,None,BetweenTrials/1752221802086.jpg,22,22,0,103,23,023_stand_tear_paper,stand_tear_paper,1,it_ic,intransitive_incohesive,incohesive,intransitive,0,None,0,/Users/matveikurzukov/Library/CloudStorage/GoogleDrive-apazent@gmail.com/.shortcut-targets-by-id/1exBA-7XrpLfZc6s8oGNYTbmjGsu5dT6p/Gurung stimuli/23_stand_tear paper,,,,,,,,,,,,,0,22,22,22,479.92632762499943,,,,,,,,,,,,,,,,,,,,,103,479.9103887499996,479.92632762499943,0.050264083999536524,ic_1,/Users/matveikurzukov/gurung/psychopy_gurung_v1/recordings/875233_main_imageset23_condition_it_ic_pic01_ic_1.wav,it_target,/Users/matveikurzukov/gurung/psychopy_gurung_v1/recordings/875233_main_imageset23_condition_it_ic_pic02_it_target.wav,end_ic_it,/Users/matveikurzukov/gurung/psychopy_gurung_v1/recordings/875233_main_imageset23_condition_it_ic_pic03_end_ic_it.wav,480.5282423339995,,,,,,,,,875233,001,2026-06-06_21h40.45.140,gurung_120_v1,,2026.1.3,59.94989663403184,2026-06-06 21h40.45.659069 +0200,
d022_set1_tr_coh,3,MainStimuli/022_come_push_chest/coh_1.png,coh_1,MainStimuli/022_come_push_chest/coh_2.png,coh_2,MainStimuli/022_come_push_chest/tr_target.png,tr_target,None,None,BetweenTrials/img_20260522_165652.jpg,23,23,0,104,22,022_come_push_chest,come_push_chest,1,tr_coh,transitive_cohesive,cohesive,transitive,0,None,0,/Users/matveikurzukov/Library/CloudStorage/GoogleDrive-apazent@gmail.com/.shortcut-targets-by-id/1exBA-7XrpLfZc6s8oGNYTbmjGsu5dT6p/Gurung stimuli/22_come_push chest,,,,,,,,,,,,,0,23,23,23,480.69299449999926,,,,,,,,,,,,,,,,,,,,,104,480.6737643339993,480.69299449999926,0.020332125000095402,coh_1,/Users/matveikurzukov/gurung/psychopy_gurung_v1/recordings/875233_main_imageset22_condition_tr_coh_pic01_coh_1.wav,coh_2,/Users/matveikurzukov/gurung/psychopy_gurung_v1/recordings/875233_main_imageset22_condition_tr_coh_pic02_coh_2.wav,tr_target,/Users/matveikurzukov/gurung/psychopy_gurung_v1/recordings/875233_main_imageset22_condition_tr_coh_pic03_tr_target.wav,481.24559749999935,,,,,,,,,875233,001,2026-06-06_21h40.45.140,gurung_120_v1,,2026.1.3,59.94989663403184,2026-06-06 21h40.45.659069 +0200,
d010_set1_it_ic,3,MainStimuli/010_run_cook_pancakes/ic_1.png,ic_1,MainStimuli/010_run_cook_pancakes/it_target.png,it_target,MainStimuli/010_run_cook_pancakes/end_ic_it.png,end_ic_it,None,None,BetweenTrials/1752221806065.jpg,24,24,0,105,10,010_run_cook_pancakes,run_cook_pancakes,1,it_ic,intransitive_incohesive,incohesive,intransitive,0,None,0,/Users/matveikurzukov/Library/CloudStorage/GoogleDrive-apazent@gmail.com/.shortcut-targets-by-id/1exBA-7XrpLfZc6s8oGNYTbmjGsu5dT6p/Gurung stimuli/10_run_cook pancakes,,,,,,,,,,,,,0,24,24,24,481.40964924999935,,,,,,,,,,,,,,,,,,,,,105,481.3960407499999,481.40964924999935,0.031464583999877505,ic_1,/Users/matveikurzukov/gurung/psychopy_gurung_v1/recordings/875233_main_imageset10_condition_it_ic_pic01_ic_1.wav,it_target,/Users/matveikurzukov/gurung/psychopy_gurung_v1/recordings/875233_main_imageset10_condition_it_ic_pic02_it_target.wav,end_ic_it,/Users/matveikurzukov/gurung/psychopy_gurung_v1/recordings/875233_main_imageset10_condition_it_ic_pic03_end_ic_it.wav,481.9773869999999,,,,,,,,,875233,001,2026-06-06_21h40.45.140,gurung_120_v1,,2026.1.3,59.94989663403184,2026-06-06 21h40.45.659069 +0200,
d029_set1_tr_ic,3,MainStimuli/029_sit_cut_potato/ic_1.png,ic_1,MainStimuli/029_sit_cut_potato/tr_target.png,tr_target,MainStimuli/029_sit_cut_potato/end_ic_tr.png,end_ic_tr,None,None,BetweenTrials/1752221806065.jpg,25,25,0,106,29,029_sit_cut_potato,sit_cut_potato,1,tr_ic,transitive_incohesive,incohesive,transitive,0,None,0,/Users/matveikurzukov/Library/CloudStorage/GoogleDrive-apazent@gmail.com/.shortcut-targets-by-id/1exBA-7XrpLfZc6s8oGNYTbmjGsu5dT6p/Gurung stimuli/29_sit_cut potato,,,,,,,,,,,,,0,25,25,25,482.14297024999996,,,,,,,,,,,,,,,,,,,,,106,482.1226588339996,482.14297024999996,0.021177833000365354,ic_1,/Users/matveikurzukov/gurung/psychopy_gurung_v1/recordings/875233_main_imageset29_condition_tr_ic_pic01_ic_1.wav,tr_target,/Users/matveikurzukov/gurung/psychopy_gurung_v1/recordings/875233_main_imageset29_condition_tr_ic_pic02_tr_target.wav,end_ic_tr,/Users/matveikurzukov/gurung/psychopy_gurung_v1/recordings/875233_main_imageset29_condition_tr_ic_pic03_end_ic_tr.wav,482.69415941699936,,,,,,,,,875233,001,2026-06-06_21h40.45.140,gurung_120_v1,,2026.1.3,59.94989663403184,2026-06-06 21h40.45.659069 +0200,
d003_set1_it_coh,4,MainStimuli/003_rest_cook_fish/coh_1.png,coh_1,MainStimuli/003_rest_cook_fish/coh_2.png,coh_2,MainStimuli/003_rest_cook_fish/it_target.png,it_target,MainStimuli/003_rest_cook_fish/end_coh_it.png,end_coh_it,BetweenTrials/1752221802086.jpg,26,26,0,107,3,003_rest_cook_fish,rest_cook_fish,1,it_coh,intransitive_cohesive,cohesive,intransitive,0,None,0,/Users/matveikurzukov/Library/CloudStorage/GoogleDrive-apazent@gmail.com/.shortcut-targets-by-id/1exBA-7XrpLfZc6s8oGNYTbmjGsu5dT6p/Gurung stimuli/3_rest_cook fish,,,,,,,,,,,,,0,26,26,26,482.8929614999997,,,,,,,,,,,,,,,,,,,,,107,482.8788544169993,482.8929614999997,0.19952024999929563,coh_1,/Users/matveikurzukov/gurung/psychopy_gurung_v1/recordings/875233_main_imageset03_condition_it_coh_pic01_coh_1.wav,coh_2,/Users/matveikurzukov/gurung/psychopy_gurung_v1/recordings/875233_main_imageset03_condition_it_coh_pic02_coh_2.wav,it_target,/Users/matveikurzukov/gurung/psychopy_gurung_v1/recordings/875233_main_imageset03_condition_it_coh_pic03_it_target.wav,483.8108024589992,end_coh_it,/Users/matveikurzukov/gurung/psychopy_gurung_v1/recordings/875233_main_imageset03_condition_it_coh_pic04_end_coh_it.wav,,,,,,,875233,001,2026-06-06_21h40.45.140,gurung_120_v1,,2026.1.3,59.94989663403184,2026-06-06 21h40.45.659069 +0200,
d013_set1_tr_coh,3,MainStimuli/013_stand_wash_clothes/coh_1.png,coh_1,MainStimuli/013_stand_wash_clothes/coh_2.png,coh_2,MainStimuli/013_stand_wash_clothes/tr_target.png,tr_target,None,None,BetweenTrials/img_20260522_165652.jpg,27,27,0,108,13,013_stand_wash_clothes,stand_wash_clothes,1,tr_coh,transitive_cohesive,cohesive,transitive,0,None,0,/Users/matveikurzukov/Library/CloudStorage/GoogleDrive-apazent@gmail.com/.shortcut-targets-by-id/1exBA-7XrpLfZc6s8oGNYTbmjGsu5dT6p/Gurung stimuli/13_stand_wash clothes,,,,,,,,,,,,,0,27,27,27,483.9762297499992,,,,,,,,,,,,,,,,,,,,,108,483.9533389999997,483.9762297499992,0.07379208399925119,coh_1,/Users/matveikurzukov/gurung/psychopy_gurung_v1/recordings/875233_main_imageset13_condition_tr_coh_pic01_coh_1.wav,coh_2,/Users/matveikurzukov/gurung/psychopy_gurung_v1/recordings/875233_main_imageset13_condition_tr_coh_pic02_coh_2.wav,tr_target,/Users/matveikurzukov/gurung/psychopy_gurung_v1/recordings/875233_main_imageset13_condition_tr_coh_pic03_tr_target.wav,484.59391583399974,,,,,,,,,875233,001,2026-06-06_21h40.45.140,gurung_120_v1,,2026.1.3,59.94989663403184,2026-06-06 21h40.45.659069 +0200,
d025_set1_it_coh,4,MainStimuli/025_yawn_lock_door/coh_1.png,coh_1,MainStimuli/025_yawn_lock_door/coh_2.png,coh_2,MainStimuli/025_yawn_lock_door/it_target.png,it_target,MainStimuli/025_yawn_lock_door/end_coh_it.png,end_coh_it,BetweenTrials/img-20250813-wa0011.jpg,28,28,0,109,25,025_yawn_lock_door,yawn_lock_door,1,it_coh,intransitive_cohesive,cohesive,intransitive,0,None,0,/Users/matveikurzukov/Library/CloudStorage/GoogleDrive-apazent@gmail.com/.shortcut-targets-by-id/1exBA-7XrpLfZc6s8oGNYTbmjGsu5dT6p/Gurung stimuli/25_yawn_lock door,,,,,,,,,,,,,0,28,28,28,484.79279095899983,,,,,,,,,,,,,,,,,,,,,109,484.7791468339992,484.79279095899983,0.03131450000000768,coh_1,/Users/matveikurzukov/gurung/psychopy_gurung_v1/recordings/875233_main_imageset25_condition_it_coh_pic01_coh_1.wav,coh_2,/Users/matveikurzukov/gurung/psychopy_gurung_v1/recordings/875233_main_imageset25_condition_it_coh_pic02_coh_2.wav,it_target,/Users/matveikurzukov/gurung/psychopy_gurung_v1/recordings/875233_main_imageset25_condition_it_coh_pic03_it_target.wav,485.7609014589998,end_coh_it,/Users/matveikurzukov/gurung/psychopy_gurung_v1/recordings/875233_main_imageset25_condition_it_coh_pic04_end_coh_it.wav,,,,,,,875233,001,2026-06-06_21h40.45.140,gurung_120_v1,,2026.1.3,59.94989663403184,2026-06-06 21h40.45.659069 +0200,
d006_set1_it_coh,4,MainStimuli/006_sleep_pluck_tomatoes/coh_1.png,coh_1,MainStimuli/006_sleep_pluck_tomatoes/coh_2.png,coh_2,MainStimuli/006_sleep_pluck_tomatoes/it_target.png,it_target,MainStimuli/006_sleep_pluck_tomatoes/end_coh_it.png,end_coh_it,BetweenTrials/1752221806065.jpg,29,29,0,110,6,006_sleep_pluck_tomatoes,sleep_pluck_tomatoes,1,it_coh,intransitive_cohesive,cohesive,intransitive,0,None,0,/Users/matveikurzukov/Library/CloudStorage/GoogleDrive-apazent@gmail.com/.shortcut-targets-by-id/1exBA-7XrpLfZc6s8oGNYTbmjGsu5dT6p/Gurung stimuli/6_sleep_pluck tomatoes,,,,,,,,,,,,,0,29,29,29,485.9595817089994,,,,,,,,,,,,,,,,,,,,,110,485.9444767919995,485.9595817089994,0.01597904199934419,coh_1,/Users/matveikurzukov/gurung/psychopy_gurung_v1/recordings/875233_main_imageset06_condition_it_coh_pic01_coh_1.wav,coh_2,/Users/matveikurzukov/gurung/psychopy_gurung_v1/recordings/875233_main_imageset06_condition_it_coh_pic02_coh_2.wav,it_target,/Users/matveikurzukov/gurung/psychopy_gurung_v1/recordings/875233_main_imageset06_condition_it_coh_pic03_it_target.wav,486.843904417,end_coh_it,/Users/matveikurzukov/gurung/psychopy_gurung_v1/recordings/875233_main_imageset06_condition_it_coh_pic04_end_coh_it.wav,,,,,,,875233,001,2026-06-06_21h40.45.140,gurung_120_v1,,2026.1.3,59.94989663403184,2026-06-06 21h40.45.659069 +0200,
d027_set1_it_ic,3,MainStimuli/027_jump_pull_blanket/ic_1.png,ic_1,MainStimuli/027_jump_pull_blanket/it_target.png,it_target,MainStimuli/027_jump_pull_blanket/end_ic_it.png,end_ic_it,None,None,BetweenTrials/1752221806065.jpg,30,30,0,111,27,027_jump_pull_blanket,jump_pull_blanket,1,it_ic,intransitive_incohesive,incohesive,intransitive,0,None,0,/Users/matveikurzukov/Library/CloudStorage/GoogleDrive-apazent@gmail.com/.shortcut-targets-by-id/1exBA-7XrpLfZc6s8oGNYTbmjGsu5dT6p/Gurung stimuli/27_jump_pull blanket,,,,,,,,,,,,,0,30,30,30,487.0094259589996,,,,,,,,,,,,,,,,,,,,,111,486.9927119589993,487.0094259589996,0.06778008399942337,ic_1,/Users/matveikurzukov/gurung/psychopy_gurung_v1/recordings/875233_main_imageset27_condition_it_ic_pic01_ic_1.wav,it_target,/Users/matveikurzukov/gurung/psychopy_gurung_v1/recordings/875233_main_imageset27_condition_it_ic_pic02_it_target.wav,end_ic_it,/Users/matveikurzukov/gurung/psychopy_gurung_v1/recordings/875233_main_imageset27_condition_it_ic_pic03_end_ic_it.wav,487.6938474589997,,,,,,,,,875233,001,2026-06-06_21h40.45.140,gurung_120_v1,,2026.1.3,59.94989663403184,2026-06-06 21h40.45.659069 +0200,
d008_set1_it_ic,3,MainStimuli/008_smile_weave_garland/ic_1.png,ic_1,MainStimuli/008_smile_weave_garland/it_target.png,it_target,MainStimuli/008_smile_weave_garland/end_ic_it.png,end_ic_it,None,None,BetweenTrials/img_20260522_165652.jpg,31,31,0,112,8,008_smile_weave_garland,smile_weave_garland,1,it_ic,intransitive_incohesive,incohesive,intransitive,0,None,0,/Users/matveikurzukov/Library/CloudStorage/GoogleDrive-apazent@gmail.com/.shortcut-targets-by-id/1exBA-7XrpLfZc6s8oGNYTbmjGsu5dT6p/Gurung stimuli/8_smile_weave garland,,,,,,,,,,,,,0,31,31,31,487.85933504199966,,,,,,,,,,,,,,,,,,,,,112,487.83376162499917,487.85933504199966,0.07662120799977856,ic_1,/Users/matveikurzukov/gurung/psychopy_gurung_v1/recordings/875233_main_imageset08_condition_it_ic_pic01_ic_1.wav,it_target,/Users/matveikurzukov/gurung/psychopy_gurung_v1/recordings/875233_main_imageset08_condition_it_ic_pic02_it_target.wav,end_ic_it,/Users/matveikurzukov/gurung/psychopy_gurung_v1/recordings/875233_main_imageset08_condition_it_ic_pic03_end_ic_it.wav,488.7610359169994,,,,,,,,,875233,001,2026-06-06_21h40.45.140,gurung_120_v1,,2026.1.3,59.94989663403184,2026-06-06 21h40.45.659069 +0200,
d019_set1_tr_coh,3,MainStimuli/019_sit_crack_egg/coh_1.png,coh_1,MainStimuli/019_sit_crack_egg/coh_2.png,coh_2,MainStimuli/019_sit_crack_egg/tr_target.png,tr_target,None,None,BetweenTrials/img_20260522_165652.jpg,32,32,0,113,19,019_sit_crack_egg,sit_crack_egg,1,tr_coh,transitive_cohesive,cohesive,transitive,1,Audio/tsakyali.wav,10,/Users/matveikurzukov/Library/CloudStorage/GoogleDrive-apazent@gmail.com/.shortcut-targets-by-id/1exBA-7XrpLfZc6s8oGNYTbmjGsu5dT6p/Gurung stimuli/19_sit_crack egg,,,,,,,,,,,,,0,32,32,32,488.97632683399934,,,,,,,,,,,,,,,,,,,,,113,488.95426070899975,488.97632683399934,10.10738987500008,coh_1,/Users/matveikurzukov/gurung/psychopy_gurung_v1/recordings/875233_main_imageset19_condition_tr_coh_pic01_coh_1.wav,coh_2,/Users/matveikurzukov/gurung/psychopy_gurung_v1/recordings/875233_main_imageset19_condition_tr_coh_pic02_coh_2.wav,tr_target,/Users/matveikurzukov/gurung/psychopy_gurung_v1/recordings/875233_main_imageset19_condition_tr_coh_pic03_tr_target.wav,499.7767869999998,,,,,,,,,875233,001,2026-06-06_21h40.45.140,gurung_120_v1,,2026.1.3,59.94989663403184,2026-06-06 21h40.45.659069 +0200,
d015_set1_it_coh,4,MainStimuli/015_smile_clean_wall/coh_1.png,coh_1,MainStimuli/015_smile_clean_wall/coh_2.png,coh_2,MainStimuli/015_smile_clean_wall/it_target.png,it_target,MainStimuli/015_smile_clean_wall/end_coh_it.png,end_coh_it,BetweenTrials/1752221802086.jpg,33,33,0,114,15,015_smile_clean_wall,smile_clean_wall,1,it_coh,intransitive_cohesive,cohesive,intransitive,0,None,0,/Users/matveikurzukov/Library/CloudStorage/GoogleDrive-apazent@gmail.com/.shortcut-targets-by-id/1exBA-7XrpLfZc6s8oGNYTbmjGsu5dT6p/Gurung stimuli/15_smile_clean wall,,,,,,,,,,,,,0,33,33,33,499.9756578339993,,,,,,,,,,,,,,,,,,,,,114,499.9536235839996,499.9756578339993,0.03960087499945075,coh_1,/Users/matveikurzukov/gurung/psychopy_gurung_v1/recordings/875233_main_imageset15_condition_it_coh_pic01_coh_1.wav,coh_2,/Users/matveikurzukov/gurung/psychopy_gurung_v1/recordings/875233_main_imageset15_condition_it_coh_pic02_coh_2.wav,it_target,/Users/matveikurzukov/gurung/psychopy_gurung_v1/recordings/875233_main_imageset15_condition_it_coh_pic03_it_target.wav,501.01011841699983,end_coh_it,/Users/matveikurzukov/gurung/psychopy_gurung_v1/recordings/875233_main_imageset15_condition_it_coh_pic04_end_coh_it.wav,,,,,,,875233,001,2026-06-06_21h40.45.140,gurung_120_v1,,2026.1.3,59.94989663403184,2026-06-06 21h40.45.659069 +0200,
d004_set1_tr_coh,3,MainStimuli/004_run_drink_tea/coh_1.png,coh_1,MainStimuli/004_run_drink_tea/coh_2.png,coh_2,MainStimuli/004_run_drink_tea/tr_target.png,tr_target,None,None,BetweenTrials/img_20260522_165652.jpg,34,34,0,115,4,004_run_drink_tea,run_drink_tea,1,tr_coh,transitive_cohesive,cohesive,transitive,0,None,0,/Users/matveikurzukov/Library/CloudStorage/GoogleDrive-apazent@gmail.com/.shortcut-targets-by-id/1exBA-7XrpLfZc6s8oGNYTbmjGsu5dT6p/Gurung stimuli/4_run_drink tea,,,,,,,,,,,,,0,34,34,34,501.1756218749997,,,,,,,,,,,,,,,,,,,,,115,501.1541883339996,501.1756218749997,0.15929750000032072,coh_1,/Users/matveikurzukov/gurung/psychopy_gurung_v1/recordings/875233_main_imageset04_condition_tr_coh_pic01_coh_1.wav,coh_2,/Users/matveikurzukov/gurung/psychopy_gurung_v1/recordings/875233_main_imageset04_condition_tr_coh_pic02_coh_2.wav,tr_target,/Users/matveikurzukov/gurung/psychopy_gurung_v1/recordings/875233_main_imageset04_condition_tr_coh_pic03_tr_target.wav,502.1267737089993,,,,,,,,,875233,001,2026-06-06_21h40.45.140,gurung_120_v1,,2026.1.3,59.94989663403184,2026-06-06 21h40.45.659069 +0200,
d005_set1_tr_coh,3,MainStimuli/005_rest_build_wall/coh_1.png,coh_1,MainStimuli/005_rest_build_wall/coh_2.png,coh_2,MainStimuli/005_rest_build_wall/tr_target.png,tr_target,None,None,BetweenTrials/img_20260522_165652.jpg,35,35,0,116,5,005_rest_build_wall,rest_build_wall,1,tr_coh,transitive_cohesive,cohesive,transitive,0,None,0,/Users/matveikurzukov/Library/CloudStorage/GoogleDrive-apazent@gmail.com/.shortcut-targets-by-id/1exBA-7XrpLfZc6s8oGNYTbmjGsu5dT6p/Gurung stimuli/5_rest_build wall,,,,,,,,,,,,,0,35,35,35,502.2922504999997,,,,,,,,,,,,,,,,,,,,,116,502.276234209,502.2922504999997,0.10033595900040382,coh_1,/Users/matveikurzukov/gurung/psychopy_gurung_v1/recordings/875233_main_imageset05_condition_tr_coh_pic01_coh_1.wav,coh_2,/Users/matveikurzukov/gurung/psychopy_gurung_v1/recordings/875233_main_imageset05_condition_tr_coh_pic02_coh_2.wav,tr_target,/Users/matveikurzukov/gurung/psychopy_gurung_v1/recordings/875233_main_imageset05_condition_tr_coh_pic03_tr_target.wav,503.143342542,,,,,,,,,875233,001,2026-06-06_21h40.45.140,gurung_120_v1,,2026.1.3,59.94989663403184,2026-06-06 21h40.45.659069 +0200,
d027_set1_tr_ic,3,MainStimuli/027_jump_pull_blanket/ic_1.png,ic_1,MainStimuli/027_jump_pull_blanket/tr_target.png,tr_target,MainStimuli/027_jump_pull_blanket/end_ic_tr.png,end_ic_tr,None,None,BetweenTrials/1752221802086.jpg,36,36,0,117,27,027_jump_pull_blanket,jump_pull_blanket,1,tr_ic,transitive_incohesive,incohesive,transitive,0,None,0,/Users/matveikurzukov/Library/CloudStorage/GoogleDrive-apazent@gmail.com/.shortcut-targets-by-id/1exBA-7XrpLfZc6s8oGNYTbmjGsu5dT6p/Gurung stimuli/27_jump_pull blanket,,,,,,,,,,,,,0,36,36,36,503.308930917,,,,,,,,,,,,,,,,,,,,,117,503.29037900000003,503.308930917,0.08647583300080441,ic_1,/Users/matveikurzukov/gurung/psychopy_gurung_v1/recordings/875233_main_imageset27_condition_tr_ic_pic01_ic_1.wav,tr_target,/Users/matveikurzukov/gurung/psychopy_gurung_v1/recordings/875233_main_imageset27_condition_tr_ic_pic02_tr_target.wav,end_ic_tr,/Users/matveikurzukov/gurung/psychopy_gurung_v1/recordings/875233_main_imageset27_condition_tr_ic_pic03_end_ic_tr.wav,504.24337116699917,,,,,,,,,875233,001,2026-06-06_21h40.45.140,gurung_120_v1,,2026.1.3,59.94989663403184,2026-06-06 21h40.45.659069 +0200,
d026_set1_it_ic,3,MainStimuli/026_sleep_drag_log/ic_1.png,ic_1,MainStimuli/026_sleep_drag_log/it_target.png,it_target,MainStimuli/026_sleep_drag_log/end_ic_it.png,end_ic_it,None,None,BetweenTrials/img-20250813-wa0011.jpg,37,37,0,118,26,026_sleep_drag_log,sleep_drag_log,1,it_ic,intransitive_incohesive,incohesive,intransitive,0,None,0,/Users/matveikurzukov/Library/CloudStorage/GoogleDrive-apazent@gmail.com/.shortcut-targets-by-id/1exBA-7XrpLfZc6s8oGNYTbmjGsu5dT6p/Gurung stimuli/26_sleep_drag log,,,,,,,,,,,,,0,37,37,37,504.4088472499998,,,,,,,,,,,,,,,,,,,,,118,504.3867754999992,504.4088472499998,0.15637633299957088,ic_1,/Users/matveikurzukov/gurung/psychopy_gurung_v1/recordings/875233_main_imageset26_condition_it_ic_pic01_ic_1.wav,it_target,/Users/matveikurzukov/gurung/psychopy_gurung_v1/recordings/875233_main_imageset26_condition_it_ic_pic02_it_target.wav,end_ic_it,/Users/matveikurzukov/gurung/psychopy_gurung_v1/recordings/875233_main_imageset26_condition_it_ic_pic03_end_ic_it.wav,505.4766153749997,,,,,,,,,875233,001,2026-06-06_21h40.45.140,gurung_120_v1,,2026.1.3,59.94989663403184,2026-06-06 21h40.45.659069 +0200,
d019_set1_tr_ic,3,MainStimuli/019_sit_crack_egg/ic_1.png,ic_1,MainStimuli/019_sit_crack_egg/tr_target.png,tr_target,MainStimuli/019_sit_crack_egg/end_ic_tr.png,end_ic_tr,None,None,BetweenTrials/img_20260522_165652.jpg,38,38,0,119,19,019_sit_crack_egg,sit_crack_egg,1,tr_ic,transitive_incohesive,incohesive,transitive,1,Audio/tsakyali.wav,10,/Users/matveikurzukov/Library/CloudStorage/GoogleDrive-apazent@gmail.com/.shortcut-targets-by-id/1exBA-7XrpLfZc6s8oGNYTbmjGsu5dT6p/Gurung stimuli/19_sit_crack egg,,,,,,,,,,,,,0,38,38,38,505.69211687499956,,,,,,,,,,,,,,,,,,,,,119,505.6635759999999,505.69211687499956,10.162683458000174,ic_1,/Users/matveikurzukov/gurung/psychopy_gurung_v1/recordings/875233_main_imageset19_condition_tr_ic_pic01_ic_1.wav,tr_target,/Users/matveikurzukov/gurung/psychopy_gurung_v1/recordings/875233_main_imageset19_condition_tr_ic_pic02_tr_target.wav,end_ic_tr,/Users/matveikurzukov/gurung/psychopy_gurung_v1/recordings/875233_main_imageset19_condition_tr_ic_pic03_end_ic_tr.wav,516.4779409589992,,,,,,,,,875233,001,2026-06-06_21h40.45.140,gurung_120_v1,,2026.1.3,59.94989663403184,2026-06-06 21h40.45.659069 +0200,
d020_set1_it_ic,3,MainStimuli/020_come_plant_sapling/ic_1.png,ic_1,MainStimuli/020_come_plant_sapling/it_target.png,it_target,MainStimuli/020_come_plant_sapling/end_ic_it.png,end_ic_it,None,None,BetweenTrials/img-20250813-wa0011.jpg,39,39,0,120,20,020_come_plant_sapling,come_plant_sapling,1,it_ic,intransitive_incohesive,incohesive,intransitive,0,None,0,/Users/matveikurzukov/Library/CloudStorage/GoogleDrive-apazent@gmail.com/.shortcut-targets-by-id/1exBA-7XrpLfZc6s8oGNYTbmjGsu5dT6p/Gurung stimuli/20_come_plant sapling,,,,,,,,,,,,,0,39,39,39,516.6584761669992,,,,,,,,,,,,,,,,,,,,,120,516.6284006669994,516.6584761669992,0.08127391700054432,ic_1,/Users/matveikurzukov/gurung/psychopy_gurung_v1/recordings/875233_main_imageset20_condition_it_ic_pic01_ic_1.wav,it_target,/Users/matveikurzukov/gurung/psychopy_gurung_v1/recordings/875233_main_imageset20_condition_it_ic_pic02_it_target.wav,end_ic_it,/Users/matveikurzukov/gurung/psychopy_gurung_v1/recordings/875233_main_imageset20_condition_it_ic_pic03_end_ic_it.wav,517.3929526249995,,,,,,,,,875233,001,2026-06-06_21h40.45.140,gurung_120_v1,,2026.1.3,59.94989663403184,2026-06-06 21h40.45.659069 +0200,
,,,,,,,,,,,,,,,,,,,,,,,,,,,,,,,,,,,,,,,,,,,,,,,,,,,,,,,,,,,,,,,,,,,,,,,,,,,,,,,,517.4802848749996,517.5084582919999,517.7210422499993,875233,001,2026-06-06_21h40.45.140,gurung_120_v1,,2026.1.3,59.94989663403184,2026-06-06 21h40.45.659069 +0200,
