8.6452 	INFO 	Loaded monitor calibration from ['2023_12_05 12:19']
9.0458 	INFO 	Using renderer 'Apple M1' for graphics
9.0458 	INFO 	OpenGL version supported by driver is 2..
9.1175 	EXP 	Created window1 = Window(allowGUI=True, allowStencil=False, autoLog=True, backendConf=UNKNOWN, backgroundFit=<method-wrapper '__getattribute__' of attributeSetter object at 0x16f3d2830>, backgroundImage=<method-wrapper '__getattribute__' of attributeSetter object at 0x16f3d2890>, bitsMode=UNKNOWN, blendMode='avg', bpc=(8, 8, 8), color=array([1., 1., 1.]), colorSpace='rgb', depthBits=8, fullscr=False, gamma=None, gammaErrorPolicy='raise', infoMsg=UNKNOWN, lms=UNKNOWN, monitor=<psychopy.monitors.calibTools.Monitor object at 0x16f3a8430>, multiSample=False, name='window1', numSamples=2, pos=[np.float64(240.0), np.float64(125.0)], screen=-1, size=array([2400, 1600]), stencilBits=0, stereo=False, title='PsychoPy', units='height', useFBO=True, useRetina=True, viewOri=0.0, viewPos=None, viewScale=None, waitBlanking=True, winType='pyglet')
9.1175 	EXP 	window1: backgroundImage = ''
9.1175 	EXP 	window1: backgroundFit = 'none'
9.4978 	EXP 	window1: Attempting to measure frame rate of screen (-1) ...
9.4979 	EXP 	window1: recordFrameIntervals = False
9.7051 	EXP 	window1: recordFrameIntervals = True
11.3720 	EXP 	window1: recordFrameIntervals = False
11.3724 	EXP 	Screen (-1) actual frame rate measured at 59.95Hz
12.5368 	INFO 	keyboard.Keyboard is using ptb backend.
12.5368 	EXP 	gurung_120_v1: status = STARTED
12.5793 	EXP 	Created Instructions_keep_alive = ImageStim(__class__=<class 'psychopy.visual.image.ImageStim'>, anchor=('center', 'center'), autoLog=True, color=array([1., 1., 1.]), colorSpace='rgb', contrast=1.0, depth=0.0, draggable=False, flipHoriz=np.False_, flipVert=np.False_, image='Stimuli/sound.png', interpolate=True, mask=None, maskParams=None, name='Instructions_keep_alive', opacity=0.0, ori=0.0, pos=array([0., 0.]), size=array([0.01, 0.01]), texRes=128.0, units='height', win=Window(...))
12.7271 	EXP 	Added new global key event: gurung_escape_quit
12.9380 	INFO 	New audio device 2 with handle 0 opened as PortAudio stream:
12.9380 	INFO 	For 2 channels Playback: Audio subsystem is Core Audio, Audio device name is MacBook Air Speakers
12.9380 	INFO 	Real samplerate 48000.000000 Hz. Input latency 0.000000 msecs, Output latency 33.750000 msecs.
12.9380 	INFO 	Created stream for speaker device: MacBook Air Speakers (2.0)
12.9959 	EXP 	Created PracticeTrial_keep_alive = ImageStim(__class__=<class 'psychopy.visual.image.ImageStim'>, anchor=('center', 'center'), autoLog=True, color=array([1., 1., 1.]), colorSpace='rgb', contrast=1.0, depth=0.0, draggable=False, flipHoriz=np.False_, flipVert=np.False_, image='Stimuli/sound.png', interpolate=True, mask=None, maskParams=None, name='PracticeTrial_keep_alive', opacity=0.0, ori=0.0, pos=array([0., 0.]), size=array([0.01, 0.01]), texRes=128.0, units='height', win=Window(...))
13.0018 	EXP 	Created PracticeEnd_keep_alive = ImageStim(__class__=<class 'psychopy.visual.image.ImageStim'>, anchor=('center', 'center'), autoLog=True, color=array([1., 1., 1.]), colorSpace='rgb', contrast=1.0, depth=0.0, draggable=False, flipHoriz=np.False_, flipVert=np.False_, image='Stimuli/sound.png', interpolate=True, mask=None, maskParams=None, name='PracticeEnd_keep_alive', opacity=0.0, ori=0.0, pos=array([0., 0.]), size=array([0.01, 0.01]), texRes=128.0, units='height', win=Window(...))
13.0080 	EXP 	Created MainTrial_keep_alive = ImageStim(__class__=<class 'psychopy.visual.image.ImageStim'>, anchor=('center', 'center'), autoLog=True, color=array([1., 1., 1.]), colorSpace='rgb', contrast=1.0, depth=0.0, draggable=False, flipHoriz=np.False_, flipVert=np.False_, image='Stimuli/sound.png', interpolate=True, mask=None, maskParams=None, name='MainTrial_keep_alive', opacity=0.0, ori=0.0, pos=array([0., 0.]), size=array([0.01, 0.01]), texRes=128.0, units='height', win=Window(...))
13.0145 	EXP 	Created Break_keep_alive = ImageStim(__class__=<class 'psychopy.visual.image.ImageStim'>, anchor=('center', 'center'), autoLog=True, color=array([1., 1., 1.]), colorSpace='rgb', contrast=1.0, depth=0.0, draggable=False, flipHoriz=np.False_, flipVert=np.False_, image='Stimuli/sound.png', interpolate=True, mask=None, maskParams=None, name='Break_keep_alive', opacity=0.0, ori=0.0, pos=array([0., 0.]), size=array([0.01, 0.01]), texRes=128.0, units='height', win=Window(...))
13.0205 	EXP 	Created MainTrial_keep_alive = ImageStim(__class__=<class 'psychopy.visual.image.ImageStim'>, anchor=('center', 'center'), autoLog=True, color=array([1., 1., 1.]), colorSpace='rgb', contrast=1.0, depth=0.0, draggable=False, flipHoriz=np.False_, flipVert=np.False_, image='Stimuli/sound.png', interpolate=True, mask=None, maskParams=None, name='MainTrial_keep_alive', opacity=0.0, ori=0.0, pos=array([0., 0.]), size=array([0.01, 0.01]), texRes=128.0, units='height', win=Window(...))
13.0259 	EXP 	Created Break_keep_alive = ImageStim(__class__=<class 'psychopy.visual.image.ImageStim'>, anchor=('center', 'center'), autoLog=True, color=array([1., 1., 1.]), colorSpace='rgb', contrast=1.0, depth=0.0, draggable=False, flipHoriz=np.False_, flipVert=np.False_, image='Stimuli/sound.png', interpolate=True, mask=None, maskParams=None, name='Break_keep_alive', opacity=0.0, ori=0.0, pos=array([0., 0.]), size=array([0.01, 0.01]), texRes=128.0, units='height', win=Window(...))
13.0318 	EXP 	Created MainTrial_keep_alive = ImageStim(__class__=<class 'psychopy.visual.image.ImageStim'>, anchor=('center', 'center'), autoLog=True, color=array([1., 1., 1.]), colorSpace='rgb', contrast=1.0, depth=0.0, draggable=False, flipHoriz=np.False_, flipVert=np.False_, image='Stimuli/sound.png', interpolate=True, mask=None, maskParams=None, name='MainTrial_keep_alive', opacity=0.0, ori=0.0, pos=array([0., 0.]), size=array([0.01, 0.01]), texRes=128.0, units='height', win=Window(...))
13.0380 	EXP 	Created EndExperiment_keep_alive = ImageStim(__class__=<class 'psychopy.visual.image.ImageStim'>, anchor=('center', 'center'), autoLog=True, color=array([1., 1., 1.]), colorSpace='rgb', contrast=1.0, depth=0.0, draggable=False, flipHoriz=np.False_, flipVert=np.False_, image='Stimuli/sound.png', interpolate=True, mask=None, maskParams=None, name='EndExperiment_keep_alive', opacity=0.0, ori=0.0, pos=array([0., 0.]), size=array([0.01, 0.01]), texRes=128.0, units='height', win=Window(...))
0.0248 	EXP 	Created unnamed ImageStim = ImageStim(__class__=<class 'psychopy.visual.image.ImageStim'>, anchor=('center', 'center'), autoLog=True, color=array([1., 1., 1.]), colorSpace='rgb', contrast=1.0, depth=0, draggable=False, flipHoriz=np.False_, flipVert=np.False_, image=str(...), interpolate=True, mask=None, maskParams=None, name='unnamed ImageStim', opacity=1, ori=0.0, pos=array([0., 0.]), size=array([0.22, 0.22]), texRes=128, units='height', win=Window(...))
0.0791 	INFO 	Loaded psychtoolbox audio version 3.0.19.696976787
0.0793 	EXP 	: sampleRate = 48000
0.0793 	EXP 	: channels = None
0.0800 	EXP 	: sampleRate = 48000
0.0998 	EXP 	Sound  reached end of file
0.0999 	EXP 	Playing sound  on speaker MacBook Air Speakers
0.1167 	EXP 	Instructions_keep_alive: autoDraw = True
92.9513 	DATA 	Mouse: Left button down, pos=(570,607)
93.1018 	DATA 	Mouse:  Left button up, pos=(570,607)
93.2459 	DATA 	Keypress: space
93.2482 	EXP 	Sound  stopped
93.2587 	EXP 	Imported Conds/practice.csv as conditions, 8 conditions, 11 params
93.2589 	EXP 	New trial (rep=0, index=0): <Trial 0 (0 in rep 0) data={'trial_id': 'practice_01', 'n_images': np.int64(3), 'img1': 'Stimuli/pr1_1.png', 'img1_role': 'practice_1', 'img2': 'Stimuli/pr1_2.png', 'img2_role': 'practice_2', 'img3': 'Stimuli/pr1_3.png', 'img3_role': 'practice_3', 'img4': None, 'img4_role': None, 'between_image': 'BetweenTrials/img_20260522_165652.jpg', 'thisN': 0, 'thisTrialN': 0, 'thisRepN': 0}>
93.3342 	EXP 	Created unnamed ImageStim = ImageStim(__class__=<class 'psychopy.visual.image.ImageStim'>, anchor=('center', 'center'), autoLog=True, color=array([1., 1., 1.]), colorSpace='rgb', contrast=1.0, depth=0, draggable=False, flipHoriz=np.False_, flipVert=np.False_, image=str(...), interpolate=True, mask=None, maskParams=None, name='unnamed ImageStim', opacity=1, ori=0.0, pos=array([-0.27,  0.  ]), size=array([0.22, 0.35]), texRes=128, units='height', win=Window(...))
93.4075 	EXP 	Created unnamed ImageStim = ImageStim(__class__=<class 'psychopy.visual.image.ImageStim'>, anchor=('center', 'center'), autoLog=True, color=array([1., 1., 1.]), colorSpace='rgb', contrast=1.0, depth=0, draggable=False, flipHoriz=np.False_, flipVert=np.False_, image=str(...), interpolate=True, mask=None, maskParams=None, name='unnamed ImageStim', opacity=1, ori=0.0, pos=array([0., 0.]), size=array([0.22, 0.35]), texRes=128, units='height', win=Window(...))
93.4821 	EXP 	Created unnamed ImageStim = ImageStim(__class__=<class 'psychopy.visual.image.ImageStim'>, anchor=('center', 'center'), autoLog=True, color=array([1., 1., 1.]), colorSpace='rgb', contrast=1.0, depth=0, draggable=False, flipHoriz=np.False_, flipVert=np.False_, image=str(...), interpolate=True, mask=None, maskParams=None, name='unnamed ImageStim', opacity=1, ori=0.0, pos=array([0.27, 0.  ]), size=array([0.22, 0.35]), texRes=128, units='height', win=Window(...))
93.4957 	EXP 	Created unnamed ImageStim = ImageStim(__class__=<class 'psychopy.visual.image.ImageStim'>, anchor=('center', 'center'), autoLog=True, color=array([1., 1., 1.]), colorSpace='rgb', contrast=1.0, depth=0, draggable=False, flipHoriz=np.False_, flipVert=np.False_, image=str(...), interpolate=True, mask=None, maskParams=None, name='unnamed ImageStim', opacity=1, ori=0.0, pos=array([-0.135,  0.   ]), size=array([0.035, 0.035]), texRes=128, units='height', win=Window(...))
93.5089 	EXP 	Created unnamed ImageStim = ImageStim(__class__=<class 'psychopy.visual.image.ImageStim'>, anchor=('center', 'center'), autoLog=True, color=array([1., 1., 1.]), colorSpace='rgb', contrast=1.0, depth=0, draggable=False, flipHoriz=np.False_, flipVert=np.False_, image=str(...), interpolate=True, mask=None, maskParams=None, name='unnamed ImageStim', opacity=1, ori=0.0, pos=array([0.135, 0.   ]), size=array([0.035, 0.035]), texRes=128, units='height', win=Window(...))
93.5691 	EXP 	Created unnamed ImageStim = ImageStim(__class__=<class 'psychopy.visual.image.ImageStim'>, anchor=('center', 'center'), autoLog=True, color=array([1., 1., 1.]), colorSpace='rgb', contrast=1.0, depth=0, draggable=False, flipHoriz=np.False_, flipVert=np.False_, image=str(...), interpolate=True, mask=None, maskParams=None, name='unnamed ImageStim', opacity=1, ori=0.0, pos=array([0., 0.]), size=array([1.5, 1. ]), texRes=128, units='height', win=Window(...))
93.5708 	DATA 	Keypress: space
93.5850 	DATA 	Keypress: lcommand
93.5973 	EXP 	Instructions_keep_alive: autoDraw = False
93.5973 	EXP 	PracticeTrial_keep_alive: autoDraw = True
96.6041 	DATA 	Keypress: space
96.8097 	DATA 	Keypress: space
97.1287 	DATA 	Keypress: space
97.1886 	EXP 	: sampleRate = 48000
97.1886 	EXP 	: channels = None
97.1890 	EXP 	: sampleRate = 48000
97.1901 	EXP 	Sound  reached end of file
97.1901 	EXP 	Playing sound  on speaker MacBook Air Speakers
97.3088 	DATA 	Keypress: space
98.0697 	DATA 	Keypress: space
106.2195 	DATA 	Keypress: space
106.2317 	EXP 	Sound  stopped
106.2928 	EXP 	New trial (rep=0, index=1): <Trial 1 (1 in rep 0) data={'trial_id': 'practice_02', 'n_images': np.int64(3), 'img1': 'Stimuli/pr2_1.png', 'img1_role': 'practice_1', 'img2': 'Stimuli/pr2_2.png', 'img2_role': 'practice_2', 'img3': 'Stimuli/pr2_3.png', 'img3_role': 'practice_3', 'img4': None, 'img4_role': None, 'between_image': 'BetweenTrials/1752221806065.jpg', 'thisN': 1, 'thisTrialN': 1, 'thisRepN': 0}>
106.3654 	EXP 	Created unnamed ImageStim = ImageStim(__class__=<class 'psychopy.visual.image.ImageStim'>, anchor=('center', 'center'), autoLog=True, color=array([1., 1., 1.]), colorSpace='rgb', contrast=1.0, depth=0, draggable=False, flipHoriz=np.False_, flipVert=np.False_, image=str(...), interpolate=True, mask=None, maskParams=None, name='unnamed ImageStim', opacity=1, ori=0.0, pos=array([-0.27,  0.  ]), size=array([0.22, 0.35]), texRes=128, units='height', win=Window(...))
106.4369 	EXP 	Created unnamed ImageStim = ImageStim(__class__=<class 'psychopy.visual.image.ImageStim'>, anchor=('center', 'center'), autoLog=True, color=array([1., 1., 1.]), colorSpace='rgb', contrast=1.0, depth=0, draggable=False, flipHoriz=np.False_, flipVert=np.False_, image=str(...), interpolate=True, mask=None, maskParams=None, name='unnamed ImageStim', opacity=1, ori=0.0, pos=array([0., 0.]), size=array([0.22, 0.35]), texRes=128, units='height', win=Window(...))
106.5084 	EXP 	Created unnamed ImageStim = ImageStim(__class__=<class 'psychopy.visual.image.ImageStim'>, anchor=('center', 'center'), autoLog=True, color=array([1., 1., 1.]), colorSpace='rgb', contrast=1.0, depth=0, draggable=False, flipHoriz=np.False_, flipVert=np.False_, image=str(...), interpolate=True, mask=None, maskParams=None, name='unnamed ImageStim', opacity=1, ori=0.0, pos=array([0.27, 0.  ]), size=array([0.22, 0.35]), texRes=128, units='height', win=Window(...))
106.5218 	EXP 	Created unnamed ImageStim = ImageStim(__class__=<class 'psychopy.visual.image.ImageStim'>, anchor=('center', 'center'), autoLog=True, color=array([1., 1., 1.]), colorSpace='rgb', contrast=1.0, depth=0, draggable=False, flipHoriz=np.False_, flipVert=np.False_, image=str(...), interpolate=True, mask=None, maskParams=None, name='unnamed ImageStim', opacity=1, ori=0.0, pos=array([-0.135,  0.   ]), size=array([0.035, 0.035]), texRes=128, units='height', win=Window(...))
106.5347 	EXP 	Created unnamed ImageStim = ImageStim(__class__=<class 'psychopy.visual.image.ImageStim'>, anchor=('center', 'center'), autoLog=True, color=array([1., 1., 1.]), colorSpace='rgb', contrast=1.0, depth=0, draggable=False, flipHoriz=np.False_, flipVert=np.False_, image=str(...), interpolate=True, mask=None, maskParams=None, name='unnamed ImageStim', opacity=1, ori=0.0, pos=array([0.135, 0.   ]), size=array([0.035, 0.035]), texRes=128, units='height', win=Window(...))
106.5753 	EXP 	Created unnamed ImageStim = ImageStim(__class__=<class 'psychopy.visual.image.ImageStim'>, anchor=('center', 'center'), autoLog=True, color=array([1., 1., 1.]), colorSpace='rgb', contrast=1.0, depth=0, draggable=False, flipHoriz=np.False_, flipVert=np.False_, image=str(...), interpolate=True, mask=None, maskParams=None, name='unnamed ImageStim', opacity=1, ori=0.0, pos=array([0., 0.]), size=array([1.5, 1. ]), texRes=128, units='height', win=Window(...))
106.5963 	EXP 	PracticeTrial_keep_alive: autoDraw = False
106.5963 	EXP 	PracticeTrial_keep_alive: autoDraw = True
106.7540 	DATA 	Keypress: space
107.2016 	DATA 	Keypress: space
107.5530 	DATA 	Keypress: space
107.6142 	EXP 	: sampleRate = 48000
107.6142 	EXP 	: channels = None
107.6144 	EXP 	: sampleRate = 48000
107.6151 	EXP 	Sound  reached end of file
107.6151 	EXP 	Playing sound  on speaker MacBook Air Speakers
110.1410 	DATA 	Keypress: space
110.1475 	EXP 	Sound  stopped
110.1944 	EXP 	New trial (rep=0, index=2): <Trial 2 (2 in rep 0) data={'trial_id': 'practice_03', 'n_images': np.int64(3), 'img1': 'Stimuli/pr3_1.png', 'img1_role': 'practice_1', 'img2': 'Stimuli/pr3_2.png', 'img2_role': 'practice_2', 'img3': 'Stimuli/pr3_3.png', 'img3_role': 'practice_3', 'img4': None, 'img4_role': None, 'between_image': 'BetweenTrials/1752221806065.jpg', 'thisN': 2, 'thisTrialN': 2, 'thisRepN': 0}>
110.2571 	EXP 	Created unnamed ImageStim = ImageStim(__class__=<class 'psychopy.visual.image.ImageStim'>, anchor=('center', 'center'), autoLog=True, color=array([1., 1., 1.]), colorSpace='rgb', contrast=1.0, depth=0, draggable=False, flipHoriz=np.False_, flipVert=np.False_, image=str(...), interpolate=True, mask=None, maskParams=None, name='unnamed ImageStim', opacity=1, ori=0.0, pos=array([-0.27,  0.  ]), size=array([0.22, 0.35]), texRes=128, units='height', win=Window(...))
110.3298 	EXP 	Created unnamed ImageStim = ImageStim(__class__=<class 'psychopy.visual.image.ImageStim'>, anchor=('center', 'center'), autoLog=True, color=array([1., 1., 1.]), colorSpace='rgb', contrast=1.0, depth=0, draggable=False, flipHoriz=np.False_, flipVert=np.False_, image=str(...), interpolate=True, mask=None, maskParams=None, name='unnamed ImageStim', opacity=1, ori=0.0, pos=array([0., 0.]), size=array([0.22, 0.35]), texRes=128, units='height', win=Window(...))
110.4046 	EXP 	Created unnamed ImageStim = ImageStim(__class__=<class 'psychopy.visual.image.ImageStim'>, anchor=('center', 'center'), autoLog=True, color=array([1., 1., 1.]), colorSpace='rgb', contrast=1.0, depth=0, draggable=False, flipHoriz=np.False_, flipVert=np.False_, image=str(...), interpolate=True, mask=None, maskParams=None, name='unnamed ImageStim', opacity=1, ori=0.0, pos=array([0.27, 0.  ]), size=array([0.22, 0.35]), texRes=128, units='height', win=Window(...))
110.4179 	EXP 	Created unnamed ImageStim = ImageStim(__class__=<class 'psychopy.visual.image.ImageStim'>, anchor=('center', 'center'), autoLog=True, color=array([1., 1., 1.]), colorSpace='rgb', contrast=1.0, depth=0, draggable=False, flipHoriz=np.False_, flipVert=np.False_, image=str(...), interpolate=True, mask=None, maskParams=None, name='unnamed ImageStim', opacity=1, ori=0.0, pos=array([-0.135,  0.   ]), size=array([0.035, 0.035]), texRes=128, units='height', win=Window(...))
110.4314 	EXP 	Created unnamed ImageStim = ImageStim(__class__=<class 'psychopy.visual.image.ImageStim'>, anchor=('center', 'center'), autoLog=True, color=array([1., 1., 1.]), colorSpace='rgb', contrast=1.0, depth=0, draggable=False, flipHoriz=np.False_, flipVert=np.False_, image=str(...), interpolate=True, mask=None, maskParams=None, name='unnamed ImageStim', opacity=1, ori=0.0, pos=array([0.135, 0.   ]), size=array([0.035, 0.035]), texRes=128, units='height', win=Window(...))
110.4462 	EXP 	PracticeTrial_keep_alive: autoDraw = False
110.4462 	EXP 	PracticeTrial_keep_alive: autoDraw = True
111.3555 	DATA 	Keypress: space
111.7854 	DATA 	Keypress: space
112.1765 	DATA 	Keypress: space
112.2287 	EXP 	: sampleRate = 48000
112.2287 	EXP 	: channels = None
112.2289 	EXP 	: sampleRate = 48000
112.2294 	EXP 	Sound  reached end of file
112.2294 	EXP 	Playing sound  on speaker MacBook Air Speakers
115.0916 	DATA 	Keypress: space
115.0981 	EXP 	Sound  stopped
115.1493 	EXP 	New trial (rep=0, index=3): <Trial 3 (3 in rep 0) data={'trial_id': 'practice_04', 'n_images': np.int64(3), 'img1': 'Stimuli/pr4_1.png', 'img1_role': 'practice_1', 'img2': 'Stimuli/pr4_2.png', 'img2_role': 'practice_2', 'img3': 'Stimuli/pr4_3.png', 'img3_role': 'practice_3', 'img4': None, 'img4_role': None, 'between_image': 'BetweenTrials/1752221806065.jpg', 'thisN': 3, 'thisTrialN': 3, 'thisRepN': 0}>
115.2210 	EXP 	Created unnamed ImageStim = ImageStim(__class__=<class 'psychopy.visual.image.ImageStim'>, anchor=('center', 'center'), autoLog=True, color=array([1., 1., 1.]), colorSpace='rgb', contrast=1.0, depth=0, draggable=False, flipHoriz=np.False_, flipVert=np.False_, image=str(...), interpolate=True, mask=None, maskParams=None, name='unnamed ImageStim', opacity=1, ori=0.0, pos=array([-0.27,  0.  ]), size=array([0.22, 0.35]), texRes=128, units='height', win=Window(...))
115.2942 	EXP 	Created unnamed ImageStim = ImageStim(__class__=<class 'psychopy.visual.image.ImageStim'>, anchor=('center', 'center'), autoLog=True, color=array([1., 1., 1.]), colorSpace='rgb', contrast=1.0, depth=0, draggable=False, flipHoriz=np.False_, flipVert=np.False_, image=str(...), interpolate=True, mask=None, maskParams=None, name='unnamed ImageStim', opacity=1, ori=0.0, pos=array([0., 0.]), size=array([0.22, 0.35]), texRes=128, units='height', win=Window(...))
115.3677 	EXP 	Created unnamed ImageStim = ImageStim(__class__=<class 'psychopy.visual.image.ImageStim'>, anchor=('center', 'center'), autoLog=True, color=array([1., 1., 1.]), colorSpace='rgb', contrast=1.0, depth=0, draggable=False, flipHoriz=np.False_, flipVert=np.False_, image=str(...), interpolate=True, mask=None, maskParams=None, name='unnamed ImageStim', opacity=1, ori=0.0, pos=array([0.27, 0.  ]), size=array([0.22, 0.35]), texRes=128, units='height', win=Window(...))
115.3812 	EXP 	Created unnamed ImageStim = ImageStim(__class__=<class 'psychopy.visual.image.ImageStim'>, anchor=('center', 'center'), autoLog=True, color=array([1., 1., 1.]), colorSpace='rgb', contrast=1.0, depth=0, draggable=False, flipHoriz=np.False_, flipVert=np.False_, image=str(...), interpolate=True, mask=None, maskParams=None, name='unnamed ImageStim', opacity=1, ori=0.0, pos=array([-0.135,  0.   ]), size=array([0.035, 0.035]), texRes=128, units='height', win=Window(...))
115.3954 	EXP 	Created unnamed ImageStim = ImageStim(__class__=<class 'psychopy.visual.image.ImageStim'>, anchor=('center', 'center'), autoLog=True, color=array([1., 1., 1.]), colorSpace='rgb', contrast=1.0, depth=0, draggable=False, flipHoriz=np.False_, flipVert=np.False_, image=str(...), interpolate=True, mask=None, maskParams=None, name='unnamed ImageStim', opacity=1, ori=0.0, pos=array([0.135, 0.   ]), size=array([0.035, 0.035]), texRes=128, units='height', win=Window(...))
115.4126 	EXP 	PracticeTrial_keep_alive: autoDraw = False
115.4126 	EXP 	PracticeTrial_keep_alive: autoDraw = True
115.8071 	DATA 	Keypress: space
116.2709 	DATA 	Keypress: space
116.6686 	DATA 	Keypress: space
116.7305 	EXP 	: sampleRate = 48000
116.7305 	EXP 	: channels = None
116.7307 	EXP 	: sampleRate = 48000
116.7313 	EXP 	Sound  reached end of file
116.7313 	EXP 	Playing sound  on speaker MacBook Air Speakers
117.5500 	DATA 	Mouse: Left button down, pos=(407,742)
117.5660 	DATA 	Mouse:  Left button up, pos=(407,742)
118.2523 	DATA 	Keypress: space
118.2650 	EXP 	Sound  stopped
118.3106 	EXP 	New trial (rep=0, index=4): <Trial 4 (4 in rep 0) data={'trial_id': 'practice_05', 'n_images': np.int64(3), 'img1': 'Stimuli/pr5_1.png', 'img1_role': 'practice_1', 'img2': 'Stimuli/pr5_2.png', 'img2_role': 'practice_2', 'img3': 'Stimuli/pr5_3.png', 'img3_role': 'practice_3', 'img4': None, 'img4_role': None, 'between_image': 'BetweenTrials/1752221806065.jpg', 'thisN': 4, 'thisTrialN': 4, 'thisRepN': 0}>
118.3881 	EXP 	Created unnamed ImageStim = ImageStim(__class__=<class 'psychopy.visual.image.ImageStim'>, anchor=('center', 'center'), autoLog=True, color=array([1., 1., 1.]), colorSpace='rgb', contrast=1.0, depth=0, draggable=False, flipHoriz=np.False_, flipVert=np.False_, image=str(...), interpolate=True, mask=None, maskParams=None, name='unnamed ImageStim', opacity=1, ori=0.0, pos=array([-0.27,  0.  ]), size=array([0.22, 0.35]), texRes=128, units='height', win=Window(...))
118.4645 	EXP 	Created unnamed ImageStim = ImageStim(__class__=<class 'psychopy.visual.image.ImageStim'>, anchor=('center', 'center'), autoLog=True, color=array([1., 1., 1.]), colorSpace='rgb', contrast=1.0, depth=0, draggable=False, flipHoriz=np.False_, flipVert=np.False_, image=str(...), interpolate=True, mask=None, maskParams=None, name='unnamed ImageStim', opacity=1, ori=0.0, pos=array([0., 0.]), size=array([0.22, 0.35]), texRes=128, units='height', win=Window(...))
118.5366 	EXP 	Created unnamed ImageStim = ImageStim(__class__=<class 'psychopy.visual.image.ImageStim'>, anchor=('center', 'center'), autoLog=True, color=array([1., 1., 1.]), colorSpace='rgb', contrast=1.0, depth=0, draggable=False, flipHoriz=np.False_, flipVert=np.False_, image=str(...), interpolate=True, mask=None, maskParams=None, name='unnamed ImageStim', opacity=1, ori=0.0, pos=array([0.27, 0.  ]), size=array([0.22, 0.35]), texRes=128, units='height', win=Window(...))
118.5497 	EXP 	Created unnamed ImageStim = ImageStim(__class__=<class 'psychopy.visual.image.ImageStim'>, anchor=('center', 'center'), autoLog=True, color=array([1., 1., 1.]), colorSpace='rgb', contrast=1.0, depth=0, draggable=False, flipHoriz=np.False_, flipVert=np.False_, image=str(...), interpolate=True, mask=None, maskParams=None, name='unnamed ImageStim', opacity=1, ori=0.0, pos=array([-0.135,  0.   ]), size=array([0.035, 0.035]), texRes=128, units='height', win=Window(...))
118.5628 	EXP 	Created unnamed ImageStim = ImageStim(__class__=<class 'psychopy.visual.image.ImageStim'>, anchor=('center', 'center'), autoLog=True, color=array([1., 1., 1.]), colorSpace='rgb', contrast=1.0, depth=0, draggable=False, flipHoriz=np.False_, flipVert=np.False_, image=str(...), interpolate=True, mask=None, maskParams=None, name='unnamed ImageStim', opacity=1, ori=0.0, pos=array([0.135, 0.   ]), size=array([0.035, 0.035]), texRes=128, units='height', win=Window(...))
118.5791 	EXP 	PracticeTrial_keep_alive: autoDraw = False
118.5791 	EXP 	PracticeTrial_keep_alive: autoDraw = True
118.7378 	DATA 	Keypress: space
119.1645 	DATA 	Keypress: space
119.5049 	DATA 	Keypress: space
119.5793 	EXP 	: sampleRate = 48000
119.5793 	EXP 	: channels = None
119.5795 	EXP 	: sampleRate = 48000
119.5802 	EXP 	Sound  reached end of file
119.5802 	EXP 	Playing sound  on speaker MacBook Air Speakers
121.0411 	DATA 	Keypress: space
121.0474 	EXP 	Sound  stopped
121.0938 	EXP 	New trial (rep=0, index=5): <Trial 5 (5 in rep 0) data={'trial_id': 'practice_06', 'n_images': np.int64(3), 'img1': 'Stimuli/pr6_1.png', 'img1_role': 'practice_1', 'img2': 'Stimuli/pr6_2.png', 'img2_role': 'practice_2', 'img3': 'Stimuli/pr6_3.png', 'img3_role': 'practice_3', 'img4': None, 'img4_role': None, 'between_image': 'BetweenTrials/1752221802086.jpg', 'thisN': 5, 'thisTrialN': 5, 'thisRepN': 0}>
121.1663 	EXP 	Created unnamed ImageStim = ImageStim(__class__=<class 'psychopy.visual.image.ImageStim'>, anchor=('center', 'center'), autoLog=True, color=array([1., 1., 1.]), colorSpace='rgb', contrast=1.0, depth=0, draggable=False, flipHoriz=np.False_, flipVert=np.False_, image=str(...), interpolate=True, mask=None, maskParams=None, name='unnamed ImageStim', opacity=1, ori=0.0, pos=array([-0.27,  0.  ]), size=array([0.22, 0.35]), texRes=128, units='height', win=Window(...))
121.2346 	EXP 	Created unnamed ImageStim = ImageStim(__class__=<class 'psychopy.visual.image.ImageStim'>, anchor=('center', 'center'), autoLog=True, color=array([1., 1., 1.]), colorSpace='rgb', contrast=1.0, depth=0, draggable=False, flipHoriz=np.False_, flipVert=np.False_, image=str(...), interpolate=True, mask=None, maskParams=None, name='unnamed ImageStim', opacity=1, ori=0.0, pos=array([0., 0.]), size=array([0.22, 0.35]), texRes=128, units='height', win=Window(...))
121.3042 	EXP 	Created unnamed ImageStim = ImageStim(__class__=<class 'psychopy.visual.image.ImageStim'>, anchor=('center', 'center'), autoLog=True, color=array([1., 1., 1.]), colorSpace='rgb', contrast=1.0, depth=0, draggable=False, flipHoriz=np.False_, flipVert=np.False_, image=str(...), interpolate=True, mask=None, maskParams=None, name='unnamed ImageStim', opacity=1, ori=0.0, pos=array([0.27, 0.  ]), size=array([0.22, 0.35]), texRes=128, units='height', win=Window(...))
121.3177 	EXP 	Created unnamed ImageStim = ImageStim(__class__=<class 'psychopy.visual.image.ImageStim'>, anchor=('center', 'center'), autoLog=True, color=array([1., 1., 1.]), colorSpace='rgb', contrast=1.0, depth=0, draggable=False, flipHoriz=np.False_, flipVert=np.False_, image=str(...), interpolate=True, mask=None, maskParams=None, name='unnamed ImageStim', opacity=1, ori=0.0, pos=array([-0.135,  0.   ]), size=array([0.035, 0.035]), texRes=128, units='height', win=Window(...))
121.3307 	EXP 	Created unnamed ImageStim = ImageStim(__class__=<class 'psychopy.visual.image.ImageStim'>, anchor=('center', 'center'), autoLog=True, color=array([1., 1., 1.]), colorSpace='rgb', contrast=1.0, depth=0, draggable=False, flipHoriz=np.False_, flipVert=np.False_, image=str(...), interpolate=True, mask=None, maskParams=None, name='unnamed ImageStim', opacity=1, ori=0.0, pos=array([0.135, 0.   ]), size=array([0.035, 0.035]), texRes=128, units='height', win=Window(...))
121.3691 	EXP 	Created unnamed ImageStim = ImageStim(__class__=<class 'psychopy.visual.image.ImageStim'>, anchor=('center', 'center'), autoLog=True, color=array([1., 1., 1.]), colorSpace='rgb', contrast=1.0, depth=0, draggable=False, flipHoriz=np.False_, flipVert=np.False_, image=str(...), interpolate=True, mask=None, maskParams=None, name='unnamed ImageStim', opacity=1, ori=0.0, pos=array([0., 0.]), size=array([1.5, 1. ]), texRes=128, units='height', win=Window(...))
121.3957 	EXP 	PracticeTrial_keep_alive: autoDraw = False
121.3957 	EXP 	PracticeTrial_keep_alive: autoDraw = True
121.6928 	DATA 	Keypress: space
122.1871 	DATA 	Keypress: space
122.6612 	DATA 	Keypress: space
122.7215 	EXP 	: sampleRate = 48000
122.7215 	EXP 	: channels = None
122.7217 	EXP 	: sampleRate = 48000
122.7223 	EXP 	Sound  reached end of file
122.7223 	EXP 	Playing sound  on speaker MacBook Air Speakers
124.2013 	DATA 	Keypress: space
124.2135 	EXP 	Sound  stopped
124.2583 	EXP 	New trial (rep=0, index=6): <Trial 6 (6 in rep 0) data={'trial_id': 'practice_07', 'n_images': np.int64(3), 'img1': 'Stimuli/pr7_1.png', 'img1_role': 'practice_1', 'img2': 'Stimuli/pr7_2.png', 'img2_role': 'practice_2', 'img3': 'Stimuli/pr7_3.png', 'img3_role': 'practice_3', 'img4': None, 'img4_role': None, 'between_image': 'BetweenTrials/img_20260522_165652.jpg', 'thisN': 6, 'thisTrialN': 6, 'thisRepN': 0}>
124.3206 	EXP 	Created unnamed ImageStim = ImageStim(__class__=<class 'psychopy.visual.image.ImageStim'>, anchor=('center', 'center'), autoLog=True, color=array([1., 1., 1.]), colorSpace='rgb', contrast=1.0, depth=0, draggable=False, flipHoriz=np.False_, flipVert=np.False_, image=str(...), interpolate=True, mask=None, maskParams=None, name='unnamed ImageStim', opacity=1, ori=0.0, pos=array([-0.27,  0.  ]), size=array([0.22, 0.35]), texRes=128, units='height', win=Window(...))
124.3952 	EXP 	Created unnamed ImageStim = ImageStim(__class__=<class 'psychopy.visual.image.ImageStim'>, anchor=('center', 'center'), autoLog=True, color=array([1., 1., 1.]), colorSpace='rgb', contrast=1.0, depth=0, draggable=False, flipHoriz=np.False_, flipVert=np.False_, image=str(...), interpolate=True, mask=None, maskParams=None, name='unnamed ImageStim', opacity=1, ori=0.0, pos=array([0., 0.]), size=array([0.22, 0.35]), texRes=128, units='height', win=Window(...))
124.4658 	EXP 	Created unnamed ImageStim = ImageStim(__class__=<class 'psychopy.visual.image.ImageStim'>, anchor=('center', 'center'), autoLog=True, color=array([1., 1., 1.]), colorSpace='rgb', contrast=1.0, depth=0, draggable=False, flipHoriz=np.False_, flipVert=np.False_, image=str(...), interpolate=True, mask=None, maskParams=None, name='unnamed ImageStim', opacity=1, ori=0.0, pos=array([0.27, 0.  ]), size=array([0.22, 0.35]), texRes=128, units='height', win=Window(...))
124.4790 	EXP 	Created unnamed ImageStim = ImageStim(__class__=<class 'psychopy.visual.image.ImageStim'>, anchor=('center', 'center'), autoLog=True, color=array([1., 1., 1.]), colorSpace='rgb', contrast=1.0, depth=0, draggable=False, flipHoriz=np.False_, flipVert=np.False_, image=str(...), interpolate=True, mask=None, maskParams=None, name='unnamed ImageStim', opacity=1, ori=0.0, pos=array([-0.135,  0.   ]), size=array([0.035, 0.035]), texRes=128, units='height', win=Window(...))
124.4923 	EXP 	Created unnamed ImageStim = ImageStim(__class__=<class 'psychopy.visual.image.ImageStim'>, anchor=('center', 'center'), autoLog=True, color=array([1., 1., 1.]), colorSpace='rgb', contrast=1.0, depth=0, draggable=False, flipHoriz=np.False_, flipVert=np.False_, image=str(...), interpolate=True, mask=None, maskParams=None, name='unnamed ImageStim', opacity=1, ori=0.0, pos=array([0.135, 0.   ]), size=array([0.035, 0.035]), texRes=128, units='height', win=Window(...))
124.5128 	EXP 	PracticeTrial_keep_alive: autoDraw = False
124.5128 	EXP 	PracticeTrial_keep_alive: autoDraw = True
124.8183 	DATA 	Keypress: space
125.3704 	DATA 	Keypress: space
125.8372 	DATA 	Keypress: space
125.8964 	EXP 	: sampleRate = 48000
125.8964 	EXP 	: channels = None
125.8966 	EXP 	: sampleRate = 48000
125.8971 	EXP 	Sound  reached end of file
125.8971 	EXP 	Playing sound  on speaker MacBook Air Speakers
127.2066 	DATA 	Keypress: space
127.2133 	EXP 	Sound  stopped
127.2586 	EXP 	New trial (rep=0, index=7): <Trial 7 (7 in rep 0) data={'trial_id': 'practice_08', 'n_images': np.int64(3), 'img1': 'Stimuli/pr8_1.png', 'img1_role': 'practice_1', 'img2': 'Stimuli/pr8_2.png', 'img2_role': 'practice_2', 'img3': 'Stimuli/pr8_3.png', 'img3_role': 'practice_3', 'img4': None, 'img4_role': None, 'between_image': 'BetweenTrials/img_20260522_165652.jpg', 'thisN': 7, 'thisTrialN': 7, 'thisRepN': 0}>
127.3391 	EXP 	Created unnamed ImageStim = ImageStim(__class__=<class 'psychopy.visual.image.ImageStim'>, anchor=('center', 'center'), autoLog=True, color=array([1., 1., 1.]), colorSpace='rgb', contrast=1.0, depth=0, draggable=False, flipHoriz=np.False_, flipVert=np.False_, image=str(...), interpolate=True, mask=None, maskParams=None, name='unnamed ImageStim', opacity=1, ori=0.0, pos=array([-0.27,  0.  ]), size=array([0.22, 0.35]), texRes=128, units='height', win=Window(...))
127.4134 	EXP 	Created unnamed ImageStim = ImageStim(__class__=<class 'psychopy.visual.image.ImageStim'>, anchor=('center', 'center'), autoLog=True, color=array([1., 1., 1.]), colorSpace='rgb', contrast=1.0, depth=0, draggable=False, flipHoriz=np.False_, flipVert=np.False_, image=str(...), interpolate=True, mask=None, maskParams=None, name='unnamed ImageStim', opacity=1, ori=0.0, pos=array([0., 0.]), size=array([0.22, 0.35]), texRes=128, units='height', win=Window(...))
127.4866 	EXP 	Created unnamed ImageStim = ImageStim(__class__=<class 'psychopy.visual.image.ImageStim'>, anchor=('center', 'center'), autoLog=True, color=array([1., 1., 1.]), colorSpace='rgb', contrast=1.0, depth=0, draggable=False, flipHoriz=np.False_, flipVert=np.False_, image=str(...), interpolate=True, mask=None, maskParams=None, name='unnamed ImageStim', opacity=1, ori=0.0, pos=array([0.27, 0.  ]), size=array([0.22, 0.35]), texRes=128, units='height', win=Window(...))
127.5026 	EXP 	Created unnamed ImageStim = ImageStim(__class__=<class 'psychopy.visual.image.ImageStim'>, anchor=('center', 'center'), autoLog=True, color=array([1., 1., 1.]), colorSpace='rgb', contrast=1.0, depth=0, draggable=False, flipHoriz=np.False_, flipVert=np.False_, image=str(...), interpolate=True, mask=None, maskParams=None, name='unnamed ImageStim', opacity=1, ori=0.0, pos=array([-0.135,  0.   ]), size=array([0.035, 0.035]), texRes=128, units='height', win=Window(...))
127.5182 	EXP 	Created unnamed ImageStim = ImageStim(__class__=<class 'psychopy.visual.image.ImageStim'>, anchor=('center', 'center'), autoLog=True, color=array([1., 1., 1.]), colorSpace='rgb', contrast=1.0, depth=0, draggable=False, flipHoriz=np.False_, flipVert=np.False_, image=str(...), interpolate=True, mask=None, maskParams=None, name='unnamed ImageStim', opacity=1, ori=0.0, pos=array([0.135, 0.   ]), size=array([0.035, 0.035]), texRes=128, units='height', win=Window(...))
127.5458 	EXP 	PracticeTrial_keep_alive: autoDraw = False
127.5458 	EXP 	PracticeTrial_keep_alive: autoDraw = True
127.8404 	DATA 	Keypress: space
128.3277 	DATA 	Keypress: space
128.7675 	DATA 	Keypress: space
128.8468 	EXP 	: sampleRate = 48000
128.8469 	EXP 	: channels = None
128.8470 	EXP 	: sampleRate = 48000
128.8476 	EXP 	Sound  reached end of file
128.8477 	EXP 	Playing sound  on speaker MacBook Air Speakers
130.1161 	DATA 	Keypress: space
130.1299 	EXP 	Sound  stopped
130.1812 	EXP 	Created unnamed ImageStim = ImageStim(__class__=<class 'psychopy.visual.image.ImageStim'>, anchor=('center', 'center'), autoLog=True, color=array([1., 1., 1.]), colorSpace='rgb', contrast=1.0, depth=0, draggable=False, flipHoriz=np.False_, flipVert=np.False_, image=str(...), interpolate=True, mask=None, maskParams=None, name='unnamed ImageStim', opacity=1, ori=0.0, pos=array([0., 0.]), size=array([0.22, 0.22]), texRes=128, units='height', win=Window(...))
130.2301 	EXP 	: sampleRate = 48000
130.2301 	EXP 	: channels = None
130.2304 	EXP 	: sampleRate = 48000
130.2319 	EXP 	Sound  reached end of file
130.2319 	EXP 	Playing sound  on speaker MacBook Air Speakers
130.2628 	EXP 	PracticeTrial_keep_alive: autoDraw = False
130.2628 	EXP 	PracticeEnd_keep_alive: autoDraw = True
130.6077 	DATA 	Keypress: space
130.6343 	EXP 	Sound  stopped
130.6462 	EXP 	Imported Conds/main_block1.csv as conditions, 40 conditions, 24 params
130.6469 	EXP 	New trial (rep=0, index=0): <Trial 0 (0 in rep 0) data={'trial_id': 'd025_set1_tr_ic', 'random_order': np.int64(1), 'dataset_number': np.int64(25), 'dataset_slug': '025_yawn_lock_door', 'dataset_label': 'yawn_lock_door', 'stimulus_set': np.int64(1), 'condition_id': 'tr_ic', 'condition_name': 'transitive_incohesive', 'cohesion': 'incohesive', 'transitivity': 'transitive', 'n_images': np.int64(3), 'img1': 'MainStimuli/025_yawn_lock_door/ic_1.png', 'img1_role': 'ic_1', 'img2': 'MainStimuli/025_yawn_lock_door/tr_target.png', 'img2_role': 'tr_target', 'img3': 'MainStimuli/025_yawn_lock_door/end_ic_tr.png', 'img3_role': 'end_ic_tr', 'img4': None, 'img4_role': None, 'between_image': 'BetweenTrials/img_20260522_165652.jpg', 'audio_probe': np.int64(0), 'between_audio': None, 'between_audio_lock_sec': np.int64(0), 'source_dataset_folder': '/Users/matveikurzukov/Library/CloudStorage/GoogleDrive-apazent@gmail.com/.shortcut-targets-by-id/1exBA-7XrpLfZc6s8oGNYTbmjGsu5dT6p/Gurung stimuli/25_yawn_lock door', 'thisN': 0, 'thisTrialN': 0, 'thisRepN': 0}>
130.6755 	EXP 	Created unnamed ImageStim = ImageStim(__class__=<class 'psychopy.visual.image.ImageStim'>, anchor=('center', 'center'), autoLog=True, color=array([1., 1., 1.]), colorSpace='rgb', contrast=1.0, depth=0, draggable=False, flipHoriz=np.False_, flipVert=np.False_, image=str(...), interpolate=True, mask=None, maskParams=None, name='unnamed ImageStim', opacity=1, ori=0.0, pos=array([-0.27,  0.  ]), size=array([0.22, 0.35]), texRes=128, units='height', win=Window(...))
130.7059 	EXP 	Created unnamed ImageStim = ImageStim(__class__=<class 'psychopy.visual.image.ImageStim'>, anchor=('center', 'center'), autoLog=True, color=array([1., 1., 1.]), colorSpace='rgb', contrast=1.0, depth=0, draggable=False, flipHoriz=np.False_, flipVert=np.False_, image=str(...), interpolate=True, mask=None, maskParams=None, name='unnamed ImageStim', opacity=1, ori=0.0, pos=array([0., 0.]), size=array([0.22, 0.35]), texRes=128, units='height', win=Window(...))
130.7360 	EXP 	Created unnamed ImageStim = ImageStim(__class__=<class 'psychopy.visual.image.ImageStim'>, anchor=('center', 'center'), autoLog=True, color=array([1., 1., 1.]), colorSpace='rgb', contrast=1.0, depth=0, draggable=False, flipHoriz=np.False_, flipVert=np.False_, image=str(...), interpolate=True, mask=None, maskParams=None, name='unnamed ImageStim', opacity=1, ori=0.0, pos=array([0.27, 0.  ]), size=array([0.22, 0.35]), texRes=128, units='height', win=Window(...))
130.7513 	EXP 	Created unnamed ImageStim = ImageStim(__class__=<class 'psychopy.visual.image.ImageStim'>, anchor=('center', 'center'), autoLog=True, color=array([1., 1., 1.]), colorSpace='rgb', contrast=1.0, depth=0, draggable=False, flipHoriz=np.False_, flipVert=np.False_, image=str(...), interpolate=True, mask=None, maskParams=None, name='unnamed ImageStim', opacity=1, ori=0.0, pos=array([-0.135,  0.   ]), size=array([0.035, 0.035]), texRes=128, units='height', win=Window(...))
130.7644 	EXP 	Created unnamed ImageStim = ImageStim(__class__=<class 'psychopy.visual.image.ImageStim'>, anchor=('center', 'center'), autoLog=True, color=array([1., 1., 1.]), colorSpace='rgb', contrast=1.0, depth=0, draggable=False, flipHoriz=np.False_, flipVert=np.False_, image=str(...), interpolate=True, mask=None, maskParams=None, name='unnamed ImageStim', opacity=1, ori=0.0, pos=array([0.135, 0.   ]), size=array([0.035, 0.035]), texRes=128, units='height', win=Window(...))
130.7955 	EXP 	PracticeEnd_keep_alive: autoDraw = False
130.7955 	EXP 	MainTrial_keep_alive: autoDraw = True
131.5351 	DATA 	Keypress: space
132.1366 	DATA 	Keypress: space
132.5771 	DATA 	Keypress: space
133.0439 	DATA 	Keypress: space
133.0958 	EXP 	New trial (rep=0, index=1): <Trial 1 (1 in rep 0) data={'trial_id': 'd010_set1_it_coh', 'random_order': np.int64(2), 'dataset_number': np.int64(10), 'dataset_slug': '010_run_cook_pancakes', 'dataset_label': 'run_cook_pancakes', 'stimulus_set': np.int64(1), 'condition_id': 'it_coh', 'condition_name': 'intransitive_cohesive', 'cohesion': 'cohesive', 'transitivity': 'intransitive', 'n_images': np.int64(4), 'img1': 'MainStimuli/010_run_cook_pancakes/coh_1.png', 'img1_role': 'coh_1', 'img2': 'MainStimuli/010_run_cook_pancakes/coh_2.png', 'img2_role': 'coh_2', 'img3': 'MainStimuli/010_run_cook_pancakes/it_target.png', 'img3_role': 'it_target', 'img4': 'MainStimuli/010_run_cook_pancakes/end_coh_it.png', 'img4_role': 'end_coh_it', 'between_image': 'BetweenTrials/img-20250813-wa0011.jpg', 'audio_probe': np.int64(0), 'between_audio': None, 'between_audio_lock_sec': np.int64(0), 'source_dataset_folder': '/Users/matveikurzukov/Library/CloudStorage/GoogleDrive-apazent@gmail.com/.shortcut-targets-by-id/1exBA-7XrpLfZc6s8oGNYTbmjGsu5dT6p/Gurung stimuli/10_run_cook pancakes', 'thisN': 1, 'thisTrialN': 1, 'thisRepN': 0}>
133.1274 	EXP 	Created unnamed ImageStim = ImageStim(__class__=<class 'psychopy.visual.image.ImageStim'>, anchor=('center', 'center'), autoLog=True, color=array([1., 1., 1.]), colorSpace='rgb', contrast=1.0, depth=0, draggable=False, flipHoriz=np.False_, flipVert=np.False_, image=str(...), interpolate=True, mask=None, maskParams=None, name='unnamed ImageStim', opacity=1, ori=0.0, pos=array([-0.54,  0.  ]), size=array([0.22, 0.35]), texRes=128, units='height', win=Window(...))
133.1580 	EXP 	Created unnamed ImageStim = ImageStim(__class__=<class 'psychopy.visual.image.ImageStim'>, anchor=('center', 'center'), autoLog=True, color=array([1., 1., 1.]), colorSpace='rgb', contrast=1.0, depth=0, draggable=False, flipHoriz=np.False_, flipVert=np.False_, image=str(...), interpolate=True, mask=None, maskParams=None, name='unnamed ImageStim', opacity=1, ori=0.0, pos=array([-0.27,  0.  ]), size=array([0.22, 0.35]), texRes=128, units='height', win=Window(...))
133.1891 	EXP 	Created unnamed ImageStim = ImageStim(__class__=<class 'psychopy.visual.image.ImageStim'>, anchor=('center', 'center'), autoLog=True, color=array([1., 1., 1.]), colorSpace='rgb', contrast=1.0, depth=0, draggable=False, flipHoriz=np.False_, flipVert=np.False_, image=str(...), interpolate=True, mask=None, maskParams=None, name='unnamed ImageStim', opacity=1, ori=0.0, pos=array([0., 0.]), size=array([0.22, 0.35]), texRes=128, units='height', win=Window(...))
133.2211 	EXP 	Created unnamed ImageStim = ImageStim(__class__=<class 'psychopy.visual.image.ImageStim'>, anchor=('center', 'center'), autoLog=True, color=array([1., 1., 1.]), colorSpace='rgb', contrast=1.0, depth=0, draggable=False, flipHoriz=np.False_, flipVert=np.False_, image=str(...), interpolate=True, mask=None, maskParams=None, name='unnamed ImageStim', opacity=1, ori=0.0, pos=array([0.27, 0.  ]), size=array([0.22, 0.35]), texRes=128, units='height', win=Window(...))
133.2366 	EXP 	Created unnamed ImageStim = ImageStim(__class__=<class 'psychopy.visual.image.ImageStim'>, anchor=('center', 'center'), autoLog=True, color=array([1., 1., 1.]), colorSpace='rgb', contrast=1.0, depth=0, draggable=False, flipHoriz=np.False_, flipVert=np.False_, image=str(...), interpolate=True, mask=None, maskParams=None, name='unnamed ImageStim', opacity=1, ori=0.0, pos=array([-0.405,  0.   ]), size=array([0.035, 0.035]), texRes=128, units='height', win=Window(...))
133.2518 	EXP 	Created unnamed ImageStim = ImageStim(__class__=<class 'psychopy.visual.image.ImageStim'>, anchor=('center', 'center'), autoLog=True, color=array([1., 1., 1.]), colorSpace='rgb', contrast=1.0, depth=0, draggable=False, flipHoriz=np.False_, flipVert=np.False_, image=str(...), interpolate=True, mask=None, maskParams=None, name='unnamed ImageStim', opacity=1, ori=0.0, pos=array([-0.135,  0.   ]), size=array([0.035, 0.035]), texRes=128, units='height', win=Window(...))
133.2666 	EXP 	Created unnamed ImageStim = ImageStim(__class__=<class 'psychopy.visual.image.ImageStim'>, anchor=('center', 'center'), autoLog=True, color=array([1., 1., 1.]), colorSpace='rgb', contrast=1.0, depth=0, draggable=False, flipHoriz=np.False_, flipVert=np.False_, image=str(...), interpolate=True, mask=None, maskParams=None, name='unnamed ImageStim', opacity=1, ori=0.0, pos=array([0.135, 0.   ]), size=array([0.035, 0.035]), texRes=128, units='height', win=Window(...))
133.3067 	EXP 	Created unnamed ImageStim = ImageStim(__class__=<class 'psychopy.visual.image.ImageStim'>, anchor=('center', 'center'), autoLog=True, color=array([1., 1., 1.]), colorSpace='rgb', contrast=1.0, depth=0, draggable=False, flipHoriz=np.False_, flipVert=np.False_, image=str(...), interpolate=True, mask=None, maskParams=None, name='unnamed ImageStim', opacity=1, ori=0.0, pos=array([0., 0.]), size=array([1.5, 1. ]), texRes=128, units='height', win=Window(...))
133.3288 	EXP 	MainTrial_keep_alive: autoDraw = False
133.3288 	EXP 	MainTrial_keep_alive: autoDraw = True
133.5685 	DATA 	Keypress: space
134.0070 	DATA 	Keypress: space
134.4182 	DATA 	Keypress: space
134.8101 	DATA 	Keypress: space
135.2176 	DATA 	Keypress: space
135.2770 	EXP 	New trial (rep=0, index=2): <Trial 2 (2 in rep 0) data={'trial_id': 'd009_set1_tr_ic', 'random_order': np.int64(3), 'dataset_number': np.int64(9), 'dataset_slug': '009_descend_harvest_rice', 'dataset_label': 'descend_harvest_rice', 'stimulus_set': np.int64(1), 'condition_id': 'tr_ic', 'condition_name': 'transitive_incohesive', 'cohesion': 'incohesive', 'transitivity': 'transitive', 'n_images': np.int64(3), 'img1': 'MainStimuli/009_descend_harvest_rice/ic_1.png', 'img1_role': 'ic_1', 'img2': 'MainStimuli/009_descend_harvest_rice/tr_target.png', 'img2_role': 'tr_target', 'img3': 'MainStimuli/009_descend_harvest_rice/end_ic_tr.png', 'img3_role': 'end_ic_tr', 'img4': None, 'img4_role': None, 'between_image': 'BetweenTrials/img_20260522_165652.jpg', 'audio_probe': np.int64(0), 'between_audio': None, 'between_audio_lock_sec': np.int64(0), 'source_dataset_folder': '/Users/matveikurzukov/Library/CloudStorage/GoogleDrive-apazent@gmail.com/.shortcut-targets-by-id/1exBA-7XrpLfZc6s8oGNYTbmjGsu5dT6p/Gurung stimuli/9_descend_harvest rice', 'thisN': 2, 'thisTrialN': 2, 'thisRepN': 0}>
135.3043 	EXP 	Created unnamed ImageStim = ImageStim(__class__=<class 'psychopy.visual.image.ImageStim'>, anchor=('center', 'center'), autoLog=True, color=array([1., 1., 1.]), colorSpace='rgb', contrast=1.0, depth=0, draggable=False, flipHoriz=np.False_, flipVert=np.False_, image=str(...), interpolate=True, mask=None, maskParams=None, name='unnamed ImageStim', opacity=1, ori=0.0, pos=array([-0.27,  0.  ]), size=array([0.22, 0.35]), texRes=128, units='height', win=Window(...))
135.3330 	EXP 	Created unnamed ImageStim = ImageStim(__class__=<class 'psychopy.visual.image.ImageStim'>, anchor=('center', 'center'), autoLog=True, color=array([1., 1., 1.]), colorSpace='rgb', contrast=1.0, depth=0, draggable=False, flipHoriz=np.False_, flipVert=np.False_, image=str(...), interpolate=True, mask=None, maskParams=None, name='unnamed ImageStim', opacity=1, ori=0.0, pos=array([0., 0.]), size=array([0.22, 0.35]), texRes=128, units='height', win=Window(...))
135.3652 	EXP 	Created unnamed ImageStim = ImageStim(__class__=<class 'psychopy.visual.image.ImageStim'>, anchor=('center', 'center'), autoLog=True, color=array([1., 1., 1.]), colorSpace='rgb', contrast=1.0, depth=0, draggable=False, flipHoriz=np.False_, flipVert=np.False_, image=str(...), interpolate=True, mask=None, maskParams=None, name='unnamed ImageStim', opacity=1, ori=0.0, pos=array([0.27, 0.  ]), size=array([0.22, 0.35]), texRes=128, units='height', win=Window(...))
135.3790 	EXP 	Created unnamed ImageStim = ImageStim(__class__=<class 'psychopy.visual.image.ImageStim'>, anchor=('center', 'center'), autoLog=True, color=array([1., 1., 1.]), colorSpace='rgb', contrast=1.0, depth=0, draggable=False, flipHoriz=np.False_, flipVert=np.False_, image=str(...), interpolate=True, mask=None, maskParams=None, name='unnamed ImageStim', opacity=1, ori=0.0, pos=array([-0.135,  0.   ]), size=array([0.035, 0.035]), texRes=128, units='height', win=Window(...))
135.3935 	EXP 	Created unnamed ImageStim = ImageStim(__class__=<class 'psychopy.visual.image.ImageStim'>, anchor=('center', 'center'), autoLog=True, color=array([1., 1., 1.]), colorSpace='rgb', contrast=1.0, depth=0, draggable=False, flipHoriz=np.False_, flipVert=np.False_, image=str(...), interpolate=True, mask=None, maskParams=None, name='unnamed ImageStim', opacity=1, ori=0.0, pos=array([0.135, 0.   ]), size=array([0.035, 0.035]), texRes=128, units='height', win=Window(...))
135.4120 	EXP 	MainTrial_keep_alive: autoDraw = False
135.4120 	EXP 	MainTrial_keep_alive: autoDraw = True
135.6413 	DATA 	Keypress: space
136.0010 	DATA 	Keypress: space
136.3695 	DATA 	Keypress: space
136.7679 	DATA 	Keypress: space
136.8271 	EXP 	New trial (rep=0, index=3): <Trial 3 (3 in rep 0) data={'trial_id': 'd021_set1_tr_ic', 'random_order': np.int64(4), 'dataset_number': np.int64(21), 'dataset_slug': '021_cough_burn_bottles', 'dataset_label': 'cough_burn_bottles', 'stimulus_set': np.int64(1), 'condition_id': 'tr_ic', 'condition_name': 'transitive_incohesive', 'cohesion': 'incohesive', 'transitivity': 'transitive', 'n_images': np.int64(3), 'img1': 'MainStimuli/021_cough_burn_bottles/ic_1.png', 'img1_role': 'ic_1', 'img2': 'MainStimuli/021_cough_burn_bottles/tr_target.png', 'img2_role': 'tr_target', 'img3': 'MainStimuli/021_cough_burn_bottles/end_ic_tr.png', 'img3_role': 'end_ic_tr', 'img4': None, 'img4_role': None, 'between_image': 'BetweenTrials/img_20260522_165652.jpg', 'audio_probe': np.int64(0), 'between_audio': None, 'between_audio_lock_sec': np.int64(0), 'source_dataset_folder': '/Users/matveikurzukov/Library/CloudStorage/GoogleDrive-apazent@gmail.com/.shortcut-targets-by-id/1exBA-7XrpLfZc6s8oGNYTbmjGsu5dT6p/Gurung stimuli/21_cough_burn bottles', 'thisN': 3, 'thisTrialN': 3, 'thisRepN': 0}>
136.8542 	EXP 	Created unnamed ImageStim = ImageStim(__class__=<class 'psychopy.visual.image.ImageStim'>, anchor=('center', 'center'), autoLog=True, color=array([1., 1., 1.]), colorSpace='rgb', contrast=1.0, depth=0, draggable=False, flipHoriz=np.False_, flipVert=np.False_, image=str(...), interpolate=True, mask=None, maskParams=None, name='unnamed ImageStim', opacity=1, ori=0.0, pos=array([-0.27,  0.  ]), size=array([0.22, 0.35]), texRes=128, units='height', win=Window(...))
136.8818 	EXP 	Created unnamed ImageStim = ImageStim(__class__=<class 'psychopy.visual.image.ImageStim'>, anchor=('center', 'center'), autoLog=True, color=array([1., 1., 1.]), colorSpace='rgb', contrast=1.0, depth=0, draggable=False, flipHoriz=np.False_, flipVert=np.False_, image=str(...), interpolate=True, mask=None, maskParams=None, name='unnamed ImageStim', opacity=1, ori=0.0, pos=array([0., 0.]), size=array([0.22, 0.35]), texRes=128, units='height', win=Window(...))
136.9097 	EXP 	Created unnamed ImageStim = ImageStim(__class__=<class 'psychopy.visual.image.ImageStim'>, anchor=('center', 'center'), autoLog=True, color=array([1., 1., 1.]), colorSpace='rgb', contrast=1.0, depth=0, draggable=False, flipHoriz=np.False_, flipVert=np.False_, image=str(...), interpolate=True, mask=None, maskParams=None, name='unnamed ImageStim', opacity=1, ori=0.0, pos=array([0.27, 0.  ]), size=array([0.22, 0.35]), texRes=128, units='height', win=Window(...))
136.9230 	EXP 	Created unnamed ImageStim = ImageStim(__class__=<class 'psychopy.visual.image.ImageStim'>, anchor=('center', 'center'), autoLog=True, color=array([1., 1., 1.]), colorSpace='rgb', contrast=1.0, depth=0, draggable=False, flipHoriz=np.False_, flipVert=np.False_, image=str(...), interpolate=True, mask=None, maskParams=None, name='unnamed ImageStim', opacity=1, ori=0.0, pos=array([-0.135,  0.   ]), size=array([0.035, 0.035]), texRes=128, units='height', win=Window(...))
136.9362 	EXP 	Created unnamed ImageStim = ImageStim(__class__=<class 'psychopy.visual.image.ImageStim'>, anchor=('center', 'center'), autoLog=True, color=array([1., 1., 1.]), colorSpace='rgb', contrast=1.0, depth=0, draggable=False, flipHoriz=np.False_, flipVert=np.False_, image=str(...), interpolate=True, mask=None, maskParams=None, name='unnamed ImageStim', opacity=1, ori=0.0, pos=array([0.135, 0.   ]), size=array([0.035, 0.035]), texRes=128, units='height', win=Window(...))
136.9620 	EXP 	MainTrial_keep_alive: autoDraw = False
136.9620 	EXP 	MainTrial_keep_alive: autoDraw = True
137.2332 	DATA 	Keypress: space
137.6215 	DATA 	Keypress: space
138.0011 	DATA 	Keypress: space
138.3904 	DATA 	Keypress: space
138.4422 	EXP 	New trial (rep=0, index=4): <Trial 4 (4 in rep 0) data={'trial_id': 'd007_set1_it_ic', 'random_order': np.int64(5), 'dataset_number': np.int64(7), 'dataset_slug': '007_sit_make_fire', 'dataset_label': 'sit_make_fire', 'stimulus_set': np.int64(1), 'condition_id': 'it_ic', 'condition_name': 'intransitive_incohesive', 'cohesion': 'incohesive', 'transitivity': 'intransitive', 'n_images': np.int64(3), 'img1': 'MainStimuli/007_sit_make_fire/ic_1.png', 'img1_role': 'ic_1', 'img2': 'MainStimuli/007_sit_make_fire/it_target.png', 'img2_role': 'it_target', 'img3': 'MainStimuli/007_sit_make_fire/end_ic_it.png', 'img3_role': 'end_ic_it', 'img4': None, 'img4_role': None, 'between_image': 'BetweenTrials/1752221806065.jpg', 'audio_probe': np.int64(0), 'between_audio': None, 'between_audio_lock_sec': np.int64(0), 'source_dataset_folder': '/Users/matveikurzukov/Library/CloudStorage/GoogleDrive-apazent@gmail.com/.shortcut-targets-by-id/1exBA-7XrpLfZc6s8oGNYTbmjGsu5dT6p/Gurung stimuli/7_sit_make fire', 'thisN': 4, 'thisTrialN': 4, 'thisRepN': 0}>
138.4688 	EXP 	Created unnamed ImageStim = ImageStim(__class__=<class 'psychopy.visual.image.ImageStim'>, anchor=('center', 'center'), autoLog=True, color=array([1., 1., 1.]), colorSpace='rgb', contrast=1.0, depth=0, draggable=False, flipHoriz=np.False_, flipVert=np.False_, image=str(...), interpolate=True, mask=None, maskParams=None, name='unnamed ImageStim', opacity=1, ori=0.0, pos=array([-0.27,  0.  ]), size=array([0.22, 0.35]), texRes=128, units='height', win=Window(...))
138.4953 	EXP 	Created unnamed ImageStim = ImageStim(__class__=<class 'psychopy.visual.image.ImageStim'>, anchor=('center', 'center'), autoLog=True, color=array([1., 1., 1.]), colorSpace='rgb', contrast=1.0, depth=0, draggable=False, flipHoriz=np.False_, flipVert=np.False_, image=str(...), interpolate=True, mask=None, maskParams=None, name='unnamed ImageStim', opacity=1, ori=0.0, pos=array([0., 0.]), size=array([0.22, 0.35]), texRes=128, units='height', win=Window(...))
138.5244 	EXP 	Created unnamed ImageStim = ImageStim(__class__=<class 'psychopy.visual.image.ImageStim'>, anchor=('center', 'center'), autoLog=True, color=array([1., 1., 1.]), colorSpace='rgb', contrast=1.0, depth=0, draggable=False, flipHoriz=np.False_, flipVert=np.False_, image=str(...), interpolate=True, mask=None, maskParams=None, name='unnamed ImageStim', opacity=1, ori=0.0, pos=array([0.27, 0.  ]), size=array([0.22, 0.35]), texRes=128, units='height', win=Window(...))
138.5390 	EXP 	Created unnamed ImageStim = ImageStim(__class__=<class 'psychopy.visual.image.ImageStim'>, anchor=('center', 'center'), autoLog=True, color=array([1., 1., 1.]), colorSpace='rgb', contrast=1.0, depth=0, draggable=False, flipHoriz=np.False_, flipVert=np.False_, image=str(...), interpolate=True, mask=None, maskParams=None, name='unnamed ImageStim', opacity=1, ori=0.0, pos=array([-0.135,  0.   ]), size=array([0.035, 0.035]), texRes=128, units='height', win=Window(...))
138.5519 	EXP 	Created unnamed ImageStim = ImageStim(__class__=<class 'psychopy.visual.image.ImageStim'>, anchor=('center', 'center'), autoLog=True, color=array([1., 1., 1.]), colorSpace='rgb', contrast=1.0, depth=0, draggable=False, flipHoriz=np.False_, flipVert=np.False_, image=str(...), interpolate=True, mask=None, maskParams=None, name='unnamed ImageStim', opacity=1, ori=0.0, pos=array([0.135, 0.   ]), size=array([0.035, 0.035]), texRes=128, units='height', win=Window(...))
138.5785 	EXP 	MainTrial_keep_alive: autoDraw = False
138.5785 	EXP 	MainTrial_keep_alive: autoDraw = True
138.8431 	DATA 	Keypress: space
139.2507 	DATA 	Keypress: space
139.6685 	DATA 	Keypress: space
140.1164 	DATA 	Keypress: space
140.1765 	EXP 	New trial (rep=0, index=5): <Trial 5 (5 in rep 0) data={'trial_id': 'd024_set1_it_ic', 'random_order': np.int64(6), 'dataset_number': np.int64(24), 'dataset_slug': '024_descend_paint_bench', 'dataset_label': 'descend_paint_bench', 'stimulus_set': np.int64(1), 'condition_id': 'it_ic', 'condition_name': 'intransitive_incohesive', 'cohesion': 'incohesive', 'transitivity': 'intransitive', 'n_images': np.int64(3), 'img1': 'MainStimuli/024_descend_paint_bench/ic_1.png', 'img1_role': 'ic_1', 'img2': 'MainStimuli/024_descend_paint_bench/it_target.png', 'img2_role': 'it_target', 'img3': 'MainStimuli/024_descend_paint_bench/end_ic_it.png', 'img3_role': 'end_ic_it', 'img4': None, 'img4_role': None, 'between_image': 'BetweenTrials/1752221802086.jpg', 'audio_probe': np.int64(0), 'between_audio': None, 'between_audio_lock_sec': np.int64(0), 'source_dataset_folder': '/Users/matveikurzukov/Library/CloudStorage/GoogleDrive-apazent@gmail.com/.shortcut-targets-by-id/1exBA-7XrpLfZc6s8oGNYTbmjGsu5dT6p/Gurung stimuli/24_descend_paint bench', 'thisN': 5, 'thisTrialN': 5, 'thisRepN': 0}>
140.2027 	EXP 	Created unnamed ImageStim = ImageStim(__class__=<class 'psychopy.visual.image.ImageStim'>, anchor=('center', 'center'), autoLog=True, color=array([1., 1., 1.]), colorSpace='rgb', contrast=1.0, depth=0, draggable=False, flipHoriz=np.False_, flipVert=np.False_, image=str(...), interpolate=True, mask=None, maskParams=None, name='unnamed ImageStim', opacity=1, ori=0.0, pos=array([-0.27,  0.  ]), size=array([0.22, 0.35]), texRes=128, units='height', win=Window(...))
140.2286 	EXP 	Created unnamed ImageStim = ImageStim(__class__=<class 'psychopy.visual.image.ImageStim'>, anchor=('center', 'center'), autoLog=True, color=array([1., 1., 1.]), colorSpace='rgb', contrast=1.0, depth=0, draggable=False, flipHoriz=np.False_, flipVert=np.False_, image=str(...), interpolate=True, mask=None, maskParams=None, name='unnamed ImageStim', opacity=1, ori=0.0, pos=array([0., 0.]), size=array([0.22, 0.35]), texRes=128, units='height', win=Window(...))
140.2539 	EXP 	Created unnamed ImageStim = ImageStim(__class__=<class 'psychopy.visual.image.ImageStim'>, anchor=('center', 'center'), autoLog=True, color=array([1., 1., 1.]), colorSpace='rgb', contrast=1.0, depth=0, draggable=False, flipHoriz=np.False_, flipVert=np.False_, image=str(...), interpolate=True, mask=None, maskParams=None, name='unnamed ImageStim', opacity=1, ori=0.0, pos=array([0.27, 0.  ]), size=array([0.22, 0.35]), texRes=128, units='height', win=Window(...))
140.2674 	EXP 	Created unnamed ImageStim = ImageStim(__class__=<class 'psychopy.visual.image.ImageStim'>, anchor=('center', 'center'), autoLog=True, color=array([1., 1., 1.]), colorSpace='rgb', contrast=1.0, depth=0, draggable=False, flipHoriz=np.False_, flipVert=np.False_, image=str(...), interpolate=True, mask=None, maskParams=None, name='unnamed ImageStim', opacity=1, ori=0.0, pos=array([-0.135,  0.   ]), size=array([0.035, 0.035]), texRes=128, units='height', win=Window(...))
140.2811 	EXP 	Created unnamed ImageStim = ImageStim(__class__=<class 'psychopy.visual.image.ImageStim'>, anchor=('center', 'center'), autoLog=True, color=array([1., 1., 1.]), colorSpace='rgb', contrast=1.0, depth=0, draggable=False, flipHoriz=np.False_, flipVert=np.False_, image=str(...), interpolate=True, mask=None, maskParams=None, name='unnamed ImageStim', opacity=1, ori=0.0, pos=array([0.135, 0.   ]), size=array([0.035, 0.035]), texRes=128, units='height', win=Window(...))
140.3115 	EXP 	MainTrial_keep_alive: autoDraw = False
140.3115 	EXP 	MainTrial_keep_alive: autoDraw = True
140.9644 	DATA 	Keypress: space
141.9018 	DATA 	Keypress: space
143.1555 	DATA 	Keypress: space
143.7217 	DATA 	Keypress: space
143.7911 	EXP 	New trial (rep=0, index=6): <Trial 6 (6 in rep 0) data={'trial_id': 'd029_set1_tr_coh', 'random_order': np.int64(7), 'dataset_number': np.int64(29), 'dataset_slug': '029_sit_cut_potato', 'dataset_label': 'sit_cut_potato', 'stimulus_set': np.int64(1), 'condition_id': 'tr_coh', 'condition_name': 'transitive_cohesive', 'cohesion': 'cohesive', 'transitivity': 'transitive', 'n_images': np.int64(3), 'img1': 'MainStimuli/029_sit_cut_potato/coh_1.png', 'img1_role': 'coh_1', 'img2': 'MainStimuli/029_sit_cut_potato/coh_2.png', 'img2_role': 'coh_2', 'img3': 'MainStimuli/029_sit_cut_potato/tr_target.png', 'img3_role': 'tr_target', 'img4': None, 'img4_role': None, 'between_image': 'BetweenTrials/img_20260522_165652.jpg', 'audio_probe': np.int64(0), 'between_audio': None, 'between_audio_lock_sec': np.int64(0), 'source_dataset_folder': '/Users/matveikurzukov/Library/CloudStorage/GoogleDrive-apazent@gmail.com/.shortcut-targets-by-id/1exBA-7XrpLfZc6s8oGNYTbmjGsu5dT6p/Gurung stimuli/29_sit_cut potato', 'thisN': 6, 'thisTrialN': 6, 'thisRepN': 0}>
143.8298 	EXP 	Created unnamed ImageStim = ImageStim(__class__=<class 'psychopy.visual.image.ImageStim'>, anchor=('center', 'center'), autoLog=True, color=array([1., 1., 1.]), colorSpace='rgb', contrast=1.0, depth=0, draggable=False, flipHoriz=np.False_, flipVert=np.False_, image=str(...), interpolate=True, mask=None, maskParams=None, name='unnamed ImageStim', opacity=1, ori=0.0, pos=array([-0.54,  0.  ]), size=array([0.22, 0.35]), texRes=128, units='height', win=Window(...))
143.8651 	EXP 	Created unnamed ImageStim = ImageStim(__class__=<class 'psychopy.visual.image.ImageStim'>, anchor=('center', 'center'), autoLog=True, color=array([1., 1., 1.]), colorSpace='rgb', contrast=1.0, depth=0, draggable=False, flipHoriz=np.False_, flipVert=np.False_, image=str(...), interpolate=True, mask=None, maskParams=None, name='unnamed ImageStim', opacity=1, ori=0.0, pos=array([-0.27,  0.  ]), size=array([0.22, 0.35]), texRes=128, units='height', win=Window(...))
143.8992 	EXP 	Created unnamed ImageStim = ImageStim(__class__=<class 'psychopy.visual.image.ImageStim'>, anchor=('center', 'center'), autoLog=True, color=array([1., 1., 1.]), colorSpace='rgb', contrast=1.0, depth=0, draggable=False, flipHoriz=np.False_, flipVert=np.False_, image=str(...), interpolate=True, mask=None, maskParams=None, name='unnamed ImageStim', opacity=1, ori=0.0, pos=array([0., 0.]), size=array([0.22, 0.35]), texRes=128, units='height', win=Window(...))
143.9176 	EXP 	Created unnamed ImageStim = ImageStim(__class__=<class 'psychopy.visual.image.ImageStim'>, anchor=('center', 'center'), autoLog=True, color=array([1., 1., 1.]), colorSpace='rgb', contrast=1.0, depth=0, draggable=False, flipHoriz=np.False_, flipVert=np.False_, image=str(...), interpolate=True, mask=None, maskParams=None, name='unnamed ImageStim', opacity=1, ori=0.0, pos=array([-0.405,  0.   ]), size=array([0.035, 0.035]), texRes=128, units='height', win=Window(...))
143.9359 	EXP 	Created unnamed ImageStim = ImageStim(__class__=<class 'psychopy.visual.image.ImageStim'>, anchor=('center', 'center'), autoLog=True, color=array([1., 1., 1.]), colorSpace='rgb', contrast=1.0, depth=0, draggable=False, flipHoriz=np.False_, flipVert=np.False_, image=str(...), interpolate=True, mask=None, maskParams=None, name='unnamed ImageStim', opacity=1, ori=0.0, pos=array([-0.135,  0.   ]), size=array([0.035, 0.035]), texRes=128, units='height', win=Window(...))
143.9617 	EXP 	MainTrial_keep_alive: autoDraw = False
143.9617 	EXP 	MainTrial_keep_alive: autoDraw = True
144.4477 	DATA 	Keypress: space
145.0477 	DATA 	Keypress: space
145.5926 	DATA 	Keypress: space
146.1376 	DATA 	Keypress: space
146.2005 	EXP 	New trial (rep=0, index=7): <Trial 7 (7 in rep 0) data={'trial_id': 'd027_set1_it_coh', 'random_order': np.int64(8), 'dataset_number': np.int64(27), 'dataset_slug': '027_jump_pull_blanket', 'dataset_label': 'jump_pull_blanket', 'stimulus_set': np.int64(1), 'condition_id': 'it_coh', 'condition_name': 'intransitive_cohesive', 'cohesion': 'cohesive', 'transitivity': 'intransitive', 'n_images': np.int64(4), 'img1': 'MainStimuli/027_jump_pull_blanket/coh_1.png', 'img1_role': 'coh_1', 'img2': 'MainStimuli/027_jump_pull_blanket/coh_2.png', 'img2_role': 'coh_2', 'img3': 'MainStimuli/027_jump_pull_blanket/it_target.png', 'img3_role': 'it_target', 'img4': 'MainStimuli/027_jump_pull_blanket/end_coh_it.png', 'img4_role': 'end_coh_it', 'between_image': 'BetweenTrials/1752221802086.jpg', 'audio_probe': np.int64(0), 'between_audio': None, 'between_audio_lock_sec': np.int64(0), 'source_dataset_folder': '/Users/matveikurzukov/Library/CloudStorage/GoogleDrive-apazent@gmail.com/.shortcut-targets-by-id/1exBA-7XrpLfZc6s8oGNYTbmjGsu5dT6p/Gurung stimuli/27_jump_pull blanket', 'thisN': 7, 'thisTrialN': 7, 'thisRepN': 0}>
146.2303 	EXP 	Created unnamed ImageStim = ImageStim(__class__=<class 'psychopy.visual.image.ImageStim'>, anchor=('center', 'center'), autoLog=True, color=array([1., 1., 1.]), colorSpace='rgb', contrast=1.0, depth=0, draggable=False, flipHoriz=np.False_, flipVert=np.False_, image=str(...), interpolate=True, mask=None, maskParams=None, name='unnamed ImageStim', opacity=1, ori=0.0, pos=array([-0.54,  0.  ]), size=array([0.22, 0.35]), texRes=128, units='height', win=Window(...))
146.2642 	EXP 	Created unnamed ImageStim = ImageStim(__class__=<class 'psychopy.visual.image.ImageStim'>, anchor=('center', 'center'), autoLog=True, color=array([1., 1., 1.]), colorSpace='rgb', contrast=1.0, depth=0, draggable=False, flipHoriz=np.False_, flipVert=np.False_, image=str(...), interpolate=True, mask=None, maskParams=None, name='unnamed ImageStim', opacity=1, ori=0.0, pos=array([-0.27,  0.  ]), size=array([0.22, 0.35]), texRes=128, units='height', win=Window(...))
146.2959 	EXP 	Created unnamed ImageStim = ImageStim(__class__=<class 'psychopy.visual.image.ImageStim'>, anchor=('center', 'center'), autoLog=True, color=array([1., 1., 1.]), colorSpace='rgb', contrast=1.0, depth=0, draggable=False, flipHoriz=np.False_, flipVert=np.False_, image=str(...), interpolate=True, mask=None, maskParams=None, name='unnamed ImageStim', opacity=1, ori=0.0, pos=array([0., 0.]), size=array([0.22, 0.35]), texRes=128, units='height', win=Window(...))
146.3285 	EXP 	Created unnamed ImageStim = ImageStim(__class__=<class 'psychopy.visual.image.ImageStim'>, anchor=('center', 'center'), autoLog=True, color=array([1., 1., 1.]), colorSpace='rgb', contrast=1.0, depth=0, draggable=False, flipHoriz=np.False_, flipVert=np.False_, image=str(...), interpolate=True, mask=None, maskParams=None, name='unnamed ImageStim', opacity=1, ori=0.0, pos=array([0.27, 0.  ]), size=array([0.22, 0.35]), texRes=128, units='height', win=Window(...))
146.3445 	EXP 	Created unnamed ImageStim = ImageStim(__class__=<class 'psychopy.visual.image.ImageStim'>, anchor=('center', 'center'), autoLog=True, color=array([1., 1., 1.]), colorSpace='rgb', contrast=1.0, depth=0, draggable=False, flipHoriz=np.False_, flipVert=np.False_, image=str(...), interpolate=True, mask=None, maskParams=None, name='unnamed ImageStim', opacity=1, ori=0.0, pos=array([-0.405,  0.   ]), size=array([0.035, 0.035]), texRes=128, units='height', win=Window(...))
146.3595 	EXP 	Created unnamed ImageStim = ImageStim(__class__=<class 'psychopy.visual.image.ImageStim'>, anchor=('center', 'center'), autoLog=True, color=array([1., 1., 1.]), colorSpace='rgb', contrast=1.0, depth=0, draggable=False, flipHoriz=np.False_, flipVert=np.False_, image=str(...), interpolate=True, mask=None, maskParams=None, name='unnamed ImageStim', opacity=1, ori=0.0, pos=array([-0.135,  0.   ]), size=array([0.035, 0.035]), texRes=128, units='height', win=Window(...))
146.3749 	EXP 	Created unnamed ImageStim = ImageStim(__class__=<class 'psychopy.visual.image.ImageStim'>, anchor=('center', 'center'), autoLog=True, color=array([1., 1., 1.]), colorSpace='rgb', contrast=1.0, depth=0, draggable=False, flipHoriz=np.False_, flipVert=np.False_, image=str(...), interpolate=True, mask=None, maskParams=None, name='unnamed ImageStim', opacity=1, ori=0.0, pos=array([0.135, 0.   ]), size=array([0.035, 0.035]), texRes=128, units='height', win=Window(...))
146.3949 	EXP 	MainTrial_keep_alive: autoDraw = False
146.3949 	EXP 	MainTrial_keep_alive: autoDraw = True
146.6744 	DATA 	Keypress: space
147.0663 	DATA 	Keypress: space
147.4687 	DATA 	Keypress: space
147.8692 	DATA 	Keypress: space
148.3013 	DATA 	Keypress: space
148.3639 	EXP 	New trial (rep=0, index=8): <Trial 8 (8 in rep 0) data={'trial_id': 'd002_set1_it_coh', 'random_order': np.int64(9), 'dataset_number': np.int64(2), 'dataset_slug': '002_stand_weave_basket', 'dataset_label': 'stand_weave_basket', 'stimulus_set': np.int64(1), 'condition_id': 'it_coh', 'condition_name': 'intransitive_cohesive', 'cohesion': 'cohesive', 'transitivity': 'intransitive', 'n_images': np.int64(4), 'img1': 'MainStimuli/002_stand_weave_basket/coh_1.png', 'img1_role': 'coh_1', 'img2': 'MainStimuli/002_stand_weave_basket/coh_2.png', 'img2_role': 'coh_2', 'img3': 'MainStimuli/002_stand_weave_basket/it_target.png', 'img3_role': 'it_target', 'img4': 'MainStimuli/002_stand_weave_basket/end_coh_it.png', 'img4_role': 'end_coh_it', 'between_image': 'BetweenTrials/img-20250813-wa0011.jpg', 'audio_probe': np.int64(0), 'between_audio': None, 'between_audio_lock_sec': np.int64(0), 'source_dataset_folder': '/Users/matveikurzukov/Library/CloudStorage/GoogleDrive-apazent@gmail.com/.shortcut-targets-by-id/1exBA-7XrpLfZc6s8oGNYTbmjGsu5dT6p/Gurung stimuli/2_stand_weave basket', 'thisN': 8, 'thisTrialN': 8, 'thisRepN': 0}>
148.3931 	EXP 	Created unnamed ImageStim = ImageStim(__class__=<class 'psychopy.visual.image.ImageStim'>, anchor=('center', 'center'), autoLog=True, color=array([1., 1., 1.]), colorSpace='rgb', contrast=1.0, depth=0, draggable=False, flipHoriz=np.False_, flipVert=np.False_, image=str(...), interpolate=True, mask=None, maskParams=None, name='unnamed ImageStim', opacity=1, ori=0.0, pos=array([-0.54,  0.  ]), size=array([0.22, 0.35]), texRes=128, units='height', win=Window(...))
148.4251 	EXP 	Created unnamed ImageStim = ImageStim(__class__=<class 'psychopy.visual.image.ImageStim'>, anchor=('center', 'center'), autoLog=True, color=array([1., 1., 1.]), colorSpace='rgb', contrast=1.0, depth=0, draggable=False, flipHoriz=np.False_, flipVert=np.False_, image=str(...), interpolate=True, mask=None, maskParams=None, name='unnamed ImageStim', opacity=1, ori=0.0, pos=array([-0.27,  0.  ]), size=array([0.22, 0.35]), texRes=128, units='height', win=Window(...))
148.4542 	EXP 	Created unnamed ImageStim = ImageStim(__class__=<class 'psychopy.visual.image.ImageStim'>, anchor=('center', 'center'), autoLog=True, color=array([1., 1., 1.]), colorSpace='rgb', contrast=1.0, depth=0, draggable=False, flipHoriz=np.False_, flipVert=np.False_, image=str(...), interpolate=True, mask=None, maskParams=None, name='unnamed ImageStim', opacity=1, ori=0.0, pos=array([0., 0.]), size=array([0.22, 0.35]), texRes=128, units='height', win=Window(...))
148.4826 	EXP 	Created unnamed ImageStim = ImageStim(__class__=<class 'psychopy.visual.image.ImageStim'>, anchor=('center', 'center'), autoLog=True, color=array([1., 1., 1.]), colorSpace='rgb', contrast=1.0, depth=0, draggable=False, flipHoriz=np.False_, flipVert=np.False_, image=str(...), interpolate=True, mask=None, maskParams=None, name='unnamed ImageStim', opacity=1, ori=0.0, pos=array([0.27, 0.  ]), size=array([0.22, 0.35]), texRes=128, units='height', win=Window(...))
148.4961 	EXP 	Created unnamed ImageStim = ImageStim(__class__=<class 'psychopy.visual.image.ImageStim'>, anchor=('center', 'center'), autoLog=True, color=array([1., 1., 1.]), colorSpace='rgb', contrast=1.0, depth=0, draggable=False, flipHoriz=np.False_, flipVert=np.False_, image=str(...), interpolate=True, mask=None, maskParams=None, name='unnamed ImageStim', opacity=1, ori=0.0, pos=array([-0.405,  0.   ]), size=array([0.035, 0.035]), texRes=128, units='height', win=Window(...))
148.5097 	EXP 	Created unnamed ImageStim = ImageStim(__class__=<class 'psychopy.visual.image.ImageStim'>, anchor=('center', 'center'), autoLog=True, color=array([1., 1., 1.]), colorSpace='rgb', contrast=1.0, depth=0, draggable=False, flipHoriz=np.False_, flipVert=np.False_, image=str(...), interpolate=True, mask=None, maskParams=None, name='unnamed ImageStim', opacity=1, ori=0.0, pos=array([-0.135,  0.   ]), size=array([0.035, 0.035]), texRes=128, units='height', win=Window(...))
148.5234 	EXP 	Created unnamed ImageStim = ImageStim(__class__=<class 'psychopy.visual.image.ImageStim'>, anchor=('center', 'center'), autoLog=True, color=array([1., 1., 1.]), colorSpace='rgb', contrast=1.0, depth=0, draggable=False, flipHoriz=np.False_, flipVert=np.False_, image=str(...), interpolate=True, mask=None, maskParams=None, name='unnamed ImageStim', opacity=1, ori=0.0, pos=array([0.135, 0.   ]), size=array([0.035, 0.035]), texRes=128, units='height', win=Window(...))
148.5444 	EXP 	MainTrial_keep_alive: autoDraw = False
148.5444 	EXP 	MainTrial_keep_alive: autoDraw = True
148.8222 	DATA 	Keypress: space
149.2532 	DATA 	Keypress: space
149.6495 	DATA 	Keypress: space
150.1058 	DATA 	Keypress: space
150.5367 	DATA 	Keypress: space
150.5930 	EXP 	New trial (rep=0, index=9): <Trial 9 (9 in rep 0) data={'trial_id': 'd012_set1_tr_coh', 'random_order': np.int64(10), 'dataset_number': np.int64(12), 'dataset_slug': '012_come_eat_rice', 'dataset_label': 'come_eat_rice', 'stimulus_set': np.int64(1), 'condition_id': 'tr_coh', 'condition_name': 'transitive_cohesive', 'cohesion': 'cohesive', 'transitivity': 'transitive', 'n_images': np.int64(3), 'img1': 'MainStimuli/012_come_eat_rice/coh_1.png', 'img1_role': 'coh_1', 'img2': 'MainStimuli/012_come_eat_rice/coh_2.png', 'img2_role': 'coh_2', 'img3': 'MainStimuli/012_come_eat_rice/tr_target.png', 'img3_role': 'tr_target', 'img4': None, 'img4_role': None, 'between_image': 'BetweenTrials/img-20250813-wa0011.jpg', 'audio_probe': np.int64(0), 'between_audio': None, 'between_audio_lock_sec': np.int64(0), 'source_dataset_folder': '/Users/matveikurzukov/Library/CloudStorage/GoogleDrive-apazent@gmail.com/.shortcut-targets-by-id/1exBA-7XrpLfZc6s8oGNYTbmjGsu5dT6p/Gurung stimuli/12_come_eat rice', 'thisN': 9, 'thisTrialN': 9, 'thisRepN': 0}>
150.6204 	EXP 	Created unnamed ImageStim = ImageStim(__class__=<class 'psychopy.visual.image.ImageStim'>, anchor=('center', 'center'), autoLog=True, color=array([1., 1., 1.]), colorSpace='rgb', contrast=1.0, depth=0, draggable=False, flipHoriz=np.False_, flipVert=np.False_, image=str(...), interpolate=True, mask=None, maskParams=None, name='unnamed ImageStim', opacity=1, ori=0.0, pos=array([-0.54,  0.  ]), size=array([0.22, 0.35]), texRes=128, units='height', win=Window(...))
150.6496 	EXP 	Created unnamed ImageStim = ImageStim(__class__=<class 'psychopy.visual.image.ImageStim'>, anchor=('center', 'center'), autoLog=True, color=array([1., 1., 1.]), colorSpace='rgb', contrast=1.0, depth=0, draggable=False, flipHoriz=np.False_, flipVert=np.False_, image=str(...), interpolate=True, mask=None, maskParams=None, name='unnamed ImageStim', opacity=1, ori=0.0, pos=array([-0.27,  0.  ]), size=array([0.22, 0.35]), texRes=128, units='height', win=Window(...))
150.6784 	EXP 	Created unnamed ImageStim = ImageStim(__class__=<class 'psychopy.visual.image.ImageStim'>, anchor=('center', 'center'), autoLog=True, color=array([1., 1., 1.]), colorSpace='rgb', contrast=1.0, depth=0, draggable=False, flipHoriz=np.False_, flipVert=np.False_, image=str(...), interpolate=True, mask=None, maskParams=None, name='unnamed ImageStim', opacity=1, ori=0.0, pos=array([0., 0.]), size=array([0.22, 0.35]), texRes=128, units='height', win=Window(...))
150.6939 	EXP 	Created unnamed ImageStim = ImageStim(__class__=<class 'psychopy.visual.image.ImageStim'>, anchor=('center', 'center'), autoLog=True, color=array([1., 1., 1.]), colorSpace='rgb', contrast=1.0, depth=0, draggable=False, flipHoriz=np.False_, flipVert=np.False_, image=str(...), interpolate=True, mask=None, maskParams=None, name='unnamed ImageStim', opacity=1, ori=0.0, pos=array([-0.405,  0.   ]), size=array([0.035, 0.035]), texRes=128, units='height', win=Window(...))
150.7097 	EXP 	Created unnamed ImageStim = ImageStim(__class__=<class 'psychopy.visual.image.ImageStim'>, anchor=('center', 'center'), autoLog=True, color=array([1., 1., 1.]), colorSpace='rgb', contrast=1.0, depth=0, draggable=False, flipHoriz=np.False_, flipVert=np.False_, image=str(...), interpolate=True, mask=None, maskParams=None, name='unnamed ImageStim', opacity=1, ori=0.0, pos=array([-0.135,  0.   ]), size=array([0.035, 0.035]), texRes=128, units='height', win=Window(...))
150.7276 	EXP 	MainTrial_keep_alive: autoDraw = False
150.7276 	EXP 	MainTrial_keep_alive: autoDraw = True
151.0096 	DATA 	Keypress: space
151.4364 	DATA 	Keypress: space
151.8218 	DATA 	Keypress: space
152.2230 	DATA 	Keypress: space
152.2759 	EXP 	New trial (rep=0, index=10): <Trial 10 (10 in rep 0) data={'trial_id': 'd006_set1_it_ic', 'random_order': np.int64(11), 'dataset_number': np.int64(6), 'dataset_slug': '006_sleep_pluck_tomatoes', 'dataset_label': 'sleep_pluck_tomatoes', 'stimulus_set': np.int64(1), 'condition_id': 'it_ic', 'condition_name': 'intransitive_incohesive', 'cohesion': 'incohesive', 'transitivity': 'intransitive', 'n_images': np.int64(3), 'img1': 'MainStimuli/006_sleep_pluck_tomatoes/ic_1.png', 'img1_role': 'ic_1', 'img2': 'MainStimuli/006_sleep_pluck_tomatoes/it_target.png', 'img2_role': 'it_target', 'img3': 'MainStimuli/006_sleep_pluck_tomatoes/end_ic_it.png', 'img3_role': 'end_ic_it', 'img4': None, 'img4_role': None, 'between_image': 'BetweenTrials/img_20260522_165652.jpg', 'audio_probe': np.int64(1), 'between_audio': 'Audio/tsakyali.wav', 'between_audio_lock_sec': np.int64(10), 'source_dataset_folder': '/Users/matveikurzukov/Library/CloudStorage/GoogleDrive-apazent@gmail.com/.shortcut-targets-by-id/1exBA-7XrpLfZc6s8oGNYTbmjGsu5dT6p/Gurung stimuli/6_sleep_pluck tomatoes', 'thisN': 10, 'thisTrialN': 10, 'thisRepN': 0}>
152.3010 	EXP 	Created unnamed ImageStim = ImageStim(__class__=<class 'psychopy.visual.image.ImageStim'>, anchor=('center', 'center'), autoLog=True, color=array([1., 1., 1.]), colorSpace='rgb', contrast=1.0, depth=0, draggable=False, flipHoriz=np.False_, flipVert=np.False_, image=str(...), interpolate=True, mask=None, maskParams=None, name='unnamed ImageStim', opacity=1, ori=0.0, pos=array([-0.27,  0.  ]), size=array([0.22, 0.35]), texRes=128, units='height', win=Window(...))
152.3285 	EXP 	Created unnamed ImageStim = ImageStim(__class__=<class 'psychopy.visual.image.ImageStim'>, anchor=('center', 'center'), autoLog=True, color=array([1., 1., 1.]), colorSpace='rgb', contrast=1.0, depth=0, draggable=False, flipHoriz=np.False_, flipVert=np.False_, image=str(...), interpolate=True, mask=None, maskParams=None, name='unnamed ImageStim', opacity=1, ori=0.0, pos=array([0., 0.]), size=array([0.22, 0.35]), texRes=128, units='height', win=Window(...))
152.3566 	EXP 	Created unnamed ImageStim = ImageStim(__class__=<class 'psychopy.visual.image.ImageStim'>, anchor=('center', 'center'), autoLog=True, color=array([1., 1., 1.]), colorSpace='rgb', contrast=1.0, depth=0, draggable=False, flipHoriz=np.False_, flipVert=np.False_, image=str(...), interpolate=True, mask=None, maskParams=None, name='unnamed ImageStim', opacity=1, ori=0.0, pos=array([0.27, 0.  ]), size=array([0.22, 0.35]), texRes=128, units='height', win=Window(...))
152.3719 	EXP 	Created unnamed ImageStim = ImageStim(__class__=<class 'psychopy.visual.image.ImageStim'>, anchor=('center', 'center'), autoLog=True, color=array([1., 1., 1.]), colorSpace='rgb', contrast=1.0, depth=0, draggable=False, flipHoriz=np.False_, flipVert=np.False_, image=str(...), interpolate=True, mask=None, maskParams=None, name='unnamed ImageStim', opacity=1, ori=0.0, pos=array([-0.135,  0.   ]), size=array([0.035, 0.035]), texRes=128, units='height', win=Window(...))
152.3874 	EXP 	Created unnamed ImageStim = ImageStim(__class__=<class 'psychopy.visual.image.ImageStim'>, anchor=('center', 'center'), autoLog=True, color=array([1., 1., 1.]), colorSpace='rgb', contrast=1.0, depth=0, draggable=False, flipHoriz=np.False_, flipVert=np.False_, image=str(...), interpolate=True, mask=None, maskParams=None, name='unnamed ImageStim', opacity=1, ori=0.0, pos=array([0.135, 0.   ]), size=array([0.035, 0.035]), texRes=128, units='height', win=Window(...))
152.4441 	EXP 	: sampleRate = 48000
152.4441 	EXP 	: channels = None
152.4444 	EXP 	: sampleRate = 48000
152.4454 	EXP 	Sound  reached end of file
152.4454 	EXP 	Playing sound  on speaker MacBook Air Speakers
152.4616 	EXP 	MainTrial_keep_alive: autoDraw = False
152.4616 	EXP 	MainTrial_keep_alive: autoDraw = True
152.6677 	DATA 	Keypress: space
155.2255 	DATA 	Keypress: space
159.7061 	DATA 	Keypress: space
160.1490 	DATA 	Keypress: space
162.9904 	DATA 	Keypress: space
162.9936 	EXP 	Sound  stopped
163.4488 	DATA 	Keypress: space
163.7992 	DATA 	Keypress: space
165.3170 	DATA 	Keypress: space
165.3756 	EXP 	New trial (rep=0, index=11): <Trial 11 (11 in rep 0) data={'trial_id': 'd024_set1_tr_coh', 'random_order': np.int64(12), 'dataset_number': np.int64(24), 'dataset_slug': '024_descend_paint_bench', 'dataset_label': 'descend_paint_bench', 'stimulus_set': np.int64(1), 'condition_id': 'tr_coh', 'condition_name': 'transitive_cohesive', 'cohesion': 'cohesive', 'transitivity': 'transitive', 'n_images': np.int64(3), 'img1': 'MainStimuli/024_descend_paint_bench/coh_1.png', 'img1_role': 'coh_1', 'img2': 'MainStimuli/024_descend_paint_bench/coh_2.png', 'img2_role': 'coh_2', 'img3': 'MainStimuli/024_descend_paint_bench/tr_target.png', 'img3_role': 'tr_target', 'img4': None, 'img4_role': None, 'between_image': 'BetweenTrials/1752221802086.jpg', 'audio_probe': np.int64(0), 'between_audio': None, 'between_audio_lock_sec': np.int64(0), 'source_dataset_folder': '/Users/matveikurzukov/Library/CloudStorage/GoogleDrive-apazent@gmail.com/.shortcut-targets-by-id/1exBA-7XrpLfZc6s8oGNYTbmjGsu5dT6p/Gurung stimuli/24_descend_paint bench', 'thisN': 11, 'thisTrialN': 11, 'thisRepN': 0}>
165.4029 	EXP 	Created unnamed ImageStim = ImageStim(__class__=<class 'psychopy.visual.image.ImageStim'>, anchor=('center', 'center'), autoLog=True, color=array([1., 1., 1.]), colorSpace='rgb', contrast=1.0, depth=0, draggable=False, flipHoriz=np.False_, flipVert=np.False_, image=str(...), interpolate=True, mask=None, maskParams=None, name='unnamed ImageStim', opacity=1, ori=0.0, pos=array([-0.54,  0.  ]), size=array([0.22, 0.35]), texRes=128, units='height', win=Window(...))
165.4300 	EXP 	Created unnamed ImageStim = ImageStim(__class__=<class 'psychopy.visual.image.ImageStim'>, anchor=('center', 'center'), autoLog=True, color=array([1., 1., 1.]), colorSpace='rgb', contrast=1.0, depth=0, draggable=False, flipHoriz=np.False_, flipVert=np.False_, image=str(...), interpolate=True, mask=None, maskParams=None, name='unnamed ImageStim', opacity=1, ori=0.0, pos=array([-0.27,  0.  ]), size=array([0.22, 0.35]), texRes=128, units='height', win=Window(...))
165.4592 	EXP 	Created unnamed ImageStim = ImageStim(__class__=<class 'psychopy.visual.image.ImageStim'>, anchor=('center', 'center'), autoLog=True, color=array([1., 1., 1.]), colorSpace='rgb', contrast=1.0, depth=0, draggable=False, flipHoriz=np.False_, flipVert=np.False_, image=str(...), interpolate=True, mask=None, maskParams=None, name='unnamed ImageStim', opacity=1, ori=0.0, pos=array([0., 0.]), size=array([0.22, 0.35]), texRes=128, units='height', win=Window(...))
165.4741 	EXP 	Created unnamed ImageStim = ImageStim(__class__=<class 'psychopy.visual.image.ImageStim'>, anchor=('center', 'center'), autoLog=True, color=array([1., 1., 1.]), colorSpace='rgb', contrast=1.0, depth=0, draggable=False, flipHoriz=np.False_, flipVert=np.False_, image=str(...), interpolate=True, mask=None, maskParams=None, name='unnamed ImageStim', opacity=1, ori=0.0, pos=array([-0.405,  0.   ]), size=array([0.035, 0.035]), texRes=128, units='height', win=Window(...))
165.4888 	EXP 	Created unnamed ImageStim = ImageStim(__class__=<class 'psychopy.visual.image.ImageStim'>, anchor=('center', 'center'), autoLog=True, color=array([1., 1., 1.]), colorSpace='rgb', contrast=1.0, depth=0, draggable=False, flipHoriz=np.False_, flipVert=np.False_, image=str(...), interpolate=True, mask=None, maskParams=None, name='unnamed ImageStim', opacity=1, ori=0.0, pos=array([-0.135,  0.   ]), size=array([0.035, 0.035]), texRes=128, units='height', win=Window(...))
165.5102 	EXP 	MainTrial_keep_alive: autoDraw = False
165.5102 	EXP 	MainTrial_keep_alive: autoDraw = True
165.7056 	DATA 	Keypress: space
166.5508 	DATA 	Keypress: space
166.9470 	DATA 	Keypress: space
167.3303 	DATA 	Keypress: space
167.3894 	EXP 	New trial (rep=0, index=12): <Trial 12 (12 in rep 0) data={'trial_id': 'd018_set1_tr_coh', 'random_order': np.int64(13), 'dataset_number': np.int64(18), 'dataset_slug': '018_yawn_put_on_cap', 'dataset_label': 'yawn_put_on_cap', 'stimulus_set': np.int64(1), 'condition_id': 'tr_coh', 'condition_name': 'transitive_cohesive', 'cohesion': 'cohesive', 'transitivity': 'transitive', 'n_images': np.int64(3), 'img1': 'MainStimuli/018_yawn_put_on_cap/coh_1.png', 'img1_role': 'coh_1', 'img2': 'MainStimuli/018_yawn_put_on_cap/coh_2.png', 'img2_role': 'coh_2', 'img3': 'MainStimuli/018_yawn_put_on_cap/tr_target.png', 'img3_role': 'tr_target', 'img4': None, 'img4_role': None, 'between_image': 'BetweenTrials/1752221802086.jpg', 'audio_probe': np.int64(0), 'between_audio': None, 'between_audio_lock_sec': np.int64(0), 'source_dataset_folder': '/Users/matveikurzukov/Library/CloudStorage/GoogleDrive-apazent@gmail.com/.shortcut-targets-by-id/1exBA-7XrpLfZc6s8oGNYTbmjGsu5dT6p/Gurung stimuli/18_yawn_put on cap', 'thisN': 12, 'thisTrialN': 12, 'thisRepN': 0}>
167.4161 	EXP 	Created unnamed ImageStim = ImageStim(__class__=<class 'psychopy.visual.image.ImageStim'>, anchor=('center', 'center'), autoLog=True, color=array([1., 1., 1.]), colorSpace='rgb', contrast=1.0, depth=0, draggable=False, flipHoriz=np.False_, flipVert=np.False_, image=str(...), interpolate=True, mask=None, maskParams=None, name='unnamed ImageStim', opacity=1, ori=0.0, pos=array([-0.54,  0.  ]), size=array([0.22, 0.35]), texRes=128, units='height', win=Window(...))
167.4418 	EXP 	Created unnamed ImageStim = ImageStim(__class__=<class 'psychopy.visual.image.ImageStim'>, anchor=('center', 'center'), autoLog=True, color=array([1., 1., 1.]), colorSpace='rgb', contrast=1.0, depth=0, draggable=False, flipHoriz=np.False_, flipVert=np.False_, image=str(...), interpolate=True, mask=None, maskParams=None, name='unnamed ImageStim', opacity=1, ori=0.0, pos=array([-0.27,  0.  ]), size=array([0.22, 0.35]), texRes=128, units='height', win=Window(...))
167.4675 	EXP 	Created unnamed ImageStim = ImageStim(__class__=<class 'psychopy.visual.image.ImageStim'>, anchor=('center', 'center'), autoLog=True, color=array([1., 1., 1.]), colorSpace='rgb', contrast=1.0, depth=0, draggable=False, flipHoriz=np.False_, flipVert=np.False_, image=str(...), interpolate=True, mask=None, maskParams=None, name='unnamed ImageStim', opacity=1, ori=0.0, pos=array([0., 0.]), size=array([0.22, 0.35]), texRes=128, units='height', win=Window(...))
167.4803 	EXP 	Created unnamed ImageStim = ImageStim(__class__=<class 'psychopy.visual.image.ImageStim'>, anchor=('center', 'center'), autoLog=True, color=array([1., 1., 1.]), colorSpace='rgb', contrast=1.0, depth=0, draggable=False, flipHoriz=np.False_, flipVert=np.False_, image=str(...), interpolate=True, mask=None, maskParams=None, name='unnamed ImageStim', opacity=1, ori=0.0, pos=array([-0.405,  0.   ]), size=array([0.035, 0.035]), texRes=128, units='height', win=Window(...))
167.4932 	EXP 	Created unnamed ImageStim = ImageStim(__class__=<class 'psychopy.visual.image.ImageStim'>, anchor=('center', 'center'), autoLog=True, color=array([1., 1., 1.]), colorSpace='rgb', contrast=1.0, depth=0, draggable=False, flipHoriz=np.False_, flipVert=np.False_, image=str(...), interpolate=True, mask=None, maskParams=None, name='unnamed ImageStim', opacity=1, ori=0.0, pos=array([-0.135,  0.   ]), size=array([0.035, 0.035]), texRes=128, units='height', win=Window(...))
167.5098 	EXP 	MainTrial_keep_alive: autoDraw = False
167.5098 	EXP 	MainTrial_keep_alive: autoDraw = True
167.8683 	DATA 	Keypress: space
168.2720 	DATA 	Keypress: space
168.7312 	DATA 	Keypress: space
169.1545 	DATA 	Keypress: space
169.2064 	EXP 	New trial (rep=0, index=13): <Trial 13 (13 in rep 0) data={'trial_id': 'd018_set1_tr_ic', 'random_order': np.int64(14), 'dataset_number': np.int64(18), 'dataset_slug': '018_yawn_put_on_cap', 'dataset_label': 'yawn_put_on_cap', 'stimulus_set': np.int64(1), 'condition_id': 'tr_ic', 'condition_name': 'transitive_incohesive', 'cohesion': 'incohesive', 'transitivity': 'transitive', 'n_images': np.int64(3), 'img1': 'MainStimuli/018_yawn_put_on_cap/ic_1.png', 'img1_role': 'ic_1', 'img2': 'MainStimuli/018_yawn_put_on_cap/tr_target.png', 'img2_role': 'tr_target', 'img3': 'MainStimuli/018_yawn_put_on_cap/end_ic_tr.png', 'img3_role': 'end_ic_tr', 'img4': None, 'img4_role': None, 'between_image': 'BetweenTrials/img_20260522_165652.jpg', 'audio_probe': np.int64(0), 'between_audio': None, 'between_audio_lock_sec': np.int64(0), 'source_dataset_folder': '/Users/matveikurzukov/Library/CloudStorage/GoogleDrive-apazent@gmail.com/.shortcut-targets-by-id/1exBA-7XrpLfZc6s8oGNYTbmjGsu5dT6p/Gurung stimuli/18_yawn_put on cap', 'thisN': 13, 'thisTrialN': 13, 'thisRepN': 0}>
169.2324 	EXP 	Created unnamed ImageStim = ImageStim(__class__=<class 'psychopy.visual.image.ImageStim'>, anchor=('center', 'center'), autoLog=True, color=array([1., 1., 1.]), colorSpace='rgb', contrast=1.0, depth=0, draggable=False, flipHoriz=np.False_, flipVert=np.False_, image=str(...), interpolate=True, mask=None, maskParams=None, name='unnamed ImageStim', opacity=1, ori=0.0, pos=array([-0.27,  0.  ]), size=array([0.22, 0.35]), texRes=128, units='height', win=Window(...))
169.2583 	EXP 	Created unnamed ImageStim = ImageStim(__class__=<class 'psychopy.visual.image.ImageStim'>, anchor=('center', 'center'), autoLog=True, color=array([1., 1., 1.]), colorSpace='rgb', contrast=1.0, depth=0, draggable=False, flipHoriz=np.False_, flipVert=np.False_, image=str(...), interpolate=True, mask=None, maskParams=None, name='unnamed ImageStim', opacity=1, ori=0.0, pos=array([0., 0.]), size=array([0.22, 0.35]), texRes=128, units='height', win=Window(...))
169.2870 	EXP 	Created unnamed ImageStim = ImageStim(__class__=<class 'psychopy.visual.image.ImageStim'>, anchor=('center', 'center'), autoLog=True, color=array([1., 1., 1.]), colorSpace='rgb', contrast=1.0, depth=0, draggable=False, flipHoriz=np.False_, flipVert=np.False_, image=str(...), interpolate=True, mask=None, maskParams=None, name='unnamed ImageStim', opacity=1, ori=0.0, pos=array([0.27, 0.  ]), size=array([0.22, 0.35]), texRes=128, units='height', win=Window(...))
169.3000 	EXP 	Created unnamed ImageStim = ImageStim(__class__=<class 'psychopy.visual.image.ImageStim'>, anchor=('center', 'center'), autoLog=True, color=array([1., 1., 1.]), colorSpace='rgb', contrast=1.0, depth=0, draggable=False, flipHoriz=np.False_, flipVert=np.False_, image=str(...), interpolate=True, mask=None, maskParams=None, name='unnamed ImageStim', opacity=1, ori=0.0, pos=array([-0.135,  0.   ]), size=array([0.035, 0.035]), texRes=128, units='height', win=Window(...))
169.3127 	EXP 	Created unnamed ImageStim = ImageStim(__class__=<class 'psychopy.visual.image.ImageStim'>, anchor=('center', 'center'), autoLog=True, color=array([1., 1., 1.]), colorSpace='rgb', contrast=1.0, depth=0, draggable=False, flipHoriz=np.False_, flipVert=np.False_, image=str(...), interpolate=True, mask=None, maskParams=None, name='unnamed ImageStim', opacity=1, ori=0.0, pos=array([0.135, 0.   ]), size=array([0.035, 0.035]), texRes=128, units='height', win=Window(...))
169.3433 	EXP 	MainTrial_keep_alive: autoDraw = False
169.3433 	EXP 	MainTrial_keep_alive: autoDraw = True
169.5977 	DATA 	Keypress: space
170.0341 	DATA 	Keypress: space
170.4822 	DATA 	Keypress: space
170.9169 	DATA 	Keypress: space
170.9724 	EXP 	New trial (rep=0, index=14): <Trial 14 (14 in rep 0) data={'trial_id': 'd008_set1_tr_ic', 'random_order': np.int64(15), 'dataset_number': np.int64(8), 'dataset_slug': '008_smile_weave_garland', 'dataset_label': 'smile_weave_garland', 'stimulus_set': np.int64(1), 'condition_id': 'tr_ic', 'condition_name': 'transitive_incohesive', 'cohesion': 'incohesive', 'transitivity': 'transitive', 'n_images': np.int64(3), 'img1': 'MainStimuli/008_smile_weave_garland/ic_1.png', 'img1_role': 'ic_1', 'img2': 'MainStimuli/008_smile_weave_garland/tr_target.png', 'img2_role': 'tr_target', 'img3': 'MainStimuli/008_smile_weave_garland/end_ic_tr.png', 'img3_role': 'end_ic_tr', 'img4': None, 'img4_role': None, 'between_image': 'BetweenTrials/1752221802086.jpg', 'audio_probe': np.int64(0), 'between_audio': None, 'between_audio_lock_sec': np.int64(0), 'source_dataset_folder': '/Users/matveikurzukov/Library/CloudStorage/GoogleDrive-apazent@gmail.com/.shortcut-targets-by-id/1exBA-7XrpLfZc6s8oGNYTbmjGsu5dT6p/Gurung stimuli/8_smile_weave garland', 'thisN': 14, 'thisTrialN': 14, 'thisRepN': 0}>
170.9967 	EXP 	Created unnamed ImageStim = ImageStim(__class__=<class 'psychopy.visual.image.ImageStim'>, anchor=('center', 'center'), autoLog=True, color=array([1., 1., 1.]), colorSpace='rgb', contrast=1.0, depth=0, draggable=False, flipHoriz=np.False_, flipVert=np.False_, image=str(...), interpolate=True, mask=None, maskParams=None, name='unnamed ImageStim', opacity=1, ori=0.0, pos=array([-0.27,  0.  ]), size=array([0.22, 0.35]), texRes=128, units='height', win=Window(...))
171.0216 	EXP 	Created unnamed ImageStim = ImageStim(__class__=<class 'psychopy.visual.image.ImageStim'>, anchor=('center', 'center'), autoLog=True, color=array([1., 1., 1.]), colorSpace='rgb', contrast=1.0, depth=0, draggable=False, flipHoriz=np.False_, flipVert=np.False_, image=str(...), interpolate=True, mask=None, maskParams=None, name='unnamed ImageStim', opacity=1, ori=0.0, pos=array([0., 0.]), size=array([0.22, 0.35]), texRes=128, units='height', win=Window(...))
171.0468 	EXP 	Created unnamed ImageStim = ImageStim(__class__=<class 'psychopy.visual.image.ImageStim'>, anchor=('center', 'center'), autoLog=True, color=array([1., 1., 1.]), colorSpace='rgb', contrast=1.0, depth=0, draggable=False, flipHoriz=np.False_, flipVert=np.False_, image=str(...), interpolate=True, mask=None, maskParams=None, name='unnamed ImageStim', opacity=1, ori=0.0, pos=array([0.27, 0.  ]), size=array([0.22, 0.35]), texRes=128, units='height', win=Window(...))
171.0601 	EXP 	Created unnamed ImageStim = ImageStim(__class__=<class 'psychopy.visual.image.ImageStim'>, anchor=('center', 'center'), autoLog=True, color=array([1., 1., 1.]), colorSpace='rgb', contrast=1.0, depth=0, draggable=False, flipHoriz=np.False_, flipVert=np.False_, image=str(...), interpolate=True, mask=None, maskParams=None, name='unnamed ImageStim', opacity=1, ori=0.0, pos=array([-0.135,  0.   ]), size=array([0.035, 0.035]), texRes=128, units='height', win=Window(...))
171.0733 	EXP 	Created unnamed ImageStim = ImageStim(__class__=<class 'psychopy.visual.image.ImageStim'>, anchor=('center', 'center'), autoLog=True, color=array([1., 1., 1.]), colorSpace='rgb', contrast=1.0, depth=0, draggable=False, flipHoriz=np.False_, flipVert=np.False_, image=str(...), interpolate=True, mask=None, maskParams=None, name='unnamed ImageStim', opacity=1, ori=0.0, pos=array([0.135, 0.   ]), size=array([0.035, 0.035]), texRes=128, units='height', win=Window(...))
171.0931 	EXP 	MainTrial_keep_alive: autoDraw = False
171.0931 	EXP 	MainTrial_keep_alive: autoDraw = True
171.3392 	DATA 	Keypress: space
171.7648 	DATA 	Keypress: space
171.8300 	DATA 	Mouse: Left button down, pos=(411,747)
171.8463 	DATA 	Mouse:  Left button up, pos=(411,747)
172.1536 	DATA 	Keypress: space
172.5218 	DATA 	Keypress: space
172.5735 	EXP 	New trial (rep=0, index=15): <Trial 15 (15 in rep 0) data={'trial_id': 'd027_set1_tr_coh', 'random_order': np.int64(16), 'dataset_number': np.int64(27), 'dataset_slug': '027_jump_pull_blanket', 'dataset_label': 'jump_pull_blanket', 'stimulus_set': np.int64(1), 'condition_id': 'tr_coh', 'condition_name': 'transitive_cohesive', 'cohesion': 'cohesive', 'transitivity': 'transitive', 'n_images': np.int64(3), 'img1': 'MainStimuli/027_jump_pull_blanket/coh_1.png', 'img1_role': 'coh_1', 'img2': 'MainStimuli/027_jump_pull_blanket/coh_2.png', 'img2_role': 'coh_2', 'img3': 'MainStimuli/027_jump_pull_blanket/tr_target.png', 'img3_role': 'tr_target', 'img4': None, 'img4_role': None, 'between_image': 'BetweenTrials/1752221806065.jpg', 'audio_probe': np.int64(0), 'between_audio': None, 'between_audio_lock_sec': np.int64(0), 'source_dataset_folder': '/Users/matveikurzukov/Library/CloudStorage/GoogleDrive-apazent@gmail.com/.shortcut-targets-by-id/1exBA-7XrpLfZc6s8oGNYTbmjGsu5dT6p/Gurung stimuli/27_jump_pull blanket', 'thisN': 15, 'thisTrialN': 15, 'thisRepN': 0}>
172.6000 	EXP 	Created unnamed ImageStim = ImageStim(__class__=<class 'psychopy.visual.image.ImageStim'>, anchor=('center', 'center'), autoLog=True, color=array([1., 1., 1.]), colorSpace='rgb', contrast=1.0, depth=0, draggable=False, flipHoriz=np.False_, flipVert=np.False_, image=str(...), interpolate=True, mask=None, maskParams=None, name='unnamed ImageStim', opacity=1, ori=0.0, pos=array([-0.54,  0.  ]), size=array([0.22, 0.35]), texRes=128, units='height', win=Window(...))
172.6284 	EXP 	Created unnamed ImageStim = ImageStim(__class__=<class 'psychopy.visual.image.ImageStim'>, anchor=('center', 'center'), autoLog=True, color=array([1., 1., 1.]), colorSpace='rgb', contrast=1.0, depth=0, draggable=False, flipHoriz=np.False_, flipVert=np.False_, image=str(...), interpolate=True, mask=None, maskParams=None, name='unnamed ImageStim', opacity=1, ori=0.0, pos=array([-0.27,  0.  ]), size=array([0.22, 0.35]), texRes=128, units='height', win=Window(...))
172.6545 	EXP 	Created unnamed ImageStim = ImageStim(__class__=<class 'psychopy.visual.image.ImageStim'>, anchor=('center', 'center'), autoLog=True, color=array([1., 1., 1.]), colorSpace='rgb', contrast=1.0, depth=0, draggable=False, flipHoriz=np.False_, flipVert=np.False_, image=str(...), interpolate=True, mask=None, maskParams=None, name='unnamed ImageStim', opacity=1, ori=0.0, pos=array([0., 0.]), size=array([0.22, 0.35]), texRes=128, units='height', win=Window(...))
172.6676 	EXP 	Created unnamed ImageStim = ImageStim(__class__=<class 'psychopy.visual.image.ImageStim'>, anchor=('center', 'center'), autoLog=True, color=array([1., 1., 1.]), colorSpace='rgb', contrast=1.0, depth=0, draggable=False, flipHoriz=np.False_, flipVert=np.False_, image=str(...), interpolate=True, mask=None, maskParams=None, name='unnamed ImageStim', opacity=1, ori=0.0, pos=array([-0.405,  0.   ]), size=array([0.035, 0.035]), texRes=128, units='height', win=Window(...))
172.6802 	EXP 	Created unnamed ImageStim = ImageStim(__class__=<class 'psychopy.visual.image.ImageStim'>, anchor=('center', 'center'), autoLog=True, color=array([1., 1., 1.]), colorSpace='rgb', contrast=1.0, depth=0, draggable=False, flipHoriz=np.False_, flipVert=np.False_, image=str(...), interpolate=True, mask=None, maskParams=None, name='unnamed ImageStim', opacity=1, ori=0.0, pos=array([-0.135,  0.   ]), size=array([0.035, 0.035]), texRes=128, units='height', win=Window(...))
172.7097 	EXP 	MainTrial_keep_alive: autoDraw = False
172.7097 	EXP 	MainTrial_keep_alive: autoDraw = True
172.9993 	DATA 	Keypress: space
173.3891 	DATA 	Keypress: space
173.7728 	DATA 	Keypress: space
174.1981 	DATA 	Keypress: space
174.2572 	EXP 	New trial (rep=0, index=16): <Trial 16 (16 in rep 0) data={'trial_id': 'd009_set1_it_ic', 'random_order': np.int64(17), 'dataset_number': np.int64(9), 'dataset_slug': '009_descend_harvest_rice', 'dataset_label': 'descend_harvest_rice', 'stimulus_set': np.int64(1), 'condition_id': 'it_ic', 'condition_name': 'intransitive_incohesive', 'cohesion': 'incohesive', 'transitivity': 'intransitive', 'n_images': np.int64(3), 'img1': 'MainStimuli/009_descend_harvest_rice/ic_1.png', 'img1_role': 'ic_1', 'img2': 'MainStimuli/009_descend_harvest_rice/it_target.png', 'img2_role': 'it_target', 'img3': 'MainStimuli/009_descend_harvest_rice/end_ic_it.png', 'img3_role': 'end_ic_it', 'img4': None, 'img4_role': None, 'between_image': 'BetweenTrials/1752221806065.jpg', 'audio_probe': np.int64(0), 'between_audio': None, 'between_audio_lock_sec': np.int64(0), 'source_dataset_folder': '/Users/matveikurzukov/Library/CloudStorage/GoogleDrive-apazent@gmail.com/.shortcut-targets-by-id/1exBA-7XrpLfZc6s8oGNYTbmjGsu5dT6p/Gurung stimuli/9_descend_harvest rice', 'thisN': 16, 'thisTrialN': 16, 'thisRepN': 0}>
174.2829 	EXP 	Created unnamed ImageStim = ImageStim(__class__=<class 'psychopy.visual.image.ImageStim'>, anchor=('center', 'center'), autoLog=True, color=array([1., 1., 1.]), colorSpace='rgb', contrast=1.0, depth=0, draggable=False, flipHoriz=np.False_, flipVert=np.False_, image=str(...), interpolate=True, mask=None, maskParams=None, name='unnamed ImageStim', opacity=1, ori=0.0, pos=array([-0.27,  0.  ]), size=array([0.22, 0.35]), texRes=128, units='height', win=Window(...))
174.3094 	EXP 	Created unnamed ImageStim = ImageStim(__class__=<class 'psychopy.visual.image.ImageStim'>, anchor=('center', 'center'), autoLog=True, color=array([1., 1., 1.]), colorSpace='rgb', contrast=1.0, depth=0, draggable=False, flipHoriz=np.False_, flipVert=np.False_, image=str(...), interpolate=True, mask=None, maskParams=None, name='unnamed ImageStim', opacity=1, ori=0.0, pos=array([0., 0.]), size=array([0.22, 0.35]), texRes=128, units='height', win=Window(...))
174.3395 	EXP 	Created unnamed ImageStim = ImageStim(__class__=<class 'psychopy.visual.image.ImageStim'>, anchor=('center', 'center'), autoLog=True, color=array([1., 1., 1.]), colorSpace='rgb', contrast=1.0, depth=0, draggable=False, flipHoriz=np.False_, flipVert=np.False_, image=str(...), interpolate=True, mask=None, maskParams=None, name='unnamed ImageStim', opacity=1, ori=0.0, pos=array([0.27, 0.  ]), size=array([0.22, 0.35]), texRes=128, units='height', win=Window(...))
174.3526 	EXP 	Created unnamed ImageStim = ImageStim(__class__=<class 'psychopy.visual.image.ImageStim'>, anchor=('center', 'center'), autoLog=True, color=array([1., 1., 1.]), colorSpace='rgb', contrast=1.0, depth=0, draggable=False, flipHoriz=np.False_, flipVert=np.False_, image=str(...), interpolate=True, mask=None, maskParams=None, name='unnamed ImageStim', opacity=1, ori=0.0, pos=array([-0.135,  0.   ]), size=array([0.035, 0.035]), texRes=128, units='height', win=Window(...))
174.3660 	EXP 	Created unnamed ImageStim = ImageStim(__class__=<class 'psychopy.visual.image.ImageStim'>, anchor=('center', 'center'), autoLog=True, color=array([1., 1., 1.]), colorSpace='rgb', contrast=1.0, depth=0, draggable=False, flipHoriz=np.False_, flipVert=np.False_, image=str(...), interpolate=True, mask=None, maskParams=None, name='unnamed ImageStim', opacity=1, ori=0.0, pos=array([0.135, 0.   ]), size=array([0.035, 0.035]), texRes=128, units='height', win=Window(...))
174.3928 	EXP 	MainTrial_keep_alive: autoDraw = False
174.3928 	EXP 	MainTrial_keep_alive: autoDraw = True
174.6689 	DATA 	Keypress: space
175.0989 	DATA 	Keypress: space
175.4988 	DATA 	Keypress: space
175.9153 	DATA 	Keypress: space
175.9723 	EXP 	New trial (rep=0, index=17): <Trial 17 (17 in rep 0) data={'trial_id': 'd001_set1_tr_ic', 'random_order': np.int64(18), 'dataset_number': np.int64(1), 'dataset_slug': '001_cough_throw_bones', 'dataset_label': 'cough_throw_bones', 'stimulus_set': np.int64(1), 'condition_id': 'tr_ic', 'condition_name': 'transitive_incohesive', 'cohesion': 'incohesive', 'transitivity': 'transitive', 'n_images': np.int64(3), 'img1': 'MainStimuli/001_cough_throw_bones/ic_1.png', 'img1_role': 'ic_1', 'img2': 'MainStimuli/001_cough_throw_bones/tr_target.png', 'img2_role': 'tr_target', 'img3': 'MainStimuli/001_cough_throw_bones/end_ic_tr.png', 'img3_role': 'end_ic_tr', 'img4': None, 'img4_role': None, 'between_image': 'BetweenTrials/img-20250813-wa0011.jpg', 'audio_probe': np.int64(0), 'between_audio': None, 'between_audio_lock_sec': np.int64(0), 'source_dataset_folder': '/Users/matveikurzukov/Library/CloudStorage/GoogleDrive-apazent@gmail.com/.shortcut-targets-by-id/1exBA-7XrpLfZc6s8oGNYTbmjGsu5dT6p/Gurung stimuli/1_cough_throw bones', 'thisN': 17, 'thisTrialN': 17, 'thisRepN': 0}>
175.9975 	EXP 	Created unnamed ImageStim = ImageStim(__class__=<class 'psychopy.visual.image.ImageStim'>, anchor=('center', 'center'), autoLog=True, color=array([1., 1., 1.]), colorSpace='rgb', contrast=1.0, depth=0, draggable=False, flipHoriz=np.False_, flipVert=np.False_, image=str(...), interpolate=True, mask=None, maskParams=None, name='unnamed ImageStim', opacity=1, ori=0.0, pos=array([-0.27,  0.  ]), size=array([0.22, 0.35]), texRes=128, units='height', win=Window(...))
176.0206 	EXP 	Created unnamed ImageStim = ImageStim(__class__=<class 'psychopy.visual.image.ImageStim'>, anchor=('center', 'center'), autoLog=True, color=array([1., 1., 1.]), colorSpace='rgb', contrast=1.0, depth=0, draggable=False, flipHoriz=np.False_, flipVert=np.False_, image=str(...), interpolate=True, mask=None, maskParams=None, name='unnamed ImageStim', opacity=1, ori=0.0, pos=array([0., 0.]), size=array([0.22, 0.35]), texRes=128, units='height', win=Window(...))
176.0451 	EXP 	Created unnamed ImageStim = ImageStim(__class__=<class 'psychopy.visual.image.ImageStim'>, anchor=('center', 'center'), autoLog=True, color=array([1., 1., 1.]), colorSpace='rgb', contrast=1.0, depth=0, draggable=False, flipHoriz=np.False_, flipVert=np.False_, image=str(...), interpolate=True, mask=None, maskParams=None, name='unnamed ImageStim', opacity=1, ori=0.0, pos=array([0.27, 0.  ]), size=array([0.22, 0.35]), texRes=128, units='height', win=Window(...))
176.0589 	EXP 	Created unnamed ImageStim = ImageStim(__class__=<class 'psychopy.visual.image.ImageStim'>, anchor=('center', 'center'), autoLog=True, color=array([1., 1., 1.]), colorSpace='rgb', contrast=1.0, depth=0, draggable=False, flipHoriz=np.False_, flipVert=np.False_, image=str(...), interpolate=True, mask=None, maskParams=None, name='unnamed ImageStim', opacity=1, ori=0.0, pos=array([-0.135,  0.   ]), size=array([0.035, 0.035]), texRes=128, units='height', win=Window(...))
176.0726 	EXP 	Created unnamed ImageStim = ImageStim(__class__=<class 'psychopy.visual.image.ImageStim'>, anchor=('center', 'center'), autoLog=True, color=array([1., 1., 1.]), colorSpace='rgb', contrast=1.0, depth=0, draggable=False, flipHoriz=np.False_, flipVert=np.False_, image=str(...), interpolate=True, mask=None, maskParams=None, name='unnamed ImageStim', opacity=1, ori=0.0, pos=array([0.135, 0.   ]), size=array([0.035, 0.035]), texRes=128, units='height', win=Window(...))
176.0927 	EXP 	MainTrial_keep_alive: autoDraw = False
176.0927 	EXP 	MainTrial_keep_alive: autoDraw = True
176.3489 	DATA 	Keypress: space
176.7685 	DATA 	Keypress: space
177.1718 	DATA 	Keypress: space
177.5988 	DATA 	Keypress: space
177.6555 	EXP 	New trial (rep=0, index=18): <Trial 18 (18 in rep 0) data={'trial_id': 'd021_set1_it_ic', 'random_order': np.int64(19), 'dataset_number': np.int64(21), 'dataset_slug': '021_cough_burn_bottles', 'dataset_label': 'cough_burn_bottles', 'stimulus_set': np.int64(1), 'condition_id': 'it_ic', 'condition_name': 'intransitive_incohesive', 'cohesion': 'incohesive', 'transitivity': 'intransitive', 'n_images': np.int64(3), 'img1': 'MainStimuli/021_cough_burn_bottles/ic_1.png', 'img1_role': 'ic_1', 'img2': 'MainStimuli/021_cough_burn_bottles/it_target.png', 'img2_role': 'it_target', 'img3': 'MainStimuli/021_cough_burn_bottles/end_ic_it.png', 'img3_role': 'end_ic_it', 'img4': None, 'img4_role': None, 'between_image': 'BetweenTrials/1752221802086.jpg', 'audio_probe': np.int64(1), 'between_audio': 'Audio/tsakyali.wav', 'between_audio_lock_sec': np.int64(10), 'source_dataset_folder': '/Users/matveikurzukov/Library/CloudStorage/GoogleDrive-apazent@gmail.com/.shortcut-targets-by-id/1exBA-7XrpLfZc6s8oGNYTbmjGsu5dT6p/Gurung stimuli/21_cough_burn bottles', 'thisN': 18, 'thisTrialN': 18, 'thisRepN': 0}>
177.6806 	EXP 	Created unnamed ImageStim = ImageStim(__class__=<class 'psychopy.visual.image.ImageStim'>, anchor=('center', 'center'), autoLog=True, color=array([1., 1., 1.]), colorSpace='rgb', contrast=1.0, depth=0, draggable=False, flipHoriz=np.False_, flipVert=np.False_, image=str(...), interpolate=True, mask=None, maskParams=None, name='unnamed ImageStim', opacity=1, ori=0.0, pos=array([-0.27,  0.  ]), size=array([0.22, 0.35]), texRes=128, units='height', win=Window(...))
177.7068 	EXP 	Created unnamed ImageStim = ImageStim(__class__=<class 'psychopy.visual.image.ImageStim'>, anchor=('center', 'center'), autoLog=True, color=array([1., 1., 1.]), colorSpace='rgb', contrast=1.0, depth=0, draggable=False, flipHoriz=np.False_, flipVert=np.False_, image=str(...), interpolate=True, mask=None, maskParams=None, name='unnamed ImageStim', opacity=1, ori=0.0, pos=array([0., 0.]), size=array([0.22, 0.35]), texRes=128, units='height', win=Window(...))
177.7334 	EXP 	Created unnamed ImageStim = ImageStim(__class__=<class 'psychopy.visual.image.ImageStim'>, anchor=('center', 'center'), autoLog=True, color=array([1., 1., 1.]), colorSpace='rgb', contrast=1.0, depth=0, draggable=False, flipHoriz=np.False_, flipVert=np.False_, image=str(...), interpolate=True, mask=None, maskParams=None, name='unnamed ImageStim', opacity=1, ori=0.0, pos=array([0.27, 0.  ]), size=array([0.22, 0.35]), texRes=128, units='height', win=Window(...))
177.7463 	EXP 	Created unnamed ImageStim = ImageStim(__class__=<class 'psychopy.visual.image.ImageStim'>, anchor=('center', 'center'), autoLog=True, color=array([1., 1., 1.]), colorSpace='rgb', contrast=1.0, depth=0, draggable=False, flipHoriz=np.False_, flipVert=np.False_, image=str(...), interpolate=True, mask=None, maskParams=None, name='unnamed ImageStim', opacity=1, ori=0.0, pos=array([-0.135,  0.   ]), size=array([0.035, 0.035]), texRes=128, units='height', win=Window(...))
177.7594 	EXP 	Created unnamed ImageStim = ImageStim(__class__=<class 'psychopy.visual.image.ImageStim'>, anchor=('center', 'center'), autoLog=True, color=array([1., 1., 1.]), colorSpace='rgb', contrast=1.0, depth=0, draggable=False, flipHoriz=np.False_, flipVert=np.False_, image=str(...), interpolate=True, mask=None, maskParams=None, name='unnamed ImageStim', opacity=1, ori=0.0, pos=array([0.135, 0.   ]), size=array([0.035, 0.035]), texRes=128, units='height', win=Window(...))
177.8065 	EXP 	: sampleRate = 48000
177.8065 	EXP 	: channels = None
177.8066 	EXP 	: sampleRate = 48000
177.8072 	EXP 	Sound  reached end of file
177.8072 	EXP 	Playing sound  on speaker MacBook Air Speakers
177.8259 	EXP 	MainTrial_keep_alive: autoDraw = False
177.8259 	EXP 	MainTrial_keep_alive: autoDraw = True
178.0489 	DATA 	Keypress: space
179.7211 	DATA 	Keypress: space
181.4715 	DATA 	Keypress: space
182.6980 	DATA 	Keypress: space
185.9636 	DATA 	Keypress: space
188.3299 	DATA 	Keypress: space
188.3426 	EXP 	Sound  stopped
188.8659 	DATA 	Keypress: space
189.2984 	DATA 	Keypress: space
189.7389 	DATA 	Keypress: space
189.7929 	EXP 	New trial (rep=0, index=19): <Trial 19 (19 in rep 0) data={'trial_id': 'd016_set1_it_coh', 'random_order': np.int64(20), 'dataset_number': np.int64(16), 'dataset_slug': '016_sleep_wash_dish', 'dataset_label': 'sleep_wash_dish', 'stimulus_set': np.int64(1), 'condition_id': 'it_coh', 'condition_name': 'intransitive_cohesive', 'cohesion': 'cohesive', 'transitivity': 'intransitive', 'n_images': np.int64(4), 'img1': 'MainStimuli/016_sleep_wash_dish/coh_1.png', 'img1_role': 'coh_1', 'img2': 'MainStimuli/016_sleep_wash_dish/coh_2.png', 'img2_role': 'coh_2', 'img3': 'MainStimuli/016_sleep_wash_dish/it_target.png', 'img3_role': 'it_target', 'img4': 'MainStimuli/016_sleep_wash_dish/end_coh_it.png', 'img4_role': 'end_coh_it', 'between_image': 'BetweenTrials/img-20250813-wa0011.jpg', 'audio_probe': np.int64(0), 'between_audio': None, 'between_audio_lock_sec': np.int64(0), 'source_dataset_folder': '/Users/matveikurzukov/Library/CloudStorage/GoogleDrive-apazent@gmail.com/.shortcut-targets-by-id/1exBA-7XrpLfZc6s8oGNYTbmjGsu5dT6p/Gurung stimuli/16_sleep_wash dish', 'thisN': 19, 'thisTrialN': 19, 'thisRepN': 0}>
189.8264 	EXP 	Created unnamed ImageStim = ImageStim(__class__=<class 'psychopy.visual.image.ImageStim'>, anchor=('center', 'center'), autoLog=True, color=array([1., 1., 1.]), colorSpace='rgb', contrast=1.0, depth=0, draggable=False, flipHoriz=np.False_, flipVert=np.False_, image=str(...), interpolate=True, mask=None, maskParams=None, name='unnamed ImageStim', opacity=1, ori=0.0, pos=array([-0.54,  0.  ]), size=array([0.22, 0.35]), texRes=128, units='height', win=Window(...))
189.8546 	EXP 	Created unnamed ImageStim = ImageStim(__class__=<class 'psychopy.visual.image.ImageStim'>, anchor=('center', 'center'), autoLog=True, color=array([1., 1., 1.]), colorSpace='rgb', contrast=1.0, depth=0, draggable=False, flipHoriz=np.False_, flipVert=np.False_, image=str(...), interpolate=True, mask=None, maskParams=None, name='unnamed ImageStim', opacity=1, ori=0.0, pos=array([-0.27,  0.  ]), size=array([0.22, 0.35]), texRes=128, units='height', win=Window(...))
189.8857 	EXP 	Created unnamed ImageStim = ImageStim(__class__=<class 'psychopy.visual.image.ImageStim'>, anchor=('center', 'center'), autoLog=True, color=array([1., 1., 1.]), colorSpace='rgb', contrast=1.0, depth=0, draggable=False, flipHoriz=np.False_, flipVert=np.False_, image=str(...), interpolate=True, mask=None, maskParams=None, name='unnamed ImageStim', opacity=1, ori=0.0, pos=array([0., 0.]), size=array([0.22, 0.35]), texRes=128, units='height', win=Window(...))
189.9157 	EXP 	Created unnamed ImageStim = ImageStim(__class__=<class 'psychopy.visual.image.ImageStim'>, anchor=('center', 'center'), autoLog=True, color=array([1., 1., 1.]), colorSpace='rgb', contrast=1.0, depth=0, draggable=False, flipHoriz=np.False_, flipVert=np.False_, image=str(...), interpolate=True, mask=None, maskParams=None, name='unnamed ImageStim', opacity=1, ori=0.0, pos=array([0.27, 0.  ]), size=array([0.22, 0.35]), texRes=128, units='height', win=Window(...))
189.9305 	EXP 	Created unnamed ImageStim = ImageStim(__class__=<class 'psychopy.visual.image.ImageStim'>, anchor=('center', 'center'), autoLog=True, color=array([1., 1., 1.]), colorSpace='rgb', contrast=1.0, depth=0, draggable=False, flipHoriz=np.False_, flipVert=np.False_, image=str(...), interpolate=True, mask=None, maskParams=None, name='unnamed ImageStim', opacity=1, ori=0.0, pos=array([-0.405,  0.   ]), size=array([0.035, 0.035]), texRes=128, units='height', win=Window(...))
189.9447 	EXP 	Created unnamed ImageStim = ImageStim(__class__=<class 'psychopy.visual.image.ImageStim'>, anchor=('center', 'center'), autoLog=True, color=array([1., 1., 1.]), colorSpace='rgb', contrast=1.0, depth=0, draggable=False, flipHoriz=np.False_, flipVert=np.False_, image=str(...), interpolate=True, mask=None, maskParams=None, name='unnamed ImageStim', opacity=1, ori=0.0, pos=array([-0.135,  0.   ]), size=array([0.035, 0.035]), texRes=128, units='height', win=Window(...))
189.9589 	EXP 	Created unnamed ImageStim = ImageStim(__class__=<class 'psychopy.visual.image.ImageStim'>, anchor=('center', 'center'), autoLog=True, color=array([1., 1., 1.]), colorSpace='rgb', contrast=1.0, depth=0, draggable=False, flipHoriz=np.False_, flipVert=np.False_, image=str(...), interpolate=True, mask=None, maskParams=None, name='unnamed ImageStim', opacity=1, ori=0.0, pos=array([0.135, 0.   ]), size=array([0.035, 0.035]), texRes=128, units='height', win=Window(...))
189.9754 	EXP 	MainTrial_keep_alive: autoDraw = False
189.9754 	EXP 	MainTrial_keep_alive: autoDraw = True
190.8372 	DATA 	Keypress: space
191.2625 	DATA 	Keypress: space
191.6479 	DATA 	Keypress: space
192.0457 	DATA 	Keypress: space
193.0066 	DATA 	Keypress: space
193.0636 	EXP 	New trial (rep=0, index=20): <Trial 20 (20 in rep 0) data={'trial_id': 'd014_set1_tr_coh', 'random_order': np.int64(21), 'dataset_number': np.int64(14), 'dataset_slug': '014_ascend_weave_raincoat', 'dataset_label': 'ascend_weave_raincoat', 'stimulus_set': np.int64(1), 'condition_id': 'tr_coh', 'condition_name': 'transitive_cohesive', 'cohesion': 'cohesive', 'transitivity': 'transitive', 'n_images': np.int64(3), 'img1': 'MainStimuli/014_ascend_weave_raincoat/coh_1.png', 'img1_role': 'coh_1', 'img2': 'MainStimuli/014_ascend_weave_raincoat/coh_2.png', 'img2_role': 'coh_2', 'img3': 'MainStimuli/014_ascend_weave_raincoat/tr_target.png', 'img3_role': 'tr_target', 'img4': None, 'img4_role': None, 'between_image': 'BetweenTrials/img_20260522_165652.jpg', 'audio_probe': np.int64(0), 'between_audio': None, 'between_audio_lock_sec': np.int64(0), 'source_dataset_folder': '/Users/matveikurzukov/Library/CloudStorage/GoogleDrive-apazent@gmail.com/.shortcut-targets-by-id/1exBA-7XrpLfZc6s8oGNYTbmjGsu5dT6p/Gurung stimuli/14_ascend_weave raincoat', 'thisN': 20, 'thisTrialN': 20, 'thisRepN': 0}>
193.0951 	EXP 	Created unnamed ImageStim = ImageStim(__class__=<class 'psychopy.visual.image.ImageStim'>, anchor=('center', 'center'), autoLog=True, color=array([1., 1., 1.]), colorSpace='rgb', contrast=1.0, depth=0, draggable=False, flipHoriz=np.False_, flipVert=np.False_, image=str(...), interpolate=True, mask=None, maskParams=None, name='unnamed ImageStim', opacity=1, ori=0.0, pos=array([-0.54,  0.  ]), size=array([0.22, 0.35]), texRes=128, units='height', win=Window(...))
193.1286 	EXP 	Created unnamed ImageStim = ImageStim(__class__=<class 'psychopy.visual.image.ImageStim'>, anchor=('center', 'center'), autoLog=True, color=array([1., 1., 1.]), colorSpace='rgb', contrast=1.0, depth=0, draggable=False, flipHoriz=np.False_, flipVert=np.False_, image=str(...), interpolate=True, mask=None, maskParams=None, name='unnamed ImageStim', opacity=1, ori=0.0, pos=array([-0.27,  0.  ]), size=array([0.22, 0.35]), texRes=128, units='height', win=Window(...))
193.1568 	EXP 	Created unnamed ImageStim = ImageStim(__class__=<class 'psychopy.visual.image.ImageStim'>, anchor=('center', 'center'), autoLog=True, color=array([1., 1., 1.]), colorSpace='rgb', contrast=1.0, depth=0, draggable=False, flipHoriz=np.False_, flipVert=np.False_, image=str(...), interpolate=True, mask=None, maskParams=None, name='unnamed ImageStim', opacity=1, ori=0.0, pos=array([0., 0.]), size=array([0.22, 0.35]), texRes=128, units='height', win=Window(...))
193.1709 	EXP 	Created unnamed ImageStim = ImageStim(__class__=<class 'psychopy.visual.image.ImageStim'>, anchor=('center', 'center'), autoLog=True, color=array([1., 1., 1.]), colorSpace='rgb', contrast=1.0, depth=0, draggable=False, flipHoriz=np.False_, flipVert=np.False_, image=str(...), interpolate=True, mask=None, maskParams=None, name='unnamed ImageStim', opacity=1, ori=0.0, pos=array([-0.405,  0.   ]), size=array([0.035, 0.035]), texRes=128, units='height', win=Window(...))
193.1841 	EXP 	Created unnamed ImageStim = ImageStim(__class__=<class 'psychopy.visual.image.ImageStim'>, anchor=('center', 'center'), autoLog=True, color=array([1., 1., 1.]), colorSpace='rgb', contrast=1.0, depth=0, draggable=False, flipHoriz=np.False_, flipVert=np.False_, image=str(...), interpolate=True, mask=None, maskParams=None, name='unnamed ImageStim', opacity=1, ori=0.0, pos=array([-0.135,  0.   ]), size=array([0.035, 0.035]), texRes=128, units='height', win=Window(...))
193.2089 	EXP 	MainTrial_keep_alive: autoDraw = False
193.2089 	EXP 	MainTrial_keep_alive: autoDraw = True
193.5558 	DATA 	Keypress: space
194.0471 	DATA 	Keypress: space
194.4973 	DATA 	Keypress: space
194.9985 	DATA 	Keypress: space
195.0601 	EXP 	New trial (rep=0, index=21): <Trial 21 (21 in rep 0) data={'trial_id': 'd024_set1_it_coh', 'random_order': np.int64(22), 'dataset_number': np.int64(24), 'dataset_slug': '024_descend_paint_bench', 'dataset_label': 'descend_paint_bench', 'stimulus_set': np.int64(1), 'condition_id': 'it_coh', 'condition_name': 'intransitive_cohesive', 'cohesion': 'cohesive', 'transitivity': 'intransitive', 'n_images': np.int64(4), 'img1': 'MainStimuli/024_descend_paint_bench/coh_1.png', 'img1_role': 'coh_1', 'img2': 'MainStimuli/024_descend_paint_bench/coh_2.png', 'img2_role': 'coh_2', 'img3': 'MainStimuli/024_descend_paint_bench/it_target.png', 'img3_role': 'it_target', 'img4': 'MainStimuli/024_descend_paint_bench/end_coh_it.png', 'img4_role': 'end_coh_it', 'between_image': 'BetweenTrials/img_20260522_165652.jpg', 'audio_probe': np.int64(0), 'between_audio': None, 'between_audio_lock_sec': np.int64(0), 'source_dataset_folder': '/Users/matveikurzukov/Library/CloudStorage/GoogleDrive-apazent@gmail.com/.shortcut-targets-by-id/1exBA-7XrpLfZc6s8oGNYTbmjGsu5dT6p/Gurung stimuli/24_descend_paint bench', 'thisN': 21, 'thisTrialN': 21, 'thisRepN': 0}>
195.0921 	EXP 	Created unnamed ImageStim = ImageStim(__class__=<class 'psychopy.visual.image.ImageStim'>, anchor=('center', 'center'), autoLog=True, color=array([1., 1., 1.]), colorSpace='rgb', contrast=1.0, depth=0, draggable=False, flipHoriz=np.False_, flipVert=np.False_, image=str(...), interpolate=True, mask=None, maskParams=None, name='unnamed ImageStim', opacity=1, ori=0.0, pos=array([-0.54,  0.  ]), size=array([0.22, 0.35]), texRes=128, units='height', win=Window(...))
195.1233 	EXP 	Created unnamed ImageStim = ImageStim(__class__=<class 'psychopy.visual.image.ImageStim'>, anchor=('center', 'center'), autoLog=True, color=array([1., 1., 1.]), colorSpace='rgb', contrast=1.0, depth=0, draggable=False, flipHoriz=np.False_, flipVert=np.False_, image=str(...), interpolate=True, mask=None, maskParams=None, name='unnamed ImageStim', opacity=1, ori=0.0, pos=array([-0.27,  0.  ]), size=array([0.22, 0.35]), texRes=128, units='height', win=Window(...))
195.1531 	EXP 	Created unnamed ImageStim = ImageStim(__class__=<class 'psychopy.visual.image.ImageStim'>, anchor=('center', 'center'), autoLog=True, color=array([1., 1., 1.]), colorSpace='rgb', contrast=1.0, depth=0, draggable=False, flipHoriz=np.False_, flipVert=np.False_, image=str(...), interpolate=True, mask=None, maskParams=None, name='unnamed ImageStim', opacity=1, ori=0.0, pos=array([0., 0.]), size=array([0.22, 0.35]), texRes=128, units='height', win=Window(...))
195.1825 	EXP 	Created unnamed ImageStim = ImageStim(__class__=<class 'psychopy.visual.image.ImageStim'>, anchor=('center', 'center'), autoLog=True, color=array([1., 1., 1.]), colorSpace='rgb', contrast=1.0, depth=0, draggable=False, flipHoriz=np.False_, flipVert=np.False_, image=str(...), interpolate=True, mask=None, maskParams=None, name='unnamed ImageStim', opacity=1, ori=0.0, pos=array([0.27, 0.  ]), size=array([0.22, 0.35]), texRes=128, units='height', win=Window(...))
195.1961 	EXP 	Created unnamed ImageStim = ImageStim(__class__=<class 'psychopy.visual.image.ImageStim'>, anchor=('center', 'center'), autoLog=True, color=array([1., 1., 1.]), colorSpace='rgb', contrast=1.0, depth=0, draggable=False, flipHoriz=np.False_, flipVert=np.False_, image=str(...), interpolate=True, mask=None, maskParams=None, name='unnamed ImageStim', opacity=1, ori=0.0, pos=array([-0.405,  0.   ]), size=array([0.035, 0.035]), texRes=128, units='height', win=Window(...))
195.2096 	EXP 	Created unnamed ImageStim = ImageStim(__class__=<class 'psychopy.visual.image.ImageStim'>, anchor=('center', 'center'), autoLog=True, color=array([1., 1., 1.]), colorSpace='rgb', contrast=1.0, depth=0, draggable=False, flipHoriz=np.False_, flipVert=np.False_, image=str(...), interpolate=True, mask=None, maskParams=None, name='unnamed ImageStim', opacity=1, ori=0.0, pos=array([-0.135,  0.   ]), size=array([0.035, 0.035]), texRes=128, units='height', win=Window(...))
195.2245 	EXP 	Created unnamed ImageStim = ImageStim(__class__=<class 'psychopy.visual.image.ImageStim'>, anchor=('center', 'center'), autoLog=True, color=array([1., 1., 1.]), colorSpace='rgb', contrast=1.0, depth=0, draggable=False, flipHoriz=np.False_, flipVert=np.False_, image=str(...), interpolate=True, mask=None, maskParams=None, name='unnamed ImageStim', opacity=1, ori=0.0, pos=array([0.135, 0.   ]), size=array([0.035, 0.035]), texRes=128, units='height', win=Window(...))
195.2417 	EXP 	MainTrial_keep_alive: autoDraw = False
195.2417 	EXP 	MainTrial_keep_alive: autoDraw = True
195.9324 	DATA 	Keypress: space
196.4294 	DATA 	Keypress: space
196.8605 	DATA 	Keypress: space
198.6961 	DATA 	Keypress: space
200.9519 	DATA 	Keypress: space
201.0048 	EXP 	New trial (rep=0, index=22): <Trial 22 (22 in rep 0) data={'trial_id': 'd005_set1_it_coh', 'random_order': np.int64(23), 'dataset_number': np.int64(5), 'dataset_slug': '005_rest_build_wall', 'dataset_label': 'rest_build_wall', 'stimulus_set': np.int64(1), 'condition_id': 'it_coh', 'condition_name': 'intransitive_cohesive', 'cohesion': 'cohesive', 'transitivity': 'intransitive', 'n_images': np.int64(4), 'img1': 'MainStimuli/005_rest_build_wall/coh_1.png', 'img1_role': 'coh_1', 'img2': 'MainStimuli/005_rest_build_wall/coh_2.png', 'img2_role': 'coh_2', 'img3': 'MainStimuli/005_rest_build_wall/it_target.png', 'img3_role': 'it_target', 'img4': 'MainStimuli/005_rest_build_wall/end_coh_it.png', 'img4_role': 'end_coh_it', 'between_image': 'BetweenTrials/img_20260522_165652.jpg', 'audio_probe': np.int64(0), 'between_audio': None, 'between_audio_lock_sec': np.int64(0), 'source_dataset_folder': '/Users/matveikurzukov/Library/CloudStorage/GoogleDrive-apazent@gmail.com/.shortcut-targets-by-id/1exBA-7XrpLfZc6s8oGNYTbmjGsu5dT6p/Gurung stimuli/5_rest_build wall', 'thisN': 22, 'thisTrialN': 22, 'thisRepN': 0}>
201.0343 	EXP 	Created unnamed ImageStim = ImageStim(__class__=<class 'psychopy.visual.image.ImageStim'>, anchor=('center', 'center'), autoLog=True, color=array([1., 1., 1.]), colorSpace='rgb', contrast=1.0, depth=0, draggable=False, flipHoriz=np.False_, flipVert=np.False_, image=str(...), interpolate=True, mask=None, maskParams=None, name='unnamed ImageStim', opacity=1, ori=0.0, pos=array([-0.54,  0.  ]), size=array([0.22, 0.35]), texRes=128, units='height', win=Window(...))
201.0619 	EXP 	Created unnamed ImageStim = ImageStim(__class__=<class 'psychopy.visual.image.ImageStim'>, anchor=('center', 'center'), autoLog=True, color=array([1., 1., 1.]), colorSpace='rgb', contrast=1.0, depth=0, draggable=False, flipHoriz=np.False_, flipVert=np.False_, image=str(...), interpolate=True, mask=None, maskParams=None, name='unnamed ImageStim', opacity=1, ori=0.0, pos=array([-0.27,  0.  ]), size=array([0.22, 0.35]), texRes=128, units='height', win=Window(...))
201.0889 	EXP 	Created unnamed ImageStim = ImageStim(__class__=<class 'psychopy.visual.image.ImageStim'>, anchor=('center', 'center'), autoLog=True, color=array([1., 1., 1.]), colorSpace='rgb', contrast=1.0, depth=0, draggable=False, flipHoriz=np.False_, flipVert=np.False_, image=str(...), interpolate=True, mask=None, maskParams=None, name='unnamed ImageStim', opacity=1, ori=0.0, pos=array([0., 0.]), size=array([0.22, 0.35]), texRes=128, units='height', win=Window(...))
201.1163 	EXP 	Created unnamed ImageStim = ImageStim(__class__=<class 'psychopy.visual.image.ImageStim'>, anchor=('center', 'center'), autoLog=True, color=array([1., 1., 1.]), colorSpace='rgb', contrast=1.0, depth=0, draggable=False, flipHoriz=np.False_, flipVert=np.False_, image=str(...), interpolate=True, mask=None, maskParams=None, name='unnamed ImageStim', opacity=1, ori=0.0, pos=array([0.27, 0.  ]), size=array([0.22, 0.35]), texRes=128, units='height', win=Window(...))
201.1292 	EXP 	Created unnamed ImageStim = ImageStim(__class__=<class 'psychopy.visual.image.ImageStim'>, anchor=('center', 'center'), autoLog=True, color=array([1., 1., 1.]), colorSpace='rgb', contrast=1.0, depth=0, draggable=False, flipHoriz=np.False_, flipVert=np.False_, image=str(...), interpolate=True, mask=None, maskParams=None, name='unnamed ImageStim', opacity=1, ori=0.0, pos=array([-0.405,  0.   ]), size=array([0.035, 0.035]), texRes=128, units='height', win=Window(...))
201.1421 	EXP 	Created unnamed ImageStim = ImageStim(__class__=<class 'psychopy.visual.image.ImageStim'>, anchor=('center', 'center'), autoLog=True, color=array([1., 1., 1.]), colorSpace='rgb', contrast=1.0, depth=0, draggable=False, flipHoriz=np.False_, flipVert=np.False_, image=str(...), interpolate=True, mask=None, maskParams=None, name='unnamed ImageStim', opacity=1, ori=0.0, pos=array([-0.135,  0.   ]), size=array([0.035, 0.035]), texRes=128, units='height', win=Window(...))
201.1559 	EXP 	Created unnamed ImageStim = ImageStim(__class__=<class 'psychopy.visual.image.ImageStim'>, anchor=('center', 'center'), autoLog=True, color=array([1., 1., 1.]), colorSpace='rgb', contrast=1.0, depth=0, draggable=False, flipHoriz=np.False_, flipVert=np.False_, image=str(...), interpolate=True, mask=None, maskParams=None, name='unnamed ImageStim', opacity=1, ori=0.0, pos=array([0.135, 0.   ]), size=array([0.035, 0.035]), texRes=128, units='height', win=Window(...))
201.1746 	EXP 	MainTrial_keep_alive: autoDraw = False
201.1746 	EXP 	MainTrial_keep_alive: autoDraw = True
201.5158 	DATA 	Keypress: space
201.9734 	DATA 	Keypress: space
202.3495 	DATA 	Keypress: space
202.6639 	DATA 	Keypress: space
203.0199 	DATA 	Keypress: space
203.0715 	EXP 	New trial (rep=0, index=23): <Trial 23 (23 in rep 0) data={'trial_id': 'd023_set1_tr_ic', 'random_order': np.int64(24), 'dataset_number': np.int64(23), 'dataset_slug': '023_stand_tear_paper', 'dataset_label': 'stand_tear_paper', 'stimulus_set': np.int64(1), 'condition_id': 'tr_ic', 'condition_name': 'transitive_incohesive', 'cohesion': 'incohesive', 'transitivity': 'transitive', 'n_images': np.int64(3), 'img1': 'MainStimuli/023_stand_tear_paper/ic_1.png', 'img1_role': 'ic_1', 'img2': 'MainStimuli/023_stand_tear_paper/tr_target.png', 'img2_role': 'tr_target', 'img3': 'MainStimuli/023_stand_tear_paper/end_ic_tr.png', 'img3_role': 'end_ic_tr', 'img4': None, 'img4_role': None, 'between_image': 'BetweenTrials/1752221802086.jpg', 'audio_probe': np.int64(0), 'between_audio': None, 'between_audio_lock_sec': np.int64(0), 'source_dataset_folder': '/Users/matveikurzukov/Library/CloudStorage/GoogleDrive-apazent@gmail.com/.shortcut-targets-by-id/1exBA-7XrpLfZc6s8oGNYTbmjGsu5dT6p/Gurung stimuli/23_stand_tear paper', 'thisN': 23, 'thisTrialN': 23, 'thisRepN': 0}>
203.0987 	EXP 	Created unnamed ImageStim = ImageStim(__class__=<class 'psychopy.visual.image.ImageStim'>, anchor=('center', 'center'), autoLog=True, color=array([1., 1., 1.]), colorSpace='rgb', contrast=1.0, depth=0, draggable=False, flipHoriz=np.False_, flipVert=np.False_, image=str(...), interpolate=True, mask=None, maskParams=None, name='unnamed ImageStim', opacity=1, ori=0.0, pos=array([-0.27,  0.  ]), size=array([0.22, 0.35]), texRes=128, units='height', win=Window(...))
203.1249 	EXP 	Created unnamed ImageStim = ImageStim(__class__=<class 'psychopy.visual.image.ImageStim'>, anchor=('center', 'center'), autoLog=True, color=array([1., 1., 1.]), colorSpace='rgb', contrast=1.0, depth=0, draggable=False, flipHoriz=np.False_, flipVert=np.False_, image=str(...), interpolate=True, mask=None, maskParams=None, name='unnamed ImageStim', opacity=1, ori=0.0, pos=array([0., 0.]), size=array([0.22, 0.35]), texRes=128, units='height', win=Window(...))
203.1525 	EXP 	Created unnamed ImageStim = ImageStim(__class__=<class 'psychopy.visual.image.ImageStim'>, anchor=('center', 'center'), autoLog=True, color=array([1., 1., 1.]), colorSpace='rgb', contrast=1.0, depth=0, draggable=False, flipHoriz=np.False_, flipVert=np.False_, image=str(...), interpolate=True, mask=None, maskParams=None, name='unnamed ImageStim', opacity=1, ori=0.0, pos=array([0.27, 0.  ]), size=array([0.22, 0.35]), texRes=128, units='height', win=Window(...))
203.1658 	EXP 	Created unnamed ImageStim = ImageStim(__class__=<class 'psychopy.visual.image.ImageStim'>, anchor=('center', 'center'), autoLog=True, color=array([1., 1., 1.]), colorSpace='rgb', contrast=1.0, depth=0, draggable=False, flipHoriz=np.False_, flipVert=np.False_, image=str(...), interpolate=True, mask=None, maskParams=None, name='unnamed ImageStim', opacity=1, ori=0.0, pos=array([-0.135,  0.   ]), size=array([0.035, 0.035]), texRes=128, units='height', win=Window(...))
203.1787 	EXP 	Created unnamed ImageStim = ImageStim(__class__=<class 'psychopy.visual.image.ImageStim'>, anchor=('center', 'center'), autoLog=True, color=array([1., 1., 1.]), colorSpace='rgb', contrast=1.0, depth=0, draggable=False, flipHoriz=np.False_, flipVert=np.False_, image=str(...), interpolate=True, mask=None, maskParams=None, name='unnamed ImageStim', opacity=1, ori=0.0, pos=array([0.135, 0.   ]), size=array([0.035, 0.035]), texRes=128, units='height', win=Window(...))
203.2079 	EXP 	MainTrial_keep_alive: autoDraw = False
203.2079 	EXP 	MainTrial_keep_alive: autoDraw = True
203.5153 	DATA 	Keypress: space
203.8834 	DATA 	Keypress: space
204.2304 	DATA 	Keypress: space
204.6165 	DATA 	Keypress: space
204.6712 	EXP 	New trial (rep=0, index=24): <Trial 24 (24 in rep 0) data={'trial_id': 'd016_set1_tr_ic', 'random_order': np.int64(25), 'dataset_number': np.int64(16), 'dataset_slug': '016_sleep_wash_dish', 'dataset_label': 'sleep_wash_dish', 'stimulus_set': np.int64(1), 'condition_id': 'tr_ic', 'condition_name': 'transitive_incohesive', 'cohesion': 'incohesive', 'transitivity': 'transitive', 'n_images': np.int64(3), 'img1': 'MainStimuli/016_sleep_wash_dish/ic_1.png', 'img1_role': 'ic_1', 'img2': 'MainStimuli/016_sleep_wash_dish/tr_target.png', 'img2_role': 'tr_target', 'img3': 'MainStimuli/016_sleep_wash_dish/end_ic_tr.png', 'img3_role': 'end_ic_tr', 'img4': None, 'img4_role': None, 'between_image': 'BetweenTrials/1752221802086.jpg', 'audio_probe': np.int64(0), 'between_audio': None, 'between_audio_lock_sec': np.int64(0), 'source_dataset_folder': '/Users/matveikurzukov/Library/CloudStorage/GoogleDrive-apazent@gmail.com/.shortcut-targets-by-id/1exBA-7XrpLfZc6s8oGNYTbmjGsu5dT6p/Gurung stimuli/16_sleep_wash dish', 'thisN': 24, 'thisTrialN': 24, 'thisRepN': 0}>
204.6990 	EXP 	Created unnamed ImageStim = ImageStim(__class__=<class 'psychopy.visual.image.ImageStim'>, anchor=('center', 'center'), autoLog=True, color=array([1., 1., 1.]), colorSpace='rgb', contrast=1.0, depth=0, draggable=False, flipHoriz=np.False_, flipVert=np.False_, image=str(...), interpolate=True, mask=None, maskParams=None, name='unnamed ImageStim', opacity=1, ori=0.0, pos=array([-0.27,  0.  ]), size=array([0.22, 0.35]), texRes=128, units='height', win=Window(...))
204.7257 	EXP 	Created unnamed ImageStim = ImageStim(__class__=<class 'psychopy.visual.image.ImageStim'>, anchor=('center', 'center'), autoLog=True, color=array([1., 1., 1.]), colorSpace='rgb', contrast=1.0, depth=0, draggable=False, flipHoriz=np.False_, flipVert=np.False_, image=str(...), interpolate=True, mask=None, maskParams=None, name='unnamed ImageStim', opacity=1, ori=0.0, pos=array([0., 0.]), size=array([0.22, 0.35]), texRes=128, units='height', win=Window(...))
204.7535 	EXP 	Created unnamed ImageStim = ImageStim(__class__=<class 'psychopy.visual.image.ImageStim'>, anchor=('center', 'center'), autoLog=True, color=array([1., 1., 1.]), colorSpace='rgb', contrast=1.0, depth=0, draggable=False, flipHoriz=np.False_, flipVert=np.False_, image=str(...), interpolate=True, mask=None, maskParams=None, name='unnamed ImageStim', opacity=1, ori=0.0, pos=array([0.27, 0.  ]), size=array([0.22, 0.35]), texRes=128, units='height', win=Window(...))
204.7669 	EXP 	Created unnamed ImageStim = ImageStim(__class__=<class 'psychopy.visual.image.ImageStim'>, anchor=('center', 'center'), autoLog=True, color=array([1., 1., 1.]), colorSpace='rgb', contrast=1.0, depth=0, draggable=False, flipHoriz=np.False_, flipVert=np.False_, image=str(...), interpolate=True, mask=None, maskParams=None, name='unnamed ImageStim', opacity=1, ori=0.0, pos=array([-0.135,  0.   ]), size=array([0.035, 0.035]), texRes=128, units='height', win=Window(...))
204.7803 	EXP 	Created unnamed ImageStim = ImageStim(__class__=<class 'psychopy.visual.image.ImageStim'>, anchor=('center', 'center'), autoLog=True, color=array([1., 1., 1.]), colorSpace='rgb', contrast=1.0, depth=0, draggable=False, flipHoriz=np.False_, flipVert=np.False_, image=str(...), interpolate=True, mask=None, maskParams=None, name='unnamed ImageStim', opacity=1, ori=0.0, pos=array([0.135, 0.   ]), size=array([0.035, 0.035]), texRes=128, units='height', win=Window(...))
204.8077 	EXP 	MainTrial_keep_alive: autoDraw = False
204.8077 	EXP 	MainTrial_keep_alive: autoDraw = True
205.1007 	DATA 	Keypress: space
205.4663 	DATA 	Keypress: space
205.7900 	DATA 	Keypress: space
206.1449 	DATA 	Keypress: space
206.2057 	EXP 	New trial (rep=0, index=25): <Trial 25 (25 in rep 0) data={'trial_id': 'd026_set1_tr_ic', 'random_order': np.int64(26), 'dataset_number': np.int64(26), 'dataset_slug': '026_sleep_drag_log', 'dataset_label': 'sleep_drag_log', 'stimulus_set': np.int64(1), 'condition_id': 'tr_ic', 'condition_name': 'transitive_incohesive', 'cohesion': 'incohesive', 'transitivity': 'transitive', 'n_images': np.int64(3), 'img1': 'MainStimuli/026_sleep_drag_log/ic_1.png', 'img1_role': 'ic_1', 'img2': 'MainStimuli/026_sleep_drag_log/tr_target.png', 'img2_role': 'tr_target', 'img3': 'MainStimuli/026_sleep_drag_log/end_ic_tr.png', 'img3_role': 'end_ic_tr', 'img4': None, 'img4_role': None, 'between_image': 'BetweenTrials/img-20250813-wa0011.jpg', 'audio_probe': np.int64(0), 'between_audio': None, 'between_audio_lock_sec': np.int64(0), 'source_dataset_folder': '/Users/matveikurzukov/Library/CloudStorage/GoogleDrive-apazent@gmail.com/.shortcut-targets-by-id/1exBA-7XrpLfZc6s8oGNYTbmjGsu5dT6p/Gurung stimuli/26_sleep_drag log', 'thisN': 25, 'thisTrialN': 25, 'thisRepN': 0}>
206.2343 	EXP 	Created unnamed ImageStim = ImageStim(__class__=<class 'psychopy.visual.image.ImageStim'>, anchor=('center', 'center'), autoLog=True, color=array([1., 1., 1.]), colorSpace='rgb', contrast=1.0, depth=0, draggable=False, flipHoriz=np.False_, flipVert=np.False_, image=str(...), interpolate=True, mask=None, maskParams=None, name='unnamed ImageStim', opacity=1, ori=0.0, pos=array([-0.27,  0.  ]), size=array([0.22, 0.35]), texRes=128, units='height', win=Window(...))
206.2644 	EXP 	Created unnamed ImageStim = ImageStim(__class__=<class 'psychopy.visual.image.ImageStim'>, anchor=('center', 'center'), autoLog=True, color=array([1., 1., 1.]), colorSpace='rgb', contrast=1.0, depth=0, draggable=False, flipHoriz=np.False_, flipVert=np.False_, image=str(...), interpolate=True, mask=None, maskParams=None, name='unnamed ImageStim', opacity=1, ori=0.0, pos=array([0., 0.]), size=array([0.22, 0.35]), texRes=128, units='height', win=Window(...))
206.2918 	EXP 	Created unnamed ImageStim = ImageStim(__class__=<class 'psychopy.visual.image.ImageStim'>, anchor=('center', 'center'), autoLog=True, color=array([1., 1., 1.]), colorSpace='rgb', contrast=1.0, depth=0, draggable=False, flipHoriz=np.False_, flipVert=np.False_, image=str(...), interpolate=True, mask=None, maskParams=None, name='unnamed ImageStim', opacity=1, ori=0.0, pos=array([0.27, 0.  ]), size=array([0.22, 0.35]), texRes=128, units='height', win=Window(...))
206.3050 	EXP 	Created unnamed ImageStim = ImageStim(__class__=<class 'psychopy.visual.image.ImageStim'>, anchor=('center', 'center'), autoLog=True, color=array([1., 1., 1.]), colorSpace='rgb', contrast=1.0, depth=0, draggable=False, flipHoriz=np.False_, flipVert=np.False_, image=str(...), interpolate=True, mask=None, maskParams=None, name='unnamed ImageStim', opacity=1, ori=0.0, pos=array([-0.135,  0.   ]), size=array([0.035, 0.035]), texRes=128, units='height', win=Window(...))
206.3182 	EXP 	Created unnamed ImageStim = ImageStim(__class__=<class 'psychopy.visual.image.ImageStim'>, anchor=('center', 'center'), autoLog=True, color=array([1., 1., 1.]), colorSpace='rgb', contrast=1.0, depth=0, draggable=False, flipHoriz=np.False_, flipVert=np.False_, image=str(...), interpolate=True, mask=None, maskParams=None, name='unnamed ImageStim', opacity=1, ori=0.0, pos=array([0.135, 0.   ]), size=array([0.035, 0.035]), texRes=128, units='height', win=Window(...))
206.3413 	EXP 	MainTrial_keep_alive: autoDraw = False
206.3413 	EXP 	MainTrial_keep_alive: autoDraw = True
206.5599 	DATA 	Keypress: space
206.9302 	DATA 	Keypress: space
207.2503 	DATA 	Keypress: space
207.6145 	DATA 	Keypress: space
207.6713 	EXP 	New trial (rep=0, index=26): <Trial 26 (26 in rep 0) data={'trial_id': 'd021_set1_tr_coh', 'random_order': np.int64(27), 'dataset_number': np.int64(21), 'dataset_slug': '021_cough_burn_bottles', 'dataset_label': 'cough_burn_bottles', 'stimulus_set': np.int64(1), 'condition_id': 'tr_coh', 'condition_name': 'transitive_cohesive', 'cohesion': 'cohesive', 'transitivity': 'transitive', 'n_images': np.int64(3), 'img1': 'MainStimuli/021_cough_burn_bottles/coh_1.png', 'img1_role': 'coh_1', 'img2': 'MainStimuli/021_cough_burn_bottles/coh_2.png', 'img2_role': 'coh_2', 'img3': 'MainStimuli/021_cough_burn_bottles/tr_target.png', 'img3_role': 'tr_target', 'img4': None, 'img4_role': None, 'between_image': 'BetweenTrials/img_20260522_165652.jpg', 'audio_probe': np.int64(0), 'between_audio': None, 'between_audio_lock_sec': np.int64(0), 'source_dataset_folder': '/Users/matveikurzukov/Library/CloudStorage/GoogleDrive-apazent@gmail.com/.shortcut-targets-by-id/1exBA-7XrpLfZc6s8oGNYTbmjGsu5dT6p/Gurung stimuli/21_cough_burn bottles', 'thisN': 26, 'thisTrialN': 26, 'thisRepN': 0}>
207.6996 	EXP 	Created unnamed ImageStim = ImageStim(__class__=<class 'psychopy.visual.image.ImageStim'>, anchor=('center', 'center'), autoLog=True, color=array([1., 1., 1.]), colorSpace='rgb', contrast=1.0, depth=0, draggable=False, flipHoriz=np.False_, flipVert=np.False_, image=str(...), interpolate=True, mask=None, maskParams=None, name='unnamed ImageStim', opacity=1, ori=0.0, pos=array([-0.54,  0.  ]), size=array([0.22, 0.35]), texRes=128, units='height', win=Window(...))
207.7257 	EXP 	Created unnamed ImageStim = ImageStim(__class__=<class 'psychopy.visual.image.ImageStim'>, anchor=('center', 'center'), autoLog=True, color=array([1., 1., 1.]), colorSpace='rgb', contrast=1.0, depth=0, draggable=False, flipHoriz=np.False_, flipVert=np.False_, image=str(...), interpolate=True, mask=None, maskParams=None, name='unnamed ImageStim', opacity=1, ori=0.0, pos=array([-0.27,  0.  ]), size=array([0.22, 0.35]), texRes=128, units='height', win=Window(...))
207.7524 	EXP 	Created unnamed ImageStim = ImageStim(__class__=<class 'psychopy.visual.image.ImageStim'>, anchor=('center', 'center'), autoLog=True, color=array([1., 1., 1.]), colorSpace='rgb', contrast=1.0, depth=0, draggable=False, flipHoriz=np.False_, flipVert=np.False_, image=str(...), interpolate=True, mask=None, maskParams=None, name='unnamed ImageStim', opacity=1, ori=0.0, pos=array([0., 0.]), size=array([0.22, 0.35]), texRes=128, units='height', win=Window(...))
207.7654 	EXP 	Created unnamed ImageStim = ImageStim(__class__=<class 'psychopy.visual.image.ImageStim'>, anchor=('center', 'center'), autoLog=True, color=array([1., 1., 1.]), colorSpace='rgb', contrast=1.0, depth=0, draggable=False, flipHoriz=np.False_, flipVert=np.False_, image=str(...), interpolate=True, mask=None, maskParams=None, name='unnamed ImageStim', opacity=1, ori=0.0, pos=array([-0.405,  0.   ]), size=array([0.035, 0.035]), texRes=128, units='height', win=Window(...))
207.7780 	EXP 	Created unnamed ImageStim = ImageStim(__class__=<class 'psychopy.visual.image.ImageStim'>, anchor=('center', 'center'), autoLog=True, color=array([1., 1., 1.]), colorSpace='rgb', contrast=1.0, depth=0, draggable=False, flipHoriz=np.False_, flipVert=np.False_, image=str(...), interpolate=True, mask=None, maskParams=None, name='unnamed ImageStim', opacity=1, ori=0.0, pos=array([-0.135,  0.   ]), size=array([0.035, 0.035]), texRes=128, units='height', win=Window(...))
207.8077 	EXP 	MainTrial_keep_alive: autoDraw = False
207.8077 	EXP 	MainTrial_keep_alive: autoDraw = True
207.9993 	DATA 	Keypress: space
208.3635 	DATA 	Keypress: space
208.7143 	DATA 	Keypress: space
209.0723 	DATA 	Keypress: space
209.1222 	EXP 	New trial (rep=0, index=27): <Trial 27 (27 in rep 0) data={'trial_id': 'd007_set1_tr_coh', 'random_order': np.int64(28), 'dataset_number': np.int64(7), 'dataset_slug': '007_sit_make_fire', 'dataset_label': 'sit_make_fire', 'stimulus_set': np.int64(1), 'condition_id': 'tr_coh', 'condition_name': 'transitive_cohesive', 'cohesion': 'cohesive', 'transitivity': 'transitive', 'n_images': np.int64(3), 'img1': 'MainStimuli/007_sit_make_fire/coh_1.png', 'img1_role': 'coh_1', 'img2': 'MainStimuli/007_sit_make_fire/coh_2.png', 'img2_role': 'coh_2', 'img3': 'MainStimuli/007_sit_make_fire/tr_target.png', 'img3_role': 'tr_target', 'img4': None, 'img4_role': None, 'between_image': 'BetweenTrials/img-20250813-wa0011.jpg', 'audio_probe': np.int64(0), 'between_audio': None, 'between_audio_lock_sec': np.int64(0), 'source_dataset_folder': '/Users/matveikurzukov/Library/CloudStorage/GoogleDrive-apazent@gmail.com/.shortcut-targets-by-id/1exBA-7XrpLfZc6s8oGNYTbmjGsu5dT6p/Gurung stimuli/7_sit_make fire', 'thisN': 27, 'thisTrialN': 27, 'thisRepN': 0}>
209.1486 	EXP 	Created unnamed ImageStim = ImageStim(__class__=<class 'psychopy.visual.image.ImageStim'>, anchor=('center', 'center'), autoLog=True, color=array([1., 1., 1.]), colorSpace='rgb', contrast=1.0, depth=0, draggable=False, flipHoriz=np.False_, flipVert=np.False_, image=str(...), interpolate=True, mask=None, maskParams=None, name='unnamed ImageStim', opacity=1, ori=0.0, pos=array([-0.54,  0.  ]), size=array([0.22, 0.35]), texRes=128, units='height', win=Window(...))
209.1748 	EXP 	Created unnamed ImageStim = ImageStim(__class__=<class 'psychopy.visual.image.ImageStim'>, anchor=('center', 'center'), autoLog=True, color=array([1., 1., 1.]), colorSpace='rgb', contrast=1.0, depth=0, draggable=False, flipHoriz=np.False_, flipVert=np.False_, image=str(...), interpolate=True, mask=None, maskParams=None, name='unnamed ImageStim', opacity=1, ori=0.0, pos=array([-0.27,  0.  ]), size=array([0.22, 0.35]), texRes=128, units='height', win=Window(...))
209.1998 	EXP 	Created unnamed ImageStim = ImageStim(__class__=<class 'psychopy.visual.image.ImageStim'>, anchor=('center', 'center'), autoLog=True, color=array([1., 1., 1.]), colorSpace='rgb', contrast=1.0, depth=0, draggable=False, flipHoriz=np.False_, flipVert=np.False_, image=str(...), interpolate=True, mask=None, maskParams=None, name='unnamed ImageStim', opacity=1, ori=0.0, pos=array([0., 0.]), size=array([0.22, 0.35]), texRes=128, units='height', win=Window(...))
209.2125 	EXP 	Created unnamed ImageStim = ImageStim(__class__=<class 'psychopy.visual.image.ImageStim'>, anchor=('center', 'center'), autoLog=True, color=array([1., 1., 1.]), colorSpace='rgb', contrast=1.0, depth=0, draggable=False, flipHoriz=np.False_, flipVert=np.False_, image=str(...), interpolate=True, mask=None, maskParams=None, name='unnamed ImageStim', opacity=1, ori=0.0, pos=array([-0.405,  0.   ]), size=array([0.035, 0.035]), texRes=128, units='height', win=Window(...))
209.2255 	EXP 	Created unnamed ImageStim = ImageStim(__class__=<class 'psychopy.visual.image.ImageStim'>, anchor=('center', 'center'), autoLog=True, color=array([1., 1., 1.]), colorSpace='rgb', contrast=1.0, depth=0, draggable=False, flipHoriz=np.False_, flipVert=np.False_, image=str(...), interpolate=True, mask=None, maskParams=None, name='unnamed ImageStim', opacity=1, ori=0.0, pos=array([-0.135,  0.   ]), size=array([0.035, 0.035]), texRes=128, units='height', win=Window(...))
209.2408 	EXP 	MainTrial_keep_alive: autoDraw = False
209.2408 	EXP 	MainTrial_keep_alive: autoDraw = True
209.5132 	DATA 	Keypress: space
209.9143 	DATA 	Keypress: space
210.2766 	DATA 	Keypress: space
210.6643 	DATA 	Keypress: space
210.7211 	EXP 	New trial (rep=0, index=28): <Trial 28 (28 in rep 0) data={'trial_id': 'd022_set1_it_ic', 'random_order': np.int64(29), 'dataset_number': np.int64(22), 'dataset_slug': '022_come_push_chest', 'dataset_label': 'come_push_chest', 'stimulus_set': np.int64(1), 'condition_id': 'it_ic', 'condition_name': 'intransitive_incohesive', 'cohesion': 'incohesive', 'transitivity': 'intransitive', 'n_images': np.int64(3), 'img1': 'MainStimuli/022_come_push_chest/ic_1.png', 'img1_role': 'ic_1', 'img2': 'MainStimuli/022_come_push_chest/it_target.png', 'img2_role': 'it_target', 'img3': 'MainStimuli/022_come_push_chest/end_ic_it.png', 'img3_role': 'end_ic_it', 'img4': None, 'img4_role': None, 'between_image': 'BetweenTrials/1752221806065.jpg', 'audio_probe': np.int64(0), 'between_audio': None, 'between_audio_lock_sec': np.int64(0), 'source_dataset_folder': '/Users/matveikurzukov/Library/CloudStorage/GoogleDrive-apazent@gmail.com/.shortcut-targets-by-id/1exBA-7XrpLfZc6s8oGNYTbmjGsu5dT6p/Gurung stimuli/22_come_push chest', 'thisN': 28, 'thisTrialN': 28, 'thisRepN': 0}>
210.7481 	EXP 	Created unnamed ImageStim = ImageStim(__class__=<class 'psychopy.visual.image.ImageStim'>, anchor=('center', 'center'), autoLog=True, color=array([1., 1., 1.]), colorSpace='rgb', contrast=1.0, depth=0, draggable=False, flipHoriz=np.False_, flipVert=np.False_, image=str(...), interpolate=True, mask=None, maskParams=None, name='unnamed ImageStim', opacity=1, ori=0.0, pos=array([-0.27,  0.  ]), size=array([0.22, 0.35]), texRes=128, units='height', win=Window(...))
210.7777 	EXP 	Created unnamed ImageStim = ImageStim(__class__=<class 'psychopy.visual.image.ImageStim'>, anchor=('center', 'center'), autoLog=True, color=array([1., 1., 1.]), colorSpace='rgb', contrast=1.0, depth=0, draggable=False, flipHoriz=np.False_, flipVert=np.False_, image=str(...), interpolate=True, mask=None, maskParams=None, name='unnamed ImageStim', opacity=1, ori=0.0, pos=array([0., 0.]), size=array([0.22, 0.35]), texRes=128, units='height', win=Window(...))
210.8041 	EXP 	Created unnamed ImageStim = ImageStim(__class__=<class 'psychopy.visual.image.ImageStim'>, anchor=('center', 'center'), autoLog=True, color=array([1., 1., 1.]), colorSpace='rgb', contrast=1.0, depth=0, draggable=False, flipHoriz=np.False_, flipVert=np.False_, image=str(...), interpolate=True, mask=None, maskParams=None, name='unnamed ImageStim', opacity=1, ori=0.0, pos=array([0.27, 0.  ]), size=array([0.22, 0.35]), texRes=128, units='height', win=Window(...))
210.8168 	EXP 	Created unnamed ImageStim = ImageStim(__class__=<class 'psychopy.visual.image.ImageStim'>, anchor=('center', 'center'), autoLog=True, color=array([1., 1., 1.]), colorSpace='rgb', contrast=1.0, depth=0, draggable=False, flipHoriz=np.False_, flipVert=np.False_, image=str(...), interpolate=True, mask=None, maskParams=None, name='unnamed ImageStim', opacity=1, ori=0.0, pos=array([-0.135,  0.   ]), size=array([0.035, 0.035]), texRes=128, units='height', win=Window(...))
210.8297 	EXP 	Created unnamed ImageStim = ImageStim(__class__=<class 'psychopy.visual.image.ImageStim'>, anchor=('center', 'center'), autoLog=True, color=array([1., 1., 1.]), colorSpace='rgb', contrast=1.0, depth=0, draggable=False, flipHoriz=np.False_, flipVert=np.False_, image=str(...), interpolate=True, mask=None, maskParams=None, name='unnamed ImageStim', opacity=1, ori=0.0, pos=array([0.135, 0.   ]), size=array([0.035, 0.035]), texRes=128, units='height', win=Window(...))
210.8572 	EXP 	MainTrial_keep_alive: autoDraw = False
210.8572 	EXP 	MainTrial_keep_alive: autoDraw = True
211.1632 	DATA 	Keypress: space
211.5803 	DATA 	Keypress: space
211.9465 	DATA 	Keypress: space
212.4801 	DATA 	Keypress: space
212.5498 	EXP 	New trial (rep=0, index=29): <Trial 29 (29 in rep 0) data={'trial_id': 'd003_set1_it_ic', 'random_order': np.int64(30), 'dataset_number': np.int64(3), 'dataset_slug': '003_rest_cook_fish', 'dataset_label': 'rest_cook_fish', 'stimulus_set': np.int64(1), 'condition_id': 'it_ic', 'condition_name': 'intransitive_incohesive', 'cohesion': 'incohesive', 'transitivity': 'intransitive', 'n_images': np.int64(3), 'img1': 'MainStimuli/003_rest_cook_fish/ic_1.png', 'img1_role': 'ic_1', 'img2': 'MainStimuli/003_rest_cook_fish/it_target.png', 'img2_role': 'it_target', 'img3': 'MainStimuli/003_rest_cook_fish/end_ic_it.png', 'img3_role': 'end_ic_it', 'img4': None, 'img4_role': None, 'between_image': 'BetweenTrials/1752221802086.jpg', 'audio_probe': np.int64(0), 'between_audio': None, 'between_audio_lock_sec': np.int64(0), 'source_dataset_folder': '/Users/matveikurzukov/Library/CloudStorage/GoogleDrive-apazent@gmail.com/.shortcut-targets-by-id/1exBA-7XrpLfZc6s8oGNYTbmjGsu5dT6p/Gurung stimuli/3_rest_cook fish', 'thisN': 29, 'thisTrialN': 29, 'thisRepN': 0}>
212.5836 	EXP 	Created unnamed ImageStim = ImageStim(__class__=<class 'psychopy.visual.image.ImageStim'>, anchor=('center', 'center'), autoLog=True, color=array([1., 1., 1.]), colorSpace='rgb', contrast=1.0, depth=0, draggable=False, flipHoriz=np.False_, flipVert=np.False_, image=str(...), interpolate=True, mask=None, maskParams=None, name='unnamed ImageStim', opacity=1, ori=0.0, pos=array([-0.27,  0.  ]), size=array([0.22, 0.35]), texRes=128, units='height', win=Window(...))
212.6184 	EXP 	Created unnamed ImageStim = ImageStim(__class__=<class 'psychopy.visual.image.ImageStim'>, anchor=('center', 'center'), autoLog=True, color=array([1., 1., 1.]), colorSpace='rgb', contrast=1.0, depth=0, draggable=False, flipHoriz=np.False_, flipVert=np.False_, image=str(...), interpolate=True, mask=None, maskParams=None, name='unnamed ImageStim', opacity=1, ori=0.0, pos=array([0., 0.]), size=array([0.22, 0.35]), texRes=128, units='height', win=Window(...))
212.6550 	EXP 	Created unnamed ImageStim = ImageStim(__class__=<class 'psychopy.visual.image.ImageStim'>, anchor=('center', 'center'), autoLog=True, color=array([1., 1., 1.]), colorSpace='rgb', contrast=1.0, depth=0, draggable=False, flipHoriz=np.False_, flipVert=np.False_, image=str(...), interpolate=True, mask=None, maskParams=None, name='unnamed ImageStim', opacity=1, ori=0.0, pos=array([0.27, 0.  ]), size=array([0.22, 0.35]), texRes=128, units='height', win=Window(...))
212.6730 	EXP 	Created unnamed ImageStim = ImageStim(__class__=<class 'psychopy.visual.image.ImageStim'>, anchor=('center', 'center'), autoLog=True, color=array([1., 1., 1.]), colorSpace='rgb', contrast=1.0, depth=0, draggable=False, flipHoriz=np.False_, flipVert=np.False_, image=str(...), interpolate=True, mask=None, maskParams=None, name='unnamed ImageStim', opacity=1, ori=0.0, pos=array([-0.135,  0.   ]), size=array([0.035, 0.035]), texRes=128, units='height', win=Window(...))
212.6896 	EXP 	Created unnamed ImageStim = ImageStim(__class__=<class 'psychopy.visual.image.ImageStim'>, anchor=('center', 'center'), autoLog=True, color=array([1., 1., 1.]), colorSpace='rgb', contrast=1.0, depth=0, draggable=False, flipHoriz=np.False_, flipVert=np.False_, image=str(...), interpolate=True, mask=None, maskParams=None, name='unnamed ImageStim', opacity=1, ori=0.0, pos=array([0.135, 0.   ]), size=array([0.035, 0.035]), texRes=128, units='height', win=Window(...))
212.7077 	EXP 	MainTrial_keep_alive: autoDraw = False
212.7077 	EXP 	MainTrial_keep_alive: autoDraw = True
213.0062 	DATA 	Keypress: space
213.3649 	DATA 	Keypress: space
213.7489 	DATA 	Keypress: space
214.1260 	DATA 	Keypress: space
214.1759 	EXP 	New trial (rep=0, index=30): <Trial 30 (30 in rep 0) data={'trial_id': 'd022_set1_tr_ic', 'random_order': np.int64(31), 'dataset_number': np.int64(22), 'dataset_slug': '022_come_push_chest', 'dataset_label': 'come_push_chest', 'stimulus_set': np.int64(1), 'condition_id': 'tr_ic', 'condition_name': 'transitive_incohesive', 'cohesion': 'incohesive', 'transitivity': 'transitive', 'n_images': np.int64(3), 'img1': 'MainStimuli/022_come_push_chest/ic_1.png', 'img1_role': 'ic_1', 'img2': 'MainStimuli/022_come_push_chest/tr_target.png', 'img2_role': 'tr_target', 'img3': 'MainStimuli/022_come_push_chest/end_ic_tr.png', 'img3_role': 'end_ic_tr', 'img4': None, 'img4_role': None, 'between_image': 'BetweenTrials/img_20260522_165652.jpg', 'audio_probe': np.int64(0), 'between_audio': None, 'between_audio_lock_sec': np.int64(0), 'source_dataset_folder': '/Users/matveikurzukov/Library/CloudStorage/GoogleDrive-apazent@gmail.com/.shortcut-targets-by-id/1exBA-7XrpLfZc6s8oGNYTbmjGsu5dT6p/Gurung stimuli/22_come_push chest', 'thisN': 30, 'thisTrialN': 30, 'thisRepN': 0}>
214.2034 	EXP 	Created unnamed ImageStim = ImageStim(__class__=<class 'psychopy.visual.image.ImageStim'>, anchor=('center', 'center'), autoLog=True, color=array([1., 1., 1.]), colorSpace='rgb', contrast=1.0, depth=0, draggable=False, flipHoriz=np.False_, flipVert=np.False_, image=str(...), interpolate=True, mask=None, maskParams=None, name='unnamed ImageStim', opacity=1, ori=0.0, pos=array([-0.27,  0.  ]), size=array([0.22, 0.35]), texRes=128, units='height', win=Window(...))
214.2300 	EXP 	Created unnamed ImageStim = ImageStim(__class__=<class 'psychopy.visual.image.ImageStim'>, anchor=('center', 'center'), autoLog=True, color=array([1., 1., 1.]), colorSpace='rgb', contrast=1.0, depth=0, draggable=False, flipHoriz=np.False_, flipVert=np.False_, image=str(...), interpolate=True, mask=None, maskParams=None, name='unnamed ImageStim', opacity=1, ori=0.0, pos=array([0., 0.]), size=array([0.22, 0.35]), texRes=128, units='height', win=Window(...))
214.2565 	EXP 	Created unnamed ImageStim = ImageStim(__class__=<class 'psychopy.visual.image.ImageStim'>, anchor=('center', 'center'), autoLog=True, color=array([1., 1., 1.]), colorSpace='rgb', contrast=1.0, depth=0, draggable=False, flipHoriz=np.False_, flipVert=np.False_, image=str(...), interpolate=True, mask=None, maskParams=None, name='unnamed ImageStim', opacity=1, ori=0.0, pos=array([0.27, 0.  ]), size=array([0.22, 0.35]), texRes=128, units='height', win=Window(...))
214.2694 	EXP 	Created unnamed ImageStim = ImageStim(__class__=<class 'psychopy.visual.image.ImageStim'>, anchor=('center', 'center'), autoLog=True, color=array([1., 1., 1.]), colorSpace='rgb', contrast=1.0, depth=0, draggable=False, flipHoriz=np.False_, flipVert=np.False_, image=str(...), interpolate=True, mask=None, maskParams=None, name='unnamed ImageStim', opacity=1, ori=0.0, pos=array([-0.135,  0.   ]), size=array([0.035, 0.035]), texRes=128, units='height', win=Window(...))
214.2824 	EXP 	Created unnamed ImageStim = ImageStim(__class__=<class 'psychopy.visual.image.ImageStim'>, anchor=('center', 'center'), autoLog=True, color=array([1., 1., 1.]), colorSpace='rgb', contrast=1.0, depth=0, draggable=False, flipHoriz=np.False_, flipVert=np.False_, image=str(...), interpolate=True, mask=None, maskParams=None, name='unnamed ImageStim', opacity=1, ori=0.0, pos=array([0.135, 0.   ]), size=array([0.035, 0.035]), texRes=128, units='height', win=Window(...))
214.3072 	EXP 	MainTrial_keep_alive: autoDraw = False
214.3072 	EXP 	MainTrial_keep_alive: autoDraw = True
214.5634 	DATA 	Keypress: space
214.9140 	DATA 	Keypress: space
215.2759 	DATA 	Keypress: space
215.6638 	DATA 	Keypress: space
215.7219 	EXP 	New trial (rep=0, index=31): <Trial 31 (31 in rep 0) data={'trial_id': 'd013_set1_it_ic', 'random_order': np.int64(32), 'dataset_number': np.int64(13), 'dataset_slug': '013_stand_wash_clothes', 'dataset_label': 'stand_wash_clothes', 'stimulus_set': np.int64(1), 'condition_id': 'it_ic', 'condition_name': 'intransitive_incohesive', 'cohesion': 'incohesive', 'transitivity': 'intransitive', 'n_images': np.int64(3), 'img1': 'MainStimuli/013_stand_wash_clothes/ic_1.png', 'img1_role': 'ic_1', 'img2': 'MainStimuli/013_stand_wash_clothes/it_target.png', 'img2_role': 'it_target', 'img3': 'MainStimuli/013_stand_wash_clothes/end_ic_it.png', 'img3_role': 'end_ic_it', 'img4': None, 'img4_role': None, 'between_image': 'BetweenTrials/1752221802086.jpg', 'audio_probe': np.int64(0), 'between_audio': None, 'between_audio_lock_sec': np.int64(0), 'source_dataset_folder': '/Users/matveikurzukov/Library/CloudStorage/GoogleDrive-apazent@gmail.com/.shortcut-targets-by-id/1exBA-7XrpLfZc6s8oGNYTbmjGsu5dT6p/Gurung stimuli/13_stand_wash clothes', 'thisN': 31, 'thisTrialN': 31, 'thisRepN': 0}>
215.7507 	EXP 	Created unnamed ImageStim = ImageStim(__class__=<class 'psychopy.visual.image.ImageStim'>, anchor=('center', 'center'), autoLog=True, color=array([1., 1., 1.]), colorSpace='rgb', contrast=1.0, depth=0, draggable=False, flipHoriz=np.False_, flipVert=np.False_, image=str(...), interpolate=True, mask=None, maskParams=None, name='unnamed ImageStim', opacity=1, ori=0.0, pos=array([-0.27,  0.  ]), size=array([0.22, 0.35]), texRes=128, units='height', win=Window(...))
215.7776 	EXP 	Created unnamed ImageStim = ImageStim(__class__=<class 'psychopy.visual.image.ImageStim'>, anchor=('center', 'center'), autoLog=True, color=array([1., 1., 1.]), colorSpace='rgb', contrast=1.0, depth=0, draggable=False, flipHoriz=np.False_, flipVert=np.False_, image=str(...), interpolate=True, mask=None, maskParams=None, name='unnamed ImageStim', opacity=1, ori=0.0, pos=array([0., 0.]), size=array([0.22, 0.35]), texRes=128, units='height', win=Window(...))
215.8048 	EXP 	Created unnamed ImageStim = ImageStim(__class__=<class 'psychopy.visual.image.ImageStim'>, anchor=('center', 'center'), autoLog=True, color=array([1., 1., 1.]), colorSpace='rgb', contrast=1.0, depth=0, draggable=False, flipHoriz=np.False_, flipVert=np.False_, image=str(...), interpolate=True, mask=None, maskParams=None, name='unnamed ImageStim', opacity=1, ori=0.0, pos=array([0.27, 0.  ]), size=array([0.22, 0.35]), texRes=128, units='height', win=Window(...))
215.8183 	EXP 	Created unnamed ImageStim = ImageStim(__class__=<class 'psychopy.visual.image.ImageStim'>, anchor=('center', 'center'), autoLog=True, color=array([1., 1., 1.]), colorSpace='rgb', contrast=1.0, depth=0, draggable=False, flipHoriz=np.False_, flipVert=np.False_, image=str(...), interpolate=True, mask=None, maskParams=None, name='unnamed ImageStim', opacity=1, ori=0.0, pos=array([-0.135,  0.   ]), size=array([0.035, 0.035]), texRes=128, units='height', win=Window(...))
215.8314 	EXP 	Created unnamed ImageStim = ImageStim(__class__=<class 'psychopy.visual.image.ImageStim'>, anchor=('center', 'center'), autoLog=True, color=array([1., 1., 1.]), colorSpace='rgb', contrast=1.0, depth=0, draggable=False, flipHoriz=np.False_, flipVert=np.False_, image=str(...), interpolate=True, mask=None, maskParams=None, name='unnamed ImageStim', opacity=1, ori=0.0, pos=array([0.135, 0.   ]), size=array([0.035, 0.035]), texRes=128, units='height', win=Window(...))
215.8571 	EXP 	MainTrial_keep_alive: autoDraw = False
215.8571 	EXP 	MainTrial_keep_alive: autoDraw = True
216.1137 	DATA 	Keypress: space
216.4469 	DATA 	Keypress: space
216.7932 	DATA 	Keypress: space
217.1357 	DATA 	Keypress: space
217.1875 	EXP 	New trial (rep=0, index=32): <Trial 32 (32 in rep 0) data={'trial_id': 'd009_set1_it_coh', 'random_order': np.int64(33), 'dataset_number': np.int64(9), 'dataset_slug': '009_descend_harvest_rice', 'dataset_label': 'descend_harvest_rice', 'stimulus_set': np.int64(1), 'condition_id': 'it_coh', 'condition_name': 'intransitive_cohesive', 'cohesion': 'cohesive', 'transitivity': 'intransitive', 'n_images': np.int64(4), 'img1': 'MainStimuli/009_descend_harvest_rice/coh_1.png', 'img1_role': 'coh_1', 'img2': 'MainStimuli/009_descend_harvest_rice/coh_2.png', 'img2_role': 'coh_2', 'img3': 'MainStimuli/009_descend_harvest_rice/it_target.png', 'img3_role': 'it_target', 'img4': 'MainStimuli/009_descend_harvest_rice/end_coh_it.png', 'img4_role': 'end_coh_it', 'between_image': 'BetweenTrials/img_20260522_165652.jpg', 'audio_probe': np.int64(0), 'between_audio': None, 'between_audio_lock_sec': np.int64(0), 'source_dataset_folder': '/Users/matveikurzukov/Library/CloudStorage/GoogleDrive-apazent@gmail.com/.shortcut-targets-by-id/1exBA-7XrpLfZc6s8oGNYTbmjGsu5dT6p/Gurung stimuli/9_descend_harvest rice', 'thisN': 32, 'thisTrialN': 32, 'thisRepN': 0}>
217.2149 	EXP 	Created unnamed ImageStim = ImageStim(__class__=<class 'psychopy.visual.image.ImageStim'>, anchor=('center', 'center'), autoLog=True, color=array([1., 1., 1.]), colorSpace='rgb', contrast=1.0, depth=0, draggable=False, flipHoriz=np.False_, flipVert=np.False_, image=str(...), interpolate=True, mask=None, maskParams=None, name='unnamed ImageStim', opacity=1, ori=0.0, pos=array([-0.54,  0.  ]), size=array([0.22, 0.35]), texRes=128, units='height', win=Window(...))
217.2416 	EXP 	Created unnamed ImageStim = ImageStim(__class__=<class 'psychopy.visual.image.ImageStim'>, anchor=('center', 'center'), autoLog=True, color=array([1., 1., 1.]), colorSpace='rgb', contrast=1.0, depth=0, draggable=False, flipHoriz=np.False_, flipVert=np.False_, image=str(...), interpolate=True, mask=None, maskParams=None, name='unnamed ImageStim', opacity=1, ori=0.0, pos=array([-0.27,  0.  ]), size=array([0.22, 0.35]), texRes=128, units='height', win=Window(...))
217.2678 	EXP 	Created unnamed ImageStim = ImageStim(__class__=<class 'psychopy.visual.image.ImageStim'>, anchor=('center', 'center'), autoLog=True, color=array([1., 1., 1.]), colorSpace='rgb', contrast=1.0, depth=0, draggable=False, flipHoriz=np.False_, flipVert=np.False_, image=str(...), interpolate=True, mask=None, maskParams=None, name='unnamed ImageStim', opacity=1, ori=0.0, pos=array([0., 0.]), size=array([0.22, 0.35]), texRes=128, units='height', win=Window(...))
217.2930 	EXP 	Created unnamed ImageStim = ImageStim(__class__=<class 'psychopy.visual.image.ImageStim'>, anchor=('center', 'center'), autoLog=True, color=array([1., 1., 1.]), colorSpace='rgb', contrast=1.0, depth=0, draggable=False, flipHoriz=np.False_, flipVert=np.False_, image=str(...), interpolate=True, mask=None, maskParams=None, name='unnamed ImageStim', opacity=1, ori=0.0, pos=array([0.27, 0.  ]), size=array([0.22, 0.35]), texRes=128, units='height', win=Window(...))
217.3062 	EXP 	Created unnamed ImageStim = ImageStim(__class__=<class 'psychopy.visual.image.ImageStim'>, anchor=('center', 'center'), autoLog=True, color=array([1., 1., 1.]), colorSpace='rgb', contrast=1.0, depth=0, draggable=False, flipHoriz=np.False_, flipVert=np.False_, image=str(...), interpolate=True, mask=None, maskParams=None, name='unnamed ImageStim', opacity=1, ori=0.0, pos=array([-0.405,  0.   ]), size=array([0.035, 0.035]), texRes=128, units='height', win=Window(...))
217.3196 	EXP 	Created unnamed ImageStim = ImageStim(__class__=<class 'psychopy.visual.image.ImageStim'>, anchor=('center', 'center'), autoLog=True, color=array([1., 1., 1.]), colorSpace='rgb', contrast=1.0, depth=0, draggable=False, flipHoriz=np.False_, flipVert=np.False_, image=str(...), interpolate=True, mask=None, maskParams=None, name='unnamed ImageStim', opacity=1, ori=0.0, pos=array([-0.135,  0.   ]), size=array([0.035, 0.035]), texRes=128, units='height', win=Window(...))
217.3325 	EXP 	Created unnamed ImageStim = ImageStim(__class__=<class 'psychopy.visual.image.ImageStim'>, anchor=('center', 'center'), autoLog=True, color=array([1., 1., 1.]), colorSpace='rgb', contrast=1.0, depth=0, draggable=False, flipHoriz=np.False_, flipVert=np.False_, image=str(...), interpolate=True, mask=None, maskParams=None, name='unnamed ImageStim', opacity=1, ori=0.0, pos=array([0.135, 0.   ]), size=array([0.035, 0.035]), texRes=128, units='height', win=Window(...))
217.3570 	EXP 	MainTrial_keep_alive: autoDraw = False
217.3570 	EXP 	MainTrial_keep_alive: autoDraw = True
217.5188 	DATA 	Keypress: space
217.8798 	DATA 	Keypress: space
218.2128 	DATA 	Keypress: space
218.5770 	DATA 	Keypress: space
218.9198 	DATA 	Keypress: space
218.9716 	EXP 	New trial (rep=0, index=33): <Trial 33 (33 in rep 0) data={'trial_id': 'd003_set1_tr_ic', 'random_order': np.int64(34), 'dataset_number': np.int64(3), 'dataset_slug': '003_rest_cook_fish', 'dataset_label': 'rest_cook_fish', 'stimulus_set': np.int64(1), 'condition_id': 'tr_ic', 'condition_name': 'transitive_incohesive', 'cohesion': 'incohesive', 'transitivity': 'transitive', 'n_images': np.int64(3), 'img1': 'MainStimuli/003_rest_cook_fish/ic_1.png', 'img1_role': 'ic_1', 'img2': 'MainStimuli/003_rest_cook_fish/tr_target.png', 'img2_role': 'tr_target', 'img3': 'MainStimuli/003_rest_cook_fish/end_ic_tr.png', 'img3_role': 'end_ic_tr', 'img4': None, 'img4_role': None, 'between_image': 'BetweenTrials/1752221802086.jpg', 'audio_probe': np.int64(0), 'between_audio': None, 'between_audio_lock_sec': np.int64(0), 'source_dataset_folder': '/Users/matveikurzukov/Library/CloudStorage/GoogleDrive-apazent@gmail.com/.shortcut-targets-by-id/1exBA-7XrpLfZc6s8oGNYTbmjGsu5dT6p/Gurung stimuli/3_rest_cook fish', 'thisN': 33, 'thisTrialN': 33, 'thisRepN': 0}>
218.9988 	EXP 	Created unnamed ImageStim = ImageStim(__class__=<class 'psychopy.visual.image.ImageStim'>, anchor=('center', 'center'), autoLog=True, color=array([1., 1., 1.]), colorSpace='rgb', contrast=1.0, depth=0, draggable=False, flipHoriz=np.False_, flipVert=np.False_, image=str(...), interpolate=True, mask=None, maskParams=None, name='unnamed ImageStim', opacity=1, ori=0.0, pos=array([-0.27,  0.  ]), size=array([0.22, 0.35]), texRes=128, units='height', win=Window(...))
219.0226 	EXP 	Created unnamed ImageStim = ImageStim(__class__=<class 'psychopy.visual.image.ImageStim'>, anchor=('center', 'center'), autoLog=True, color=array([1., 1., 1.]), colorSpace='rgb', contrast=1.0, depth=0, draggable=False, flipHoriz=np.False_, flipVert=np.False_, image=str(...), interpolate=True, mask=None, maskParams=None, name='unnamed ImageStim', opacity=1, ori=0.0, pos=array([0., 0.]), size=array([0.22, 0.35]), texRes=128, units='height', win=Window(...))
219.0473 	EXP 	Created unnamed ImageStim = ImageStim(__class__=<class 'psychopy.visual.image.ImageStim'>, anchor=('center', 'center'), autoLog=True, color=array([1., 1., 1.]), colorSpace='rgb', contrast=1.0, depth=0, draggable=False, flipHoriz=np.False_, flipVert=np.False_, image=str(...), interpolate=True, mask=None, maskParams=None, name='unnamed ImageStim', opacity=1, ori=0.0, pos=array([0.27, 0.  ]), size=array([0.22, 0.35]), texRes=128, units='height', win=Window(...))
219.0601 	EXP 	Created unnamed ImageStim = ImageStim(__class__=<class 'psychopy.visual.image.ImageStim'>, anchor=('center', 'center'), autoLog=True, color=array([1., 1., 1.]), colorSpace='rgb', contrast=1.0, depth=0, draggable=False, flipHoriz=np.False_, flipVert=np.False_, image=str(...), interpolate=True, mask=None, maskParams=None, name='unnamed ImageStim', opacity=1, ori=0.0, pos=array([-0.135,  0.   ]), size=array([0.035, 0.035]), texRes=128, units='height', win=Window(...))
219.0731 	EXP 	Created unnamed ImageStim = ImageStim(__class__=<class 'psychopy.visual.image.ImageStim'>, anchor=('center', 'center'), autoLog=True, color=array([1., 1., 1.]), colorSpace='rgb', contrast=1.0, depth=0, draggable=False, flipHoriz=np.False_, flipVert=np.False_, image=str(...), interpolate=True, mask=None, maskParams=None, name='unnamed ImageStim', opacity=1, ori=0.0, pos=array([0.135, 0.   ]), size=array([0.035, 0.035]), texRes=128, units='height', win=Window(...))
219.0906 	EXP 	MainTrial_keep_alive: autoDraw = False
219.0906 	EXP 	MainTrial_keep_alive: autoDraw = True
219.3617 	DATA 	Keypress: space
219.7328 	DATA 	Keypress: space
220.0629 	DATA 	Keypress: space
220.4300 	DATA 	Keypress: space
220.4898 	EXP 	New trial (rep=0, index=34): <Trial 34 (34 in rep 0) data={'trial_id': 'd004_set1_it_coh', 'random_order': np.int64(35), 'dataset_number': np.int64(4), 'dataset_slug': '004_run_drink_tea', 'dataset_label': 'run_drink_tea', 'stimulus_set': np.int64(1), 'condition_id': 'it_coh', 'condition_name': 'intransitive_cohesive', 'cohesion': 'cohesive', 'transitivity': 'intransitive', 'n_images': np.int64(4), 'img1': 'MainStimuli/004_run_drink_tea/coh_1.png', 'img1_role': 'coh_1', 'img2': 'MainStimuli/004_run_drink_tea/coh_2.png', 'img2_role': 'coh_2', 'img3': 'MainStimuli/004_run_drink_tea/it_target.png', 'img3_role': 'it_target', 'img4': 'MainStimuli/004_run_drink_tea/end_coh_it.png', 'img4_role': 'end_coh_it', 'between_image': 'BetweenTrials/img_20260522_165652.jpg', 'audio_probe': np.int64(1), 'between_audio': 'Audio/tsakyali.wav', 'between_audio_lock_sec': np.int64(10), 'source_dataset_folder': '/Users/matveikurzukov/Library/CloudStorage/GoogleDrive-apazent@gmail.com/.shortcut-targets-by-id/1exBA-7XrpLfZc6s8oGNYTbmjGsu5dT6p/Gurung stimuli/4_run_drink tea', 'thisN': 34, 'thisTrialN': 34, 'thisRepN': 0}>
220.5167 	EXP 	Created unnamed ImageStim = ImageStim(__class__=<class 'psychopy.visual.image.ImageStim'>, anchor=('center', 'center'), autoLog=True, color=array([1., 1., 1.]), colorSpace='rgb', contrast=1.0, depth=0, draggable=False, flipHoriz=np.False_, flipVert=np.False_, image=str(...), interpolate=True, mask=None, maskParams=None, name='unnamed ImageStim', opacity=1, ori=0.0, pos=array([-0.54,  0.  ]), size=array([0.22, 0.35]), texRes=128, units='height', win=Window(...))
220.5446 	EXP 	Created unnamed ImageStim = ImageStim(__class__=<class 'psychopy.visual.image.ImageStim'>, anchor=('center', 'center'), autoLog=True, color=array([1., 1., 1.]), colorSpace='rgb', contrast=1.0, depth=0, draggable=False, flipHoriz=np.False_, flipVert=np.False_, image=str(...), interpolate=True, mask=None, maskParams=None, name='unnamed ImageStim', opacity=1, ori=0.0, pos=array([-0.27,  0.  ]), size=array([0.22, 0.35]), texRes=128, units='height', win=Window(...))
220.5721 	EXP 	Created unnamed ImageStim = ImageStim(__class__=<class 'psychopy.visual.image.ImageStim'>, anchor=('center', 'center'), autoLog=True, color=array([1., 1., 1.]), colorSpace='rgb', contrast=1.0, depth=0, draggable=False, flipHoriz=np.False_, flipVert=np.False_, image=str(...), interpolate=True, mask=None, maskParams=None, name='unnamed ImageStim', opacity=1, ori=0.0, pos=array([0., 0.]), size=array([0.22, 0.35]), texRes=128, units='height', win=Window(...))
220.5991 	EXP 	Created unnamed ImageStim = ImageStim(__class__=<class 'psychopy.visual.image.ImageStim'>, anchor=('center', 'center'), autoLog=True, color=array([1., 1., 1.]), colorSpace='rgb', contrast=1.0, depth=0, draggable=False, flipHoriz=np.False_, flipVert=np.False_, image=str(...), interpolate=True, mask=None, maskParams=None, name='unnamed ImageStim', opacity=1, ori=0.0, pos=array([0.27, 0.  ]), size=array([0.22, 0.35]), texRes=128, units='height', win=Window(...))
220.6119 	EXP 	Created unnamed ImageStim = ImageStim(__class__=<class 'psychopy.visual.image.ImageStim'>, anchor=('center', 'center'), autoLog=True, color=array([1., 1., 1.]), colorSpace='rgb', contrast=1.0, depth=0, draggable=False, flipHoriz=np.False_, flipVert=np.False_, image=str(...), interpolate=True, mask=None, maskParams=None, name='unnamed ImageStim', opacity=1, ori=0.0, pos=array([-0.405,  0.   ]), size=array([0.035, 0.035]), texRes=128, units='height', win=Window(...))
220.6250 	EXP 	Created unnamed ImageStim = ImageStim(__class__=<class 'psychopy.visual.image.ImageStim'>, anchor=('center', 'center'), autoLog=True, color=array([1., 1., 1.]), colorSpace='rgb', contrast=1.0, depth=0, draggable=False, flipHoriz=np.False_, flipVert=np.False_, image=str(...), interpolate=True, mask=None, maskParams=None, name='unnamed ImageStim', opacity=1, ori=0.0, pos=array([-0.135,  0.   ]), size=array([0.035, 0.035]), texRes=128, units='height', win=Window(...))
220.6385 	EXP 	Created unnamed ImageStim = ImageStim(__class__=<class 'psychopy.visual.image.ImageStim'>, anchor=('center', 'center'), autoLog=True, color=array([1., 1., 1.]), colorSpace='rgb', contrast=1.0, depth=0, draggable=False, flipHoriz=np.False_, flipVert=np.False_, image=str(...), interpolate=True, mask=None, maskParams=None, name='unnamed ImageStim', opacity=1, ori=0.0, pos=array([0.135, 0.   ]), size=array([0.035, 0.035]), texRes=128, units='height', win=Window(...))
220.6888 	EXP 	: sampleRate = 48000
220.6888 	EXP 	: channels = None
220.6890 	EXP 	: sampleRate = 48000
220.6897 	EXP 	Sound  reached end of file
220.6897 	EXP 	Playing sound  on speaker MacBook Air Speakers
220.7069 	EXP 	MainTrial_keep_alive: autoDraw = False
220.7069 	EXP 	MainTrial_keep_alive: autoDraw = True
220.8466 	DATA 	Keypress: space
229.5789 	DATA 	Keypress: space
230.4378 	DATA 	Keypress: space
231.7168 	DATA 	Keypress: space
231.7235 	EXP 	Sound  stopped
231.9609 	DATA 	Mouse: Left button down, pos=(411,750)
231.9763 	DATA 	Mouse:  Left button up, pos=(411,750)
232.2349 	DATA 	Keypress: space
232.5470 	DATA 	Keypress: space
232.8499 	DATA 	Keypress: space
233.2138 	DATA 	Keypress: space
233.2785 	EXP 	New trial (rep=0, index=35): <Trial 35 (35 in rep 0) data={'trial_id': 'd025_set1_tr_coh', 'random_order': np.int64(36), 'dataset_number': np.int64(25), 'dataset_slug': '025_yawn_lock_door', 'dataset_label': 'yawn_lock_door', 'stimulus_set': np.int64(1), 'condition_id': 'tr_coh', 'condition_name': 'transitive_cohesive', 'cohesion': 'cohesive', 'transitivity': 'transitive', 'n_images': np.int64(3), 'img1': 'MainStimuli/025_yawn_lock_door/coh_1.png', 'img1_role': 'coh_1', 'img2': 'MainStimuli/025_yawn_lock_door/coh_2.png', 'img2_role': 'coh_2', 'img3': 'MainStimuli/025_yawn_lock_door/tr_target.png', 'img3_role': 'tr_target', 'img4': None, 'img4_role': None, 'between_image': 'BetweenTrials/1752221802086.jpg', 'audio_probe': np.int64(0), 'between_audio': None, 'between_audio_lock_sec': np.int64(0), 'source_dataset_folder': '/Users/matveikurzukov/Library/CloudStorage/GoogleDrive-apazent@gmail.com/.shortcut-targets-by-id/1exBA-7XrpLfZc6s8oGNYTbmjGsu5dT6p/Gurung stimuli/25_yawn_lock door', 'thisN': 35, 'thisTrialN': 35, 'thisRepN': 0}>
233.3111 	EXP 	Created unnamed ImageStim = ImageStim(__class__=<class 'psychopy.visual.image.ImageStim'>, anchor=('center', 'center'), autoLog=True, color=array([1., 1., 1.]), colorSpace='rgb', contrast=1.0, depth=0, draggable=False, flipHoriz=np.False_, flipVert=np.False_, image=str(...), interpolate=True, mask=None, maskParams=None, name='unnamed ImageStim', opacity=1, ori=0.0, pos=array([-0.54,  0.  ]), size=array([0.22, 0.35]), texRes=128, units='height', win=Window(...))
233.3477 	EXP 	Created unnamed ImageStim = ImageStim(__class__=<class 'psychopy.visual.image.ImageStim'>, anchor=('center', 'center'), autoLog=True, color=array([1., 1., 1.]), colorSpace='rgb', contrast=1.0, depth=0, draggable=False, flipHoriz=np.False_, flipVert=np.False_, image=str(...), interpolate=True, mask=None, maskParams=None, name='unnamed ImageStim', opacity=1, ori=0.0, pos=array([-0.27,  0.  ]), size=array([0.22, 0.35]), texRes=128, units='height', win=Window(...))
233.3826 	EXP 	Created unnamed ImageStim = ImageStim(__class__=<class 'psychopy.visual.image.ImageStim'>, anchor=('center', 'center'), autoLog=True, color=array([1., 1., 1.]), colorSpace='rgb', contrast=1.0, depth=0, draggable=False, flipHoriz=np.False_, flipVert=np.False_, image=str(...), interpolate=True, mask=None, maskParams=None, name='unnamed ImageStim', opacity=1, ori=0.0, pos=array([0., 0.]), size=array([0.22, 0.35]), texRes=128, units='height', win=Window(...))
233.3997 	EXP 	Created unnamed ImageStim = ImageStim(__class__=<class 'psychopy.visual.image.ImageStim'>, anchor=('center', 'center'), autoLog=True, color=array([1., 1., 1.]), colorSpace='rgb', contrast=1.0, depth=0, draggable=False, flipHoriz=np.False_, flipVert=np.False_, image=str(...), interpolate=True, mask=None, maskParams=None, name='unnamed ImageStim', opacity=1, ori=0.0, pos=array([-0.405,  0.   ]), size=array([0.035, 0.035]), texRes=128, units='height', win=Window(...))
233.4160 	EXP 	Created unnamed ImageStim = ImageStim(__class__=<class 'psychopy.visual.image.ImageStim'>, anchor=('center', 'center'), autoLog=True, color=array([1., 1., 1.]), colorSpace='rgb', contrast=1.0, depth=0, draggable=False, flipHoriz=np.False_, flipVert=np.False_, image=str(...), interpolate=True, mask=None, maskParams=None, name='unnamed ImageStim', opacity=1, ori=0.0, pos=array([-0.135,  0.   ]), size=array([0.035, 0.035]), texRes=128, units='height', win=Window(...))
233.4399 	EXP 	MainTrial_keep_alive: autoDraw = False
233.4399 	EXP 	MainTrial_keep_alive: autoDraw = True
233.7049 	DATA 	Keypress: space
234.0457 	DATA 	Keypress: space
234.3590 	DATA 	Keypress: space
234.6708 	DATA 	Keypress: space
234.7245 	EXP 	New trial (rep=0, index=36): <Trial 36 (36 in rep 0) data={'trial_id': 'd011_set1_it_coh', 'random_order': np.int64(37), 'dataset_number': np.int64(11), 'dataset_slug': '011_ascend_wipe_plate', 'dataset_label': 'ascend_wipe_plate', 'stimulus_set': np.int64(1), 'condition_id': 'it_coh', 'condition_name': 'intransitive_cohesive', 'cohesion': 'cohesive', 'transitivity': 'intransitive', 'n_images': np.int64(4), 'img1': 'MainStimuli/011_ascend_wipe_plate/coh_1.png', 'img1_role': 'coh_1', 'img2': 'MainStimuli/011_ascend_wipe_plate/coh_2.png', 'img2_role': 'coh_2', 'img3': 'MainStimuli/011_ascend_wipe_plate/it_target.png', 'img3_role': 'it_target', 'img4': 'MainStimuli/011_ascend_wipe_plate/end_coh_it.png', 'img4_role': 'end_coh_it', 'between_image': 'BetweenTrials/1752221806065.jpg', 'audio_probe': np.int64(0), 'between_audio': None, 'between_audio_lock_sec': np.int64(0), 'source_dataset_folder': '/Users/matveikurzukov/Library/CloudStorage/GoogleDrive-apazent@gmail.com/.shortcut-targets-by-id/1exBA-7XrpLfZc6s8oGNYTbmjGsu5dT6p/Gurung stimuli/11_ascend_wipe plate', 'thisN': 36, 'thisTrialN': 36, 'thisRepN': 0}>
234.7577 	EXP 	Created unnamed ImageStim = ImageStim(__class__=<class 'psychopy.visual.image.ImageStim'>, anchor=('center', 'center'), autoLog=True, color=array([1., 1., 1.]), colorSpace='rgb', contrast=1.0, depth=0, draggable=False, flipHoriz=np.False_, flipVert=np.False_, image=str(...), interpolate=True, mask=None, maskParams=None, name='unnamed ImageStim', opacity=1, ori=0.0, pos=array([-0.54,  0.  ]), size=array([0.22, 0.35]), texRes=128, units='height', win=Window(...))
234.7854 	EXP 	Created unnamed ImageStim = ImageStim(__class__=<class 'psychopy.visual.image.ImageStim'>, anchor=('center', 'center'), autoLog=True, color=array([1., 1., 1.]), colorSpace='rgb', contrast=1.0, depth=0, draggable=False, flipHoriz=np.False_, flipVert=np.False_, image=str(...), interpolate=True, mask=None, maskParams=None, name='unnamed ImageStim', opacity=1, ori=0.0, pos=array([-0.27,  0.  ]), size=array([0.22, 0.35]), texRes=128, units='height', win=Window(...))
234.8159 	EXP 	Created unnamed ImageStim = ImageStim(__class__=<class 'psychopy.visual.image.ImageStim'>, anchor=('center', 'center'), autoLog=True, color=array([1., 1., 1.]), colorSpace='rgb', contrast=1.0, depth=0, draggable=False, flipHoriz=np.False_, flipVert=np.False_, image=str(...), interpolate=True, mask=None, maskParams=None, name='unnamed ImageStim', opacity=1, ori=0.0, pos=array([0., 0.]), size=array([0.22, 0.35]), texRes=128, units='height', win=Window(...))
234.8455 	EXP 	Created unnamed ImageStim = ImageStim(__class__=<class 'psychopy.visual.image.ImageStim'>, anchor=('center', 'center'), autoLog=True, color=array([1., 1., 1.]), colorSpace='rgb', contrast=1.0, depth=0, draggable=False, flipHoriz=np.False_, flipVert=np.False_, image=str(...), interpolate=True, mask=None, maskParams=None, name='unnamed ImageStim', opacity=1, ori=0.0, pos=array([0.27, 0.  ]), size=array([0.22, 0.35]), texRes=128, units='height', win=Window(...))
234.8586 	EXP 	Created unnamed ImageStim = ImageStim(__class__=<class 'psychopy.visual.image.ImageStim'>, anchor=('center', 'center'), autoLog=True, color=array([1., 1., 1.]), colorSpace='rgb', contrast=1.0, depth=0, draggable=False, flipHoriz=np.False_, flipVert=np.False_, image=str(...), interpolate=True, mask=None, maskParams=None, name='unnamed ImageStim', opacity=1, ori=0.0, pos=array([-0.405,  0.   ]), size=array([0.035, 0.035]), texRes=128, units='height', win=Window(...))
234.8720 	EXP 	Created unnamed ImageStim = ImageStim(__class__=<class 'psychopy.visual.image.ImageStim'>, anchor=('center', 'center'), autoLog=True, color=array([1., 1., 1.]), colorSpace='rgb', contrast=1.0, depth=0, draggable=False, flipHoriz=np.False_, flipVert=np.False_, image=str(...), interpolate=True, mask=None, maskParams=None, name='unnamed ImageStim', opacity=1, ori=0.0, pos=array([-0.135,  0.   ]), size=array([0.035, 0.035]), texRes=128, units='height', win=Window(...))
234.8862 	EXP 	Created unnamed ImageStim = ImageStim(__class__=<class 'psychopy.visual.image.ImageStim'>, anchor=('center', 'center'), autoLog=True, color=array([1., 1., 1.]), colorSpace='rgb', contrast=1.0, depth=0, draggable=False, flipHoriz=np.False_, flipVert=np.False_, image=str(...), interpolate=True, mask=None, maskParams=None, name='unnamed ImageStim', opacity=1, ori=0.0, pos=array([0.135, 0.   ]), size=array([0.035, 0.035]), texRes=128, units='height', win=Window(...))
234.9063 	EXP 	MainTrial_keep_alive: autoDraw = False
234.9063 	EXP 	MainTrial_keep_alive: autoDraw = True
235.1879 	DATA 	Keypress: space
235.5709 	DATA 	Keypress: space
235.8778 	DATA 	Keypress: space
236.1964 	DATA 	Keypress: space
236.5947 	DATA 	Keypress: space
236.6520 	EXP 	New trial (rep=0, index=37): <Trial 37 (37 in rep 0) data={'trial_id': 'd030_set1_tr_ic', 'random_order': np.int64(38), 'dataset_number': np.int64(30), 'dataset_slug': '030_smile_make_momos', 'dataset_label': 'smile_make_momos', 'stimulus_set': np.int64(1), 'condition_id': 'tr_ic', 'condition_name': 'transitive_incohesive', 'cohesion': 'incohesive', 'transitivity': 'transitive', 'n_images': np.int64(3), 'img1': 'MainStimuli/030_smile_make_momos/ic_1.png', 'img1_role': 'ic_1', 'img2': 'MainStimuli/030_smile_make_momos/tr_target.png', 'img2_role': 'tr_target', 'img3': 'MainStimuli/030_smile_make_momos/end_ic_tr.png', 'img3_role': 'end_ic_tr', 'img4': None, 'img4_role': None, 'between_image': 'BetweenTrials/1752221806065.jpg', 'audio_probe': np.int64(0), 'between_audio': None, 'between_audio_lock_sec': np.int64(0), 'source_dataset_folder': '/Users/matveikurzukov/Library/CloudStorage/GoogleDrive-apazent@gmail.com/.shortcut-targets-by-id/1exBA-7XrpLfZc6s8oGNYTbmjGsu5dT6p/Gurung stimuli/30_smile_make momos', 'thisN': 37, 'thisTrialN': 37, 'thisRepN': 0}>
236.6790 	EXP 	Created unnamed ImageStim = ImageStim(__class__=<class 'psychopy.visual.image.ImageStim'>, anchor=('center', 'center'), autoLog=True, color=array([1., 1., 1.]), colorSpace='rgb', contrast=1.0, depth=0, draggable=False, flipHoriz=np.False_, flipVert=np.False_, image=str(...), interpolate=True, mask=None, maskParams=None, name='unnamed ImageStim', opacity=1, ori=0.0, pos=array([-0.27,  0.  ]), size=array([0.22, 0.35]), texRes=128, units='height', win=Window(...))
236.7038 	EXP 	Created unnamed ImageStim = ImageStim(__class__=<class 'psychopy.visual.image.ImageStim'>, anchor=('center', 'center'), autoLog=True, color=array([1., 1., 1.]), colorSpace='rgb', contrast=1.0, depth=0, draggable=False, flipHoriz=np.False_, flipVert=np.False_, image=str(...), interpolate=True, mask=None, maskParams=None, name='unnamed ImageStim', opacity=1, ori=0.0, pos=array([0., 0.]), size=array([0.22, 0.35]), texRes=128, units='height', win=Window(...))
236.7293 	EXP 	Created unnamed ImageStim = ImageStim(__class__=<class 'psychopy.visual.image.ImageStim'>, anchor=('center', 'center'), autoLog=True, color=array([1., 1., 1.]), colorSpace='rgb', contrast=1.0, depth=0, draggable=False, flipHoriz=np.False_, flipVert=np.False_, image=str(...), interpolate=True, mask=None, maskParams=None, name='unnamed ImageStim', opacity=1, ori=0.0, pos=array([0.27, 0.  ]), size=array([0.22, 0.35]), texRes=128, units='height', win=Window(...))
236.7426 	EXP 	Created unnamed ImageStim = ImageStim(__class__=<class 'psychopy.visual.image.ImageStim'>, anchor=('center', 'center'), autoLog=True, color=array([1., 1., 1.]), colorSpace='rgb', contrast=1.0, depth=0, draggable=False, flipHoriz=np.False_, flipVert=np.False_, image=str(...), interpolate=True, mask=None, maskParams=None, name='unnamed ImageStim', opacity=1, ori=0.0, pos=array([-0.135,  0.   ]), size=array([0.035, 0.035]), texRes=128, units='height', win=Window(...))
236.7562 	EXP 	Created unnamed ImageStim = ImageStim(__class__=<class 'psychopy.visual.image.ImageStim'>, anchor=('center', 'center'), autoLog=True, color=array([1., 1., 1.]), colorSpace='rgb', contrast=1.0, depth=0, draggable=False, flipHoriz=np.False_, flipVert=np.False_, image=str(...), interpolate=True, mask=None, maskParams=None, name='unnamed ImageStim', opacity=1, ori=0.0, pos=array([0.135, 0.   ]), size=array([0.035, 0.035]), texRes=128, units='height', win=Window(...))
236.7725 	EXP 	MainTrial_keep_alive: autoDraw = False
236.7725 	EXP 	MainTrial_keep_alive: autoDraw = True
237.0099 	DATA 	Keypress: space
237.4291 	DATA 	Keypress: space
238.3811 	DATA 	Keypress: space
238.7851 	DATA 	Keypress: space
238.8359 	EXP 	New trial (rep=0, index=38): <Trial 38 (38 in rep 0) data={'trial_id': 'd023_set1_tr_coh', 'random_order': np.int64(39), 'dataset_number': np.int64(23), 'dataset_slug': '023_stand_tear_paper', 'dataset_label': 'stand_tear_paper', 'stimulus_set': np.int64(1), 'condition_id': 'tr_coh', 'condition_name': 'transitive_cohesive', 'cohesion': 'cohesive', 'transitivity': 'transitive', 'n_images': np.int64(3), 'img1': 'MainStimuli/023_stand_tear_paper/coh_1.png', 'img1_role': 'coh_1', 'img2': 'MainStimuli/023_stand_tear_paper/coh_2.png', 'img2_role': 'coh_2', 'img3': 'MainStimuli/023_stand_tear_paper/tr_target.png', 'img3_role': 'tr_target', 'img4': None, 'img4_role': None, 'between_image': 'BetweenTrials/img-20250813-wa0011.jpg', 'audio_probe': np.int64(0), 'between_audio': None, 'between_audio_lock_sec': np.int64(0), 'source_dataset_folder': '/Users/matveikurzukov/Library/CloudStorage/GoogleDrive-apazent@gmail.com/.shortcut-targets-by-id/1exBA-7XrpLfZc6s8oGNYTbmjGsu5dT6p/Gurung stimuli/23_stand_tear paper', 'thisN': 38, 'thisTrialN': 38, 'thisRepN': 0}>
238.8612 	EXP 	Created unnamed ImageStim = ImageStim(__class__=<class 'psychopy.visual.image.ImageStim'>, anchor=('center', 'center'), autoLog=True, color=array([1., 1., 1.]), colorSpace='rgb', contrast=1.0, depth=0, draggable=False, flipHoriz=np.False_, flipVert=np.False_, image=str(...), interpolate=True, mask=None, maskParams=None, name='unnamed ImageStim', opacity=1, ori=0.0, pos=array([-0.54,  0.  ]), size=array([0.22, 0.35]), texRes=128, units='height', win=Window(...))
238.8860 	EXP 	Created unnamed ImageStim = ImageStim(__class__=<class 'psychopy.visual.image.ImageStim'>, anchor=('center', 'center'), autoLog=True, color=array([1., 1., 1.]), colorSpace='rgb', contrast=1.0, depth=0, draggable=False, flipHoriz=np.False_, flipVert=np.False_, image=str(...), interpolate=True, mask=None, maskParams=None, name='unnamed ImageStim', opacity=1, ori=0.0, pos=array([-0.27,  0.  ]), size=array([0.22, 0.35]), texRes=128, units='height', win=Window(...))
238.9107 	EXP 	Created unnamed ImageStim = ImageStim(__class__=<class 'psychopy.visual.image.ImageStim'>, anchor=('center', 'center'), autoLog=True, color=array([1., 1., 1.]), colorSpace='rgb', contrast=1.0, depth=0, draggable=False, flipHoriz=np.False_, flipVert=np.False_, image=str(...), interpolate=True, mask=None, maskParams=None, name='unnamed ImageStim', opacity=1, ori=0.0, pos=array([0., 0.]), size=array([0.22, 0.35]), texRes=128, units='height', win=Window(...))
238.9238 	EXP 	Created unnamed ImageStim = ImageStim(__class__=<class 'psychopy.visual.image.ImageStim'>, anchor=('center', 'center'), autoLog=True, color=array([1., 1., 1.]), colorSpace='rgb', contrast=1.0, depth=0, draggable=False, flipHoriz=np.False_, flipVert=np.False_, image=str(...), interpolate=True, mask=None, maskParams=None, name='unnamed ImageStim', opacity=1, ori=0.0, pos=array([-0.405,  0.   ]), size=array([0.035, 0.035]), texRes=128, units='height', win=Window(...))
238.9368 	EXP 	Created unnamed ImageStim = ImageStim(__class__=<class 'psychopy.visual.image.ImageStim'>, anchor=('center', 'center'), autoLog=True, color=array([1., 1., 1.]), colorSpace='rgb', contrast=1.0, depth=0, draggable=False, flipHoriz=np.False_, flipVert=np.False_, image=str(...), interpolate=True, mask=None, maskParams=None, name='unnamed ImageStim', opacity=1, ori=0.0, pos=array([-0.135,  0.   ]), size=array([0.035, 0.035]), texRes=128, units='height', win=Window(...))
238.9557 	EXP 	MainTrial_keep_alive: autoDraw = False
238.9557 	EXP 	MainTrial_keep_alive: autoDraw = True
239.1961 	DATA 	Keypress: space
239.6595 	DATA 	Keypress: space
240.0509 	DATA 	Keypress: space
240.4522 	DATA 	Keypress: space
240.5050 	EXP 	New trial (rep=0, index=39): <Trial 39 (39 in rep 0) data={'trial_id': 'd021_set1_it_coh', 'random_order': np.int64(40), 'dataset_number': np.int64(21), 'dataset_slug': '021_cough_burn_bottles', 'dataset_label': 'cough_burn_bottles', 'stimulus_set': np.int64(1), 'condition_id': 'it_coh', 'condition_name': 'intransitive_cohesive', 'cohesion': 'cohesive', 'transitivity': 'intransitive', 'n_images': np.int64(4), 'img1': 'MainStimuli/021_cough_burn_bottles/coh_1.png', 'img1_role': 'coh_1', 'img2': 'MainStimuli/021_cough_burn_bottles/coh_2.png', 'img2_role': 'coh_2', 'img3': 'MainStimuli/021_cough_burn_bottles/it_target.png', 'img3_role': 'it_target', 'img4': 'MainStimuli/021_cough_burn_bottles/end_coh_it.png', 'img4_role': 'end_coh_it', 'between_image': 'BetweenTrials/img-20250813-wa0011.jpg', 'audio_probe': np.int64(0), 'between_audio': None, 'between_audio_lock_sec': np.int64(0), 'source_dataset_folder': '/Users/matveikurzukov/Library/CloudStorage/GoogleDrive-apazent@gmail.com/.shortcut-targets-by-id/1exBA-7XrpLfZc6s8oGNYTbmjGsu5dT6p/Gurung stimuli/21_cough_burn bottles', 'thisN': 39, 'thisTrialN': 39, 'thisRepN': 0}>
240.5333 	EXP 	Created unnamed ImageStim = ImageStim(__class__=<class 'psychopy.visual.image.ImageStim'>, anchor=('center', 'center'), autoLog=True, color=array([1., 1., 1.]), colorSpace='rgb', contrast=1.0, depth=0, draggable=False, flipHoriz=np.False_, flipVert=np.False_, image=str(...), interpolate=True, mask=None, maskParams=None, name='unnamed ImageStim', opacity=1, ori=0.0, pos=array([-0.54,  0.  ]), size=array([0.22, 0.35]), texRes=128, units='height', win=Window(...))
240.5596 	EXP 	Created unnamed ImageStim = ImageStim(__class__=<class 'psychopy.visual.image.ImageStim'>, anchor=('center', 'center'), autoLog=True, color=array([1., 1., 1.]), colorSpace='rgb', contrast=1.0, depth=0, draggable=False, flipHoriz=np.False_, flipVert=np.False_, image=str(...), interpolate=True, mask=None, maskParams=None, name='unnamed ImageStim', opacity=1, ori=0.0, pos=array([-0.27,  0.  ]), size=array([0.22, 0.35]), texRes=128, units='height', win=Window(...))
240.5855 	EXP 	Created unnamed ImageStim = ImageStim(__class__=<class 'psychopy.visual.image.ImageStim'>, anchor=('center', 'center'), autoLog=True, color=array([1., 1., 1.]), colorSpace='rgb', contrast=1.0, depth=0, draggable=False, flipHoriz=np.False_, flipVert=np.False_, image=str(...), interpolate=True, mask=None, maskParams=None, name='unnamed ImageStim', opacity=1, ori=0.0, pos=array([0., 0.]), size=array([0.22, 0.35]), texRes=128, units='height', win=Window(...))
240.6106 	EXP 	Created unnamed ImageStim = ImageStim(__class__=<class 'psychopy.visual.image.ImageStim'>, anchor=('center', 'center'), autoLog=True, color=array([1., 1., 1.]), colorSpace='rgb', contrast=1.0, depth=0, draggable=False, flipHoriz=np.False_, flipVert=np.False_, image=str(...), interpolate=True, mask=None, maskParams=None, name='unnamed ImageStim', opacity=1, ori=0.0, pos=array([0.27, 0.  ]), size=array([0.22, 0.35]), texRes=128, units='height', win=Window(...))
240.6240 	EXP 	Created unnamed ImageStim = ImageStim(__class__=<class 'psychopy.visual.image.ImageStim'>, anchor=('center', 'center'), autoLog=True, color=array([1., 1., 1.]), colorSpace='rgb', contrast=1.0, depth=0, draggable=False, flipHoriz=np.False_, flipVert=np.False_, image=str(...), interpolate=True, mask=None, maskParams=None, name='unnamed ImageStim', opacity=1, ori=0.0, pos=array([-0.405,  0.   ]), size=array([0.035, 0.035]), texRes=128, units='height', win=Window(...))
240.6375 	EXP 	Created unnamed ImageStim = ImageStim(__class__=<class 'psychopy.visual.image.ImageStim'>, anchor=('center', 'center'), autoLog=True, color=array([1., 1., 1.]), colorSpace='rgb', contrast=1.0, depth=0, draggable=False, flipHoriz=np.False_, flipVert=np.False_, image=str(...), interpolate=True, mask=None, maskParams=None, name='unnamed ImageStim', opacity=1, ori=0.0, pos=array([-0.135,  0.   ]), size=array([0.035, 0.035]), texRes=128, units='height', win=Window(...))
240.6507 	EXP 	Created unnamed ImageStim = ImageStim(__class__=<class 'psychopy.visual.image.ImageStim'>, anchor=('center', 'center'), autoLog=True, color=array([1., 1., 1.]), colorSpace='rgb', contrast=1.0, depth=0, draggable=False, flipHoriz=np.False_, flipVert=np.False_, image=str(...), interpolate=True, mask=None, maskParams=None, name='unnamed ImageStim', opacity=1, ori=0.0, pos=array([0.135, 0.   ]), size=array([0.035, 0.035]), texRes=128, units='height', win=Window(...))
240.6725 	EXP 	MainTrial_keep_alive: autoDraw = False
240.6725 	EXP 	MainTrial_keep_alive: autoDraw = True
241.0328 	DATA 	Keypress: space
241.4619 	DATA 	Keypress: space
241.7829 	DATA 	Keypress: space
242.1212 	DATA 	Keypress: space
242.5106 	DATA 	Keypress: space
242.6098 	EXP 	Created unnamed ImageStim = ImageStim(__class__=<class 'psychopy.visual.image.ImageStim'>, anchor=('center', 'center'), autoLog=True, color=array([1., 1., 1.]), colorSpace='rgb', contrast=1.0, depth=0, draggable=False, flipHoriz=np.False_, flipVert=np.False_, image=str(...), interpolate=True, mask=None, maskParams=None, name='unnamed ImageStim', opacity=1, ori=0.0, pos=array([0., 0.]), size=array([0.55, 0.55]), texRes=128, units='height', win=Window(...))
242.6390 	EXP 	MainTrial_keep_alive: autoDraw = False
242.6390 	EXP 	Break_keep_alive: autoDraw = True
244.3375 	DATA 	Keypress: space
244.6644 	DATA 	Keypress: space
244.9946 	DATA 	Keypress: space
257.4440 	DATA 	Keypress: space
260.7609 	DATA 	Keypress: space
266.8992 	DATA 	Keypress: space
269.3677 	DATA 	Keypress: space
271.1423 	DATA 	Mouse: wheel shift=(0,0), pos=(411,752)
271.2096 	DATA 	Mouse: Left button down, pos=(411,752)
271.2099 	DATA 	Mouse:  Left button up, pos=(411,752)
271.2101 	DATA 	Mouse: wheel shift=(0,0), pos=(411,752)
271.5250 	DATA 	Mouse: wheel shift=(0,0), pos=(411,752)
272.8587 	DATA 	Mouse: wheel shift=(0,0), pos=(411,752)
276.1194 	DATA 	Keypress: space
276.1300 	EXP 	Imported Conds/main_block2.csv as conditions, 40 conditions, 24 params
276.1305 	EXP 	New trial (rep=0, index=0): <Trial 0 (0 in rep 0) data={'trial_id': 'd030_set1_it_ic', 'random_order': np.int64(41), 'dataset_number': np.int64(30), 'dataset_slug': '030_smile_make_momos', 'dataset_label': 'smile_make_momos', 'stimulus_set': np.int64(1), 'condition_id': 'it_ic', 'condition_name': 'intransitive_incohesive', 'cohesion': 'incohesive', 'transitivity': 'intransitive', 'n_images': np.int64(3), 'img1': 'MainStimuli/030_smile_make_momos/ic_1.png', 'img1_role': 'ic_1', 'img2': 'MainStimuli/030_smile_make_momos/it_target.png', 'img2_role': 'it_target', 'img3': 'MainStimuli/030_smile_make_momos/end_ic_it.png', 'img3_role': 'end_ic_it', 'img4': None, 'img4_role': None, 'between_image': 'BetweenTrials/1752221802086.jpg', 'audio_probe': np.int64(0), 'between_audio': None, 'between_audio_lock_sec': np.int64(0), 'source_dataset_folder': '/Users/matveikurzukov/Library/CloudStorage/GoogleDrive-apazent@gmail.com/.shortcut-targets-by-id/1exBA-7XrpLfZc6s8oGNYTbmjGsu5dT6p/Gurung stimuli/30_smile_make momos', 'thisN': 0, 'thisTrialN': 0, 'thisRepN': 0}>
276.1573 	EXP 	Created unnamed ImageStim = ImageStim(__class__=<class 'psychopy.visual.image.ImageStim'>, anchor=('center', 'center'), autoLog=True, color=array([1., 1., 1.]), colorSpace='rgb', contrast=1.0, depth=0, draggable=False, flipHoriz=np.False_, flipVert=np.False_, image=str(...), interpolate=True, mask=None, maskParams=None, name='unnamed ImageStim', opacity=1, ori=0.0, pos=array([-0.27,  0.  ]), size=array([0.22, 0.35]), texRes=128, units='height', win=Window(...))
276.1836 	EXP 	Created unnamed ImageStim = ImageStim(__class__=<class 'psychopy.visual.image.ImageStim'>, anchor=('center', 'center'), autoLog=True, color=array([1., 1., 1.]), colorSpace='rgb', contrast=1.0, depth=0, draggable=False, flipHoriz=np.False_, flipVert=np.False_, image=str(...), interpolate=True, mask=None, maskParams=None, name='unnamed ImageStim', opacity=1, ori=0.0, pos=array([0., 0.]), size=array([0.22, 0.35]), texRes=128, units='height', win=Window(...))
276.2093 	EXP 	Created unnamed ImageStim = ImageStim(__class__=<class 'psychopy.visual.image.ImageStim'>, anchor=('center', 'center'), autoLog=True, color=array([1., 1., 1.]), colorSpace='rgb', contrast=1.0, depth=0, draggable=False, flipHoriz=np.False_, flipVert=np.False_, image=str(...), interpolate=True, mask=None, maskParams=None, name='unnamed ImageStim', opacity=1, ori=0.0, pos=array([0.27, 0.  ]), size=array([0.22, 0.35]), texRes=128, units='height', win=Window(...))
276.2226 	EXP 	Created unnamed ImageStim = ImageStim(__class__=<class 'psychopy.visual.image.ImageStim'>, anchor=('center', 'center'), autoLog=True, color=array([1., 1., 1.]), colorSpace='rgb', contrast=1.0, depth=0, draggable=False, flipHoriz=np.False_, flipVert=np.False_, image=str(...), interpolate=True, mask=None, maskParams=None, name='unnamed ImageStim', opacity=1, ori=0.0, pos=array([-0.135,  0.   ]), size=array([0.035, 0.035]), texRes=128, units='height', win=Window(...))
276.2356 	EXP 	Created unnamed ImageStim = ImageStim(__class__=<class 'psychopy.visual.image.ImageStim'>, anchor=('center', 'center'), autoLog=True, color=array([1., 1., 1.]), colorSpace='rgb', contrast=1.0, depth=0, draggable=False, flipHoriz=np.False_, flipVert=np.False_, image=str(...), interpolate=True, mask=None, maskParams=None, name='unnamed ImageStim', opacity=1, ori=0.0, pos=array([0.135, 0.   ]), size=array([0.035, 0.035]), texRes=128, units='height', win=Window(...))
276.2542 	EXP 	Break_keep_alive: autoDraw = False
276.2542 	EXP 	MainTrial_keep_alive: autoDraw = True
276.6846 	DATA 	Keypress: space
276.9940 	DATA 	Keypress: space
277.3103 	DATA 	Keypress: space
277.6302 	DATA 	Keypress: space
277.6890 	EXP 	New trial (rep=0, index=1): <Trial 1 (1 in rep 0) data={'trial_id': 'd028_set1_it_ic', 'random_order': np.int64(42), 'dataset_number': np.int64(28), 'dataset_slug': '028_jump_peel_orange', 'dataset_label': 'jump_peel_orange', 'stimulus_set': np.int64(1), 'condition_id': 'it_ic', 'condition_name': 'intransitive_incohesive', 'cohesion': 'incohesive', 'transitivity': 'intransitive', 'n_images': np.int64(3), 'img1': 'MainStimuli/028_jump_peel_orange/ic_1.png', 'img1_role': 'ic_1', 'img2': 'MainStimuli/028_jump_peel_orange/it_target.png', 'img2_role': 'it_target', 'img3': 'MainStimuli/028_jump_peel_orange/end_ic_it.png', 'img3_role': 'end_ic_it', 'img4': None, 'img4_role': None, 'between_image': 'BetweenTrials/1752221806065.jpg', 'audio_probe': np.int64(0), 'between_audio': None, 'between_audio_lock_sec': np.int64(0), 'source_dataset_folder': '/Users/matveikurzukov/Library/CloudStorage/GoogleDrive-apazent@gmail.com/.shortcut-targets-by-id/1exBA-7XrpLfZc6s8oGNYTbmjGsu5dT6p/Gurung stimuli/28_jump_peel orange', 'thisN': 1, 'thisTrialN': 1, 'thisRepN': 0}>
277.7171 	EXP 	Created unnamed ImageStim = ImageStim(__class__=<class 'psychopy.visual.image.ImageStim'>, anchor=('center', 'center'), autoLog=True, color=array([1., 1., 1.]), colorSpace='rgb', contrast=1.0, depth=0, draggable=False, flipHoriz=np.False_, flipVert=np.False_, image=str(...), interpolate=True, mask=None, maskParams=None, name='unnamed ImageStim', opacity=1, ori=0.0, pos=array([-0.27,  0.  ]), size=array([0.22, 0.35]), texRes=128, units='height', win=Window(...))
277.7431 	EXP 	Created unnamed ImageStim = ImageStim(__class__=<class 'psychopy.visual.image.ImageStim'>, anchor=('center', 'center'), autoLog=True, color=array([1., 1., 1.]), colorSpace='rgb', contrast=1.0, depth=0, draggable=False, flipHoriz=np.False_, flipVert=np.False_, image=str(...), interpolate=True, mask=None, maskParams=None, name='unnamed ImageStim', opacity=1, ori=0.0, pos=array([0., 0.]), size=array([0.22, 0.35]), texRes=128, units='height', win=Window(...))
277.7728 	EXP 	Created unnamed ImageStim = ImageStim(__class__=<class 'psychopy.visual.image.ImageStim'>, anchor=('center', 'center'), autoLog=True, color=array([1., 1., 1.]), colorSpace='rgb', contrast=1.0, depth=0, draggable=False, flipHoriz=np.False_, flipVert=np.False_, image=str(...), interpolate=True, mask=None, maskParams=None, name='unnamed ImageStim', opacity=1, ori=0.0, pos=array([0.27, 0.  ]), size=array([0.22, 0.35]), texRes=128, units='height', win=Window(...))
277.7878 	EXP 	Created unnamed ImageStim = ImageStim(__class__=<class 'psychopy.visual.image.ImageStim'>, anchor=('center', 'center'), autoLog=True, color=array([1., 1., 1.]), colorSpace='rgb', contrast=1.0, depth=0, draggable=False, flipHoriz=np.False_, flipVert=np.False_, image=str(...), interpolate=True, mask=None, maskParams=None, name='unnamed ImageStim', opacity=1, ori=0.0, pos=array([-0.135,  0.   ]), size=array([0.035, 0.035]), texRes=128, units='height', win=Window(...))
277.8022 	EXP 	Created unnamed ImageStim = ImageStim(__class__=<class 'psychopy.visual.image.ImageStim'>, anchor=('center', 'center'), autoLog=True, color=array([1., 1., 1.]), colorSpace='rgb', contrast=1.0, depth=0, draggable=False, flipHoriz=np.False_, flipVert=np.False_, image=str(...), interpolate=True, mask=None, maskParams=None, name='unnamed ImageStim', opacity=1, ori=0.0, pos=array([0.135, 0.   ]), size=array([0.035, 0.035]), texRes=128, units='height', win=Window(...))
277.8207 	EXP 	MainTrial_keep_alive: autoDraw = False
277.8207 	EXP 	MainTrial_keep_alive: autoDraw = True
278.1192 	DATA 	Keypress: space
278.4471 	DATA 	Keypress: space
278.7281 	DATA 	Keypress: space
279.0496 	DATA 	Keypress: space
279.1062 	EXP 	New trial (rep=0, index=2): <Trial 2 (2 in rep 0) data={'trial_id': 'd026_set1_it_coh', 'random_order': np.int64(43), 'dataset_number': np.int64(26), 'dataset_slug': '026_sleep_drag_log', 'dataset_label': 'sleep_drag_log', 'stimulus_set': np.int64(1), 'condition_id': 'it_coh', 'condition_name': 'intransitive_cohesive', 'cohesion': 'cohesive', 'transitivity': 'intransitive', 'n_images': np.int64(4), 'img1': 'MainStimuli/026_sleep_drag_log/coh_1.png', 'img1_role': 'coh_1', 'img2': 'MainStimuli/026_sleep_drag_log/coh_2.png', 'img2_role': 'coh_2', 'img3': 'MainStimuli/026_sleep_drag_log/it_target.png', 'img3_role': 'it_target', 'img4': 'MainStimuli/026_sleep_drag_log/end_coh_it.png', 'img4_role': 'end_coh_it', 'between_image': 'BetweenTrials/1752221806065.jpg', 'audio_probe': np.int64(0), 'between_audio': None, 'between_audio_lock_sec': np.int64(0), 'source_dataset_folder': '/Users/matveikurzukov/Library/CloudStorage/GoogleDrive-apazent@gmail.com/.shortcut-targets-by-id/1exBA-7XrpLfZc6s8oGNYTbmjGsu5dT6p/Gurung stimuli/26_sleep_drag log', 'thisN': 2, 'thisTrialN': 2, 'thisRepN': 0}>
279.1374 	EXP 	Created unnamed ImageStim = ImageStim(__class__=<class 'psychopy.visual.image.ImageStim'>, anchor=('center', 'center'), autoLog=True, color=array([1., 1., 1.]), colorSpace='rgb', contrast=1.0, depth=0, draggable=False, flipHoriz=np.False_, flipVert=np.False_, image=str(...), interpolate=True, mask=None, maskParams=None, name='unnamed ImageStim', opacity=1, ori=0.0, pos=array([-0.54,  0.  ]), size=array([0.22, 0.35]), texRes=128, units='height', win=Window(...))
279.1688 	EXP 	Created unnamed ImageStim = ImageStim(__class__=<class 'psychopy.visual.image.ImageStim'>, anchor=('center', 'center'), autoLog=True, color=array([1., 1., 1.]), colorSpace='rgb', contrast=1.0, depth=0, draggable=False, flipHoriz=np.False_, flipVert=np.False_, image=str(...), interpolate=True, mask=None, maskParams=None, name='unnamed ImageStim', opacity=1, ori=0.0, pos=array([-0.27,  0.  ]), size=array([0.22, 0.35]), texRes=128, units='height', win=Window(...))
279.1968 	EXP 	Created unnamed ImageStim = ImageStim(__class__=<class 'psychopy.visual.image.ImageStim'>, anchor=('center', 'center'), autoLog=True, color=array([1., 1., 1.]), colorSpace='rgb', contrast=1.0, depth=0, draggable=False, flipHoriz=np.False_, flipVert=np.False_, image=str(...), interpolate=True, mask=None, maskParams=None, name='unnamed ImageStim', opacity=1, ori=0.0, pos=array([0., 0.]), size=array([0.22, 0.35]), texRes=128, units='height', win=Window(...))
279.2245 	EXP 	Created unnamed ImageStim = ImageStim(__class__=<class 'psychopy.visual.image.ImageStim'>, anchor=('center', 'center'), autoLog=True, color=array([1., 1., 1.]), colorSpace='rgb', contrast=1.0, depth=0, draggable=False, flipHoriz=np.False_, flipVert=np.False_, image=str(...), interpolate=True, mask=None, maskParams=None, name='unnamed ImageStim', opacity=1, ori=0.0, pos=array([0.27, 0.  ]), size=array([0.22, 0.35]), texRes=128, units='height', win=Window(...))
279.2388 	EXP 	Created unnamed ImageStim = ImageStim(__class__=<class 'psychopy.visual.image.ImageStim'>, anchor=('center', 'center'), autoLog=True, color=array([1., 1., 1.]), colorSpace='rgb', contrast=1.0, depth=0, draggable=False, flipHoriz=np.False_, flipVert=np.False_, image=str(...), interpolate=True, mask=None, maskParams=None, name='unnamed ImageStim', opacity=1, ori=0.0, pos=array([-0.405,  0.   ]), size=array([0.035, 0.035]), texRes=128, units='height', win=Window(...))
279.2531 	EXP 	Created unnamed ImageStim = ImageStim(__class__=<class 'psychopy.visual.image.ImageStim'>, anchor=('center', 'center'), autoLog=True, color=array([1., 1., 1.]), colorSpace='rgb', contrast=1.0, depth=0, draggable=False, flipHoriz=np.False_, flipVert=np.False_, image=str(...), interpolate=True, mask=None, maskParams=None, name='unnamed ImageStim', opacity=1, ori=0.0, pos=array([-0.135,  0.   ]), size=array([0.035, 0.035]), texRes=128, units='height', win=Window(...))
279.2678 	EXP 	Created unnamed ImageStim = ImageStim(__class__=<class 'psychopy.visual.image.ImageStim'>, anchor=('center', 'center'), autoLog=True, color=array([1., 1., 1.]), colorSpace='rgb', contrast=1.0, depth=0, draggable=False, flipHoriz=np.False_, flipVert=np.False_, image=str(...), interpolate=True, mask=None, maskParams=None, name='unnamed ImageStim', opacity=1, ori=0.0, pos=array([0.135, 0.   ]), size=array([0.035, 0.035]), texRes=128, units='height', win=Window(...))
279.2873 	EXP 	MainTrial_keep_alive: autoDraw = False
279.2873 	EXP 	MainTrial_keep_alive: autoDraw = True
279.5936 	DATA 	Keypress: space
279.8927 	DATA 	Keypress: space
280.1457 	DATA 	Keypress: space
280.4320 	DATA 	Keypress: space
280.8428 	DATA 	Keypress: space
280.9029 	EXP 	New trial (rep=0, index=3): <Trial 3 (3 in rep 0) data={'trial_id': 'd023_set1_it_coh', 'random_order': np.int64(44), 'dataset_number': np.int64(23), 'dataset_slug': '023_stand_tear_paper', 'dataset_label': 'stand_tear_paper', 'stimulus_set': np.int64(1), 'condition_id': 'it_coh', 'condition_name': 'intransitive_cohesive', 'cohesion': 'cohesive', 'transitivity': 'intransitive', 'n_images': np.int64(4), 'img1': 'MainStimuli/023_stand_tear_paper/coh_1.png', 'img1_role': 'coh_1', 'img2': 'MainStimuli/023_stand_tear_paper/coh_2.png', 'img2_role': 'coh_2', 'img3': 'MainStimuli/023_stand_tear_paper/it_target.png', 'img3_role': 'it_target', 'img4': 'MainStimuli/023_stand_tear_paper/end_coh_it.png', 'img4_role': 'end_coh_it', 'between_image': 'BetweenTrials/1752221802086.jpg', 'audio_probe': np.int64(0), 'between_audio': None, 'between_audio_lock_sec': np.int64(0), 'source_dataset_folder': '/Users/matveikurzukov/Library/CloudStorage/GoogleDrive-apazent@gmail.com/.shortcut-targets-by-id/1exBA-7XrpLfZc6s8oGNYTbmjGsu5dT6p/Gurung stimuli/23_stand_tear paper', 'thisN': 3, 'thisTrialN': 3, 'thisRepN': 0}>
280.9284 	EXP 	Created unnamed ImageStim = ImageStim(__class__=<class 'psychopy.visual.image.ImageStim'>, anchor=('center', 'center'), autoLog=True, color=array([1., 1., 1.]), colorSpace='rgb', contrast=1.0, depth=0, draggable=False, flipHoriz=np.False_, flipVert=np.False_, image=str(...), interpolate=True, mask=None, maskParams=None, name='unnamed ImageStim', opacity=1, ori=0.0, pos=array([-0.54,  0.  ]), size=array([0.22, 0.35]), texRes=128, units='height', win=Window(...))
280.9532 	EXP 	Created unnamed ImageStim = ImageStim(__class__=<class 'psychopy.visual.image.ImageStim'>, anchor=('center', 'center'), autoLog=True, color=array([1., 1., 1.]), colorSpace='rgb', contrast=1.0, depth=0, draggable=False, flipHoriz=np.False_, flipVert=np.False_, image=str(...), interpolate=True, mask=None, maskParams=None, name='unnamed ImageStim', opacity=1, ori=0.0, pos=array([-0.27,  0.  ]), size=array([0.22, 0.35]), texRes=128, units='height', win=Window(...))
280.9798 	EXP 	Created unnamed ImageStim = ImageStim(__class__=<class 'psychopy.visual.image.ImageStim'>, anchor=('center', 'center'), autoLog=True, color=array([1., 1., 1.]), colorSpace='rgb', contrast=1.0, depth=0, draggable=False, flipHoriz=np.False_, flipVert=np.False_, image=str(...), interpolate=True, mask=None, maskParams=None, name='unnamed ImageStim', opacity=1, ori=0.0, pos=array([0., 0.]), size=array([0.22, 0.35]), texRes=128, units='height', win=Window(...))
281.0065 	EXP 	Created unnamed ImageStim = ImageStim(__class__=<class 'psychopy.visual.image.ImageStim'>, anchor=('center', 'center'), autoLog=True, color=array([1., 1., 1.]), colorSpace='rgb', contrast=1.0, depth=0, draggable=False, flipHoriz=np.False_, flipVert=np.False_, image=str(...), interpolate=True, mask=None, maskParams=None, name='unnamed ImageStim', opacity=1, ori=0.0, pos=array([0.27, 0.  ]), size=array([0.22, 0.35]), texRes=128, units='height', win=Window(...))
281.0197 	EXP 	Created unnamed ImageStim = ImageStim(__class__=<class 'psychopy.visual.image.ImageStim'>, anchor=('center', 'center'), autoLog=True, color=array([1., 1., 1.]), colorSpace='rgb', contrast=1.0, depth=0, draggable=False, flipHoriz=np.False_, flipVert=np.False_, image=str(...), interpolate=True, mask=None, maskParams=None, name='unnamed ImageStim', opacity=1, ori=0.0, pos=array([-0.405,  0.   ]), size=array([0.035, 0.035]), texRes=128, units='height', win=Window(...))
281.0330 	EXP 	Created unnamed ImageStim = ImageStim(__class__=<class 'psychopy.visual.image.ImageStim'>, anchor=('center', 'center'), autoLog=True, color=array([1., 1., 1.]), colorSpace='rgb', contrast=1.0, depth=0, draggable=False, flipHoriz=np.False_, flipVert=np.False_, image=str(...), interpolate=True, mask=None, maskParams=None, name='unnamed ImageStim', opacity=1, ori=0.0, pos=array([-0.135,  0.   ]), size=array([0.035, 0.035]), texRes=128, units='height', win=Window(...))
281.0460 	EXP 	Created unnamed ImageStim = ImageStim(__class__=<class 'psychopy.visual.image.ImageStim'>, anchor=('center', 'center'), autoLog=True, color=array([1., 1., 1.]), colorSpace='rgb', contrast=1.0, depth=0, draggable=False, flipHoriz=np.False_, flipVert=np.False_, image=str(...), interpolate=True, mask=None, maskParams=None, name='unnamed ImageStim', opacity=1, ori=0.0, pos=array([0.135, 0.   ]), size=array([0.035, 0.035]), texRes=128, units='height', win=Window(...))
281.0703 	EXP 	MainTrial_keep_alive: autoDraw = False
281.0703 	EXP 	MainTrial_keep_alive: autoDraw = True
281.3311 	DATA 	Keypress: space
281.6641 	DATA 	Keypress: space
282.2845 	DATA 	Keypress: space
284.6768 	DATA 	Keypress: space
285.1800 	DATA 	Keypress: space
285.2496 	EXP 	New trial (rep=0, index=4): <Trial 4 (4 in rep 0) data={'trial_id': 'd001_set1_tr_coh', 'random_order': np.int64(45), 'dataset_number': np.int64(1), 'dataset_slug': '001_cough_throw_bones', 'dataset_label': 'cough_throw_bones', 'stimulus_set': np.int64(1), 'condition_id': 'tr_coh', 'condition_name': 'transitive_cohesive', 'cohesion': 'cohesive', 'transitivity': 'transitive', 'n_images': np.int64(3), 'img1': 'MainStimuli/001_cough_throw_bones/coh_1.png', 'img1_role': 'coh_1', 'img2': 'MainStimuli/001_cough_throw_bones/coh_2.png', 'img2_role': 'coh_2', 'img3': 'MainStimuli/001_cough_throw_bones/tr_target.png', 'img3_role': 'tr_target', 'img4': None, 'img4_role': None, 'between_image': 'BetweenTrials/img-20250813-wa0011.jpg', 'audio_probe': np.int64(1), 'between_audio': 'Audio/tsakyali.wav', 'between_audio_lock_sec': np.int64(10), 'source_dataset_folder': '/Users/matveikurzukov/Library/CloudStorage/GoogleDrive-apazent@gmail.com/.shortcut-targets-by-id/1exBA-7XrpLfZc6s8oGNYTbmjGsu5dT6p/Gurung stimuli/1_cough_throw bones', 'thisN': 4, 'thisTrialN': 4, 'thisRepN': 0}>
285.2836 	EXP 	Created unnamed ImageStim = ImageStim(__class__=<class 'psychopy.visual.image.ImageStim'>, anchor=('center', 'center'), autoLog=True, color=array([1., 1., 1.]), colorSpace='rgb', contrast=1.0, depth=0, draggable=False, flipHoriz=np.False_, flipVert=np.False_, image=str(...), interpolate=True, mask=None, maskParams=None, name='unnamed ImageStim', opacity=1, ori=0.0, pos=array([-0.54,  0.  ]), size=array([0.22, 0.35]), texRes=128, units='height', win=Window(...))
285.3162 	EXP 	Created unnamed ImageStim = ImageStim(__class__=<class 'psychopy.visual.image.ImageStim'>, anchor=('center', 'center'), autoLog=True, color=array([1., 1., 1.]), colorSpace='rgb', contrast=1.0, depth=0, draggable=False, flipHoriz=np.False_, flipVert=np.False_, image=str(...), interpolate=True, mask=None, maskParams=None, name='unnamed ImageStim', opacity=1, ori=0.0, pos=array([-0.27,  0.  ]), size=array([0.22, 0.35]), texRes=128, units='height', win=Window(...))
285.3476 	EXP 	Created unnamed ImageStim = ImageStim(__class__=<class 'psychopy.visual.image.ImageStim'>, anchor=('center', 'center'), autoLog=True, color=array([1., 1., 1.]), colorSpace='rgb', contrast=1.0, depth=0, draggable=False, flipHoriz=np.False_, flipVert=np.False_, image=str(...), interpolate=True, mask=None, maskParams=None, name='unnamed ImageStim', opacity=1, ori=0.0, pos=array([0., 0.]), size=array([0.22, 0.35]), texRes=128, units='height', win=Window(...))
285.3657 	EXP 	Created unnamed ImageStim = ImageStim(__class__=<class 'psychopy.visual.image.ImageStim'>, anchor=('center', 'center'), autoLog=True, color=array([1., 1., 1.]), colorSpace='rgb', contrast=1.0, depth=0, draggable=False, flipHoriz=np.False_, flipVert=np.False_, image=str(...), interpolate=True, mask=None, maskParams=None, name='unnamed ImageStim', opacity=1, ori=0.0, pos=array([-0.405,  0.   ]), size=array([0.035, 0.035]), texRes=128, units='height', win=Window(...))
285.3843 	EXP 	Created unnamed ImageStim = ImageStim(__class__=<class 'psychopy.visual.image.ImageStim'>, anchor=('center', 'center'), autoLog=True, color=array([1., 1., 1.]), colorSpace='rgb', contrast=1.0, depth=0, draggable=False, flipHoriz=np.False_, flipVert=np.False_, image=str(...), interpolate=True, mask=None, maskParams=None, name='unnamed ImageStim', opacity=1, ori=0.0, pos=array([-0.135,  0.   ]), size=array([0.035, 0.035]), texRes=128, units='height', win=Window(...))
285.4535 	EXP 	: sampleRate = 48000
285.4536 	EXP 	: channels = None
285.4539 	EXP 	: sampleRate = 48000
285.4551 	EXP 	Sound  reached end of file
285.4552 	EXP 	Playing sound  on speaker MacBook Air Speakers
285.4722 	EXP 	MainTrial_keep_alive: autoDraw = False
285.4722 	EXP 	MainTrial_keep_alive: autoDraw = True
287.0080 	DATA 	Mouse: wheel shift=(0,0), pos=(411,752)
287.0424 	DATA 	Mouse: Left button down, pos=(411,752)
287.0426 	DATA 	Mouse:  Left button up, pos=(411,752)
287.0428 	DATA 	Mouse: wheel shift=(0,0), pos=(411,752)
290.3766 	DATA 	Keypress: space
294.6328 	DATA 	Keypress: space
295.2772 	DATA 	Keypress: space
295.8930 	DATA 	Keypress: space
295.9032 	EXP 	Sound  stopped
296.5227 	DATA 	Keypress: space
296.8887 	DATA 	Keypress: space
297.2071 	DATA 	Keypress: space
297.2719 	EXP 	New trial (rep=0, index=5): <Trial 5 (5 in rep 0) data={'trial_id': 'd002_set1_tr_ic', 'random_order': np.int64(46), 'dataset_number': np.int64(2), 'dataset_slug': '002_stand_weave_basket', 'dataset_label': 'stand_weave_basket', 'stimulus_set': np.int64(1), 'condition_id': 'tr_ic', 'condition_name': 'transitive_incohesive', 'cohesion': 'incohesive', 'transitivity': 'transitive', 'n_images': np.int64(3), 'img1': 'MainStimuli/002_stand_weave_basket/ic_1.png', 'img1_role': 'ic_1', 'img2': 'MainStimuli/002_stand_weave_basket/tr_target.png', 'img2_role': 'tr_target', 'img3': 'MainStimuli/002_stand_weave_basket/end_ic_tr.png', 'img3_role': 'end_ic_tr', 'img4': None, 'img4_role': None, 'between_image': 'BetweenTrials/1752221802086.jpg', 'audio_probe': np.int64(0), 'between_audio': None, 'between_audio_lock_sec': np.int64(0), 'source_dataset_folder': '/Users/matveikurzukov/Library/CloudStorage/GoogleDrive-apazent@gmail.com/.shortcut-targets-by-id/1exBA-7XrpLfZc6s8oGNYTbmjGsu5dT6p/Gurung stimuli/2_stand_weave basket', 'thisN': 5, 'thisTrialN': 5, 'thisRepN': 0}>
297.3025 	EXP 	Created unnamed ImageStim = ImageStim(__class__=<class 'psychopy.visual.image.ImageStim'>, anchor=('center', 'center'), autoLog=True, color=array([1., 1., 1.]), colorSpace='rgb', contrast=1.0, depth=0, draggable=False, flipHoriz=np.False_, flipVert=np.False_, image=str(...), interpolate=True, mask=None, maskParams=None, name='unnamed ImageStim', opacity=1, ori=0.0, pos=array([-0.27,  0.  ]), size=array([0.22, 0.35]), texRes=128, units='height', win=Window(...))
297.3342 	EXP 	Created unnamed ImageStim = ImageStim(__class__=<class 'psychopy.visual.image.ImageStim'>, anchor=('center', 'center'), autoLog=True, color=array([1., 1., 1.]), colorSpace='rgb', contrast=1.0, depth=0, draggable=False, flipHoriz=np.False_, flipVert=np.False_, image=str(...), interpolate=True, mask=None, maskParams=None, name='unnamed ImageStim', opacity=1, ori=0.0, pos=array([0., 0.]), size=array([0.22, 0.35]), texRes=128, units='height', win=Window(...))
297.3674 	EXP 	Created unnamed ImageStim = ImageStim(__class__=<class 'psychopy.visual.image.ImageStim'>, anchor=('center', 'center'), autoLog=True, color=array([1., 1., 1.]), colorSpace='rgb', contrast=1.0, depth=0, draggable=False, flipHoriz=np.False_, flipVert=np.False_, image=str(...), interpolate=True, mask=None, maskParams=None, name='unnamed ImageStim', opacity=1, ori=0.0, pos=array([0.27, 0.  ]), size=array([0.22, 0.35]), texRes=128, units='height', win=Window(...))
297.3825 	EXP 	Created unnamed ImageStim = ImageStim(__class__=<class 'psychopy.visual.image.ImageStim'>, anchor=('center', 'center'), autoLog=True, color=array([1., 1., 1.]), colorSpace='rgb', contrast=1.0, depth=0, draggable=False, flipHoriz=np.False_, flipVert=np.False_, image=str(...), interpolate=True, mask=None, maskParams=None, name='unnamed ImageStim', opacity=1, ori=0.0, pos=array([-0.135,  0.   ]), size=array([0.035, 0.035]), texRes=128, units='height', win=Window(...))
297.3978 	EXP 	Created unnamed ImageStim = ImageStim(__class__=<class 'psychopy.visual.image.ImageStim'>, anchor=('center', 'center'), autoLog=True, color=array([1., 1., 1.]), colorSpace='rgb', contrast=1.0, depth=0, draggable=False, flipHoriz=np.False_, flipVert=np.False_, image=str(...), interpolate=True, mask=None, maskParams=None, name='unnamed ImageStim', opacity=1, ori=0.0, pos=array([0.135, 0.   ]), size=array([0.035, 0.035]), texRes=128, units='height', win=Window(...))
297.4195 	EXP 	MainTrial_keep_alive: autoDraw = False
297.4195 	EXP 	MainTrial_keep_alive: autoDraw = True
298.0592 	DATA 	Keypress: space
298.4655 	DATA 	Keypress: space
298.8397 	DATA 	Keypress: space
299.3081 	DATA 	Keypress: space
299.3671 	EXP 	New trial (rep=0, index=6): <Trial 6 (6 in rep 0) data={'trial_id': 'd014_set1_tr_ic', 'random_order': np.int64(47), 'dataset_number': np.int64(14), 'dataset_slug': '014_ascend_weave_raincoat', 'dataset_label': 'ascend_weave_raincoat', 'stimulus_set': np.int64(1), 'condition_id': 'tr_ic', 'condition_name': 'transitive_incohesive', 'cohesion': 'incohesive', 'transitivity': 'transitive', 'n_images': np.int64(3), 'img1': 'MainStimuli/014_ascend_weave_raincoat/ic_1.png', 'img1_role': 'ic_1', 'img2': 'MainStimuli/014_ascend_weave_raincoat/tr_target.png', 'img2_role': 'tr_target', 'img3': 'MainStimuli/014_ascend_weave_raincoat/end_ic_tr.png', 'img3_role': 'end_ic_tr', 'img4': None, 'img4_role': None, 'between_image': 'BetweenTrials/img_20260522_165652.jpg', 'audio_probe': np.int64(0), 'between_audio': None, 'between_audio_lock_sec': np.int64(0), 'source_dataset_folder': '/Users/matveikurzukov/Library/CloudStorage/GoogleDrive-apazent@gmail.com/.shortcut-targets-by-id/1exBA-7XrpLfZc6s8oGNYTbmjGsu5dT6p/Gurung stimuli/14_ascend_weave raincoat', 'thisN': 6, 'thisTrialN': 6, 'thisRepN': 0}>
299.3941 	EXP 	Created unnamed ImageStim = ImageStim(__class__=<class 'psychopy.visual.image.ImageStim'>, anchor=('center', 'center'), autoLog=True, color=array([1., 1., 1.]), colorSpace='rgb', contrast=1.0, depth=0, draggable=False, flipHoriz=np.False_, flipVert=np.False_, image=str(...), interpolate=True, mask=None, maskParams=None, name='unnamed ImageStim', opacity=1, ori=0.0, pos=array([-0.27,  0.  ]), size=array([0.22, 0.35]), texRes=128, units='height', win=Window(...))
299.4225 	EXP 	Created unnamed ImageStim = ImageStim(__class__=<class 'psychopy.visual.image.ImageStim'>, anchor=('center', 'center'), autoLog=True, color=array([1., 1., 1.]), colorSpace='rgb', contrast=1.0, depth=0, draggable=False, flipHoriz=np.False_, flipVert=np.False_, image=str(...), interpolate=True, mask=None, maskParams=None, name='unnamed ImageStim', opacity=1, ori=0.0, pos=array([0., 0.]), size=array([0.22, 0.35]), texRes=128, units='height', win=Window(...))
299.4510 	EXP 	Created unnamed ImageStim = ImageStim(__class__=<class 'psychopy.visual.image.ImageStim'>, anchor=('center', 'center'), autoLog=True, color=array([1., 1., 1.]), colorSpace='rgb', contrast=1.0, depth=0, draggable=False, flipHoriz=np.False_, flipVert=np.False_, image=str(...), interpolate=True, mask=None, maskParams=None, name='unnamed ImageStim', opacity=1, ori=0.0, pos=array([0.27, 0.  ]), size=array([0.22, 0.35]), texRes=128, units='height', win=Window(...))
299.4643 	EXP 	Created unnamed ImageStim = ImageStim(__class__=<class 'psychopy.visual.image.ImageStim'>, anchor=('center', 'center'), autoLog=True, color=array([1., 1., 1.]), colorSpace='rgb', contrast=1.0, depth=0, draggable=False, flipHoriz=np.False_, flipVert=np.False_, image=str(...), interpolate=True, mask=None, maskParams=None, name='unnamed ImageStim', opacity=1, ori=0.0, pos=array([-0.135,  0.   ]), size=array([0.035, 0.035]), texRes=128, units='height', win=Window(...))
299.4772 	EXP 	Created unnamed ImageStim = ImageStim(__class__=<class 'psychopy.visual.image.ImageStim'>, anchor=('center', 'center'), autoLog=True, color=array([1., 1., 1.]), colorSpace='rgb', contrast=1.0, depth=0, draggable=False, flipHoriz=np.False_, flipVert=np.False_, image=str(...), interpolate=True, mask=None, maskParams=None, name='unnamed ImageStim', opacity=1, ori=0.0, pos=array([0.135, 0.   ]), size=array([0.035, 0.035]), texRes=128, units='height', win=Window(...))
299.5023 	EXP 	MainTrial_keep_alive: autoDraw = False
299.5023 	EXP 	MainTrial_keep_alive: autoDraw = True
299.8769 	DATA 	Keypress: space
300.2930 	DATA 	Keypress: space
300.6587 	DATA 	Keypress: space
301.0652 	DATA 	Keypress: space
301.1187 	EXP 	New trial (rep=0, index=7): <Trial 7 (7 in rep 0) data={'trial_id': 'd003_set1_tr_coh', 'random_order': np.int64(48), 'dataset_number': np.int64(3), 'dataset_slug': '003_rest_cook_fish', 'dataset_label': 'rest_cook_fish', 'stimulus_set': np.int64(1), 'condition_id': 'tr_coh', 'condition_name': 'transitive_cohesive', 'cohesion': 'cohesive', 'transitivity': 'transitive', 'n_images': np.int64(3), 'img1': 'MainStimuli/003_rest_cook_fish/coh_1.png', 'img1_role': 'coh_1', 'img2': 'MainStimuli/003_rest_cook_fish/coh_2.png', 'img2_role': 'coh_2', 'img3': 'MainStimuli/003_rest_cook_fish/tr_target.png', 'img3_role': 'tr_target', 'img4': None, 'img4_role': None, 'between_image': 'BetweenTrials/img_20260522_165652.jpg', 'audio_probe': np.int64(0), 'between_audio': None, 'between_audio_lock_sec': np.int64(0), 'source_dataset_folder': '/Users/matveikurzukov/Library/CloudStorage/GoogleDrive-apazent@gmail.com/.shortcut-targets-by-id/1exBA-7XrpLfZc6s8oGNYTbmjGsu5dT6p/Gurung stimuli/3_rest_cook fish', 'thisN': 7, 'thisTrialN': 7, 'thisRepN': 0}>
301.1459 	EXP 	Created unnamed ImageStim = ImageStim(__class__=<class 'psychopy.visual.image.ImageStim'>, anchor=('center', 'center'), autoLog=True, color=array([1., 1., 1.]), colorSpace='rgb', contrast=1.0, depth=0, draggable=False, flipHoriz=np.False_, flipVert=np.False_, image=str(...), interpolate=True, mask=None, maskParams=None, name='unnamed ImageStim', opacity=1, ori=0.0, pos=array([-0.54,  0.  ]), size=array([0.22, 0.35]), texRes=128, units='height', win=Window(...))
301.1712 	EXP 	Created unnamed ImageStim = ImageStim(__class__=<class 'psychopy.visual.image.ImageStim'>, anchor=('center', 'center'), autoLog=True, color=array([1., 1., 1.]), colorSpace='rgb', contrast=1.0, depth=0, draggable=False, flipHoriz=np.False_, flipVert=np.False_, image=str(...), interpolate=True, mask=None, maskParams=None, name='unnamed ImageStim', opacity=1, ori=0.0, pos=array([-0.27,  0.  ]), size=array([0.22, 0.35]), texRes=128, units='height', win=Window(...))
301.1942 	EXP 	Created unnamed ImageStim = ImageStim(__class__=<class 'psychopy.visual.image.ImageStim'>, anchor=('center', 'center'), autoLog=True, color=array([1., 1., 1.]), colorSpace='rgb', contrast=1.0, depth=0, draggable=False, flipHoriz=np.False_, flipVert=np.False_, image=str(...), interpolate=True, mask=None, maskParams=None, name='unnamed ImageStim', opacity=1, ori=0.0, pos=array([0., 0.]), size=array([0.22, 0.35]), texRes=128, units='height', win=Window(...))
301.2081 	EXP 	Created unnamed ImageStim = ImageStim(__class__=<class 'psychopy.visual.image.ImageStim'>, anchor=('center', 'center'), autoLog=True, color=array([1., 1., 1.]), colorSpace='rgb', contrast=1.0, depth=0, draggable=False, flipHoriz=np.False_, flipVert=np.False_, image=str(...), interpolate=True, mask=None, maskParams=None, name='unnamed ImageStim', opacity=1, ori=0.0, pos=array([-0.405,  0.   ]), size=array([0.035, 0.035]), texRes=128, units='height', win=Window(...))
301.2212 	EXP 	Created unnamed ImageStim = ImageStim(__class__=<class 'psychopy.visual.image.ImageStim'>, anchor=('center', 'center'), autoLog=True, color=array([1., 1., 1.]), colorSpace='rgb', contrast=1.0, depth=0, draggable=False, flipHoriz=np.False_, flipVert=np.False_, image=str(...), interpolate=True, mask=None, maskParams=None, name='unnamed ImageStim', opacity=1, ori=0.0, pos=array([-0.135,  0.   ]), size=array([0.035, 0.035]), texRes=128, units='height', win=Window(...))
301.2371 	EXP 	MainTrial_keep_alive: autoDraw = False
301.2371 	EXP 	MainTrial_keep_alive: autoDraw = True
301.6772 	DATA 	Keypress: space
302.0641 	DATA 	Keypress: space
302.3974 	DATA 	Keypress: space
302.7835 	DATA 	Keypress: space
302.8336 	EXP 	New trial (rep=0, index=8): <Trial 8 (8 in rep 0) data={'trial_id': 'd001_set1_it_ic', 'random_order': np.int64(49), 'dataset_number': np.int64(1), 'dataset_slug': '001_cough_throw_bones', 'dataset_label': 'cough_throw_bones', 'stimulus_set': np.int64(1), 'condition_id': 'it_ic', 'condition_name': 'intransitive_incohesive', 'cohesion': 'incohesive', 'transitivity': 'intransitive', 'n_images': np.int64(3), 'img1': 'MainStimuli/001_cough_throw_bones/ic_1.png', 'img1_role': 'ic_1', 'img2': 'MainStimuli/001_cough_throw_bones/it_target.png', 'img2_role': 'it_target', 'img3': 'MainStimuli/001_cough_throw_bones/end_ic_it.png', 'img3_role': 'end_ic_it', 'img4': None, 'img4_role': None, 'between_image': 'BetweenTrials/img_20260522_165652.jpg', 'audio_probe': np.int64(1), 'between_audio': 'Audio/tsakyali.wav', 'between_audio_lock_sec': np.int64(10), 'source_dataset_folder': '/Users/matveikurzukov/Library/CloudStorage/GoogleDrive-apazent@gmail.com/.shortcut-targets-by-id/1exBA-7XrpLfZc6s8oGNYTbmjGsu5dT6p/Gurung stimuli/1_cough_throw bones', 'thisN': 8, 'thisTrialN': 8, 'thisRepN': 0}>
302.8593 	EXP 	Created unnamed ImageStim = ImageStim(__class__=<class 'psychopy.visual.image.ImageStim'>, anchor=('center', 'center'), autoLog=True, color=array([1., 1., 1.]), colorSpace='rgb', contrast=1.0, depth=0, draggable=False, flipHoriz=np.False_, flipVert=np.False_, image=str(...), interpolate=True, mask=None, maskParams=None, name='unnamed ImageStim', opacity=1, ori=0.0, pos=array([-0.27,  0.  ]), size=array([0.22, 0.35]), texRes=128, units='height', win=Window(...))
302.8830 	EXP 	Created unnamed ImageStim = ImageStim(__class__=<class 'psychopy.visual.image.ImageStim'>, anchor=('center', 'center'), autoLog=True, color=array([1., 1., 1.]), colorSpace='rgb', contrast=1.0, depth=0, draggable=False, flipHoriz=np.False_, flipVert=np.False_, image=str(...), interpolate=True, mask=None, maskParams=None, name='unnamed ImageStim', opacity=1, ori=0.0, pos=array([0., 0.]), size=array([0.22, 0.35]), texRes=128, units='height', win=Window(...))
302.9082 	EXP 	Created unnamed ImageStim = ImageStim(__class__=<class 'psychopy.visual.image.ImageStim'>, anchor=('center', 'center'), autoLog=True, color=array([1., 1., 1.]), colorSpace='rgb', contrast=1.0, depth=0, draggable=False, flipHoriz=np.False_, flipVert=np.False_, image=str(...), interpolate=True, mask=None, maskParams=None, name='unnamed ImageStim', opacity=1, ori=0.0, pos=array([0.27, 0.  ]), size=array([0.22, 0.35]), texRes=128, units='height', win=Window(...))
302.9214 	EXP 	Created unnamed ImageStim = ImageStim(__class__=<class 'psychopy.visual.image.ImageStim'>, anchor=('center', 'center'), autoLog=True, color=array([1., 1., 1.]), colorSpace='rgb', contrast=1.0, depth=0, draggable=False, flipHoriz=np.False_, flipVert=np.False_, image=str(...), interpolate=True, mask=None, maskParams=None, name='unnamed ImageStim', opacity=1, ori=0.0, pos=array([-0.135,  0.   ]), size=array([0.035, 0.035]), texRes=128, units='height', win=Window(...))
302.9348 	EXP 	Created unnamed ImageStim = ImageStim(__class__=<class 'psychopy.visual.image.ImageStim'>, anchor=('center', 'center'), autoLog=True, color=array([1., 1., 1.]), colorSpace='rgb', contrast=1.0, depth=0, draggable=False, flipHoriz=np.False_, flipVert=np.False_, image=str(...), interpolate=True, mask=None, maskParams=None, name='unnamed ImageStim', opacity=1, ori=0.0, pos=array([0.135, 0.   ]), size=array([0.035, 0.035]), texRes=128, units='height', win=Window(...))
302.9848 	EXP 	: sampleRate = 48000
302.9848 	EXP 	: channels = None
302.9851 	EXP 	: sampleRate = 48000
302.9861 	EXP 	Sound  reached end of file
302.9861 	EXP 	Playing sound  on speaker MacBook Air Speakers
303.0025 	EXP 	MainTrial_keep_alive: autoDraw = False
303.0025 	EXP 	MainTrial_keep_alive: autoDraw = True
308.1249 	DATA 	Keypress: space
312.1003 	DATA 	Keypress: space
315.1587 	DATA 	Keypress: space
315.1685 	EXP 	Sound  stopped
315.5312 	DATA 	Keypress: space
315.8091 	DATA 	Keypress: space
316.1573 	DATA 	Keypress: space
316.2147 	EXP 	New trial (rep=0, index=9): <Trial 9 (9 in rep 0) data={'trial_id': 'd010_set1_tr_ic', 'random_order': np.int64(50), 'dataset_number': np.int64(10), 'dataset_slug': '010_run_cook_pancakes', 'dataset_label': 'run_cook_pancakes', 'stimulus_set': np.int64(1), 'condition_id': 'tr_ic', 'condition_name': 'transitive_incohesive', 'cohesion': 'incohesive', 'transitivity': 'transitive', 'n_images': np.int64(3), 'img1': 'MainStimuli/010_run_cook_pancakes/ic_1.png', 'img1_role': 'ic_1', 'img2': 'MainStimuli/010_run_cook_pancakes/tr_target.png', 'img2_role': 'tr_target', 'img3': 'MainStimuli/010_run_cook_pancakes/end_ic_tr.png', 'img3_role': 'end_ic_tr', 'img4': None, 'img4_role': None, 'between_image': 'BetweenTrials/img_20260522_165652.jpg', 'audio_probe': np.int64(0), 'between_audio': None, 'between_audio_lock_sec': np.int64(0), 'source_dataset_folder': '/Users/matveikurzukov/Library/CloudStorage/GoogleDrive-apazent@gmail.com/.shortcut-targets-by-id/1exBA-7XrpLfZc6s8oGNYTbmjGsu5dT6p/Gurung stimuli/10_run_cook pancakes', 'thisN': 9, 'thisTrialN': 9, 'thisRepN': 0}>
316.2421 	EXP 	Created unnamed ImageStim = ImageStim(__class__=<class 'psychopy.visual.image.ImageStim'>, anchor=('center', 'center'), autoLog=True, color=array([1., 1., 1.]), colorSpace='rgb', contrast=1.0, depth=0, draggable=False, flipHoriz=np.False_, flipVert=np.False_, image=str(...), interpolate=True, mask=None, maskParams=None, name='unnamed ImageStim', opacity=1, ori=0.0, pos=array([-0.27,  0.  ]), size=array([0.22, 0.35]), texRes=128, units='height', win=Window(...))
316.2671 	EXP 	Created unnamed ImageStim = ImageStim(__class__=<class 'psychopy.visual.image.ImageStim'>, anchor=('center', 'center'), autoLog=True, color=array([1., 1., 1.]), colorSpace='rgb', contrast=1.0, depth=0, draggable=False, flipHoriz=np.False_, flipVert=np.False_, image=str(...), interpolate=True, mask=None, maskParams=None, name='unnamed ImageStim', opacity=1, ori=0.0, pos=array([0., 0.]), size=array([0.22, 0.35]), texRes=128, units='height', win=Window(...))
316.2950 	EXP 	Created unnamed ImageStim = ImageStim(__class__=<class 'psychopy.visual.image.ImageStim'>, anchor=('center', 'center'), autoLog=True, color=array([1., 1., 1.]), colorSpace='rgb', contrast=1.0, depth=0, draggable=False, flipHoriz=np.False_, flipVert=np.False_, image=str(...), interpolate=True, mask=None, maskParams=None, name='unnamed ImageStim', opacity=1, ori=0.0, pos=array([0.27, 0.  ]), size=array([0.22, 0.35]), texRes=128, units='height', win=Window(...))
316.3083 	EXP 	Created unnamed ImageStim = ImageStim(__class__=<class 'psychopy.visual.image.ImageStim'>, anchor=('center', 'center'), autoLog=True, color=array([1., 1., 1.]), colorSpace='rgb', contrast=1.0, depth=0, draggable=False, flipHoriz=np.False_, flipVert=np.False_, image=str(...), interpolate=True, mask=None, maskParams=None, name='unnamed ImageStim', opacity=1, ori=0.0, pos=array([-0.135,  0.   ]), size=array([0.035, 0.035]), texRes=128, units='height', win=Window(...))
316.3212 	EXP 	Created unnamed ImageStim = ImageStim(__class__=<class 'psychopy.visual.image.ImageStim'>, anchor=('center', 'center'), autoLog=True, color=array([1., 1., 1.]), colorSpace='rgb', contrast=1.0, depth=0, draggable=False, flipHoriz=np.False_, flipVert=np.False_, image=str(...), interpolate=True, mask=None, maskParams=None, name='unnamed ImageStim', opacity=1, ori=0.0, pos=array([0.135, 0.   ]), size=array([0.035, 0.035]), texRes=128, units='height', win=Window(...))
316.3513 	EXP 	MainTrial_keep_alive: autoDraw = False
316.3513 	EXP 	MainTrial_keep_alive: autoDraw = True
316.6730 	DATA 	Keypress: space
317.0453 	DATA 	Keypress: space
317.6711 	DATA 	Keypress: space
317.9945 	DATA 	Keypress: space
318.0556 	EXP 	New trial (rep=0, index=10): <Trial 10 (10 in rep 0) data={'trial_id': 'd013_set1_it_coh', 'random_order': np.int64(51), 'dataset_number': np.int64(13), 'dataset_slug': '013_stand_wash_clothes', 'dataset_label': 'stand_wash_clothes', 'stimulus_set': np.int64(1), 'condition_id': 'it_coh', 'condition_name': 'intransitive_cohesive', 'cohesion': 'cohesive', 'transitivity': 'intransitive', 'n_images': np.int64(4), 'img1': 'MainStimuli/013_stand_wash_clothes/coh_1.png', 'img1_role': 'coh_1', 'img2': 'MainStimuli/013_stand_wash_clothes/coh_2.png', 'img2_role': 'coh_2', 'img3': 'MainStimuli/013_stand_wash_clothes/it_target.png', 'img3_role': 'it_target', 'img4': 'MainStimuli/013_stand_wash_clothes/end_coh_it.png', 'img4_role': 'end_coh_it', 'between_image': 'BetweenTrials/1752221802086.jpg', 'audio_probe': np.int64(0), 'between_audio': None, 'between_audio_lock_sec': np.int64(0), 'source_dataset_folder': '/Users/matveikurzukov/Library/CloudStorage/GoogleDrive-apazent@gmail.com/.shortcut-targets-by-id/1exBA-7XrpLfZc6s8oGNYTbmjGsu5dT6p/Gurung stimuli/13_stand_wash clothes', 'thisN': 10, 'thisTrialN': 10, 'thisRepN': 0}>
318.0872 	EXP 	Created unnamed ImageStim = ImageStim(__class__=<class 'psychopy.visual.image.ImageStim'>, anchor=('center', 'center'), autoLog=True, color=array([1., 1., 1.]), colorSpace='rgb', contrast=1.0, depth=0, draggable=False, flipHoriz=np.False_, flipVert=np.False_, image=str(...), interpolate=True, mask=None, maskParams=None, name='unnamed ImageStim', opacity=1, ori=0.0, pos=array([-0.54,  0.  ]), size=array([0.22, 0.35]), texRes=128, units='height', win=Window(...))
318.1195 	EXP 	Created unnamed ImageStim = ImageStim(__class__=<class 'psychopy.visual.image.ImageStim'>, anchor=('center', 'center'), autoLog=True, color=array([1., 1., 1.]), colorSpace='rgb', contrast=1.0, depth=0, draggable=False, flipHoriz=np.False_, flipVert=np.False_, image=str(...), interpolate=True, mask=None, maskParams=None, name='unnamed ImageStim', opacity=1, ori=0.0, pos=array([-0.27,  0.  ]), size=array([0.22, 0.35]), texRes=128, units='height', win=Window(...))
318.1520 	EXP 	Created unnamed ImageStim = ImageStim(__class__=<class 'psychopy.visual.image.ImageStim'>, anchor=('center', 'center'), autoLog=True, color=array([1., 1., 1.]), colorSpace='rgb', contrast=1.0, depth=0, draggable=False, flipHoriz=np.False_, flipVert=np.False_, image=str(...), interpolate=True, mask=None, maskParams=None, name='unnamed ImageStim', opacity=1, ori=0.0, pos=array([0., 0.]), size=array([0.22, 0.35]), texRes=128, units='height', win=Window(...))
318.1842 	EXP 	Created unnamed ImageStim = ImageStim(__class__=<class 'psychopy.visual.image.ImageStim'>, anchor=('center', 'center'), autoLog=True, color=array([1., 1., 1.]), colorSpace='rgb', contrast=1.0, depth=0, draggable=False, flipHoriz=np.False_, flipVert=np.False_, image=str(...), interpolate=True, mask=None, maskParams=None, name='unnamed ImageStim', opacity=1, ori=0.0, pos=array([0.27, 0.  ]), size=array([0.22, 0.35]), texRes=128, units='height', win=Window(...))
318.2005 	EXP 	Created unnamed ImageStim = ImageStim(__class__=<class 'psychopy.visual.image.ImageStim'>, anchor=('center', 'center'), autoLog=True, color=array([1., 1., 1.]), colorSpace='rgb', contrast=1.0, depth=0, draggable=False, flipHoriz=np.False_, flipVert=np.False_, image=str(...), interpolate=True, mask=None, maskParams=None, name='unnamed ImageStim', opacity=1, ori=0.0, pos=array([-0.405,  0.   ]), size=array([0.035, 0.035]), texRes=128, units='height', win=Window(...))
318.2164 	EXP 	Created unnamed ImageStim = ImageStim(__class__=<class 'psychopy.visual.image.ImageStim'>, anchor=('center', 'center'), autoLog=True, color=array([1., 1., 1.]), colorSpace='rgb', contrast=1.0, depth=0, draggable=False, flipHoriz=np.False_, flipVert=np.False_, image=str(...), interpolate=True, mask=None, maskParams=None, name='unnamed ImageStim', opacity=1, ori=0.0, pos=array([-0.135,  0.   ]), size=array([0.035, 0.035]), texRes=128, units='height', win=Window(...))
318.2322 	EXP 	Created unnamed ImageStim = ImageStim(__class__=<class 'psychopy.visual.image.ImageStim'>, anchor=('center', 'center'), autoLog=True, color=array([1., 1., 1.]), colorSpace='rgb', contrast=1.0, depth=0, draggable=False, flipHoriz=np.False_, flipVert=np.False_, image=str(...), interpolate=True, mask=None, maskParams=None, name='unnamed ImageStim', opacity=1, ori=0.0, pos=array([0.135, 0.   ]), size=array([0.035, 0.035]), texRes=128, units='height', win=Window(...))
318.2515 	EXP 	MainTrial_keep_alive: autoDraw = False
318.2515 	EXP 	MainTrial_keep_alive: autoDraw = True
318.5752 	DATA 	Keypress: space
318.9268 	DATA 	Keypress: space
319.2092 	DATA 	Keypress: space
319.5874 	DATA 	Keypress: space
320.0914 	DATA 	Keypress: space
320.1532 	EXP 	New trial (rep=0, index=11): <Trial 11 (11 in rep 0) data={'trial_id': 'd015_set1_it_ic', 'random_order': np.int64(52), 'dataset_number': np.int64(15), 'dataset_slug': '015_smile_clean_wall', 'dataset_label': 'smile_clean_wall', 'stimulus_set': np.int64(1), 'condition_id': 'it_ic', 'condition_name': 'intransitive_incohesive', 'cohesion': 'incohesive', 'transitivity': 'intransitive', 'n_images': np.int64(3), 'img1': 'MainStimuli/015_smile_clean_wall/ic_1.png', 'img1_role': 'ic_1', 'img2': 'MainStimuli/015_smile_clean_wall/it_target.png', 'img2_role': 'it_target', 'img3': 'MainStimuli/015_smile_clean_wall/end_ic_it.png', 'img3_role': 'end_ic_it', 'img4': None, 'img4_role': None, 'between_image': 'BetweenTrials/1752221806065.jpg', 'audio_probe': np.int64(0), 'between_audio': None, 'between_audio_lock_sec': np.int64(0), 'source_dataset_folder': '/Users/matveikurzukov/Library/CloudStorage/GoogleDrive-apazent@gmail.com/.shortcut-targets-by-id/1exBA-7XrpLfZc6s8oGNYTbmjGsu5dT6p/Gurung stimuli/15_smile_clean wall', 'thisN': 11, 'thisTrialN': 11, 'thisRepN': 0}>
320.1861 	EXP 	Created unnamed ImageStim = ImageStim(__class__=<class 'psychopy.visual.image.ImageStim'>, anchor=('center', 'center'), autoLog=True, color=array([1., 1., 1.]), colorSpace='rgb', contrast=1.0, depth=0, draggable=False, flipHoriz=np.False_, flipVert=np.False_, image=str(...), interpolate=True, mask=None, maskParams=None, name='unnamed ImageStim', opacity=1, ori=0.0, pos=array([-0.27,  0.  ]), size=array([0.22, 0.35]), texRes=128, units='height', win=Window(...))
320.2147 	EXP 	Created unnamed ImageStim = ImageStim(__class__=<class 'psychopy.visual.image.ImageStim'>, anchor=('center', 'center'), autoLog=True, color=array([1., 1., 1.]), colorSpace='rgb', contrast=1.0, depth=0, draggable=False, flipHoriz=np.False_, flipVert=np.False_, image=str(...), interpolate=True, mask=None, maskParams=None, name='unnamed ImageStim', opacity=1, ori=0.0, pos=array([0., 0.]), size=array([0.22, 0.35]), texRes=128, units='height', win=Window(...))
320.2472 	EXP 	Created unnamed ImageStim = ImageStim(__class__=<class 'psychopy.visual.image.ImageStim'>, anchor=('center', 'center'), autoLog=True, color=array([1., 1., 1.]), colorSpace='rgb', contrast=1.0, depth=0, draggable=False, flipHoriz=np.False_, flipVert=np.False_, image=str(...), interpolate=True, mask=None, maskParams=None, name='unnamed ImageStim', opacity=1, ori=0.0, pos=array([0.27, 0.  ]), size=array([0.22, 0.35]), texRes=128, units='height', win=Window(...))
320.2637 	EXP 	Created unnamed ImageStim = ImageStim(__class__=<class 'psychopy.visual.image.ImageStim'>, anchor=('center', 'center'), autoLog=True, color=array([1., 1., 1.]), colorSpace='rgb', contrast=1.0, depth=0, draggable=False, flipHoriz=np.False_, flipVert=np.False_, image=str(...), interpolate=True, mask=None, maskParams=None, name='unnamed ImageStim', opacity=1, ori=0.0, pos=array([-0.135,  0.   ]), size=array([0.035, 0.035]), texRes=128, units='height', win=Window(...))
320.2807 	EXP 	Created unnamed ImageStim = ImageStim(__class__=<class 'psychopy.visual.image.ImageStim'>, anchor=('center', 'center'), autoLog=True, color=array([1., 1., 1.]), colorSpace='rgb', contrast=1.0, depth=0, draggable=False, flipHoriz=np.False_, flipVert=np.False_, image=str(...), interpolate=True, mask=None, maskParams=None, name='unnamed ImageStim', opacity=1, ori=0.0, pos=array([0.135, 0.   ]), size=array([0.035, 0.035]), texRes=128, units='height', win=Window(...))
320.3019 	EXP 	MainTrial_keep_alive: autoDraw = False
320.3019 	EXP 	MainTrial_keep_alive: autoDraw = True
320.5961 	DATA 	Keypress: space
320.8983 	DATA 	Keypress: space
321.2133 	DATA 	Keypress: space
321.5575 	DATA 	Keypress: space
321.6178 	EXP 	New trial (rep=0, index=12): <Trial 12 (12 in rep 0) data={'trial_id': 'd028_set1_tr_coh', 'random_order': np.int64(53), 'dataset_number': np.int64(28), 'dataset_slug': '028_jump_peel_orange', 'dataset_label': 'jump_peel_orange', 'stimulus_set': np.int64(1), 'condition_id': 'tr_coh', 'condition_name': 'transitive_cohesive', 'cohesion': 'cohesive', 'transitivity': 'transitive', 'n_images': np.int64(3), 'img1': 'MainStimuli/028_jump_peel_orange/coh_1.png', 'img1_role': 'coh_1', 'img2': 'MainStimuli/028_jump_peel_orange/coh_2.png', 'img2_role': 'coh_2', 'img3': 'MainStimuli/028_jump_peel_orange/tr_target.png', 'img3_role': 'tr_target', 'img4': None, 'img4_role': None, 'between_image': 'BetweenTrials/1752221802086.jpg', 'audio_probe': np.int64(0), 'between_audio': None, 'between_audio_lock_sec': np.int64(0), 'source_dataset_folder': '/Users/matveikurzukov/Library/CloudStorage/GoogleDrive-apazent@gmail.com/.shortcut-targets-by-id/1exBA-7XrpLfZc6s8oGNYTbmjGsu5dT6p/Gurung stimuli/28_jump_peel orange', 'thisN': 12, 'thisTrialN': 12, 'thisRepN': 0}>
321.6506 	EXP 	Created unnamed ImageStim = ImageStim(__class__=<class 'psychopy.visual.image.ImageStim'>, anchor=('center', 'center'), autoLog=True, color=array([1., 1., 1.]), colorSpace='rgb', contrast=1.0, depth=0, draggable=False, flipHoriz=np.False_, flipVert=np.False_, image=str(...), interpolate=True, mask=None, maskParams=None, name='unnamed ImageStim', opacity=1, ori=0.0, pos=array([-0.54,  0.  ]), size=array([0.22, 0.35]), texRes=128, units='height', win=Window(...))
321.6791 	EXP 	Created unnamed ImageStim = ImageStim(__class__=<class 'psychopy.visual.image.ImageStim'>, anchor=('center', 'center'), autoLog=True, color=array([1., 1., 1.]), colorSpace='rgb', contrast=1.0, depth=0, draggable=False, flipHoriz=np.False_, flipVert=np.False_, image=str(...), interpolate=True, mask=None, maskParams=None, name='unnamed ImageStim', opacity=1, ori=0.0, pos=array([-0.27,  0.  ]), size=array([0.22, 0.35]), texRes=128, units='height', win=Window(...))
321.7030 	EXP 	Created unnamed ImageStim = ImageStim(__class__=<class 'psychopy.visual.image.ImageStim'>, anchor=('center', 'center'), autoLog=True, color=array([1., 1., 1.]), colorSpace='rgb', contrast=1.0, depth=0, draggable=False, flipHoriz=np.False_, flipVert=np.False_, image=str(...), interpolate=True, mask=None, maskParams=None, name='unnamed ImageStim', opacity=1, ori=0.0, pos=array([0., 0.]), size=array([0.22, 0.35]), texRes=128, units='height', win=Window(...))
321.7164 	EXP 	Created unnamed ImageStim = ImageStim(__class__=<class 'psychopy.visual.image.ImageStim'>, anchor=('center', 'center'), autoLog=True, color=array([1., 1., 1.]), colorSpace='rgb', contrast=1.0, depth=0, draggable=False, flipHoriz=np.False_, flipVert=np.False_, image=str(...), interpolate=True, mask=None, maskParams=None, name='unnamed ImageStim', opacity=1, ori=0.0, pos=array([-0.405,  0.   ]), size=array([0.035, 0.035]), texRes=128, units='height', win=Window(...))
321.7297 	EXP 	Created unnamed ImageStim = ImageStim(__class__=<class 'psychopy.visual.image.ImageStim'>, anchor=('center', 'center'), autoLog=True, color=array([1., 1., 1.]), colorSpace='rgb', contrast=1.0, depth=0, draggable=False, flipHoriz=np.False_, flipVert=np.False_, image=str(...), interpolate=True, mask=None, maskParams=None, name='unnamed ImageStim', opacity=1, ori=0.0, pos=array([-0.135,  0.   ]), size=array([0.035, 0.035]), texRes=128, units='height', win=Window(...))
321.7511 	EXP 	MainTrial_keep_alive: autoDraw = False
321.7511 	EXP 	MainTrial_keep_alive: autoDraw = True
322.3595 	DATA 	Keypress: space
322.7395 	DATA 	Keypress: space
323.0817 	DATA 	Keypress: space
323.4138 	DATA 	Keypress: space
323.4680 	EXP 	New trial (rep=0, index=13): <Trial 13 (13 in rep 0) data={'trial_id': 'd008_set1_it_coh', 'random_order': np.int64(54), 'dataset_number': np.int64(8), 'dataset_slug': '008_smile_weave_garland', 'dataset_label': 'smile_weave_garland', 'stimulus_set': np.int64(1), 'condition_id': 'it_coh', 'condition_name': 'intransitive_cohesive', 'cohesion': 'cohesive', 'transitivity': 'intransitive', 'n_images': np.int64(4), 'img1': 'MainStimuli/008_smile_weave_garland/coh_1.png', 'img1_role': 'coh_1', 'img2': 'MainStimuli/008_smile_weave_garland/coh_2.png', 'img2_role': 'coh_2', 'img3': 'MainStimuli/008_smile_weave_garland/it_target.png', 'img3_role': 'it_target', 'img4': 'MainStimuli/008_smile_weave_garland/end_coh_it.png', 'img4_role': 'end_coh_it', 'between_image': 'BetweenTrials/img_20260522_165652.jpg', 'audio_probe': np.int64(0), 'between_audio': None, 'between_audio_lock_sec': np.int64(0), 'source_dataset_folder': '/Users/matveikurzukov/Library/CloudStorage/GoogleDrive-apazent@gmail.com/.shortcut-targets-by-id/1exBA-7XrpLfZc6s8oGNYTbmjGsu5dT6p/Gurung stimuli/8_smile_weave garland', 'thisN': 13, 'thisTrialN': 13, 'thisRepN': 0}>
323.4969 	EXP 	Created unnamed ImageStim = ImageStim(__class__=<class 'psychopy.visual.image.ImageStim'>, anchor=('center', 'center'), autoLog=True, color=array([1., 1., 1.]), colorSpace='rgb', contrast=1.0, depth=0, draggable=False, flipHoriz=np.False_, flipVert=np.False_, image=str(...), interpolate=True, mask=None, maskParams=None, name='unnamed ImageStim', opacity=1, ori=0.0, pos=array([-0.54,  0.  ]), size=array([0.22, 0.35]), texRes=128, units='height', win=Window(...))
323.5234 	EXP 	Created unnamed ImageStim = ImageStim(__class__=<class 'psychopy.visual.image.ImageStim'>, anchor=('center', 'center'), autoLog=True, color=array([1., 1., 1.]), colorSpace='rgb', contrast=1.0, depth=0, draggable=False, flipHoriz=np.False_, flipVert=np.False_, image=str(...), interpolate=True, mask=None, maskParams=None, name='unnamed ImageStim', opacity=1, ori=0.0, pos=array([-0.27,  0.  ]), size=array([0.22, 0.35]), texRes=128, units='height', win=Window(...))
323.5474 	EXP 	Created unnamed ImageStim = ImageStim(__class__=<class 'psychopy.visual.image.ImageStim'>, anchor=('center', 'center'), autoLog=True, color=array([1., 1., 1.]), colorSpace='rgb', contrast=1.0, depth=0, draggable=False, flipHoriz=np.False_, flipVert=np.False_, image=str(...), interpolate=True, mask=None, maskParams=None, name='unnamed ImageStim', opacity=1, ori=0.0, pos=array([0., 0.]), size=array([0.22, 0.35]), texRes=128, units='height', win=Window(...))
323.5731 	EXP 	Created unnamed ImageStim = ImageStim(__class__=<class 'psychopy.visual.image.ImageStim'>, anchor=('center', 'center'), autoLog=True, color=array([1., 1., 1.]), colorSpace='rgb', contrast=1.0, depth=0, draggable=False, flipHoriz=np.False_, flipVert=np.False_, image=str(...), interpolate=True, mask=None, maskParams=None, name='unnamed ImageStim', opacity=1, ori=0.0, pos=array([0.27, 0.  ]), size=array([0.22, 0.35]), texRes=128, units='height', win=Window(...))
323.5875 	EXP 	Created unnamed ImageStim = ImageStim(__class__=<class 'psychopy.visual.image.ImageStim'>, anchor=('center', 'center'), autoLog=True, color=array([1., 1., 1.]), colorSpace='rgb', contrast=1.0, depth=0, draggable=False, flipHoriz=np.False_, flipVert=np.False_, image=str(...), interpolate=True, mask=None, maskParams=None, name='unnamed ImageStim', opacity=1, ori=0.0, pos=array([-0.405,  0.   ]), size=array([0.035, 0.035]), texRes=128, units='height', win=Window(...))
323.6018 	EXP 	Created unnamed ImageStim = ImageStim(__class__=<class 'psychopy.visual.image.ImageStim'>, anchor=('center', 'center'), autoLog=True, color=array([1., 1., 1.]), colorSpace='rgb', contrast=1.0, depth=0, draggable=False, flipHoriz=np.False_, flipVert=np.False_, image=str(...), interpolate=True, mask=None, maskParams=None, name='unnamed ImageStim', opacity=1, ori=0.0, pos=array([-0.135,  0.   ]), size=array([0.035, 0.035]), texRes=128, units='height', win=Window(...))
323.6154 	EXP 	Created unnamed ImageStim = ImageStim(__class__=<class 'psychopy.visual.image.ImageStim'>, anchor=('center', 'center'), autoLog=True, color=array([1., 1., 1.]), colorSpace='rgb', contrast=1.0, depth=0, draggable=False, flipHoriz=np.False_, flipVert=np.False_, image=str(...), interpolate=True, mask=None, maskParams=None, name='unnamed ImageStim', opacity=1, ori=0.0, pos=array([0.135, 0.   ]), size=array([0.035, 0.035]), texRes=128, units='height', win=Window(...))
323.6343 	EXP 	MainTrial_keep_alive: autoDraw = False
323.6343 	EXP 	MainTrial_keep_alive: autoDraw = True
323.9404 	DATA 	Keypress: space
324.2942 	DATA 	Keypress: space
324.6571 	DATA 	Keypress: space
325.0241 	DATA 	Keypress: space
325.4570 	DATA 	Keypress: space
325.5149 	EXP 	New trial (rep=0, index=14): <Trial 14 (14 in rep 0) data={'trial_id': 'd004_set1_tr_ic', 'random_order': np.int64(55), 'dataset_number': np.int64(4), 'dataset_slug': '004_run_drink_tea', 'dataset_label': 'run_drink_tea', 'stimulus_set': np.int64(1), 'condition_id': 'tr_ic', 'condition_name': 'transitive_incohesive', 'cohesion': 'incohesive', 'transitivity': 'transitive', 'n_images': np.int64(3), 'img1': 'MainStimuli/004_run_drink_tea/ic_1.png', 'img1_role': 'ic_1', 'img2': 'MainStimuli/004_run_drink_tea/tr_target.png', 'img2_role': 'tr_target', 'img3': 'MainStimuli/004_run_drink_tea/end_ic_tr.png', 'img3_role': 'end_ic_tr', 'img4': None, 'img4_role': None, 'between_image': 'BetweenTrials/img_20260522_165652.jpg', 'audio_probe': np.int64(0), 'between_audio': None, 'between_audio_lock_sec': np.int64(0), 'source_dataset_folder': '/Users/matveikurzukov/Library/CloudStorage/GoogleDrive-apazent@gmail.com/.shortcut-targets-by-id/1exBA-7XrpLfZc6s8oGNYTbmjGsu5dT6p/Gurung stimuli/4_run_drink tea', 'thisN': 14, 'thisTrialN': 14, 'thisRepN': 0}>
325.5418 	EXP 	Created unnamed ImageStim = ImageStim(__class__=<class 'psychopy.visual.image.ImageStim'>, anchor=('center', 'center'), autoLog=True, color=array([1., 1., 1.]), colorSpace='rgb', contrast=1.0, depth=0, draggable=False, flipHoriz=np.False_, flipVert=np.False_, image=str(...), interpolate=True, mask=None, maskParams=None, name='unnamed ImageStim', opacity=1, ori=0.0, pos=array([-0.27,  0.  ]), size=array([0.22, 0.35]), texRes=128, units='height', win=Window(...))
325.5668 	EXP 	Created unnamed ImageStim = ImageStim(__class__=<class 'psychopy.visual.image.ImageStim'>, anchor=('center', 'center'), autoLog=True, color=array([1., 1., 1.]), colorSpace='rgb', contrast=1.0, depth=0, draggable=False, flipHoriz=np.False_, flipVert=np.False_, image=str(...), interpolate=True, mask=None, maskParams=None, name='unnamed ImageStim', opacity=1, ori=0.0, pos=array([0., 0.]), size=array([0.22, 0.35]), texRes=128, units='height', win=Window(...))
325.5911 	EXP 	Created unnamed ImageStim = ImageStim(__class__=<class 'psychopy.visual.image.ImageStim'>, anchor=('center', 'center'), autoLog=True, color=array([1., 1., 1.]), colorSpace='rgb', contrast=1.0, depth=0, draggable=False, flipHoriz=np.False_, flipVert=np.False_, image=str(...), interpolate=True, mask=None, maskParams=None, name='unnamed ImageStim', opacity=1, ori=0.0, pos=array([0.27, 0.  ]), size=array([0.22, 0.35]), texRes=128, units='height', win=Window(...))
325.6042 	EXP 	Created unnamed ImageStim = ImageStim(__class__=<class 'psychopy.visual.image.ImageStim'>, anchor=('center', 'center'), autoLog=True, color=array([1., 1., 1.]), colorSpace='rgb', contrast=1.0, depth=0, draggable=False, flipHoriz=np.False_, flipVert=np.False_, image=str(...), interpolate=True, mask=None, maskParams=None, name='unnamed ImageStim', opacity=1, ori=0.0, pos=array([-0.135,  0.   ]), size=array([0.035, 0.035]), texRes=128, units='height', win=Window(...))
325.6174 	EXP 	Created unnamed ImageStim = ImageStim(__class__=<class 'psychopy.visual.image.ImageStim'>, anchor=('center', 'center'), autoLog=True, color=array([1., 1., 1.]), colorSpace='rgb', contrast=1.0, depth=0, draggable=False, flipHoriz=np.False_, flipVert=np.False_, image=str(...), interpolate=True, mask=None, maskParams=None, name='unnamed ImageStim', opacity=1, ori=0.0, pos=array([0.135, 0.   ]), size=array([0.035, 0.035]), texRes=128, units='height', win=Window(...))
325.6351 	EXP 	MainTrial_keep_alive: autoDraw = False
325.6351 	EXP 	MainTrial_keep_alive: autoDraw = True
325.9777 	DATA 	Keypress: space
326.3656 	DATA 	Keypress: space
326.7603 	DATA 	Keypress: space
327.1966 	DATA 	Keypress: space
327.2487 	EXP 	New trial (rep=0, index=15): <Trial 15 (15 in rep 0) data={'trial_id': 'd002_set1_tr_coh', 'random_order': np.int64(56), 'dataset_number': np.int64(2), 'dataset_slug': '002_stand_weave_basket', 'dataset_label': 'stand_weave_basket', 'stimulus_set': np.int64(1), 'condition_id': 'tr_coh', 'condition_name': 'transitive_cohesive', 'cohesion': 'cohesive', 'transitivity': 'transitive', 'n_images': np.int64(3), 'img1': 'MainStimuli/002_stand_weave_basket/coh_1.png', 'img1_role': 'coh_1', 'img2': 'MainStimuli/002_stand_weave_basket/coh_2.png', 'img2_role': 'coh_2', 'img3': 'MainStimuli/002_stand_weave_basket/tr_target.png', 'img3_role': 'tr_target', 'img4': None, 'img4_role': None, 'between_image': 'BetweenTrials/img_20260522_165652.jpg', 'audio_probe': np.int64(1), 'between_audio': 'Audio/tsakyali.wav', 'between_audio_lock_sec': np.int64(10), 'source_dataset_folder': '/Users/matveikurzukov/Library/CloudStorage/GoogleDrive-apazent@gmail.com/.shortcut-targets-by-id/1exBA-7XrpLfZc6s8oGNYTbmjGsu5dT6p/Gurung stimuli/2_stand_weave basket', 'thisN': 15, 'thisTrialN': 15, 'thisRepN': 0}>
327.2758 	EXP 	Created unnamed ImageStim = ImageStim(__class__=<class 'psychopy.visual.image.ImageStim'>, anchor=('center', 'center'), autoLog=True, color=array([1., 1., 1.]), colorSpace='rgb', contrast=1.0, depth=0, draggable=False, flipHoriz=np.False_, flipVert=np.False_, image=str(...), interpolate=True, mask=None, maskParams=None, name='unnamed ImageStim', opacity=1, ori=0.0, pos=array([-0.54,  0.  ]), size=array([0.22, 0.35]), texRes=128, units='height', win=Window(...))
327.3049 	EXP 	Created unnamed ImageStim = ImageStim(__class__=<class 'psychopy.visual.image.ImageStim'>, anchor=('center', 'center'), autoLog=True, color=array([1., 1., 1.]), colorSpace='rgb', contrast=1.0, depth=0, draggable=False, flipHoriz=np.False_, flipVert=np.False_, image=str(...), interpolate=True, mask=None, maskParams=None, name='unnamed ImageStim', opacity=1, ori=0.0, pos=array([-0.27,  0.  ]), size=array([0.22, 0.35]), texRes=128, units='height', win=Window(...))
327.3348 	EXP 	Created unnamed ImageStim = ImageStim(__class__=<class 'psychopy.visual.image.ImageStim'>, anchor=('center', 'center'), autoLog=True, color=array([1., 1., 1.]), colorSpace='rgb', contrast=1.0, depth=0, draggable=False, flipHoriz=np.False_, flipVert=np.False_, image=str(...), interpolate=True, mask=None, maskParams=None, name='unnamed ImageStim', opacity=1, ori=0.0, pos=array([0., 0.]), size=array([0.22, 0.35]), texRes=128, units='height', win=Window(...))
327.3486 	EXP 	Created unnamed ImageStim = ImageStim(__class__=<class 'psychopy.visual.image.ImageStim'>, anchor=('center', 'center'), autoLog=True, color=array([1., 1., 1.]), colorSpace='rgb', contrast=1.0, depth=0, draggable=False, flipHoriz=np.False_, flipVert=np.False_, image=str(...), interpolate=True, mask=None, maskParams=None, name='unnamed ImageStim', opacity=1, ori=0.0, pos=array([-0.405,  0.   ]), size=array([0.035, 0.035]), texRes=128, units='height', win=Window(...))
327.3618 	EXP 	Created unnamed ImageStim = ImageStim(__class__=<class 'psychopy.visual.image.ImageStim'>, anchor=('center', 'center'), autoLog=True, color=array([1., 1., 1.]), colorSpace='rgb', contrast=1.0, depth=0, draggable=False, flipHoriz=np.False_, flipVert=np.False_, image=str(...), interpolate=True, mask=None, maskParams=None, name='unnamed ImageStim', opacity=1, ori=0.0, pos=array([-0.135,  0.   ]), size=array([0.035, 0.035]), texRes=128, units='height', win=Window(...))
327.4131 	EXP 	: sampleRate = 48000
327.4131 	EXP 	: channels = None
327.4133 	EXP 	: sampleRate = 48000
327.4138 	EXP 	Sound  reached end of file
327.4138 	EXP 	Playing sound  on speaker MacBook Air Speakers
327.4341 	EXP 	MainTrial_keep_alive: autoDraw = False
327.4341 	EXP 	MainTrial_keep_alive: autoDraw = True
329.9121 	DATA 	Keypress: space
334.2763 	DATA 	Keypress: space
338.4188 	DATA 	Keypress: space
338.4214 	EXP 	Sound  stopped
338.8553 	DATA 	Keypress: space
339.1711 	DATA 	Keypress: space
339.4955 	DATA 	Keypress: space
339.5494 	EXP 	New trial (rep=0, index=16): <Trial 16 (16 in rep 0) data={'trial_id': 'd026_set1_tr_coh', 'random_order': np.int64(57), 'dataset_number': np.int64(26), 'dataset_slug': '026_sleep_drag_log', 'dataset_label': 'sleep_drag_log', 'stimulus_set': np.int64(1), 'condition_id': 'tr_coh', 'condition_name': 'transitive_cohesive', 'cohesion': 'cohesive', 'transitivity': 'transitive', 'n_images': np.int64(3), 'img1': 'MainStimuli/026_sleep_drag_log/coh_1.png', 'img1_role': 'coh_1', 'img2': 'MainStimuli/026_sleep_drag_log/coh_2.png', 'img2_role': 'coh_2', 'img3': 'MainStimuli/026_sleep_drag_log/tr_target.png', 'img3_role': 'tr_target', 'img4': None, 'img4_role': None, 'between_image': 'BetweenTrials/img_20260522_165652.jpg', 'audio_probe': np.int64(0), 'between_audio': None, 'between_audio_lock_sec': np.int64(0), 'source_dataset_folder': '/Users/matveikurzukov/Library/CloudStorage/GoogleDrive-apazent@gmail.com/.shortcut-targets-by-id/1exBA-7XrpLfZc6s8oGNYTbmjGsu5dT6p/Gurung stimuli/26_sleep_drag log', 'thisN': 16, 'thisTrialN': 16, 'thisRepN': 0}>
339.5758 	EXP 	Created unnamed ImageStim = ImageStim(__class__=<class 'psychopy.visual.image.ImageStim'>, anchor=('center', 'center'), autoLog=True, color=array([1., 1., 1.]), colorSpace='rgb', contrast=1.0, depth=0, draggable=False, flipHoriz=np.False_, flipVert=np.False_, image=str(...), interpolate=True, mask=None, maskParams=None, name='unnamed ImageStim', opacity=1, ori=0.0, pos=array([-0.54,  0.  ]), size=array([0.22, 0.35]), texRes=128, units='height', win=Window(...))
339.6014 	EXP 	Created unnamed ImageStim = ImageStim(__class__=<class 'psychopy.visual.image.ImageStim'>, anchor=('center', 'center'), autoLog=True, color=array([1., 1., 1.]), colorSpace='rgb', contrast=1.0, depth=0, draggable=False, flipHoriz=np.False_, flipVert=np.False_, image=str(...), interpolate=True, mask=None, maskParams=None, name='unnamed ImageStim', opacity=1, ori=0.0, pos=array([-0.27,  0.  ]), size=array([0.22, 0.35]), texRes=128, units='height', win=Window(...))
339.6316 	EXP 	Created unnamed ImageStim = ImageStim(__class__=<class 'psychopy.visual.image.ImageStim'>, anchor=('center', 'center'), autoLog=True, color=array([1., 1., 1.]), colorSpace='rgb', contrast=1.0, depth=0, draggable=False, flipHoriz=np.False_, flipVert=np.False_, image=str(...), interpolate=True, mask=None, maskParams=None, name='unnamed ImageStim', opacity=1, ori=0.0, pos=array([0., 0.]), size=array([0.22, 0.35]), texRes=128, units='height', win=Window(...))
339.6446 	EXP 	Created unnamed ImageStim = ImageStim(__class__=<class 'psychopy.visual.image.ImageStim'>, anchor=('center', 'center'), autoLog=True, color=array([1., 1., 1.]), colorSpace='rgb', contrast=1.0, depth=0, draggable=False, flipHoriz=np.False_, flipVert=np.False_, image=str(...), interpolate=True, mask=None, maskParams=None, name='unnamed ImageStim', opacity=1, ori=0.0, pos=array([-0.405,  0.   ]), size=array([0.035, 0.035]), texRes=128, units='height', win=Window(...))
339.6575 	EXP 	Created unnamed ImageStim = ImageStim(__class__=<class 'psychopy.visual.image.ImageStim'>, anchor=('center', 'center'), autoLog=True, color=array([1., 1., 1.]), colorSpace='rgb', contrast=1.0, depth=0, draggable=False, flipHoriz=np.False_, flipVert=np.False_, image=str(...), interpolate=True, mask=None, maskParams=None, name='unnamed ImageStim', opacity=1, ori=0.0, pos=array([-0.135,  0.   ]), size=array([0.035, 0.035]), texRes=128, units='height', win=Window(...))
339.6832 	EXP 	MainTrial_keep_alive: autoDraw = False
339.6832 	EXP 	MainTrial_keep_alive: autoDraw = True
340.1025 	DATA 	Keypress: space
340.4915 	DATA 	Keypress: space
340.8395 	DATA 	Keypress: space
341.1735 	DATA 	Keypress: space
341.2399 	EXP 	New trial (rep=0, index=17): <Trial 17 (17 in rep 0) data={'trial_id': 'd002_set1_it_ic', 'random_order': np.int64(58), 'dataset_number': np.int64(2), 'dataset_slug': '002_stand_weave_basket', 'dataset_label': 'stand_weave_basket', 'stimulus_set': np.int64(1), 'condition_id': 'it_ic', 'condition_name': 'intransitive_incohesive', 'cohesion': 'incohesive', 'transitivity': 'intransitive', 'n_images': np.int64(3), 'img1': 'MainStimuli/002_stand_weave_basket/ic_1.png', 'img1_role': 'ic_1', 'img2': 'MainStimuli/002_stand_weave_basket/it_target.png', 'img2_role': 'it_target', 'img3': 'MainStimuli/002_stand_weave_basket/end_ic_it.png', 'img3_role': 'end_ic_it', 'img4': None, 'img4_role': None, 'between_image': 'BetweenTrials/1752221806065.jpg', 'audio_probe': np.int64(0), 'between_audio': None, 'between_audio_lock_sec': np.int64(0), 'source_dataset_folder': '/Users/matveikurzukov/Library/CloudStorage/GoogleDrive-apazent@gmail.com/.shortcut-targets-by-id/1exBA-7XrpLfZc6s8oGNYTbmjGsu5dT6p/Gurung stimuli/2_stand_weave basket', 'thisN': 17, 'thisTrialN': 17, 'thisRepN': 0}>
341.2753 	EXP 	Created unnamed ImageStim = ImageStim(__class__=<class 'psychopy.visual.image.ImageStim'>, anchor=('center', 'center'), autoLog=True, color=array([1., 1., 1.]), colorSpace='rgb', contrast=1.0, depth=0, draggable=False, flipHoriz=np.False_, flipVert=np.False_, image=str(...), interpolate=True, mask=None, maskParams=None, name='unnamed ImageStim', opacity=1, ori=0.0, pos=array([-0.27,  0.  ]), size=array([0.22, 0.35]), texRes=128, units='height', win=Window(...))
341.3106 	EXP 	Created unnamed ImageStim = ImageStim(__class__=<class 'psychopy.visual.image.ImageStim'>, anchor=('center', 'center'), autoLog=True, color=array([1., 1., 1.]), colorSpace='rgb', contrast=1.0, depth=0, draggable=False, flipHoriz=np.False_, flipVert=np.False_, image=str(...), interpolate=True, mask=None, maskParams=None, name='unnamed ImageStim', opacity=1, ori=0.0, pos=array([0., 0.]), size=array([0.22, 0.35]), texRes=128, units='height', win=Window(...))
341.3482 	EXP 	Created unnamed ImageStim = ImageStim(__class__=<class 'psychopy.visual.image.ImageStim'>, anchor=('center', 'center'), autoLog=True, color=array([1., 1., 1.]), colorSpace='rgb', contrast=1.0, depth=0, draggable=False, flipHoriz=np.False_, flipVert=np.False_, image=str(...), interpolate=True, mask=None, maskParams=None, name='unnamed ImageStim', opacity=1, ori=0.0, pos=array([0.27, 0.  ]), size=array([0.22, 0.35]), texRes=128, units='height', win=Window(...))
341.3668 	EXP 	Created unnamed ImageStim = ImageStim(__class__=<class 'psychopy.visual.image.ImageStim'>, anchor=('center', 'center'), autoLog=True, color=array([1., 1., 1.]), colorSpace='rgb', contrast=1.0, depth=0, draggable=False, flipHoriz=np.False_, flipVert=np.False_, image=str(...), interpolate=True, mask=None, maskParams=None, name='unnamed ImageStim', opacity=1, ori=0.0, pos=array([-0.135,  0.   ]), size=array([0.035, 0.035]), texRes=128, units='height', win=Window(...))
341.3847 	EXP 	Created unnamed ImageStim = ImageStim(__class__=<class 'psychopy.visual.image.ImageStim'>, anchor=('center', 'center'), autoLog=True, color=array([1., 1., 1.]), colorSpace='rgb', contrast=1.0, depth=0, draggable=False, flipHoriz=np.False_, flipVert=np.False_, image=str(...), interpolate=True, mask=None, maskParams=None, name='unnamed ImageStim', opacity=1, ori=0.0, pos=array([0.135, 0.   ]), size=array([0.035, 0.035]), texRes=128, units='height', win=Window(...))
341.4018 	EXP 	MainTrial_keep_alive: autoDraw = False
341.4018 	EXP 	MainTrial_keep_alive: autoDraw = True
341.7237 	DATA 	Keypress: space
342.0641 	DATA 	Keypress: space
342.3769 	DATA 	Keypress: space
342.7234 	DATA 	Keypress: space
342.7852 	EXP 	New trial (rep=0, index=18): <Trial 18 (18 in rep 0) data={'trial_id': 'd017_set1_tr_ic', 'random_order': np.int64(59), 'dataset_number': np.int64(17), 'dataset_slug': '017_rest_hang_picture', 'dataset_label': 'rest_hang_picture', 'stimulus_set': np.int64(1), 'condition_id': 'tr_ic', 'condition_name': 'transitive_incohesive', 'cohesion': 'incohesive', 'transitivity': 'transitive', 'n_images': np.int64(3), 'img1': 'MainStimuli/017_rest_hang_picture/ic_1.png', 'img1_role': 'ic_1', 'img2': 'MainStimuli/017_rest_hang_picture/tr_target.png', 'img2_role': 'tr_target', 'img3': 'MainStimuli/017_rest_hang_picture/end_ic_tr.png', 'img3_role': 'end_ic_tr', 'img4': None, 'img4_role': None, 'between_image': 'BetweenTrials/img-20250813-wa0011.jpg', 'audio_probe': np.int64(0), 'between_audio': None, 'between_audio_lock_sec': np.int64(0), 'source_dataset_folder': '/Users/matveikurzukov/Library/CloudStorage/GoogleDrive-apazent@gmail.com/.shortcut-targets-by-id/1exBA-7XrpLfZc6s8oGNYTbmjGsu5dT6p/Gurung stimuli/17_rest_hang picture', 'thisN': 18, 'thisTrialN': 18, 'thisRepN': 0}>
342.8131 	EXP 	Created unnamed ImageStim = ImageStim(__class__=<class 'psychopy.visual.image.ImageStim'>, anchor=('center', 'center'), autoLog=True, color=array([1., 1., 1.]), colorSpace='rgb', contrast=1.0, depth=0, draggable=False, flipHoriz=np.False_, flipVert=np.False_, image=str(...), interpolate=True, mask=None, maskParams=None, name='unnamed ImageStim', opacity=1, ori=0.0, pos=array([-0.27,  0.  ]), size=array([0.22, 0.35]), texRes=128, units='height', win=Window(...))
342.8396 	EXP 	Created unnamed ImageStim = ImageStim(__class__=<class 'psychopy.visual.image.ImageStim'>, anchor=('center', 'center'), autoLog=True, color=array([1., 1., 1.]), colorSpace='rgb', contrast=1.0, depth=0, draggable=False, flipHoriz=np.False_, flipVert=np.False_, image=str(...), interpolate=True, mask=None, maskParams=None, name='unnamed ImageStim', opacity=1, ori=0.0, pos=array([0., 0.]), size=array([0.22, 0.35]), texRes=128, units='height', win=Window(...))
342.8671 	EXP 	Created unnamed ImageStim = ImageStim(__class__=<class 'psychopy.visual.image.ImageStim'>, anchor=('center', 'center'), autoLog=True, color=array([1., 1., 1.]), colorSpace='rgb', contrast=1.0, depth=0, draggable=False, flipHoriz=np.False_, flipVert=np.False_, image=str(...), interpolate=True, mask=None, maskParams=None, name='unnamed ImageStim', opacity=1, ori=0.0, pos=array([0.27, 0.  ]), size=array([0.22, 0.35]), texRes=128, units='height', win=Window(...))
342.8821 	EXP 	Created unnamed ImageStim = ImageStim(__class__=<class 'psychopy.visual.image.ImageStim'>, anchor=('center', 'center'), autoLog=True, color=array([1., 1., 1.]), colorSpace='rgb', contrast=1.0, depth=0, draggable=False, flipHoriz=np.False_, flipVert=np.False_, image=str(...), interpolate=True, mask=None, maskParams=None, name='unnamed ImageStim', opacity=1, ori=0.0, pos=array([-0.135,  0.   ]), size=array([0.035, 0.035]), texRes=128, units='height', win=Window(...))
342.8952 	EXP 	Created unnamed ImageStim = ImageStim(__class__=<class 'psychopy.visual.image.ImageStim'>, anchor=('center', 'center'), autoLog=True, color=array([1., 1., 1.]), colorSpace='rgb', contrast=1.0, depth=0, draggable=False, flipHoriz=np.False_, flipVert=np.False_, image=str(...), interpolate=True, mask=None, maskParams=None, name='unnamed ImageStim', opacity=1, ori=0.0, pos=array([0.135, 0.   ]), size=array([0.035, 0.035]), texRes=128, units='height', win=Window(...))
342.9165 	EXP 	MainTrial_keep_alive: autoDraw = False
342.9165 	EXP 	MainTrial_keep_alive: autoDraw = True
343.2084 	DATA 	Keypress: space
343.5408 	DATA 	Keypress: space
343.8466 	DATA 	Keypress: space
344.1809 	DATA 	Keypress: space
344.2304 	EXP 	New trial (rep=0, index=19): <Trial 19 (19 in rep 0) data={'trial_id': 'd004_set1_it_ic', 'random_order': np.int64(60), 'dataset_number': np.int64(4), 'dataset_slug': '004_run_drink_tea', 'dataset_label': 'run_drink_tea', 'stimulus_set': np.int64(1), 'condition_id': 'it_ic', 'condition_name': 'intransitive_incohesive', 'cohesion': 'incohesive', 'transitivity': 'intransitive', 'n_images': np.int64(3), 'img1': 'MainStimuli/004_run_drink_tea/ic_1.png', 'img1_role': 'ic_1', 'img2': 'MainStimuli/004_run_drink_tea/it_target.png', 'img2_role': 'it_target', 'img3': 'MainStimuli/004_run_drink_tea/end_ic_it.png', 'img3_role': 'end_ic_it', 'img4': None, 'img4_role': None, 'between_image': 'BetweenTrials/1752221802086.jpg', 'audio_probe': np.int64(0), 'between_audio': None, 'between_audio_lock_sec': np.int64(0), 'source_dataset_folder': '/Users/matveikurzukov/Library/CloudStorage/GoogleDrive-apazent@gmail.com/.shortcut-targets-by-id/1exBA-7XrpLfZc6s8oGNYTbmjGsu5dT6p/Gurung stimuli/4_run_drink tea', 'thisN': 19, 'thisTrialN': 19, 'thisRepN': 0}>
344.2566 	EXP 	Created unnamed ImageStim = ImageStim(__class__=<class 'psychopy.visual.image.ImageStim'>, anchor=('center', 'center'), autoLog=True, color=array([1., 1., 1.]), colorSpace='rgb', contrast=1.0, depth=0, draggable=False, flipHoriz=np.False_, flipVert=np.False_, image=str(...), interpolate=True, mask=None, maskParams=None, name='unnamed ImageStim', opacity=1, ori=0.0, pos=array([-0.27,  0.  ]), size=array([0.22, 0.35]), texRes=128, units='height', win=Window(...))
344.2853 	EXP 	Created unnamed ImageStim = ImageStim(__class__=<class 'psychopy.visual.image.ImageStim'>, anchor=('center', 'center'), autoLog=True, color=array([1., 1., 1.]), colorSpace='rgb', contrast=1.0, depth=0, draggable=False, flipHoriz=np.False_, flipVert=np.False_, image=str(...), interpolate=True, mask=None, maskParams=None, name='unnamed ImageStim', opacity=1, ori=0.0, pos=array([0., 0.]), size=array([0.22, 0.35]), texRes=128, units='height', win=Window(...))
344.3126 	EXP 	Created unnamed ImageStim = ImageStim(__class__=<class 'psychopy.visual.image.ImageStim'>, anchor=('center', 'center'), autoLog=True, color=array([1., 1., 1.]), colorSpace='rgb', contrast=1.0, depth=0, draggable=False, flipHoriz=np.False_, flipVert=np.False_, image=str(...), interpolate=True, mask=None, maskParams=None, name='unnamed ImageStim', opacity=1, ori=0.0, pos=array([0.27, 0.  ]), size=array([0.22, 0.35]), texRes=128, units='height', win=Window(...))
344.3255 	EXP 	Created unnamed ImageStim = ImageStim(__class__=<class 'psychopy.visual.image.ImageStim'>, anchor=('center', 'center'), autoLog=True, color=array([1., 1., 1.]), colorSpace='rgb', contrast=1.0, depth=0, draggable=False, flipHoriz=np.False_, flipVert=np.False_, image=str(...), interpolate=True, mask=None, maskParams=None, name='unnamed ImageStim', opacity=1, ori=0.0, pos=array([-0.135,  0.   ]), size=array([0.035, 0.035]), texRes=128, units='height', win=Window(...))
344.3383 	EXP 	Created unnamed ImageStim = ImageStim(__class__=<class 'psychopy.visual.image.ImageStim'>, anchor=('center', 'center'), autoLog=True, color=array([1., 1., 1.]), colorSpace='rgb', contrast=1.0, depth=0, draggable=False, flipHoriz=np.False_, flipVert=np.False_, image=str(...), interpolate=True, mask=None, maskParams=None, name='unnamed ImageStim', opacity=1, ori=0.0, pos=array([0.135, 0.   ]), size=array([0.035, 0.035]), texRes=128, units='height', win=Window(...))
344.3663 	EXP 	MainTrial_keep_alive: autoDraw = False
344.3663 	EXP 	MainTrial_keep_alive: autoDraw = True
344.6942 	DATA 	Keypress: space
345.0281 	DATA 	Keypress: space
345.3120 	DATA 	Keypress: space
345.6629 	DATA 	Keypress: space
345.7144 	EXP 	New trial (rep=0, index=20): <Trial 20 (20 in rep 0) data={'trial_id': 'd028_set1_tr_ic', 'random_order': np.int64(61), 'dataset_number': np.int64(28), 'dataset_slug': '028_jump_peel_orange', 'dataset_label': 'jump_peel_orange', 'stimulus_set': np.int64(1), 'condition_id': 'tr_ic', 'condition_name': 'transitive_incohesive', 'cohesion': 'incohesive', 'transitivity': 'transitive', 'n_images': np.int64(3), 'img1': 'MainStimuli/028_jump_peel_orange/ic_1.png', 'img1_role': 'ic_1', 'img2': 'MainStimuli/028_jump_peel_orange/tr_target.png', 'img2_role': 'tr_target', 'img3': 'MainStimuli/028_jump_peel_orange/end_ic_tr.png', 'img3_role': 'end_ic_tr', 'img4': None, 'img4_role': None, 'between_image': 'BetweenTrials/1752221802086.jpg', 'audio_probe': np.int64(1), 'between_audio': 'Audio/tsakyali.wav', 'between_audio_lock_sec': np.int64(10), 'source_dataset_folder': '/Users/matveikurzukov/Library/CloudStorage/GoogleDrive-apazent@gmail.com/.shortcut-targets-by-id/1exBA-7XrpLfZc6s8oGNYTbmjGsu5dT6p/Gurung stimuli/28_jump_peel orange', 'thisN': 20, 'thisTrialN': 20, 'thisRepN': 0}>
345.7399 	EXP 	Created unnamed ImageStim = ImageStim(__class__=<class 'psychopy.visual.image.ImageStim'>, anchor=('center', 'center'), autoLog=True, color=array([1., 1., 1.]), colorSpace='rgb', contrast=1.0, depth=0, draggable=False, flipHoriz=np.False_, flipVert=np.False_, image=str(...), interpolate=True, mask=None, maskParams=None, name='unnamed ImageStim', opacity=1, ori=0.0, pos=array([-0.27,  0.  ]), size=array([0.22, 0.35]), texRes=128, units='height', win=Window(...))
345.7643 	EXP 	Created unnamed ImageStim = ImageStim(__class__=<class 'psychopy.visual.image.ImageStim'>, anchor=('center', 'center'), autoLog=True, color=array([1., 1., 1.]), colorSpace='rgb', contrast=1.0, depth=0, draggable=False, flipHoriz=np.False_, flipVert=np.False_, image=str(...), interpolate=True, mask=None, maskParams=None, name='unnamed ImageStim', opacity=1, ori=0.0, pos=array([0., 0.]), size=array([0.22, 0.35]), texRes=128, units='height', win=Window(...))
345.7929 	EXP 	Created unnamed ImageStim = ImageStim(__class__=<class 'psychopy.visual.image.ImageStim'>, anchor=('center', 'center'), autoLog=True, color=array([1., 1., 1.]), colorSpace='rgb', contrast=1.0, depth=0, draggable=False, flipHoriz=np.False_, flipVert=np.False_, image=str(...), interpolate=True, mask=None, maskParams=None, name='unnamed ImageStim', opacity=1, ori=0.0, pos=array([0.27, 0.  ]), size=array([0.22, 0.35]), texRes=128, units='height', win=Window(...))
345.8072 	EXP 	Created unnamed ImageStim = ImageStim(__class__=<class 'psychopy.visual.image.ImageStim'>, anchor=('center', 'center'), autoLog=True, color=array([1., 1., 1.]), colorSpace='rgb', contrast=1.0, depth=0, draggable=False, flipHoriz=np.False_, flipVert=np.False_, image=str(...), interpolate=True, mask=None, maskParams=None, name='unnamed ImageStim', opacity=1, ori=0.0, pos=array([-0.135,  0.   ]), size=array([0.035, 0.035]), texRes=128, units='height', win=Window(...))
345.8217 	EXP 	Created unnamed ImageStim = ImageStim(__class__=<class 'psychopy.visual.image.ImageStim'>, anchor=('center', 'center'), autoLog=True, color=array([1., 1., 1.]), colorSpace='rgb', contrast=1.0, depth=0, draggable=False, flipHoriz=np.False_, flipVert=np.False_, image=str(...), interpolate=True, mask=None, maskParams=None, name='unnamed ImageStim', opacity=1, ori=0.0, pos=array([0.135, 0.   ]), size=array([0.035, 0.035]), texRes=128, units='height', win=Window(...))
345.8751 	EXP 	: sampleRate = 48000
345.8751 	EXP 	: channels = None
345.8754 	EXP 	: sampleRate = 48000
345.8764 	EXP 	Sound  reached end of file
345.8765 	EXP 	Playing sound  on speaker MacBook Air Speakers
345.8996 	EXP 	MainTrial_keep_alive: autoDraw = False
345.8996 	EXP 	MainTrial_keep_alive: autoDraw = True
351.6636 	DATA 	Keypress: space
359.8105 	DATA 	Keypress: space
359.8158 	EXP 	Sound  stopped
360.1555 	DATA 	Keypress: space
360.4761 	DATA 	Keypress: space
360.8292 	DATA 	Keypress: space
360.8736 	EXP 	New trial (rep=0, index=21): <Trial 21 (21 in rep 0) data={'trial_id': 'd024_set1_tr_ic', 'random_order': np.int64(62), 'dataset_number': np.int64(24), 'dataset_slug': '024_descend_paint_bench', 'dataset_label': 'descend_paint_bench', 'stimulus_set': np.int64(1), 'condition_id': 'tr_ic', 'condition_name': 'transitive_incohesive', 'cohesion': 'incohesive', 'transitivity': 'transitive', 'n_images': np.int64(3), 'img1': 'MainStimuli/024_descend_paint_bench/ic_1.png', 'img1_role': 'ic_1', 'img2': 'MainStimuli/024_descend_paint_bench/tr_target.png', 'img2_role': 'tr_target', 'img3': 'MainStimuli/024_descend_paint_bench/end_ic_tr.png', 'img3_role': 'end_ic_tr', 'img4': None, 'img4_role': None, 'between_image': 'BetweenTrials/1752221806065.jpg', 'audio_probe': np.int64(0), 'between_audio': None, 'between_audio_lock_sec': np.int64(0), 'source_dataset_folder': '/Users/matveikurzukov/Library/CloudStorage/GoogleDrive-apazent@gmail.com/.shortcut-targets-by-id/1exBA-7XrpLfZc6s8oGNYTbmjGsu5dT6p/Gurung stimuli/24_descend_paint bench', 'thisN': 21, 'thisTrialN': 21, 'thisRepN': 0}>
360.8982 	EXP 	Created unnamed ImageStim = ImageStim(__class__=<class 'psychopy.visual.image.ImageStim'>, anchor=('center', 'center'), autoLog=True, color=array([1., 1., 1.]), colorSpace='rgb', contrast=1.0, depth=0, draggable=False, flipHoriz=np.False_, flipVert=np.False_, image=str(...), interpolate=True, mask=None, maskParams=None, name='unnamed ImageStim', opacity=1, ori=0.0, pos=array([-0.27,  0.  ]), size=array([0.22, 0.35]), texRes=128, units='height', win=Window(...))
360.9249 	EXP 	Created unnamed ImageStim = ImageStim(__class__=<class 'psychopy.visual.image.ImageStim'>, anchor=('center', 'center'), autoLog=True, color=array([1., 1., 1.]), colorSpace='rgb', contrast=1.0, depth=0, draggable=False, flipHoriz=np.False_, flipVert=np.False_, image=str(...), interpolate=True, mask=None, maskParams=None, name='unnamed ImageStim', opacity=1, ori=0.0, pos=array([0., 0.]), size=array([0.22, 0.35]), texRes=128, units='height', win=Window(...))
360.9523 	EXP 	Created unnamed ImageStim = ImageStim(__class__=<class 'psychopy.visual.image.ImageStim'>, anchor=('center', 'center'), autoLog=True, color=array([1., 1., 1.]), colorSpace='rgb', contrast=1.0, depth=0, draggable=False, flipHoriz=np.False_, flipVert=np.False_, image=str(...), interpolate=True, mask=None, maskParams=None, name='unnamed ImageStim', opacity=1, ori=0.0, pos=array([0.27, 0.  ]), size=array([0.22, 0.35]), texRes=128, units='height', win=Window(...))
360.9650 	EXP 	Created unnamed ImageStim = ImageStim(__class__=<class 'psychopy.visual.image.ImageStim'>, anchor=('center', 'center'), autoLog=True, color=array([1., 1., 1.]), colorSpace='rgb', contrast=1.0, depth=0, draggable=False, flipHoriz=np.False_, flipVert=np.False_, image=str(...), interpolate=True, mask=None, maskParams=None, name='unnamed ImageStim', opacity=1, ori=0.0, pos=array([-0.135,  0.   ]), size=array([0.035, 0.035]), texRes=128, units='height', win=Window(...))
360.9775 	EXP 	Created unnamed ImageStim = ImageStim(__class__=<class 'psychopy.visual.image.ImageStim'>, anchor=('center', 'center'), autoLog=True, color=array([1., 1., 1.]), colorSpace='rgb', contrast=1.0, depth=0, draggable=False, flipHoriz=np.False_, flipVert=np.False_, image=str(...), interpolate=True, mask=None, maskParams=None, name='unnamed ImageStim', opacity=1, ori=0.0, pos=array([0.135, 0.   ]), size=array([0.035, 0.035]), texRes=128, units='height', win=Window(...))
360.9988 	EXP 	MainTrial_keep_alive: autoDraw = False
360.9988 	EXP 	MainTrial_keep_alive: autoDraw = True
361.4267 	DATA 	Keypress: space
361.5370 	DATA 	Mouse: wheel shift=(0,0), pos=(409,752)
361.5543 	DATA 	Mouse: Left button down, pos=(409,752)
361.5545 	DATA 	Mouse: wheel shift=(0,0), pos=(409,752)
361.5705 	DATA 	Mouse:  Left button up, pos=(409,752)
361.8024 	DATA 	Keypress: space
362.1376 	DATA 	Keypress: space
362.4779 	DATA 	Keypress: space
362.5240 	EXP 	New trial (rep=0, index=22): <Trial 22 (22 in rep 0) data={'trial_id': 'd017_set1_it_ic', 'random_order': np.int64(63), 'dataset_number': np.int64(17), 'dataset_slug': '017_rest_hang_picture', 'dataset_label': 'rest_hang_picture', 'stimulus_set': np.int64(1), 'condition_id': 'it_ic', 'condition_name': 'intransitive_incohesive', 'cohesion': 'incohesive', 'transitivity': 'intransitive', 'n_images': np.int64(3), 'img1': 'MainStimuli/017_rest_hang_picture/ic_1.png', 'img1_role': 'ic_1', 'img2': 'MainStimuli/017_rest_hang_picture/it_target.png', 'img2_role': 'it_target', 'img3': 'MainStimuli/017_rest_hang_picture/end_ic_it.png', 'img3_role': 'end_ic_it', 'img4': None, 'img4_role': None, 'between_image': 'BetweenTrials/1752221802086.jpg', 'audio_probe': np.int64(0), 'between_audio': None, 'between_audio_lock_sec': np.int64(0), 'source_dataset_folder': '/Users/matveikurzukov/Library/CloudStorage/GoogleDrive-apazent@gmail.com/.shortcut-targets-by-id/1exBA-7XrpLfZc6s8oGNYTbmjGsu5dT6p/Gurung stimuli/17_rest_hang picture', 'thisN': 22, 'thisTrialN': 22, 'thisRepN': 0}>
362.5503 	EXP 	Created unnamed ImageStim = ImageStim(__class__=<class 'psychopy.visual.image.ImageStim'>, anchor=('center', 'center'), autoLog=True, color=array([1., 1., 1.]), colorSpace='rgb', contrast=1.0, depth=0, draggable=False, flipHoriz=np.False_, flipVert=np.False_, image=str(...), interpolate=True, mask=None, maskParams=None, name='unnamed ImageStim', opacity=1, ori=0.0, pos=array([-0.27,  0.  ]), size=array([0.22, 0.35]), texRes=128, units='height', win=Window(...))
362.5771 	EXP 	Created unnamed ImageStim = ImageStim(__class__=<class 'psychopy.visual.image.ImageStim'>, anchor=('center', 'center'), autoLog=True, color=array([1., 1., 1.]), colorSpace='rgb', contrast=1.0, depth=0, draggable=False, flipHoriz=np.False_, flipVert=np.False_, image=str(...), interpolate=True, mask=None, maskParams=None, name='unnamed ImageStim', opacity=1, ori=0.0, pos=array([0., 0.]), size=array([0.22, 0.35]), texRes=128, units='height', win=Window(...))
362.6027 	EXP 	Created unnamed ImageStim = ImageStim(__class__=<class 'psychopy.visual.image.ImageStim'>, anchor=('center', 'center'), autoLog=True, color=array([1., 1., 1.]), colorSpace='rgb', contrast=1.0, depth=0, draggable=False, flipHoriz=np.False_, flipVert=np.False_, image=str(...), interpolate=True, mask=None, maskParams=None, name='unnamed ImageStim', opacity=1, ori=0.0, pos=array([0.27, 0.  ]), size=array([0.22, 0.35]), texRes=128, units='height', win=Window(...))
362.6154 	EXP 	Created unnamed ImageStim = ImageStim(__class__=<class 'psychopy.visual.image.ImageStim'>, anchor=('center', 'center'), autoLog=True, color=array([1., 1., 1.]), colorSpace='rgb', contrast=1.0, depth=0, draggable=False, flipHoriz=np.False_, flipVert=np.False_, image=str(...), interpolate=True, mask=None, maskParams=None, name='unnamed ImageStim', opacity=1, ori=0.0, pos=array([-0.135,  0.   ]), size=array([0.035, 0.035]), texRes=128, units='height', win=Window(...))
362.6282 	EXP 	Created unnamed ImageStim = ImageStim(__class__=<class 'psychopy.visual.image.ImageStim'>, anchor=('center', 'center'), autoLog=True, color=array([1., 1., 1.]), colorSpace='rgb', contrast=1.0, depth=0, draggable=False, flipHoriz=np.False_, flipVert=np.False_, image=str(...), interpolate=True, mask=None, maskParams=None, name='unnamed ImageStim', opacity=1, ori=0.0, pos=array([0.135, 0.   ]), size=array([0.035, 0.035]), texRes=128, units='height', win=Window(...))
362.6487 	EXP 	MainTrial_keep_alive: autoDraw = False
362.6487 	EXP 	MainTrial_keep_alive: autoDraw = True
363.0448 	DATA 	Keypress: space
363.3938 	DATA 	Keypress: space
363.7205 	DATA 	Keypress: space
364.1040 	DATA 	Keypress: space
364.1569 	EXP 	New trial (rep=0, index=23): <Trial 23 (23 in rep 0) data={'trial_id': 'd030_set1_tr_coh', 'random_order': np.int64(64), 'dataset_number': np.int64(30), 'dataset_slug': '030_smile_make_momos', 'dataset_label': 'smile_make_momos', 'stimulus_set': np.int64(1), 'condition_id': 'tr_coh', 'condition_name': 'transitive_cohesive', 'cohesion': 'cohesive', 'transitivity': 'transitive', 'n_images': np.int64(3), 'img1': 'MainStimuli/030_smile_make_momos/coh_1.png', 'img1_role': 'coh_1', 'img2': 'MainStimuli/030_smile_make_momos/coh_2.png', 'img2_role': 'coh_2', 'img3': 'MainStimuli/030_smile_make_momos/tr_target.png', 'img3_role': 'tr_target', 'img4': None, 'img4_role': None, 'between_image': 'BetweenTrials/img-20250813-wa0011.jpg', 'audio_probe': np.int64(0), 'between_audio': None, 'between_audio_lock_sec': np.int64(0), 'source_dataset_folder': '/Users/matveikurzukov/Library/CloudStorage/GoogleDrive-apazent@gmail.com/.shortcut-targets-by-id/1exBA-7XrpLfZc6s8oGNYTbmjGsu5dT6p/Gurung stimuli/30_smile_make momos', 'thisN': 23, 'thisTrialN': 23, 'thisRepN': 0}>
364.1820 	EXP 	Created unnamed ImageStim = ImageStim(__class__=<class 'psychopy.visual.image.ImageStim'>, anchor=('center', 'center'), autoLog=True, color=array([1., 1., 1.]), colorSpace='rgb', contrast=1.0, depth=0, draggable=False, flipHoriz=np.False_, flipVert=np.False_, image=str(...), interpolate=True, mask=None, maskParams=None, name='unnamed ImageStim', opacity=1, ori=0.0, pos=array([-0.54,  0.  ]), size=array([0.22, 0.35]), texRes=128, units='height', win=Window(...))
364.2056 	EXP 	Created unnamed ImageStim = ImageStim(__class__=<class 'psychopy.visual.image.ImageStim'>, anchor=('center', 'center'), autoLog=True, color=array([1., 1., 1.]), colorSpace='rgb', contrast=1.0, depth=0, draggable=False, flipHoriz=np.False_, flipVert=np.False_, image=str(...), interpolate=True, mask=None, maskParams=None, name='unnamed ImageStim', opacity=1, ori=0.0, pos=array([-0.27,  0.  ]), size=array([0.22, 0.35]), texRes=128, units='height', win=Window(...))
364.2295 	EXP 	Created unnamed ImageStim = ImageStim(__class__=<class 'psychopy.visual.image.ImageStim'>, anchor=('center', 'center'), autoLog=True, color=array([1., 1., 1.]), colorSpace='rgb', contrast=1.0, depth=0, draggable=False, flipHoriz=np.False_, flipVert=np.False_, image=str(...), interpolate=True, mask=None, maskParams=None, name='unnamed ImageStim', opacity=1, ori=0.0, pos=array([0., 0.]), size=array([0.22, 0.35]), texRes=128, units='height', win=Window(...))
364.2421 	EXP 	Created unnamed ImageStim = ImageStim(__class__=<class 'psychopy.visual.image.ImageStim'>, anchor=('center', 'center'), autoLog=True, color=array([1., 1., 1.]), colorSpace='rgb', contrast=1.0, depth=0, draggable=False, flipHoriz=np.False_, flipVert=np.False_, image=str(...), interpolate=True, mask=None, maskParams=None, name='unnamed ImageStim', opacity=1, ori=0.0, pos=array([-0.405,  0.   ]), size=array([0.035, 0.035]), texRes=128, units='height', win=Window(...))
364.2548 	EXP 	Created unnamed ImageStim = ImageStim(__class__=<class 'psychopy.visual.image.ImageStim'>, anchor=('center', 'center'), autoLog=True, color=array([1., 1., 1.]), colorSpace='rgb', contrast=1.0, depth=0, draggable=False, flipHoriz=np.False_, flipVert=np.False_, image=str(...), interpolate=True, mask=None, maskParams=None, name='unnamed ImageStim', opacity=1, ori=0.0, pos=array([-0.135,  0.   ]), size=array([0.035, 0.035]), texRes=128, units='height', win=Window(...))
364.2816 	EXP 	MainTrial_keep_alive: autoDraw = False
364.2816 	EXP 	MainTrial_keep_alive: autoDraw = True
364.5949 	DATA 	Keypress: space
364.9529 	DATA 	Keypress: space
365.2755 	DATA 	Keypress: space
365.6256 	DATA 	Keypress: space
365.6753 	EXP 	New trial (rep=0, index=24): <Trial 24 (24 in rep 0) data={'trial_id': 'd012_set1_it_coh', 'random_order': np.int64(65), 'dataset_number': np.int64(12), 'dataset_slug': '012_come_eat_rice', 'dataset_label': 'come_eat_rice', 'stimulus_set': np.int64(1), 'condition_id': 'it_coh', 'condition_name': 'intransitive_cohesive', 'cohesion': 'cohesive', 'transitivity': 'intransitive', 'n_images': np.int64(4), 'img1': 'MainStimuli/012_come_eat_rice/coh_1.png', 'img1_role': 'coh_1', 'img2': 'MainStimuli/012_come_eat_rice/coh_2.png', 'img2_role': 'coh_2', 'img3': 'MainStimuli/012_come_eat_rice/it_target.png', 'img3_role': 'it_target', 'img4': 'MainStimuli/012_come_eat_rice/end_coh_it.png', 'img4_role': 'end_coh_it', 'between_image': 'BetweenTrials/1752221806065.jpg', 'audio_probe': np.int64(0), 'between_audio': None, 'between_audio_lock_sec': np.int64(0), 'source_dataset_folder': '/Users/matveikurzukov/Library/CloudStorage/GoogleDrive-apazent@gmail.com/.shortcut-targets-by-id/1exBA-7XrpLfZc6s8oGNYTbmjGsu5dT6p/Gurung stimuli/12_come_eat rice', 'thisN': 24, 'thisTrialN': 24, 'thisRepN': 0}>
365.7016 	EXP 	Created unnamed ImageStim = ImageStim(__class__=<class 'psychopy.visual.image.ImageStim'>, anchor=('center', 'center'), autoLog=True, color=array([1., 1., 1.]), colorSpace='rgb', contrast=1.0, depth=0, draggable=False, flipHoriz=np.False_, flipVert=np.False_, image=str(...), interpolate=True, mask=None, maskParams=None, name='unnamed ImageStim', opacity=1, ori=0.0, pos=array([-0.54,  0.  ]), size=array([0.22, 0.35]), texRes=128, units='height', win=Window(...))
365.7288 	EXP 	Created unnamed ImageStim = ImageStim(__class__=<class 'psychopy.visual.image.ImageStim'>, anchor=('center', 'center'), autoLog=True, color=array([1., 1., 1.]), colorSpace='rgb', contrast=1.0, depth=0, draggable=False, flipHoriz=np.False_, flipVert=np.False_, image=str(...), interpolate=True, mask=None, maskParams=None, name='unnamed ImageStim', opacity=1, ori=0.0, pos=array([-0.27,  0.  ]), size=array([0.22, 0.35]), texRes=128, units='height', win=Window(...))
365.7537 	EXP 	Created unnamed ImageStim = ImageStim(__class__=<class 'psychopy.visual.image.ImageStim'>, anchor=('center', 'center'), autoLog=True, color=array([1., 1., 1.]), colorSpace='rgb', contrast=1.0, depth=0, draggable=False, flipHoriz=np.False_, flipVert=np.False_, image=str(...), interpolate=True, mask=None, maskParams=None, name='unnamed ImageStim', opacity=1, ori=0.0, pos=array([0., 0.]), size=array([0.22, 0.35]), texRes=128, units='height', win=Window(...))
365.7789 	EXP 	Created unnamed ImageStim = ImageStim(__class__=<class 'psychopy.visual.image.ImageStim'>, anchor=('center', 'center'), autoLog=True, color=array([1., 1., 1.]), colorSpace='rgb', contrast=1.0, depth=0, draggable=False, flipHoriz=np.False_, flipVert=np.False_, image=str(...), interpolate=True, mask=None, maskParams=None, name='unnamed ImageStim', opacity=1, ori=0.0, pos=array([0.27, 0.  ]), size=array([0.22, 0.35]), texRes=128, units='height', win=Window(...))
365.7920 	EXP 	Created unnamed ImageStim = ImageStim(__class__=<class 'psychopy.visual.image.ImageStim'>, anchor=('center', 'center'), autoLog=True, color=array([1., 1., 1.]), colorSpace='rgb', contrast=1.0, depth=0, draggable=False, flipHoriz=np.False_, flipVert=np.False_, image=str(...), interpolate=True, mask=None, maskParams=None, name='unnamed ImageStim', opacity=1, ori=0.0, pos=array([-0.405,  0.   ]), size=array([0.035, 0.035]), texRes=128, units='height', win=Window(...))
365.8058 	EXP 	Created unnamed ImageStim = ImageStim(__class__=<class 'psychopy.visual.image.ImageStim'>, anchor=('center', 'center'), autoLog=True, color=array([1., 1., 1.]), colorSpace='rgb', contrast=1.0, depth=0, draggable=False, flipHoriz=np.False_, flipVert=np.False_, image=str(...), interpolate=True, mask=None, maskParams=None, name='unnamed ImageStim', opacity=1, ori=0.0, pos=array([-0.135,  0.   ]), size=array([0.035, 0.035]), texRes=128, units='height', win=Window(...))
365.8193 	EXP 	Created unnamed ImageStim = ImageStim(__class__=<class 'psychopy.visual.image.ImageStim'>, anchor=('center', 'center'), autoLog=True, color=array([1., 1., 1.]), colorSpace='rgb', contrast=1.0, depth=0, draggable=False, flipHoriz=np.False_, flipVert=np.False_, image=str(...), interpolate=True, mask=None, maskParams=None, name='unnamed ImageStim', opacity=1, ori=0.0, pos=array([0.135, 0.   ]), size=array([0.035, 0.035]), texRes=128, units='height', win=Window(...))
365.8484 	EXP 	MainTrial_keep_alive: autoDraw = False
365.8484 	EXP 	MainTrial_keep_alive: autoDraw = True
366.6207 	DATA 	Keypress: space
366.9540 	DATA 	Keypress: space
367.3050 	DATA 	Keypress: space
367.6561 	DATA 	Keypress: space
368.2114 	DATA 	Keypress: space
368.2665 	EXP 	New trial (rep=0, index=25): <Trial 25 (25 in rep 0) data={'trial_id': 'd007_set1_it_coh', 'random_order': np.int64(66), 'dataset_number': np.int64(7), 'dataset_slug': '007_sit_make_fire', 'dataset_label': 'sit_make_fire', 'stimulus_set': np.int64(1), 'condition_id': 'it_coh', 'condition_name': 'intransitive_cohesive', 'cohesion': 'cohesive', 'transitivity': 'intransitive', 'n_images': np.int64(4), 'img1': 'MainStimuli/007_sit_make_fire/coh_1.png', 'img1_role': 'coh_1', 'img2': 'MainStimuli/007_sit_make_fire/coh_2.png', 'img2_role': 'coh_2', 'img3': 'MainStimuli/007_sit_make_fire/it_target.png', 'img3_role': 'it_target', 'img4': 'MainStimuli/007_sit_make_fire/end_coh_it.png', 'img4_role': 'end_coh_it', 'between_image': 'BetweenTrials/img_20260522_165652.jpg', 'audio_probe': np.int64(0), 'between_audio': None, 'between_audio_lock_sec': np.int64(0), 'source_dataset_folder': '/Users/matveikurzukov/Library/CloudStorage/GoogleDrive-apazent@gmail.com/.shortcut-targets-by-id/1exBA-7XrpLfZc6s8oGNYTbmjGsu5dT6p/Gurung stimuli/7_sit_make fire', 'thisN': 25, 'thisTrialN': 25, 'thisRepN': 0}>
368.3002 	EXP 	Created unnamed ImageStim = ImageStim(__class__=<class 'psychopy.visual.image.ImageStim'>, anchor=('center', 'center'), autoLog=True, color=array([1., 1., 1.]), colorSpace='rgb', contrast=1.0, depth=0, draggable=False, flipHoriz=np.False_, flipVert=np.False_, image=str(...), interpolate=True, mask=None, maskParams=None, name='unnamed ImageStim', opacity=1, ori=0.0, pos=array([-0.54,  0.  ]), size=array([0.22, 0.35]), texRes=128, units='height', win=Window(...))
368.3340 	EXP 	Created unnamed ImageStim = ImageStim(__class__=<class 'psychopy.visual.image.ImageStim'>, anchor=('center', 'center'), autoLog=True, color=array([1., 1., 1.]), colorSpace='rgb', contrast=1.0, depth=0, draggable=False, flipHoriz=np.False_, flipVert=np.False_, image=str(...), interpolate=True, mask=None, maskParams=None, name='unnamed ImageStim', opacity=1, ori=0.0, pos=array([-0.27,  0.  ]), size=array([0.22, 0.35]), texRes=128, units='height', win=Window(...))
368.3674 	EXP 	Created unnamed ImageStim = ImageStim(__class__=<class 'psychopy.visual.image.ImageStim'>, anchor=('center', 'center'), autoLog=True, color=array([1., 1., 1.]), colorSpace='rgb', contrast=1.0, depth=0, draggable=False, flipHoriz=np.False_, flipVert=np.False_, image=str(...), interpolate=True, mask=None, maskParams=None, name='unnamed ImageStim', opacity=1, ori=0.0, pos=array([0., 0.]), size=array([0.22, 0.35]), texRes=128, units='height', win=Window(...))
368.4041 	EXP 	Created unnamed ImageStim = ImageStim(__class__=<class 'psychopy.visual.image.ImageStim'>, anchor=('center', 'center'), autoLog=True, color=array([1., 1., 1.]), colorSpace='rgb', contrast=1.0, depth=0, draggable=False, flipHoriz=np.False_, flipVert=np.False_, image=str(...), interpolate=True, mask=None, maskParams=None, name='unnamed ImageStim', opacity=1, ori=0.0, pos=array([0.27, 0.  ]), size=array([0.22, 0.35]), texRes=128, units='height', win=Window(...))
368.4216 	EXP 	Created unnamed ImageStim = ImageStim(__class__=<class 'psychopy.visual.image.ImageStim'>, anchor=('center', 'center'), autoLog=True, color=array([1., 1., 1.]), colorSpace='rgb', contrast=1.0, depth=0, draggable=False, flipHoriz=np.False_, flipVert=np.False_, image=str(...), interpolate=True, mask=None, maskParams=None, name='unnamed ImageStim', opacity=1, ori=0.0, pos=array([-0.405,  0.   ]), size=array([0.035, 0.035]), texRes=128, units='height', win=Window(...))
368.4386 	EXP 	Created unnamed ImageStim = ImageStim(__class__=<class 'psychopy.visual.image.ImageStim'>, anchor=('center', 'center'), autoLog=True, color=array([1., 1., 1.]), colorSpace='rgb', contrast=1.0, depth=0, draggable=False, flipHoriz=np.False_, flipVert=np.False_, image=str(...), interpolate=True, mask=None, maskParams=None, name='unnamed ImageStim', opacity=1, ori=0.0, pos=array([-0.135,  0.   ]), size=array([0.035, 0.035]), texRes=128, units='height', win=Window(...))
368.4556 	EXP 	Created unnamed ImageStim = ImageStim(__class__=<class 'psychopy.visual.image.ImageStim'>, anchor=('center', 'center'), autoLog=True, color=array([1., 1., 1.]), colorSpace='rgb', contrast=1.0, depth=0, draggable=False, flipHoriz=np.False_, flipVert=np.False_, image=str(...), interpolate=True, mask=None, maskParams=None, name='unnamed ImageStim', opacity=1, ori=0.0, pos=array([0.135, 0.   ]), size=array([0.035, 0.035]), texRes=128, units='height', win=Window(...))
368.4820 	EXP 	MainTrial_keep_alive: autoDraw = False
368.4820 	EXP 	MainTrial_keep_alive: autoDraw = True
368.8219 	DATA 	Keypress: space
369.1592 	DATA 	Keypress: space
369.5103 	DATA 	Keypress: space
369.8539 	DATA 	Keypress: space
370.3705 	DATA 	Keypress: space
370.4310 	EXP 	New trial (rep=0, index=26): <Trial 26 (26 in rep 0) data={'trial_id': 'd020_set1_it_coh', 'random_order': np.int64(67), 'dataset_number': np.int64(20), 'dataset_slug': '020_come_plant_sapling', 'dataset_label': 'come_plant_sapling', 'stimulus_set': np.int64(1), 'condition_id': 'it_coh', 'condition_name': 'intransitive_cohesive', 'cohesion': 'cohesive', 'transitivity': 'intransitive', 'n_images': np.int64(4), 'img1': 'MainStimuli/020_come_plant_sapling/coh_1.png', 'img1_role': 'coh_1', 'img2': 'MainStimuli/020_come_plant_sapling/coh_2.png', 'img2_role': 'coh_2', 'img3': 'MainStimuli/020_come_plant_sapling/it_target.png', 'img3_role': 'it_target', 'img4': 'MainStimuli/020_come_plant_sapling/end_coh_it.png', 'img4_role': 'end_coh_it', 'between_image': 'BetweenTrials/1752221802086.jpg', 'audio_probe': np.int64(0), 'between_audio': None, 'between_audio_lock_sec': np.int64(0), 'source_dataset_folder': '/Users/matveikurzukov/Library/CloudStorage/GoogleDrive-apazent@gmail.com/.shortcut-targets-by-id/1exBA-7XrpLfZc6s8oGNYTbmjGsu5dT6p/Gurung stimuli/20_come_plant sapling', 'thisN': 26, 'thisTrialN': 26, 'thisRepN': 0}>
370.4646 	EXP 	Created unnamed ImageStim = ImageStim(__class__=<class 'psychopy.visual.image.ImageStim'>, anchor=('center', 'center'), autoLog=True, color=array([1., 1., 1.]), colorSpace='rgb', contrast=1.0, depth=0, draggable=False, flipHoriz=np.False_, flipVert=np.False_, image=str(...), interpolate=True, mask=None, maskParams=None, name='unnamed ImageStim', opacity=1, ori=0.0, pos=array([-0.54,  0.  ]), size=array([0.22, 0.35]), texRes=128, units='height', win=Window(...))
370.4984 	EXP 	Created unnamed ImageStim = ImageStim(__class__=<class 'psychopy.visual.image.ImageStim'>, anchor=('center', 'center'), autoLog=True, color=array([1., 1., 1.]), colorSpace='rgb', contrast=1.0, depth=0, draggable=False, flipHoriz=np.False_, flipVert=np.False_, image=str(...), interpolate=True, mask=None, maskParams=None, name='unnamed ImageStim', opacity=1, ori=0.0, pos=array([-0.27,  0.  ]), size=array([0.22, 0.35]), texRes=128, units='height', win=Window(...))
370.5331 	EXP 	Created unnamed ImageStim = ImageStim(__class__=<class 'psychopy.visual.image.ImageStim'>, anchor=('center', 'center'), autoLog=True, color=array([1., 1., 1.]), colorSpace='rgb', contrast=1.0, depth=0, draggable=False, flipHoriz=np.False_, flipVert=np.False_, image=str(...), interpolate=True, mask=None, maskParams=None, name='unnamed ImageStim', opacity=1, ori=0.0, pos=array([0., 0.]), size=array([0.22, 0.35]), texRes=128, units='height', win=Window(...))
370.5688 	EXP 	Created unnamed ImageStim = ImageStim(__class__=<class 'psychopy.visual.image.ImageStim'>, anchor=('center', 'center'), autoLog=True, color=array([1., 1., 1.]), colorSpace='rgb', contrast=1.0, depth=0, draggable=False, flipHoriz=np.False_, flipVert=np.False_, image=str(...), interpolate=True, mask=None, maskParams=None, name='unnamed ImageStim', opacity=1, ori=0.0, pos=array([0.27, 0.  ]), size=array([0.22, 0.35]), texRes=128, units='height', win=Window(...))
370.5857 	EXP 	Created unnamed ImageStim = ImageStim(__class__=<class 'psychopy.visual.image.ImageStim'>, anchor=('center', 'center'), autoLog=True, color=array([1., 1., 1.]), colorSpace='rgb', contrast=1.0, depth=0, draggable=False, flipHoriz=np.False_, flipVert=np.False_, image=str(...), interpolate=True, mask=None, maskParams=None, name='unnamed ImageStim', opacity=1, ori=0.0, pos=array([-0.405,  0.   ]), size=array([0.035, 0.035]), texRes=128, units='height', win=Window(...))
370.6029 	EXP 	Created unnamed ImageStim = ImageStim(__class__=<class 'psychopy.visual.image.ImageStim'>, anchor=('center', 'center'), autoLog=True, color=array([1., 1., 1.]), colorSpace='rgb', contrast=1.0, depth=0, draggable=False, flipHoriz=np.False_, flipVert=np.False_, image=str(...), interpolate=True, mask=None, maskParams=None, name='unnamed ImageStim', opacity=1, ori=0.0, pos=array([-0.135,  0.   ]), size=array([0.035, 0.035]), texRes=128, units='height', win=Window(...))
370.6197 	EXP 	Created unnamed ImageStim = ImageStim(__class__=<class 'psychopy.visual.image.ImageStim'>, anchor=('center', 'center'), autoLog=True, color=array([1., 1., 1.]), colorSpace='rgb', contrast=1.0, depth=0, draggable=False, flipHoriz=np.False_, flipVert=np.False_, image=str(...), interpolate=True, mask=None, maskParams=None, name='unnamed ImageStim', opacity=1, ori=0.0, pos=array([0.135, 0.   ]), size=array([0.035, 0.035]), texRes=128, units='height', win=Window(...))
370.6486 	EXP 	MainTrial_keep_alive: autoDraw = False
370.6486 	EXP 	MainTrial_keep_alive: autoDraw = True
370.9257 	DATA 	Keypress: space
371.2784 	DATA 	Keypress: space
371.5961 	DATA 	Keypress: space
371.9578 	DATA 	Keypress: space
372.5555 	DATA 	Keypress: space
372.6193 	EXP 	New trial (rep=0, index=27): <Trial 27 (27 in rep 0) data={'trial_id': 'd016_set1_it_ic', 'random_order': np.int64(68), 'dataset_number': np.int64(16), 'dataset_slug': '016_sleep_wash_dish', 'dataset_label': 'sleep_wash_dish', 'stimulus_set': np.int64(1), 'condition_id': 'it_ic', 'condition_name': 'intransitive_incohesive', 'cohesion': 'incohesive', 'transitivity': 'intransitive', 'n_images': np.int64(3), 'img1': 'MainStimuli/016_sleep_wash_dish/ic_1.png', 'img1_role': 'ic_1', 'img2': 'MainStimuli/016_sleep_wash_dish/it_target.png', 'img2_role': 'it_target', 'img3': 'MainStimuli/016_sleep_wash_dish/end_ic_it.png', 'img3_role': 'end_ic_it', 'img4': None, 'img4_role': None, 'between_image': 'BetweenTrials/1752221802086.jpg', 'audio_probe': np.int64(0), 'between_audio': None, 'between_audio_lock_sec': np.int64(0), 'source_dataset_folder': '/Users/matveikurzukov/Library/CloudStorage/GoogleDrive-apazent@gmail.com/.shortcut-targets-by-id/1exBA-7XrpLfZc6s8oGNYTbmjGsu5dT6p/Gurung stimuli/16_sleep_wash dish', 'thisN': 27, 'thisTrialN': 27, 'thisRepN': 0}>
372.6550 	EXP 	Created unnamed ImageStim = ImageStim(__class__=<class 'psychopy.visual.image.ImageStim'>, anchor=('center', 'center'), autoLog=True, color=array([1., 1., 1.]), colorSpace='rgb', contrast=1.0, depth=0, draggable=False, flipHoriz=np.False_, flipVert=np.False_, image=str(...), interpolate=True, mask=None, maskParams=None, name='unnamed ImageStim', opacity=1, ori=0.0, pos=array([-0.27,  0.  ]), size=array([0.22, 0.35]), texRes=128, units='height', win=Window(...))
372.6907 	EXP 	Created unnamed ImageStim = ImageStim(__class__=<class 'psychopy.visual.image.ImageStim'>, anchor=('center', 'center'), autoLog=True, color=array([1., 1., 1.]), colorSpace='rgb', contrast=1.0, depth=0, draggable=False, flipHoriz=np.False_, flipVert=np.False_, image=str(...), interpolate=True, mask=None, maskParams=None, name='unnamed ImageStim', opacity=1, ori=0.0, pos=array([0., 0.]), size=array([0.22, 0.35]), texRes=128, units='height', win=Window(...))
372.7285 	EXP 	Created unnamed ImageStim = ImageStim(__class__=<class 'psychopy.visual.image.ImageStim'>, anchor=('center', 'center'), autoLog=True, color=array([1., 1., 1.]), colorSpace='rgb', contrast=1.0, depth=0, draggable=False, flipHoriz=np.False_, flipVert=np.False_, image=str(...), interpolate=True, mask=None, maskParams=None, name='unnamed ImageStim', opacity=1, ori=0.0, pos=array([0.27, 0.  ]), size=array([0.22, 0.35]), texRes=128, units='height', win=Window(...))
372.7465 	EXP 	Created unnamed ImageStim = ImageStim(__class__=<class 'psychopy.visual.image.ImageStim'>, anchor=('center', 'center'), autoLog=True, color=array([1., 1., 1.]), colorSpace='rgb', contrast=1.0, depth=0, draggable=False, flipHoriz=np.False_, flipVert=np.False_, image=str(...), interpolate=True, mask=None, maskParams=None, name='unnamed ImageStim', opacity=1, ori=0.0, pos=array([-0.135,  0.   ]), size=array([0.035, 0.035]), texRes=128, units='height', win=Window(...))
372.7638 	EXP 	Created unnamed ImageStim = ImageStim(__class__=<class 'psychopy.visual.image.ImageStim'>, anchor=('center', 'center'), autoLog=True, color=array([1., 1., 1.]), colorSpace='rgb', contrast=1.0, depth=0, draggable=False, flipHoriz=np.False_, flipVert=np.False_, image=str(...), interpolate=True, mask=None, maskParams=None, name='unnamed ImageStim', opacity=1, ori=0.0, pos=array([0.135, 0.   ]), size=array([0.035, 0.035]), texRes=128, units='height', win=Window(...))
372.7648 	DATA 	Mouse: Left button down, pos=(408,754)
372.7652 	DATA 	Mouse:  Left button up, pos=(408,754)
372.7818 	EXP 	MainTrial_keep_alive: autoDraw = False
372.7818 	EXP 	MainTrial_keep_alive: autoDraw = True
373.0712 	DATA 	Keypress: space
373.3996 	DATA 	Keypress: space
373.6920 	DATA 	Keypress: space
374.0751 	DATA 	Keypress: space
374.1247 	EXP 	New trial (rep=0, index=28): <Trial 28 (28 in rep 0) data={'trial_id': 'd018_set1_it_coh', 'random_order': np.int64(69), 'dataset_number': np.int64(18), 'dataset_slug': '018_yawn_put_on_cap', 'dataset_label': 'yawn_put_on_cap', 'stimulus_set': np.int64(1), 'condition_id': 'it_coh', 'condition_name': 'intransitive_cohesive', 'cohesion': 'cohesive', 'transitivity': 'intransitive', 'n_images': np.int64(4), 'img1': 'MainStimuli/018_yawn_put_on_cap/coh_1.png', 'img1_role': 'coh_1', 'img2': 'MainStimuli/018_yawn_put_on_cap/coh_2.png', 'img2_role': 'coh_2', 'img3': 'MainStimuli/018_yawn_put_on_cap/it_target.png', 'img3_role': 'it_target', 'img4': 'MainStimuli/018_yawn_put_on_cap/end_coh_it.png', 'img4_role': 'end_coh_it', 'between_image': 'BetweenTrials/img-20250813-wa0011.jpg', 'audio_probe': np.int64(0), 'between_audio': None, 'between_audio_lock_sec': np.int64(0), 'source_dataset_folder': '/Users/matveikurzukov/Library/CloudStorage/GoogleDrive-apazent@gmail.com/.shortcut-targets-by-id/1exBA-7XrpLfZc6s8oGNYTbmjGsu5dT6p/Gurung stimuli/18_yawn_put on cap', 'thisN': 28, 'thisTrialN': 28, 'thisRepN': 0}>
374.1515 	EXP 	Created unnamed ImageStim = ImageStim(__class__=<class 'psychopy.visual.image.ImageStim'>, anchor=('center', 'center'), autoLog=True, color=array([1., 1., 1.]), colorSpace='rgb', contrast=1.0, depth=0, draggable=False, flipHoriz=np.False_, flipVert=np.False_, image=str(...), interpolate=True, mask=None, maskParams=None, name='unnamed ImageStim', opacity=1, ori=0.0, pos=array([-0.54,  0.  ]), size=array([0.22, 0.35]), texRes=128, units='height', win=Window(...))
374.1782 	EXP 	Created unnamed ImageStim = ImageStim(__class__=<class 'psychopy.visual.image.ImageStim'>, anchor=('center', 'center'), autoLog=True, color=array([1., 1., 1.]), colorSpace='rgb', contrast=1.0, depth=0, draggable=False, flipHoriz=np.False_, flipVert=np.False_, image=str(...), interpolate=True, mask=None, maskParams=None, name='unnamed ImageStim', opacity=1, ori=0.0, pos=array([-0.27,  0.  ]), size=array([0.22, 0.35]), texRes=128, units='height', win=Window(...))
374.2048 	EXP 	Created unnamed ImageStim = ImageStim(__class__=<class 'psychopy.visual.image.ImageStim'>, anchor=('center', 'center'), autoLog=True, color=array([1., 1., 1.]), colorSpace='rgb', contrast=1.0, depth=0, draggable=False, flipHoriz=np.False_, flipVert=np.False_, image=str(...), interpolate=True, mask=None, maskParams=None, name='unnamed ImageStim', opacity=1, ori=0.0, pos=array([0., 0.]), size=array([0.22, 0.35]), texRes=128, units='height', win=Window(...))
374.2308 	EXP 	Created unnamed ImageStim = ImageStim(__class__=<class 'psychopy.visual.image.ImageStim'>, anchor=('center', 'center'), autoLog=True, color=array([1., 1., 1.]), colorSpace='rgb', contrast=1.0, depth=0, draggable=False, flipHoriz=np.False_, flipVert=np.False_, image=str(...), interpolate=True, mask=None, maskParams=None, name='unnamed ImageStim', opacity=1, ori=0.0, pos=array([0.27, 0.  ]), size=array([0.22, 0.35]), texRes=128, units='height', win=Window(...))
374.2435 	EXP 	Created unnamed ImageStim = ImageStim(__class__=<class 'psychopy.visual.image.ImageStim'>, anchor=('center', 'center'), autoLog=True, color=array([1., 1., 1.]), colorSpace='rgb', contrast=1.0, depth=0, draggable=False, flipHoriz=np.False_, flipVert=np.False_, image=str(...), interpolate=True, mask=None, maskParams=None, name='unnamed ImageStim', opacity=1, ori=0.0, pos=array([-0.405,  0.   ]), size=array([0.035, 0.035]), texRes=128, units='height', win=Window(...))
374.2560 	EXP 	Created unnamed ImageStim = ImageStim(__class__=<class 'psychopy.visual.image.ImageStim'>, anchor=('center', 'center'), autoLog=True, color=array([1., 1., 1.]), colorSpace='rgb', contrast=1.0, depth=0, draggable=False, flipHoriz=np.False_, flipVert=np.False_, image=str(...), interpolate=True, mask=None, maskParams=None, name='unnamed ImageStim', opacity=1, ori=0.0, pos=array([-0.135,  0.   ]), size=array([0.035, 0.035]), texRes=128, units='height', win=Window(...))
374.2686 	EXP 	Created unnamed ImageStim = ImageStim(__class__=<class 'psychopy.visual.image.ImageStim'>, anchor=('center', 'center'), autoLog=True, color=array([1., 1., 1.]), colorSpace='rgb', contrast=1.0, depth=0, draggable=False, flipHoriz=np.False_, flipVert=np.False_, image=str(...), interpolate=True, mask=None, maskParams=None, name='unnamed ImageStim', opacity=1, ori=0.0, pos=array([0.135, 0.   ]), size=array([0.035, 0.035]), texRes=128, units='height', win=Window(...))
374.2981 	EXP 	MainTrial_keep_alive: autoDraw = False
374.2981 	EXP 	MainTrial_keep_alive: autoDraw = True
374.6830 	DATA 	Keypress: space
375.0563 	DATA 	Keypress: space
375.3745 	DATA 	Keypress: space
375.7364 	DATA 	Keypress: space
376.3098 	DATA 	Keypress: space
376.3672 	EXP 	New trial (rep=0, index=29): <Trial 29 (29 in rep 0) data={'trial_id': 'd029_set1_it_coh', 'random_order': np.int64(70), 'dataset_number': np.int64(29), 'dataset_slug': '029_sit_cut_potato', 'dataset_label': 'sit_cut_potato', 'stimulus_set': np.int64(1), 'condition_id': 'it_coh', 'condition_name': 'intransitive_cohesive', 'cohesion': 'cohesive', 'transitivity': 'intransitive', 'n_images': np.int64(4), 'img1': 'MainStimuli/029_sit_cut_potato/coh_1.png', 'img1_role': 'coh_1', 'img2': 'MainStimuli/029_sit_cut_potato/coh_2.png', 'img2_role': 'coh_2', 'img3': 'MainStimuli/029_sit_cut_potato/it_target.png', 'img3_role': 'it_target', 'img4': 'MainStimuli/029_sit_cut_potato/end_coh_it.png', 'img4_role': 'end_coh_it', 'between_image': 'BetweenTrials/img-20250813-wa0011.jpg', 'audio_probe': np.int64(0), 'between_audio': None, 'between_audio_lock_sec': np.int64(0), 'source_dataset_folder': '/Users/matveikurzukov/Library/CloudStorage/GoogleDrive-apazent@gmail.com/.shortcut-targets-by-id/1exBA-7XrpLfZc6s8oGNYTbmjGsu5dT6p/Gurung stimuli/29_sit_cut potato', 'thisN': 29, 'thisTrialN': 29, 'thisRepN': 0}>
376.4010 	EXP 	Created unnamed ImageStim = ImageStim(__class__=<class 'psychopy.visual.image.ImageStim'>, anchor=('center', 'center'), autoLog=True, color=array([1., 1., 1.]), colorSpace='rgb', contrast=1.0, depth=0, draggable=False, flipHoriz=np.False_, flipVert=np.False_, image=str(...), interpolate=True, mask=None, maskParams=None, name='unnamed ImageStim', opacity=1, ori=0.0, pos=array([-0.54,  0.  ]), size=array([0.22, 0.35]), texRes=128, units='height', win=Window(...))
376.4328 	EXP 	Created unnamed ImageStim = ImageStim(__class__=<class 'psychopy.visual.image.ImageStim'>, anchor=('center', 'center'), autoLog=True, color=array([1., 1., 1.]), colorSpace='rgb', contrast=1.0, depth=0, draggable=False, flipHoriz=np.False_, flipVert=np.False_, image=str(...), interpolate=True, mask=None, maskParams=None, name='unnamed ImageStim', opacity=1, ori=0.0, pos=array([-0.27,  0.  ]), size=array([0.22, 0.35]), texRes=128, units='height', win=Window(...))
376.4643 	EXP 	Created unnamed ImageStim = ImageStim(__class__=<class 'psychopy.visual.image.ImageStim'>, anchor=('center', 'center'), autoLog=True, color=array([1., 1., 1.]), colorSpace='rgb', contrast=1.0, depth=0, draggable=False, flipHoriz=np.False_, flipVert=np.False_, image=str(...), interpolate=True, mask=None, maskParams=None, name='unnamed ImageStim', opacity=1, ori=0.0, pos=array([0., 0.]), size=array([0.22, 0.35]), texRes=128, units='height', win=Window(...))
376.4979 	EXP 	Created unnamed ImageStim = ImageStim(__class__=<class 'psychopy.visual.image.ImageStim'>, anchor=('center', 'center'), autoLog=True, color=array([1., 1., 1.]), colorSpace='rgb', contrast=1.0, depth=0, draggable=False, flipHoriz=np.False_, flipVert=np.False_, image=str(...), interpolate=True, mask=None, maskParams=None, name='unnamed ImageStim', opacity=1, ori=0.0, pos=array([0.27, 0.  ]), size=array([0.22, 0.35]), texRes=128, units='height', win=Window(...))
376.5148 	EXP 	Created unnamed ImageStim = ImageStim(__class__=<class 'psychopy.visual.image.ImageStim'>, anchor=('center', 'center'), autoLog=True, color=array([1., 1., 1.]), colorSpace='rgb', contrast=1.0, depth=0, draggable=False, flipHoriz=np.False_, flipVert=np.False_, image=str(...), interpolate=True, mask=None, maskParams=None, name='unnamed ImageStim', opacity=1, ori=0.0, pos=array([-0.405,  0.   ]), size=array([0.035, 0.035]), texRes=128, units='height', win=Window(...))
376.5320 	EXP 	Created unnamed ImageStim = ImageStim(__class__=<class 'psychopy.visual.image.ImageStim'>, anchor=('center', 'center'), autoLog=True, color=array([1., 1., 1.]), colorSpace='rgb', contrast=1.0, depth=0, draggable=False, flipHoriz=np.False_, flipVert=np.False_, image=str(...), interpolate=True, mask=None, maskParams=None, name='unnamed ImageStim', opacity=1, ori=0.0, pos=array([-0.135,  0.   ]), size=array([0.035, 0.035]), texRes=128, units='height', win=Window(...))
376.5487 	EXP 	Created unnamed ImageStim = ImageStim(__class__=<class 'psychopy.visual.image.ImageStim'>, anchor=('center', 'center'), autoLog=True, color=array([1., 1., 1.]), colorSpace='rgb', contrast=1.0, depth=0, draggable=False, flipHoriz=np.False_, flipVert=np.False_, image=str(...), interpolate=True, mask=None, maskParams=None, name='unnamed ImageStim', opacity=1, ori=0.0, pos=array([0.135, 0.   ]), size=array([0.035, 0.035]), texRes=128, units='height', win=Window(...))
376.5647 	EXP 	MainTrial_keep_alive: autoDraw = False
376.5647 	EXP 	MainTrial_keep_alive: autoDraw = True
376.8207 	DATA 	Keypress: space
377.1996 	DATA 	Keypress: space
377.5392 	DATA 	Keypress: space
377.8934 	DATA 	Keypress: space
378.4081 	DATA 	Keypress: space
378.4686 	EXP 	New trial (rep=0, index=30): <Trial 30 (30 in rep 0) data={'trial_id': 'd022_set1_it_coh', 'random_order': np.int64(71), 'dataset_number': np.int64(22), 'dataset_slug': '022_come_push_chest', 'dataset_label': 'come_push_chest', 'stimulus_set': np.int64(1), 'condition_id': 'it_coh', 'condition_name': 'intransitive_cohesive', 'cohesion': 'cohesive', 'transitivity': 'intransitive', 'n_images': np.int64(4), 'img1': 'MainStimuli/022_come_push_chest/coh_1.png', 'img1_role': 'coh_1', 'img2': 'MainStimuli/022_come_push_chest/coh_2.png', 'img2_role': 'coh_2', 'img3': 'MainStimuli/022_come_push_chest/it_target.png', 'img3_role': 'it_target', 'img4': 'MainStimuli/022_come_push_chest/end_coh_it.png', 'img4_role': 'end_coh_it', 'between_image': 'BetweenTrials/img-20250813-wa0011.jpg', 'audio_probe': np.int64(0), 'between_audio': None, 'between_audio_lock_sec': np.int64(0), 'source_dataset_folder': '/Users/matveikurzukov/Library/CloudStorage/GoogleDrive-apazent@gmail.com/.shortcut-targets-by-id/1exBA-7XrpLfZc6s8oGNYTbmjGsu5dT6p/Gurung stimuli/22_come_push chest', 'thisN': 30, 'thisTrialN': 30, 'thisRepN': 0}>
378.5047 	EXP 	Created unnamed ImageStim = ImageStim(__class__=<class 'psychopy.visual.image.ImageStim'>, anchor=('center', 'center'), autoLog=True, color=array([1., 1., 1.]), colorSpace='rgb', contrast=1.0, depth=0, draggable=False, flipHoriz=np.False_, flipVert=np.False_, image=str(...), interpolate=True, mask=None, maskParams=None, name='unnamed ImageStim', opacity=1, ori=0.0, pos=array([-0.54,  0.  ]), size=array([0.22, 0.35]), texRes=128, units='height', win=Window(...))
378.5380 	EXP 	Created unnamed ImageStim = ImageStim(__class__=<class 'psychopy.visual.image.ImageStim'>, anchor=('center', 'center'), autoLog=True, color=array([1., 1., 1.]), colorSpace='rgb', contrast=1.0, depth=0, draggable=False, flipHoriz=np.False_, flipVert=np.False_, image=str(...), interpolate=True, mask=None, maskParams=None, name='unnamed ImageStim', opacity=1, ori=0.0, pos=array([-0.27,  0.  ]), size=array([0.22, 0.35]), texRes=128, units='height', win=Window(...))
378.5775 	EXP 	Created unnamed ImageStim = ImageStim(__class__=<class 'psychopy.visual.image.ImageStim'>, anchor=('center', 'center'), autoLog=True, color=array([1., 1., 1.]), colorSpace='rgb', contrast=1.0, depth=0, draggable=False, flipHoriz=np.False_, flipVert=np.False_, image=str(...), interpolate=True, mask=None, maskParams=None, name='unnamed ImageStim', opacity=1, ori=0.0, pos=array([0., 0.]), size=array([0.22, 0.35]), texRes=128, units='height', win=Window(...))
378.6126 	EXP 	Created unnamed ImageStim = ImageStim(__class__=<class 'psychopy.visual.image.ImageStim'>, anchor=('center', 'center'), autoLog=True, color=array([1., 1., 1.]), colorSpace='rgb', contrast=1.0, depth=0, draggable=False, flipHoriz=np.False_, flipVert=np.False_, image=str(...), interpolate=True, mask=None, maskParams=None, name='unnamed ImageStim', opacity=1, ori=0.0, pos=array([0.27, 0.  ]), size=array([0.22, 0.35]), texRes=128, units='height', win=Window(...))
378.6300 	EXP 	Created unnamed ImageStim = ImageStim(__class__=<class 'psychopy.visual.image.ImageStim'>, anchor=('center', 'center'), autoLog=True, color=array([1., 1., 1.]), colorSpace='rgb', contrast=1.0, depth=0, draggable=False, flipHoriz=np.False_, flipVert=np.False_, image=str(...), interpolate=True, mask=None, maskParams=None, name='unnamed ImageStim', opacity=1, ori=0.0, pos=array([-0.405,  0.   ]), size=array([0.035, 0.035]), texRes=128, units='height', win=Window(...))
378.6475 	EXP 	Created unnamed ImageStim = ImageStim(__class__=<class 'psychopy.visual.image.ImageStim'>, anchor=('center', 'center'), autoLog=True, color=array([1., 1., 1.]), colorSpace='rgb', contrast=1.0, depth=0, draggable=False, flipHoriz=np.False_, flipVert=np.False_, image=str(...), interpolate=True, mask=None, maskParams=None, name='unnamed ImageStim', opacity=1, ori=0.0, pos=array([-0.135,  0.   ]), size=array([0.035, 0.035]), texRes=128, units='height', win=Window(...))
378.6645 	EXP 	Created unnamed ImageStim = ImageStim(__class__=<class 'psychopy.visual.image.ImageStim'>, anchor=('center', 'center'), autoLog=True, color=array([1., 1., 1.]), colorSpace='rgb', contrast=1.0, depth=0, draggable=False, flipHoriz=np.False_, flipVert=np.False_, image=str(...), interpolate=True, mask=None, maskParams=None, name='unnamed ImageStim', opacity=1, ori=0.0, pos=array([0.135, 0.   ]), size=array([0.035, 0.035]), texRes=128, units='height', win=Window(...))
378.6816 	EXP 	MainTrial_keep_alive: autoDraw = False
378.6816 	EXP 	MainTrial_keep_alive: autoDraw = True
379.2221 	DATA 	Keypress: space
380.0131 	DATA 	Keypress: space
380.4606 	DATA 	Keypress: space
380.8695 	DATA 	Keypress: space
381.1956 	DATA 	Keypress: space
381.2394 	EXP 	New trial (rep=0, index=31): <Trial 31 (31 in rep 0) data={'trial_id': 'd015_set1_tr_coh', 'random_order': np.int64(72), 'dataset_number': np.int64(15), 'dataset_slug': '015_smile_clean_wall', 'dataset_label': 'smile_clean_wall', 'stimulus_set': np.int64(1), 'condition_id': 'tr_coh', 'condition_name': 'transitive_cohesive', 'cohesion': 'cohesive', 'transitivity': 'transitive', 'n_images': np.int64(3), 'img1': 'MainStimuli/015_smile_clean_wall/coh_1.png', 'img1_role': 'coh_1', 'img2': 'MainStimuli/015_smile_clean_wall/coh_2.png', 'img2_role': 'coh_2', 'img3': 'MainStimuli/015_smile_clean_wall/tr_target.png', 'img3_role': 'tr_target', 'img4': None, 'img4_role': None, 'between_image': 'BetweenTrials/1752221806065.jpg', 'audio_probe': np.int64(0), 'between_audio': None, 'between_audio_lock_sec': np.int64(0), 'source_dataset_folder': '/Users/matveikurzukov/Library/CloudStorage/GoogleDrive-apazent@gmail.com/.shortcut-targets-by-id/1exBA-7XrpLfZc6s8oGNYTbmjGsu5dT6p/Gurung stimuli/15_smile_clean wall', 'thisN': 31, 'thisTrialN': 31, 'thisRepN': 0}>
381.2652 	EXP 	Created unnamed ImageStim = ImageStim(__class__=<class 'psychopy.visual.image.ImageStim'>, anchor=('center', 'center'), autoLog=True, color=array([1., 1., 1.]), colorSpace='rgb', contrast=1.0, depth=0, draggable=False, flipHoriz=np.False_, flipVert=np.False_, image=str(...), interpolate=True, mask=None, maskParams=None, name='unnamed ImageStim', opacity=1, ori=0.0, pos=array([-0.54,  0.  ]), size=array([0.22, 0.35]), texRes=128, units='height', win=Window(...))
381.2899 	EXP 	Created unnamed ImageStim = ImageStim(__class__=<class 'psychopy.visual.image.ImageStim'>, anchor=('center', 'center'), autoLog=True, color=array([1., 1., 1.]), colorSpace='rgb', contrast=1.0, depth=0, draggable=False, flipHoriz=np.False_, flipVert=np.False_, image=str(...), interpolate=True, mask=None, maskParams=None, name='unnamed ImageStim', opacity=1, ori=0.0, pos=array([-0.27,  0.  ]), size=array([0.22, 0.35]), texRes=128, units='height', win=Window(...))
381.3179 	EXP 	Created unnamed ImageStim = ImageStim(__class__=<class 'psychopy.visual.image.ImageStim'>, anchor=('center', 'center'), autoLog=True, color=array([1., 1., 1.]), colorSpace='rgb', contrast=1.0, depth=0, draggable=False, flipHoriz=np.False_, flipVert=np.False_, image=str(...), interpolate=True, mask=None, maskParams=None, name='unnamed ImageStim', opacity=1, ori=0.0, pos=array([0., 0.]), size=array([0.22, 0.35]), texRes=128, units='height', win=Window(...))
381.3309 	EXP 	Created unnamed ImageStim = ImageStim(__class__=<class 'psychopy.visual.image.ImageStim'>, anchor=('center', 'center'), autoLog=True, color=array([1., 1., 1.]), colorSpace='rgb', contrast=1.0, depth=0, draggable=False, flipHoriz=np.False_, flipVert=np.False_, image=str(...), interpolate=True, mask=None, maskParams=None, name='unnamed ImageStim', opacity=1, ori=0.0, pos=array([-0.405,  0.   ]), size=array([0.035, 0.035]), texRes=128, units='height', win=Window(...))
381.3434 	EXP 	Created unnamed ImageStim = ImageStim(__class__=<class 'psychopy.visual.image.ImageStim'>, anchor=('center', 'center'), autoLog=True, color=array([1., 1., 1.]), colorSpace='rgb', contrast=1.0, depth=0, draggable=False, flipHoriz=np.False_, flipVert=np.False_, image=str(...), interpolate=True, mask=None, maskParams=None, name='unnamed ImageStim', opacity=1, ori=0.0, pos=array([-0.135,  0.   ]), size=array([0.035, 0.035]), texRes=128, units='height', win=Window(...))
381.3639 	EXP 	MainTrial_keep_alive: autoDraw = False
381.3639 	EXP 	MainTrial_keep_alive: autoDraw = True
381.8094 	DATA 	Keypress: space
382.5254 	DATA 	Keypress: space
383.5358 	DATA 	Keypress: space
383.9033 	DATA 	Keypress: space
383.9594 	EXP 	New trial (rep=0, index=32): <Trial 32 (32 in rep 0) data={'trial_id': 'd019_set1_it_coh', 'random_order': np.int64(73), 'dataset_number': np.int64(19), 'dataset_slug': '019_sit_crack_egg', 'dataset_label': 'sit_crack_egg', 'stimulus_set': np.int64(1), 'condition_id': 'it_coh', 'condition_name': 'intransitive_cohesive', 'cohesion': 'cohesive', 'transitivity': 'intransitive', 'n_images': np.int64(4), 'img1': 'MainStimuli/019_sit_crack_egg/coh_1.png', 'img1_role': 'coh_1', 'img2': 'MainStimuli/019_sit_crack_egg/coh_2.png', 'img2_role': 'coh_2', 'img3': 'MainStimuli/019_sit_crack_egg/it_target.png', 'img3_role': 'it_target', 'img4': 'MainStimuli/019_sit_crack_egg/end_coh_it.png', 'img4_role': 'end_coh_it', 'between_image': 'BetweenTrials/img-20250813-wa0011.jpg', 'audio_probe': np.int64(0), 'between_audio': None, 'between_audio_lock_sec': np.int64(0), 'source_dataset_folder': '/Users/matveikurzukov/Library/CloudStorage/GoogleDrive-apazent@gmail.com/.shortcut-targets-by-id/1exBA-7XrpLfZc6s8oGNYTbmjGsu5dT6p/Gurung stimuli/19_sit_crack egg', 'thisN': 32, 'thisTrialN': 32, 'thisRepN': 0}>
383.9873 	EXP 	Created unnamed ImageStim = ImageStim(__class__=<class 'psychopy.visual.image.ImageStim'>, anchor=('center', 'center'), autoLog=True, color=array([1., 1., 1.]), colorSpace='rgb', contrast=1.0, depth=0, draggable=False, flipHoriz=np.False_, flipVert=np.False_, image=str(...), interpolate=True, mask=None, maskParams=None, name='unnamed ImageStim', opacity=1, ori=0.0, pos=array([-0.54,  0.  ]), size=array([0.22, 0.35]), texRes=128, units='height', win=Window(...))
384.0111 	EXP 	Created unnamed ImageStim = ImageStim(__class__=<class 'psychopy.visual.image.ImageStim'>, anchor=('center', 'center'), autoLog=True, color=array([1., 1., 1.]), colorSpace='rgb', contrast=1.0, depth=0, draggable=False, flipHoriz=np.False_, flipVert=np.False_, image=str(...), interpolate=True, mask=None, maskParams=None, name='unnamed ImageStim', opacity=1, ori=0.0, pos=array([-0.27,  0.  ]), size=array([0.22, 0.35]), texRes=128, units='height', win=Window(...))
384.0339 	EXP 	Created unnamed ImageStim = ImageStim(__class__=<class 'psychopy.visual.image.ImageStim'>, anchor=('center', 'center'), autoLog=True, color=array([1., 1., 1.]), colorSpace='rgb', contrast=1.0, depth=0, draggable=False, flipHoriz=np.False_, flipVert=np.False_, image=str(...), interpolate=True, mask=None, maskParams=None, name='unnamed ImageStim', opacity=1, ori=0.0, pos=array([0., 0.]), size=array([0.22, 0.35]), texRes=128, units='height', win=Window(...))
384.0584 	EXP 	Created unnamed ImageStim = ImageStim(__class__=<class 'psychopy.visual.image.ImageStim'>, anchor=('center', 'center'), autoLog=True, color=array([1., 1., 1.]), colorSpace='rgb', contrast=1.0, depth=0, draggable=False, flipHoriz=np.False_, flipVert=np.False_, image=str(...), interpolate=True, mask=None, maskParams=None, name='unnamed ImageStim', opacity=1, ori=0.0, pos=array([0.27, 0.  ]), size=array([0.22, 0.35]), texRes=128, units='height', win=Window(...))
384.0726 	EXP 	Created unnamed ImageStim = ImageStim(__class__=<class 'psychopy.visual.image.ImageStim'>, anchor=('center', 'center'), autoLog=True, color=array([1., 1., 1.]), colorSpace='rgb', contrast=1.0, depth=0, draggable=False, flipHoriz=np.False_, flipVert=np.False_, image=str(...), interpolate=True, mask=None, maskParams=None, name='unnamed ImageStim', opacity=1, ori=0.0, pos=array([-0.405,  0.   ]), size=array([0.035, 0.035]), texRes=128, units='height', win=Window(...))
384.0859 	EXP 	Created unnamed ImageStim = ImageStim(__class__=<class 'psychopy.visual.image.ImageStim'>, anchor=('center', 'center'), autoLog=True, color=array([1., 1., 1.]), colorSpace='rgb', contrast=1.0, depth=0, draggable=False, flipHoriz=np.False_, flipVert=np.False_, image=str(...), interpolate=True, mask=None, maskParams=None, name='unnamed ImageStim', opacity=1, ori=0.0, pos=array([-0.135,  0.   ]), size=array([0.035, 0.035]), texRes=128, units='height', win=Window(...))
384.0990 	EXP 	Created unnamed ImageStim = ImageStim(__class__=<class 'psychopy.visual.image.ImageStim'>, anchor=('center', 'center'), autoLog=True, color=array([1., 1., 1.]), colorSpace='rgb', contrast=1.0, depth=0, draggable=False, flipHoriz=np.False_, flipVert=np.False_, image=str(...), interpolate=True, mask=None, maskParams=None, name='unnamed ImageStim', opacity=1, ori=0.0, pos=array([0.135, 0.   ]), size=array([0.035, 0.035]), texRes=128, units='height', win=Window(...))
384.1140 	EXP 	MainTrial_keep_alive: autoDraw = False
384.1140 	EXP 	MainTrial_keep_alive: autoDraw = True
384.6238 	DATA 	Keypress: space
384.9923 	DATA 	Keypress: space
385.3293 	DATA 	Keypress: space
385.6714 	DATA 	Keypress: space
386.0697 	DATA 	Keypress: space
386.1226 	EXP 	New trial (rep=0, index=33): <Trial 33 (33 in rep 0) data={'trial_id': 'd008_set1_tr_coh', 'random_order': np.int64(74), 'dataset_number': np.int64(8), 'dataset_slug': '008_smile_weave_garland', 'dataset_label': 'smile_weave_garland', 'stimulus_set': np.int64(1), 'condition_id': 'tr_coh', 'condition_name': 'transitive_cohesive', 'cohesion': 'cohesive', 'transitivity': 'transitive', 'n_images': np.int64(3), 'img1': 'MainStimuli/008_smile_weave_garland/coh_1.png', 'img1_role': 'coh_1', 'img2': 'MainStimuli/008_smile_weave_garland/coh_2.png', 'img2_role': 'coh_2', 'img3': 'MainStimuli/008_smile_weave_garland/tr_target.png', 'img3_role': 'tr_target', 'img4': None, 'img4_role': None, 'between_image': 'BetweenTrials/img_20260522_165652.jpg', 'audio_probe': np.int64(0), 'between_audio': None, 'between_audio_lock_sec': np.int64(0), 'source_dataset_folder': '/Users/matveikurzukov/Library/CloudStorage/GoogleDrive-apazent@gmail.com/.shortcut-targets-by-id/1exBA-7XrpLfZc6s8oGNYTbmjGsu5dT6p/Gurung stimuli/8_smile_weave garland', 'thisN': 33, 'thisTrialN': 33, 'thisRepN': 0}>
386.1496 	EXP 	Created unnamed ImageStim = ImageStim(__class__=<class 'psychopy.visual.image.ImageStim'>, anchor=('center', 'center'), autoLog=True, color=array([1., 1., 1.]), colorSpace='rgb', contrast=1.0, depth=0, draggable=False, flipHoriz=np.False_, flipVert=np.False_, image=str(...), interpolate=True, mask=None, maskParams=None, name='unnamed ImageStim', opacity=1, ori=0.0, pos=array([-0.54,  0.  ]), size=array([0.22, 0.35]), texRes=128, units='height', win=Window(...))
386.1743 	EXP 	Created unnamed ImageStim = ImageStim(__class__=<class 'psychopy.visual.image.ImageStim'>, anchor=('center', 'center'), autoLog=True, color=array([1., 1., 1.]), colorSpace='rgb', contrast=1.0, depth=0, draggable=False, flipHoriz=np.False_, flipVert=np.False_, image=str(...), interpolate=True, mask=None, maskParams=None, name='unnamed ImageStim', opacity=1, ori=0.0, pos=array([-0.27,  0.  ]), size=array([0.22, 0.35]), texRes=128, units='height', win=Window(...))
386.1984 	EXP 	Created unnamed ImageStim = ImageStim(__class__=<class 'psychopy.visual.image.ImageStim'>, anchor=('center', 'center'), autoLog=True, color=array([1., 1., 1.]), colorSpace='rgb', contrast=1.0, depth=0, draggable=False, flipHoriz=np.False_, flipVert=np.False_, image=str(...), interpolate=True, mask=None, maskParams=None, name='unnamed ImageStim', opacity=1, ori=0.0, pos=array([0., 0.]), size=array([0.22, 0.35]), texRes=128, units='height', win=Window(...))
386.2110 	EXP 	Created unnamed ImageStim = ImageStim(__class__=<class 'psychopy.visual.image.ImageStim'>, anchor=('center', 'center'), autoLog=True, color=array([1., 1., 1.]), colorSpace='rgb', contrast=1.0, depth=0, draggable=False, flipHoriz=np.False_, flipVert=np.False_, image=str(...), interpolate=True, mask=None, maskParams=None, name='unnamed ImageStim', opacity=1, ori=0.0, pos=array([-0.405,  0.   ]), size=array([0.035, 0.035]), texRes=128, units='height', win=Window(...))
386.2235 	EXP 	Created unnamed ImageStim = ImageStim(__class__=<class 'psychopy.visual.image.ImageStim'>, anchor=('center', 'center'), autoLog=True, color=array([1., 1., 1.]), colorSpace='rgb', contrast=1.0, depth=0, draggable=False, flipHoriz=np.False_, flipVert=np.False_, image=str(...), interpolate=True, mask=None, maskParams=None, name='unnamed ImageStim', opacity=1, ori=0.0, pos=array([-0.135,  0.   ]), size=array([0.035, 0.035]), texRes=128, units='height', win=Window(...))
386.2473 	EXP 	MainTrial_keep_alive: autoDraw = False
386.2473 	EXP 	MainTrial_keep_alive: autoDraw = True
386.6129 	DATA 	Keypress: space
386.9694 	DATA 	Keypress: space
387.2658 	DATA 	Keypress: space
387.6085 	DATA 	Keypress: space
387.6550 	EXP 	New trial (rep=0, index=34): <Trial 34 (34 in rep 0) data={'trial_id': 'd005_set1_it_ic', 'random_order': np.int64(75), 'dataset_number': np.int64(5), 'dataset_slug': '005_rest_build_wall', 'dataset_label': 'rest_build_wall', 'stimulus_set': np.int64(1), 'condition_id': 'it_ic', 'condition_name': 'intransitive_incohesive', 'cohesion': 'incohesive', 'transitivity': 'intransitive', 'n_images': np.int64(3), 'img1': 'MainStimuli/005_rest_build_wall/ic_1.png', 'img1_role': 'ic_1', 'img2': 'MainStimuli/005_rest_build_wall/it_target.png', 'img2_role': 'it_target', 'img3': 'MainStimuli/005_rest_build_wall/end_ic_it.png', 'img3_role': 'end_ic_it', 'img4': None, 'img4_role': None, 'between_image': 'BetweenTrials/img-20250813-wa0011.jpg', 'audio_probe': np.int64(0), 'between_audio': None, 'between_audio_lock_sec': np.int64(0), 'source_dataset_folder': '/Users/matveikurzukov/Library/CloudStorage/GoogleDrive-apazent@gmail.com/.shortcut-targets-by-id/1exBA-7XrpLfZc6s8oGNYTbmjGsu5dT6p/Gurung stimuli/5_rest_build wall', 'thisN': 34, 'thisTrialN': 34, 'thisRepN': 0}>
387.6824 	EXP 	Created unnamed ImageStim = ImageStim(__class__=<class 'psychopy.visual.image.ImageStim'>, anchor=('center', 'center'), autoLog=True, color=array([1., 1., 1.]), colorSpace='rgb', contrast=1.0, depth=0, draggable=False, flipHoriz=np.False_, flipVert=np.False_, image=str(...), interpolate=True, mask=None, maskParams=None, name='unnamed ImageStim', opacity=1, ori=0.0, pos=array([-0.27,  0.  ]), size=array([0.22, 0.35]), texRes=128, units='height', win=Window(...))
387.7091 	EXP 	Created unnamed ImageStim = ImageStim(__class__=<class 'psychopy.visual.image.ImageStim'>, anchor=('center', 'center'), autoLog=True, color=array([1., 1., 1.]), colorSpace='rgb', contrast=1.0, depth=0, draggable=False, flipHoriz=np.False_, flipVert=np.False_, image=str(...), interpolate=True, mask=None, maskParams=None, name='unnamed ImageStim', opacity=1, ori=0.0, pos=array([0., 0.]), size=array([0.22, 0.35]), texRes=128, units='height', win=Window(...))
387.7352 	EXP 	Created unnamed ImageStim = ImageStim(__class__=<class 'psychopy.visual.image.ImageStim'>, anchor=('center', 'center'), autoLog=True, color=array([1., 1., 1.]), colorSpace='rgb', contrast=1.0, depth=0, draggable=False, flipHoriz=np.False_, flipVert=np.False_, image=str(...), interpolate=True, mask=None, maskParams=None, name='unnamed ImageStim', opacity=1, ori=0.0, pos=array([0.27, 0.  ]), size=array([0.22, 0.35]), texRes=128, units='height', win=Window(...))
387.7484 	EXP 	Created unnamed ImageStim = ImageStim(__class__=<class 'psychopy.visual.image.ImageStim'>, anchor=('center', 'center'), autoLog=True, color=array([1., 1., 1.]), colorSpace='rgb', contrast=1.0, depth=0, draggable=False, flipHoriz=np.False_, flipVert=np.False_, image=str(...), interpolate=True, mask=None, maskParams=None, name='unnamed ImageStim', opacity=1, ori=0.0, pos=array([-0.135,  0.   ]), size=array([0.035, 0.035]), texRes=128, units='height', win=Window(...))
387.7610 	EXP 	Created unnamed ImageStim = ImageStim(__class__=<class 'psychopy.visual.image.ImageStim'>, anchor=('center', 'center'), autoLog=True, color=array([1., 1., 1.]), colorSpace='rgb', contrast=1.0, depth=0, draggable=False, flipHoriz=np.False_, flipVert=np.False_, image=str(...), interpolate=True, mask=None, maskParams=None, name='unnamed ImageStim', opacity=1, ori=0.0, pos=array([0.135, 0.   ]), size=array([0.035, 0.035]), texRes=128, units='height', win=Window(...))
387.7803 	EXP 	MainTrial_keep_alive: autoDraw = False
387.7803 	EXP 	MainTrial_keep_alive: autoDraw = True
388.0960 	DATA 	Keypress: space
388.4059 	DATA 	Keypress: space
388.7184 	DATA 	Keypress: space
389.0520 	DATA 	Keypress: space
389.1053 	EXP 	New trial (rep=0, index=35): <Trial 35 (35 in rep 0) data={'trial_id': 'd014_set1_it_coh', 'random_order': np.int64(76), 'dataset_number': np.int64(14), 'dataset_slug': '014_ascend_weave_raincoat', 'dataset_label': 'ascend_weave_raincoat', 'stimulus_set': np.int64(1), 'condition_id': 'it_coh', 'condition_name': 'intransitive_cohesive', 'cohesion': 'cohesive', 'transitivity': 'intransitive', 'n_images': np.int64(4), 'img1': 'MainStimuli/014_ascend_weave_raincoat/coh_1.png', 'img1_role': 'coh_1', 'img2': 'MainStimuli/014_ascend_weave_raincoat/coh_2.png', 'img2_role': 'coh_2', 'img3': 'MainStimuli/014_ascend_weave_raincoat/it_target.png', 'img3_role': 'it_target', 'img4': 'MainStimuli/014_ascend_weave_raincoat/end_coh_it.png', 'img4_role': 'end_coh_it', 'between_image': 'BetweenTrials/1752221802086.jpg', 'audio_probe': np.int64(0), 'between_audio': None, 'between_audio_lock_sec': np.int64(0), 'source_dataset_folder': '/Users/matveikurzukov/Library/CloudStorage/GoogleDrive-apazent@gmail.com/.shortcut-targets-by-id/1exBA-7XrpLfZc6s8oGNYTbmjGsu5dT6p/Gurung stimuli/14_ascend_weave raincoat', 'thisN': 35, 'thisTrialN': 35, 'thisRepN': 0}>
389.1334 	EXP 	Created unnamed ImageStim = ImageStim(__class__=<class 'psychopy.visual.image.ImageStim'>, anchor=('center', 'center'), autoLog=True, color=array([1., 1., 1.]), colorSpace='rgb', contrast=1.0, depth=0, draggable=False, flipHoriz=np.False_, flipVert=np.False_, image=str(...), interpolate=True, mask=None, maskParams=None, name='unnamed ImageStim', opacity=1, ori=0.0, pos=array([-0.54,  0.  ]), size=array([0.22, 0.35]), texRes=128, units='height', win=Window(...))
389.1628 	EXP 	Created unnamed ImageStim = ImageStim(__class__=<class 'psychopy.visual.image.ImageStim'>, anchor=('center', 'center'), autoLog=True, color=array([1., 1., 1.]), colorSpace='rgb', contrast=1.0, depth=0, draggable=False, flipHoriz=np.False_, flipVert=np.False_, image=str(...), interpolate=True, mask=None, maskParams=None, name='unnamed ImageStim', opacity=1, ori=0.0, pos=array([-0.27,  0.  ]), size=array([0.22, 0.35]), texRes=128, units='height', win=Window(...))
389.1934 	EXP 	Created unnamed ImageStim = ImageStim(__class__=<class 'psychopy.visual.image.ImageStim'>, anchor=('center', 'center'), autoLog=True, color=array([1., 1., 1.]), colorSpace='rgb', contrast=1.0, depth=0, draggable=False, flipHoriz=np.False_, flipVert=np.False_, image=str(...), interpolate=True, mask=None, maskParams=None, name='unnamed ImageStim', opacity=1, ori=0.0, pos=array([0., 0.]), size=array([0.22, 0.35]), texRes=128, units='height', win=Window(...))
389.2205 	EXP 	Created unnamed ImageStim = ImageStim(__class__=<class 'psychopy.visual.image.ImageStim'>, anchor=('center', 'center'), autoLog=True, color=array([1., 1., 1.]), colorSpace='rgb', contrast=1.0, depth=0, draggable=False, flipHoriz=np.False_, flipVert=np.False_, image=str(...), interpolate=True, mask=None, maskParams=None, name='unnamed ImageStim', opacity=1, ori=0.0, pos=array([0.27, 0.  ]), size=array([0.22, 0.35]), texRes=128, units='height', win=Window(...))
389.2343 	EXP 	Created unnamed ImageStim = ImageStim(__class__=<class 'psychopy.visual.image.ImageStim'>, anchor=('center', 'center'), autoLog=True, color=array([1., 1., 1.]), colorSpace='rgb', contrast=1.0, depth=0, draggable=False, flipHoriz=np.False_, flipVert=np.False_, image=str(...), interpolate=True, mask=None, maskParams=None, name='unnamed ImageStim', opacity=1, ori=0.0, pos=array([-0.405,  0.   ]), size=array([0.035, 0.035]), texRes=128, units='height', win=Window(...))
389.2474 	EXP 	Created unnamed ImageStim = ImageStim(__class__=<class 'psychopy.visual.image.ImageStim'>, anchor=('center', 'center'), autoLog=True, color=array([1., 1., 1.]), colorSpace='rgb', contrast=1.0, depth=0, draggable=False, flipHoriz=np.False_, flipVert=np.False_, image=str(...), interpolate=True, mask=None, maskParams=None, name='unnamed ImageStim', opacity=1, ori=0.0, pos=array([-0.135,  0.   ]), size=array([0.035, 0.035]), texRes=128, units='height', win=Window(...))
389.2599 	EXP 	Created unnamed ImageStim = ImageStim(__class__=<class 'psychopy.visual.image.ImageStim'>, anchor=('center', 'center'), autoLog=True, color=array([1., 1., 1.]), colorSpace='rgb', contrast=1.0, depth=0, draggable=False, flipHoriz=np.False_, flipVert=np.False_, image=str(...), interpolate=True, mask=None, maskParams=None, name='unnamed ImageStim', opacity=1, ori=0.0, pos=array([0.135, 0.   ]), size=array([0.035, 0.035]), texRes=128, units='height', win=Window(...))
389.2805 	EXP 	MainTrial_keep_alive: autoDraw = False
389.2805 	EXP 	MainTrial_keep_alive: autoDraw = True
389.5690 	DATA 	Keypress: space
389.8664 	DATA 	Keypress: space
390.1534 	DATA 	Keypress: space
390.4598 	DATA 	Keypress: space
390.9273 	DATA 	Keypress: space
390.9729 	EXP 	New trial (rep=0, index=36): <Trial 36 (36 in rep 0) data={'trial_id': 'd013_set1_tr_ic', 'random_order': np.int64(77), 'dataset_number': np.int64(13), 'dataset_slug': '013_stand_wash_clothes', 'dataset_label': 'stand_wash_clothes', 'stimulus_set': np.int64(1), 'condition_id': 'tr_ic', 'condition_name': 'transitive_incohesive', 'cohesion': 'incohesive', 'transitivity': 'transitive', 'n_images': np.int64(3), 'img1': 'MainStimuli/013_stand_wash_clothes/ic_1.png', 'img1_role': 'ic_1', 'img2': 'MainStimuli/013_stand_wash_clothes/tr_target.png', 'img2_role': 'tr_target', 'img3': 'MainStimuli/013_stand_wash_clothes/end_ic_tr.png', 'img3_role': 'end_ic_tr', 'img4': None, 'img4_role': None, 'between_image': 'BetweenTrials/1752221806065.jpg', 'audio_probe': np.int64(1), 'between_audio': 'Audio/tsakyali.wav', 'between_audio_lock_sec': np.int64(10), 'source_dataset_folder': '/Users/matveikurzukov/Library/CloudStorage/GoogleDrive-apazent@gmail.com/.shortcut-targets-by-id/1exBA-7XrpLfZc6s8oGNYTbmjGsu5dT6p/Gurung stimuli/13_stand_wash clothes', 'thisN': 36, 'thisTrialN': 36, 'thisRepN': 0}>
391.0012 	EXP 	Created unnamed ImageStim = ImageStim(__class__=<class 'psychopy.visual.image.ImageStim'>, anchor=('center', 'center'), autoLog=True, color=array([1., 1., 1.]), colorSpace='rgb', contrast=1.0, depth=0, draggable=False, flipHoriz=np.False_, flipVert=np.False_, image=str(...), interpolate=True, mask=None, maskParams=None, name='unnamed ImageStim', opacity=1, ori=0.0, pos=array([-0.27,  0.  ]), size=array([0.22, 0.35]), texRes=128, units='height', win=Window(...))
391.0276 	EXP 	Created unnamed ImageStim = ImageStim(__class__=<class 'psychopy.visual.image.ImageStim'>, anchor=('center', 'center'), autoLog=True, color=array([1., 1., 1.]), colorSpace='rgb', contrast=1.0, depth=0, draggable=False, flipHoriz=np.False_, flipVert=np.False_, image=str(...), interpolate=True, mask=None, maskParams=None, name='unnamed ImageStim', opacity=1, ori=0.0, pos=array([0., 0.]), size=array([0.22, 0.35]), texRes=128, units='height', win=Window(...))
391.0547 	EXP 	Created unnamed ImageStim = ImageStim(__class__=<class 'psychopy.visual.image.ImageStim'>, anchor=('center', 'center'), autoLog=True, color=array([1., 1., 1.]), colorSpace='rgb', contrast=1.0, depth=0, draggable=False, flipHoriz=np.False_, flipVert=np.False_, image=str(...), interpolate=True, mask=None, maskParams=None, name='unnamed ImageStim', opacity=1, ori=0.0, pos=array([0.27, 0.  ]), size=array([0.22, 0.35]), texRes=128, units='height', win=Window(...))
391.0674 	EXP 	Created unnamed ImageStim = ImageStim(__class__=<class 'psychopy.visual.image.ImageStim'>, anchor=('center', 'center'), autoLog=True, color=array([1., 1., 1.]), colorSpace='rgb', contrast=1.0, depth=0, draggable=False, flipHoriz=np.False_, flipVert=np.False_, image=str(...), interpolate=True, mask=None, maskParams=None, name='unnamed ImageStim', opacity=1, ori=0.0, pos=array([-0.135,  0.   ]), size=array([0.035, 0.035]), texRes=128, units='height', win=Window(...))
391.0803 	EXP 	Created unnamed ImageStim = ImageStim(__class__=<class 'psychopy.visual.image.ImageStim'>, anchor=('center', 'center'), autoLog=True, color=array([1., 1., 1.]), colorSpace='rgb', contrast=1.0, depth=0, draggable=False, flipHoriz=np.False_, flipVert=np.False_, image=str(...), interpolate=True, mask=None, maskParams=None, name='unnamed ImageStim', opacity=1, ori=0.0, pos=array([0.135, 0.   ]), size=array([0.035, 0.035]), texRes=128, units='height', win=Window(...))
391.1293 	EXP 	: sampleRate = 48000
391.1294 	EXP 	: channels = None
391.1296 	EXP 	: sampleRate = 48000
391.1303 	EXP 	Sound  reached end of file
391.1303 	EXP 	Playing sound  on speaker MacBook Air Speakers
391.1470 	EXP 	MainTrial_keep_alive: autoDraw = False
391.1470 	EXP 	MainTrial_keep_alive: autoDraw = True
391.2833 	DATA 	Keypress: space
392.5989 	DATA 	Keypress: space
394.7848 	DATA 	Keypress: space
396.9904 	DATA 	Keypress: space
397.3432 	DATA 	Keypress: space
399.3753 	DATA 	Keypress: space
400.7050 	DATA 	Keypress: space
401.6190 	DATA 	Keypress: space
401.6303 	EXP 	Sound  stopped
402.2192 	DATA 	Keypress: space
402.5578 	DATA 	Keypress: space
402.8771 	DATA 	Keypress: space
402.9223 	EXP 	New trial (rep=0, index=37): <Trial 37 (37 in rep 0) data={'trial_id': 'd005_set1_tr_ic', 'random_order': np.int64(78), 'dataset_number': np.int64(5), 'dataset_slug': '005_rest_build_wall', 'dataset_label': 'rest_build_wall', 'stimulus_set': np.int64(1), 'condition_id': 'tr_ic', 'condition_name': 'transitive_incohesive', 'cohesion': 'incohesive', 'transitivity': 'transitive', 'n_images': np.int64(3), 'img1': 'MainStimuli/005_rest_build_wall/ic_1.png', 'img1_role': 'ic_1', 'img2': 'MainStimuli/005_rest_build_wall/tr_target.png', 'img2_role': 'tr_target', 'img3': 'MainStimuli/005_rest_build_wall/end_ic_tr.png', 'img3_role': 'end_ic_tr', 'img4': None, 'img4_role': None, 'between_image': 'BetweenTrials/1752221802086.jpg', 'audio_probe': np.int64(0), 'between_audio': None, 'between_audio_lock_sec': np.int64(0), 'source_dataset_folder': '/Users/matveikurzukov/Library/CloudStorage/GoogleDrive-apazent@gmail.com/.shortcut-targets-by-id/1exBA-7XrpLfZc6s8oGNYTbmjGsu5dT6p/Gurung stimuli/5_rest_build wall', 'thisN': 37, 'thisTrialN': 37, 'thisRepN': 0}>
402.9493 	EXP 	Created unnamed ImageStim = ImageStim(__class__=<class 'psychopy.visual.image.ImageStim'>, anchor=('center', 'center'), autoLog=True, color=array([1., 1., 1.]), colorSpace='rgb', contrast=1.0, depth=0, draggable=False, flipHoriz=np.False_, flipVert=np.False_, image=str(...), interpolate=True, mask=None, maskParams=None, name='unnamed ImageStim', opacity=1, ori=0.0, pos=array([-0.27,  0.  ]), size=array([0.22, 0.35]), texRes=128, units='height', win=Window(...))
402.9774 	EXP 	Created unnamed ImageStim = ImageStim(__class__=<class 'psychopy.visual.image.ImageStim'>, anchor=('center', 'center'), autoLog=True, color=array([1., 1., 1.]), colorSpace='rgb', contrast=1.0, depth=0, draggable=False, flipHoriz=np.False_, flipVert=np.False_, image=str(...), interpolate=True, mask=None, maskParams=None, name='unnamed ImageStim', opacity=1, ori=0.0, pos=array([0., 0.]), size=array([0.22, 0.35]), texRes=128, units='height', win=Window(...))
403.0054 	EXP 	Created unnamed ImageStim = ImageStim(__class__=<class 'psychopy.visual.image.ImageStim'>, anchor=('center', 'center'), autoLog=True, color=array([1., 1., 1.]), colorSpace='rgb', contrast=1.0, depth=0, draggable=False, flipHoriz=np.False_, flipVert=np.False_, image=str(...), interpolate=True, mask=None, maskParams=None, name='unnamed ImageStim', opacity=1, ori=0.0, pos=array([0.27, 0.  ]), size=array([0.22, 0.35]), texRes=128, units='height', win=Window(...))
403.0183 	EXP 	Created unnamed ImageStim = ImageStim(__class__=<class 'psychopy.visual.image.ImageStim'>, anchor=('center', 'center'), autoLog=True, color=array([1., 1., 1.]), colorSpace='rgb', contrast=1.0, depth=0, draggable=False, flipHoriz=np.False_, flipVert=np.False_, image=str(...), interpolate=True, mask=None, maskParams=None, name='unnamed ImageStim', opacity=1, ori=0.0, pos=array([-0.135,  0.   ]), size=array([0.035, 0.035]), texRes=128, units='height', win=Window(...))
403.0311 	EXP 	Created unnamed ImageStim = ImageStim(__class__=<class 'psychopy.visual.image.ImageStim'>, anchor=('center', 'center'), autoLog=True, color=array([1., 1., 1.]), colorSpace='rgb', contrast=1.0, depth=0, draggable=False, flipHoriz=np.False_, flipVert=np.False_, image=str(...), interpolate=True, mask=None, maskParams=None, name='unnamed ImageStim', opacity=1, ori=0.0, pos=array([0.135, 0.   ]), size=array([0.035, 0.035]), texRes=128, units='height', win=Window(...))
403.0464 	EXP 	MainTrial_keep_alive: autoDraw = False
403.0464 	EXP 	MainTrial_keep_alive: autoDraw = True
403.2018 	DATA 	Keypress: space
403.4848 	DATA 	Keypress: space
403.7181 	DATA 	Keypress: space
403.9693 	DATA 	Keypress: space
404.0217 	EXP 	New trial (rep=0, index=38): <Trial 38 (38 in rep 0) data={'trial_id': 'd006_set1_tr_coh', 'random_order': np.int64(79), 'dataset_number': np.int64(6), 'dataset_slug': '006_sleep_pluck_tomatoes', 'dataset_label': 'sleep_pluck_tomatoes', 'stimulus_set': np.int64(1), 'condition_id': 'tr_coh', 'condition_name': 'transitive_cohesive', 'cohesion': 'cohesive', 'transitivity': 'transitive', 'n_images': np.int64(3), 'img1': 'MainStimuli/006_sleep_pluck_tomatoes/coh_1.png', 'img1_role': 'coh_1', 'img2': 'MainStimuli/006_sleep_pluck_tomatoes/coh_2.png', 'img2_role': 'coh_2', 'img3': 'MainStimuli/006_sleep_pluck_tomatoes/tr_target.png', 'img3_role': 'tr_target', 'img4': None, 'img4_role': None, 'between_image': 'BetweenTrials/1752221802086.jpg', 'audio_probe': np.int64(0), 'between_audio': None, 'between_audio_lock_sec': np.int64(0), 'source_dataset_folder': '/Users/matveikurzukov/Library/CloudStorage/GoogleDrive-apazent@gmail.com/.shortcut-targets-by-id/1exBA-7XrpLfZc6s8oGNYTbmjGsu5dT6p/Gurung stimuli/6_sleep_pluck tomatoes', 'thisN': 38, 'thisTrialN': 38, 'thisRepN': 0}>
404.0482 	EXP 	Created unnamed ImageStim = ImageStim(__class__=<class 'psychopy.visual.image.ImageStim'>, anchor=('center', 'center'), autoLog=True, color=array([1., 1., 1.]), colorSpace='rgb', contrast=1.0, depth=0, draggable=False, flipHoriz=np.False_, flipVert=np.False_, image=str(...), interpolate=True, mask=None, maskParams=None, name='unnamed ImageStim', opacity=1, ori=0.0, pos=array([-0.54,  0.  ]), size=array([0.22, 0.35]), texRes=128, units='height', win=Window(...))
404.0734 	EXP 	Created unnamed ImageStim = ImageStim(__class__=<class 'psychopy.visual.image.ImageStim'>, anchor=('center', 'center'), autoLog=True, color=array([1., 1., 1.]), colorSpace='rgb', contrast=1.0, depth=0, draggable=False, flipHoriz=np.False_, flipVert=np.False_, image=str(...), interpolate=True, mask=None, maskParams=None, name='unnamed ImageStim', opacity=1, ori=0.0, pos=array([-0.27,  0.  ]), size=array([0.22, 0.35]), texRes=128, units='height', win=Window(...))
404.0987 	EXP 	Created unnamed ImageStim = ImageStim(__class__=<class 'psychopy.visual.image.ImageStim'>, anchor=('center', 'center'), autoLog=True, color=array([1., 1., 1.]), colorSpace='rgb', contrast=1.0, depth=0, draggable=False, flipHoriz=np.False_, flipVert=np.False_, image=str(...), interpolate=True, mask=None, maskParams=None, name='unnamed ImageStim', opacity=1, ori=0.0, pos=array([0., 0.]), size=array([0.22, 0.35]), texRes=128, units='height', win=Window(...))
404.1113 	EXP 	Created unnamed ImageStim = ImageStim(__class__=<class 'psychopy.visual.image.ImageStim'>, anchor=('center', 'center'), autoLog=True, color=array([1., 1., 1.]), colorSpace='rgb', contrast=1.0, depth=0, draggable=False, flipHoriz=np.False_, flipVert=np.False_, image=str(...), interpolate=True, mask=None, maskParams=None, name='unnamed ImageStim', opacity=1, ori=0.0, pos=array([-0.405,  0.   ]), size=array([0.035, 0.035]), texRes=128, units='height', win=Window(...))
404.1239 	EXP 	Created unnamed ImageStim = ImageStim(__class__=<class 'psychopy.visual.image.ImageStim'>, anchor=('center', 'center'), autoLog=True, color=array([1., 1., 1.]), colorSpace='rgb', contrast=1.0, depth=0, draggable=False, flipHoriz=np.False_, flipVert=np.False_, image=str(...), interpolate=True, mask=None, maskParams=None, name='unnamed ImageStim', opacity=1, ori=0.0, pos=array([-0.135,  0.   ]), size=array([0.035, 0.035]), texRes=128, units='height', win=Window(...))
404.1463 	EXP 	MainTrial_keep_alive: autoDraw = False
404.1463 	EXP 	MainTrial_keep_alive: autoDraw = True
404.2897 	DATA 	Keypress: space
404.6013 	DATA 	Keypress: space
404.8864 	DATA 	Keypress: space
405.1681 	DATA 	Keypress: space
405.2215 	EXP 	New trial (rep=0, index=39): <Trial 39 (39 in rep 0) data={'trial_id': 'd001_set1_it_coh', 'random_order': np.int64(80), 'dataset_number': np.int64(1), 'dataset_slug': '001_cough_throw_bones', 'dataset_label': 'cough_throw_bones', 'stimulus_set': np.int64(1), 'condition_id': 'it_coh', 'condition_name': 'intransitive_cohesive', 'cohesion': 'cohesive', 'transitivity': 'intransitive', 'n_images': np.int64(4), 'img1': 'MainStimuli/001_cough_throw_bones/coh_1.png', 'img1_role': 'coh_1', 'img2': 'MainStimuli/001_cough_throw_bones/coh_2.png', 'img2_role': 'coh_2', 'img3': 'MainStimuli/001_cough_throw_bones/it_target.png', 'img3_role': 'it_target', 'img4': 'MainStimuli/001_cough_throw_bones/end_coh_it.png', 'img4_role': 'end_coh_it', 'between_image': 'BetweenTrials/1752221806065.jpg', 'audio_probe': np.int64(0), 'between_audio': None, 'between_audio_lock_sec': np.int64(0), 'source_dataset_folder': '/Users/matveikurzukov/Library/CloudStorage/GoogleDrive-apazent@gmail.com/.shortcut-targets-by-id/1exBA-7XrpLfZc6s8oGNYTbmjGsu5dT6p/Gurung stimuli/1_cough_throw bones', 'thisN': 39, 'thisTrialN': 39, 'thisRepN': 0}>
405.2482 	EXP 	Created unnamed ImageStim = ImageStim(__class__=<class 'psychopy.visual.image.ImageStim'>, anchor=('center', 'center'), autoLog=True, color=array([1., 1., 1.]), colorSpace='rgb', contrast=1.0, depth=0, draggable=False, flipHoriz=np.False_, flipVert=np.False_, image=str(...), interpolate=True, mask=None, maskParams=None, name='unnamed ImageStim', opacity=1, ori=0.0, pos=array([-0.54,  0.  ]), size=array([0.22, 0.35]), texRes=128, units='height', win=Window(...))
405.2725 	EXP 	Created unnamed ImageStim = ImageStim(__class__=<class 'psychopy.visual.image.ImageStim'>, anchor=('center', 'center'), autoLog=True, color=array([1., 1., 1.]), colorSpace='rgb', contrast=1.0, depth=0, draggable=False, flipHoriz=np.False_, flipVert=np.False_, image=str(...), interpolate=True, mask=None, maskParams=None, name='unnamed ImageStim', opacity=1, ori=0.0, pos=array([-0.27,  0.  ]), size=array([0.22, 0.35]), texRes=128, units='height', win=Window(...))
405.2962 	EXP 	Created unnamed ImageStim = ImageStim(__class__=<class 'psychopy.visual.image.ImageStim'>, anchor=('center', 'center'), autoLog=True, color=array([1., 1., 1.]), colorSpace='rgb', contrast=1.0, depth=0, draggable=False, flipHoriz=np.False_, flipVert=np.False_, image=str(...), interpolate=True, mask=None, maskParams=None, name='unnamed ImageStim', opacity=1, ori=0.0, pos=array([0., 0.]), size=array([0.22, 0.35]), texRes=128, units='height', win=Window(...))
405.3190 	EXP 	Created unnamed ImageStim = ImageStim(__class__=<class 'psychopy.visual.image.ImageStim'>, anchor=('center', 'center'), autoLog=True, color=array([1., 1., 1.]), colorSpace='rgb', contrast=1.0, depth=0, draggable=False, flipHoriz=np.False_, flipVert=np.False_, image=str(...), interpolate=True, mask=None, maskParams=None, name='unnamed ImageStim', opacity=1, ori=0.0, pos=array([0.27, 0.  ]), size=array([0.22, 0.35]), texRes=128, units='height', win=Window(...))
405.3317 	EXP 	Created unnamed ImageStim = ImageStim(__class__=<class 'psychopy.visual.image.ImageStim'>, anchor=('center', 'center'), autoLog=True, color=array([1., 1., 1.]), colorSpace='rgb', contrast=1.0, depth=0, draggable=False, flipHoriz=np.False_, flipVert=np.False_, image=str(...), interpolate=True, mask=None, maskParams=None, name='unnamed ImageStim', opacity=1, ori=0.0, pos=array([-0.405,  0.   ]), size=array([0.035, 0.035]), texRes=128, units='height', win=Window(...))
405.3445 	EXP 	Created unnamed ImageStim = ImageStim(__class__=<class 'psychopy.visual.image.ImageStim'>, anchor=('center', 'center'), autoLog=True, color=array([1., 1., 1.]), colorSpace='rgb', contrast=1.0, depth=0, draggable=False, flipHoriz=np.False_, flipVert=np.False_, image=str(...), interpolate=True, mask=None, maskParams=None, name='unnamed ImageStim', opacity=1, ori=0.0, pos=array([-0.135,  0.   ]), size=array([0.035, 0.035]), texRes=128, units='height', win=Window(...))
405.3581 	EXP 	Created unnamed ImageStim = ImageStim(__class__=<class 'psychopy.visual.image.ImageStim'>, anchor=('center', 'center'), autoLog=True, color=array([1., 1., 1.]), colorSpace='rgb', contrast=1.0, depth=0, draggable=False, flipHoriz=np.False_, flipVert=np.False_, image=str(...), interpolate=True, mask=None, maskParams=None, name='unnamed ImageStim', opacity=1, ori=0.0, pos=array([0.135, 0.   ]), size=array([0.035, 0.035]), texRes=128, units='height', win=Window(...))
405.3796 	EXP 	MainTrial_keep_alive: autoDraw = False
405.3796 	EXP 	MainTrial_keep_alive: autoDraw = True
405.4927 	DATA 	Keypress: space
405.8044 	DATA 	Keypress: space
406.0648 	DATA 	Keypress: space
406.3407 	DATA 	Keypress: space
406.6106 	DATA 	Keypress: space
406.6855 	EXP 	Created unnamed ImageStim = ImageStim(__class__=<class 'psychopy.visual.image.ImageStim'>, anchor=('center', 'center'), autoLog=True, color=array([1., 1., 1.]), colorSpace='rgb', contrast=1.0, depth=0, draggable=False, flipHoriz=np.False_, flipVert=np.False_, image=str(...), interpolate=True, mask=None, maskParams=None, name='unnamed ImageStim', opacity=1, ori=0.0, pos=array([0., 0.]), size=array([0.55, 0.55]), texRes=128, units='height', win=Window(...))
406.7129 	EXP 	MainTrial_keep_alive: autoDraw = False
406.7129 	EXP 	Break_keep_alive: autoDraw = True
406.8747 	DATA 	Keypress: space
407.7710 	DATA 	Keypress: space
408.0677 	DATA 	Keypress: space
408.3486 	DATA 	Keypress: space
408.6595 	DATA 	Keypress: space
418.3713 	DATA 	Keypress: space
418.8506 	DATA 	Keypress: space
421.0968 	DATA 	Keypress: space
421.4842 	DATA 	Keypress: space
421.5826 	DATA 	Mouse: wheel shift=(0,0), pos=(409,755)
421.6495 	DATA 	Mouse: Left button down, pos=(409,755)
421.6497 	DATA 	Mouse: wheel shift=(0,0), pos=(409,755)
421.6660 	DATA 	Mouse:  Left button up, pos=(409,755)
424.7171 	DATA 	Keypress: space
425.0887 	DATA 	Keypress: space
425.4028 	DATA 	Keypress: space
427.7893 	DATA 	Keypress: space
428.2170 	DATA 	Keypress: space
428.7841 	DATA 	Keypress: space
429.3969 	DATA 	Keypress: space
429.8055 	DATA 	Keypress: space
430.1668 	DATA 	Keypress: space
430.5335 	DATA 	Keypress: space
430.9036 	DATA 	Keypress: space
431.2840 	DATA 	Keypress: space
431.6550 	DATA 	Keypress: space
432.6167 	DATA 	Keypress: space
432.8268 	DATA 	Keypress: space
433.0599 	DATA 	Keypress: space
433.3208 	DATA 	Keypress: space
433.7407 	DATA 	Keypress: space
433.8493 	DATA 	Mouse: wheel shift=(0,0), pos=(409,755)
433.8988 	DATA 	Mouse: wheel shift=(0,0), pos=(409,755)
433.9830 	DATA 	Keypress: space
434.0159 	DATA 	Mouse: wheel shift=(0,0), pos=(409,755)
434.2197 	DATA 	Keypress: space
434.6223 	DATA 	Keypress: space
434.7483 	DATA 	Mouse: wheel shift=(0,0), pos=(409,755)
434.8152 	DATA 	Mouse: wheel shift=(0,0), pos=(409,755)
436.2597 	DATA 	Keypress: space
436.2827 	DATA 	Mouse: wheel shift=(0,0), pos=(409,755)
436.4990 	DATA 	Mouse: wheel shift=(0,0), pos=(409,755)
436.7664 	DATA 	Keypress: space
436.7873 	EXP 	Imported Conds/main_block3.csv as conditions, 40 conditions, 24 params
436.7878 	EXP 	New trial (rep=0, index=0): <Trial 0 (0 in rep 0) data={'trial_id': 'd019_set1_it_ic', 'random_order': np.int64(81), 'dataset_number': np.int64(19), 'dataset_slug': '019_sit_crack_egg', 'dataset_label': 'sit_crack_egg', 'stimulus_set': np.int64(1), 'condition_id': 'it_ic', 'condition_name': 'intransitive_incohesive', 'cohesion': 'incohesive', 'transitivity': 'intransitive', 'n_images': np.int64(3), 'img1': 'MainStimuli/019_sit_crack_egg/ic_1.png', 'img1_role': 'ic_1', 'img2': 'MainStimuli/019_sit_crack_egg/it_target.png', 'img2_role': 'it_target', 'img3': 'MainStimuli/019_sit_crack_egg/end_ic_it.png', 'img3_role': 'end_ic_it', 'img4': None, 'img4_role': None, 'between_image': 'BetweenTrials/img_20260522_165652.jpg', 'audio_probe': np.int64(0), 'between_audio': None, 'between_audio_lock_sec': np.int64(0), 'source_dataset_folder': '/Users/matveikurzukov/Library/CloudStorage/GoogleDrive-apazent@gmail.com/.shortcut-targets-by-id/1exBA-7XrpLfZc6s8oGNYTbmjGsu5dT6p/Gurung stimuli/19_sit_crack egg', 'thisN': 0, 'thisTrialN': 0, 'thisRepN': 0}>
436.8113 	EXP 	Created unnamed ImageStim = ImageStim(__class__=<class 'psychopy.visual.image.ImageStim'>, anchor=('center', 'center'), autoLog=True, color=array([1., 1., 1.]), colorSpace='rgb', contrast=1.0, depth=0, draggable=False, flipHoriz=np.False_, flipVert=np.False_, image=str(...), interpolate=True, mask=None, maskParams=None, name='unnamed ImageStim', opacity=1, ori=0.0, pos=array([-0.27,  0.  ]), size=array([0.22, 0.35]), texRes=128, units='height', win=Window(...))
436.8340 	EXP 	Created unnamed ImageStim = ImageStim(__class__=<class 'psychopy.visual.image.ImageStim'>, anchor=('center', 'center'), autoLog=True, color=array([1., 1., 1.]), colorSpace='rgb', contrast=1.0, depth=0, draggable=False, flipHoriz=np.False_, flipVert=np.False_, image=str(...), interpolate=True, mask=None, maskParams=None, name='unnamed ImageStim', opacity=1, ori=0.0, pos=array([0., 0.]), size=array([0.22, 0.35]), texRes=128, units='height', win=Window(...))
436.8575 	EXP 	Created unnamed ImageStim = ImageStim(__class__=<class 'psychopy.visual.image.ImageStim'>, anchor=('center', 'center'), autoLog=True, color=array([1., 1., 1.]), colorSpace='rgb', contrast=1.0, depth=0, draggable=False, flipHoriz=np.False_, flipVert=np.False_, image=str(...), interpolate=True, mask=None, maskParams=None, name='unnamed ImageStim', opacity=1, ori=0.0, pos=array([0.27, 0.  ]), size=array([0.22, 0.35]), texRes=128, units='height', win=Window(...))
436.8702 	EXP 	Created unnamed ImageStim = ImageStim(__class__=<class 'psychopy.visual.image.ImageStim'>, anchor=('center', 'center'), autoLog=True, color=array([1., 1., 1.]), colorSpace='rgb', contrast=1.0, depth=0, draggable=False, flipHoriz=np.False_, flipVert=np.False_, image=str(...), interpolate=True, mask=None, maskParams=None, name='unnamed ImageStim', opacity=1, ori=0.0, pos=array([-0.135,  0.   ]), size=array([0.035, 0.035]), texRes=128, units='height', win=Window(...))
436.8828 	EXP 	Created unnamed ImageStim = ImageStim(__class__=<class 'psychopy.visual.image.ImageStim'>, anchor=('center', 'center'), autoLog=True, color=array([1., 1., 1.]), colorSpace='rgb', contrast=1.0, depth=0, draggable=False, flipHoriz=np.False_, flipVert=np.False_, image=str(...), interpolate=True, mask=None, maskParams=None, name='unnamed ImageStim', opacity=1, ori=0.0, pos=array([0.135, 0.   ]), size=array([0.035, 0.035]), texRes=128, units='height', win=Window(...))
436.8834 	DATA 	Mouse: wheel shift=(0,0), pos=(409,755)
436.9113 	EXP 	Break_keep_alive: autoDraw = False
436.9113 	EXP 	MainTrial_keep_alive: autoDraw = True
436.9647 	DATA 	Mouse: wheel shift=(0,0), pos=(409,755)
437.3032 	DATA 	Keypress: space
437.3318 	DATA 	Mouse: wheel shift=(0,0), pos=(409,755)
437.3980 	DATA 	Mouse: wheel shift=(0,0), pos=(409,755)
437.6059 	DATA 	Keypress: space
437.6316 	DATA 	Mouse: wheel shift=(0,0), pos=(409,755)
437.8157 	DATA 	Mouse: wheel shift=(0,0), pos=(409,755)
437.8668 	DATA 	Keypress: space
437.8992 	DATA 	Mouse: wheel shift=(0,0), pos=(409,755)
438.0653 	DATA 	Mouse: wheel shift=(0,0), pos=(409,755)
438.0753 	DATA 	Keypress: space
438.1202 	EXP 	New trial (rep=0, index=1): <Trial 1 (1 in rep 0) data={'trial_id': 'd028_set1_it_coh', 'random_order': np.int64(82), 'dataset_number': np.int64(28), 'dataset_slug': '028_jump_peel_orange', 'dataset_label': 'jump_peel_orange', 'stimulus_set': np.int64(1), 'condition_id': 'it_coh', 'condition_name': 'intransitive_cohesive', 'cohesion': 'cohesive', 'transitivity': 'intransitive', 'n_images': np.int64(4), 'img1': 'MainStimuli/028_jump_peel_orange/coh_1.png', 'img1_role': 'coh_1', 'img2': 'MainStimuli/028_jump_peel_orange/coh_2.png', 'img2_role': 'coh_2', 'img3': 'MainStimuli/028_jump_peel_orange/it_target.png', 'img3_role': 'it_target', 'img4': 'MainStimuli/028_jump_peel_orange/end_coh_it.png', 'img4_role': 'end_coh_it', 'between_image': 'BetweenTrials/img-20250813-wa0011.jpg', 'audio_probe': np.int64(0), 'between_audio': None, 'between_audio_lock_sec': np.int64(0), 'source_dataset_folder': '/Users/matveikurzukov/Library/CloudStorage/GoogleDrive-apazent@gmail.com/.shortcut-targets-by-id/1exBA-7XrpLfZc6s8oGNYTbmjGsu5dT6p/Gurung stimuli/28_jump_peel orange', 'thisN': 1, 'thisTrialN': 1, 'thisRepN': 0}>
438.1508 	EXP 	Created unnamed ImageStim = ImageStim(__class__=<class 'psychopy.visual.image.ImageStim'>, anchor=('center', 'center'), autoLog=True, color=array([1., 1., 1.]), colorSpace='rgb', contrast=1.0, depth=0, draggable=False, flipHoriz=np.False_, flipVert=np.False_, image=str(...), interpolate=True, mask=None, maskParams=None, name='unnamed ImageStim', opacity=1, ori=0.0, pos=array([-0.54,  0.  ]), size=array([0.22, 0.35]), texRes=128, units='height', win=Window(...))
438.1784 	EXP 	Created unnamed ImageStim = ImageStim(__class__=<class 'psychopy.visual.image.ImageStim'>, anchor=('center', 'center'), autoLog=True, color=array([1., 1., 1.]), colorSpace='rgb', contrast=1.0, depth=0, draggable=False, flipHoriz=np.False_, flipVert=np.False_, image=str(...), interpolate=True, mask=None, maskParams=None, name='unnamed ImageStim', opacity=1, ori=0.0, pos=array([-0.27,  0.  ]), size=array([0.22, 0.35]), texRes=128, units='height', win=Window(...))
438.2013 	EXP 	Created unnamed ImageStim = ImageStim(__class__=<class 'psychopy.visual.image.ImageStim'>, anchor=('center', 'center'), autoLog=True, color=array([1., 1., 1.]), colorSpace='rgb', contrast=1.0, depth=0, draggable=False, flipHoriz=np.False_, flipVert=np.False_, image=str(...), interpolate=True, mask=None, maskParams=None, name='unnamed ImageStim', opacity=1, ori=0.0, pos=array([0., 0.]), size=array([0.22, 0.35]), texRes=128, units='height', win=Window(...))
438.2284 	EXP 	Created unnamed ImageStim = ImageStim(__class__=<class 'psychopy.visual.image.ImageStim'>, anchor=('center', 'center'), autoLog=True, color=array([1., 1., 1.]), colorSpace='rgb', contrast=1.0, depth=0, draggable=False, flipHoriz=np.False_, flipVert=np.False_, image=str(...), interpolate=True, mask=None, maskParams=None, name='unnamed ImageStim', opacity=1, ori=0.0, pos=array([0.27, 0.  ]), size=array([0.22, 0.35]), texRes=128, units='height', win=Window(...))
438.2410 	EXP 	Created unnamed ImageStim = ImageStim(__class__=<class 'psychopy.visual.image.ImageStim'>, anchor=('center', 'center'), autoLog=True, color=array([1., 1., 1.]), colorSpace='rgb', contrast=1.0, depth=0, draggable=False, flipHoriz=np.False_, flipVert=np.False_, image=str(...), interpolate=True, mask=None, maskParams=None, name='unnamed ImageStim', opacity=1, ori=0.0, pos=array([-0.405,  0.   ]), size=array([0.035, 0.035]), texRes=128, units='height', win=Window(...))
438.2536 	EXP 	Created unnamed ImageStim = ImageStim(__class__=<class 'psychopy.visual.image.ImageStim'>, anchor=('center', 'center'), autoLog=True, color=array([1., 1., 1.]), colorSpace='rgb', contrast=1.0, depth=0, draggable=False, flipHoriz=np.False_, flipVert=np.False_, image=str(...), interpolate=True, mask=None, maskParams=None, name='unnamed ImageStim', opacity=1, ori=0.0, pos=array([-0.135,  0.   ]), size=array([0.035, 0.035]), texRes=128, units='height', win=Window(...))
438.2662 	EXP 	Created unnamed ImageStim = ImageStim(__class__=<class 'psychopy.visual.image.ImageStim'>, anchor=('center', 'center'), autoLog=True, color=array([1., 1., 1.]), colorSpace='rgb', contrast=1.0, depth=0, draggable=False, flipHoriz=np.False_, flipVert=np.False_, image=str(...), interpolate=True, mask=None, maskParams=None, name='unnamed ImageStim', opacity=1, ori=0.0, pos=array([0.135, 0.   ]), size=array([0.035, 0.035]), texRes=128, units='height', win=Window(...))
438.2667 	DATA 	Mouse: wheel shift=(0,0), pos=(409,755)
438.2824 	DATA 	Mouse: wheel shift=(0,0), pos=(409,755)
438.2948 	EXP 	MainTrial_keep_alive: autoDraw = False
438.2948 	EXP 	MainTrial_keep_alive: autoDraw = True
438.3192 	DATA 	Keypress: space
438.3313 	DATA 	Mouse: wheel shift=(0,0), pos=(409,755)
438.5484 	DATA 	Mouse: wheel shift=(0,0), pos=(409,755)
438.5494 	DATA 	Keypress: space
438.5820 	DATA 	Mouse: wheel shift=(0,0), pos=(409,755)
438.7495 	DATA 	Keypress: space
438.8817 	DATA 	Mouse: wheel shift=(0,0), pos=(409,755)
438.9500 	DATA 	Keypress: space
438.9820 	DATA 	Mouse: wheel shift=(0,0), pos=(409,755)
439.1755 	DATA 	Keypress: space
439.2196 	EXP 	New trial (rep=0, index=2): <Trial 2 (2 in rep 0) data={'trial_id': 'd029_set1_it_ic', 'random_order': np.int64(83), 'dataset_number': np.int64(29), 'dataset_slug': '029_sit_cut_potato', 'dataset_label': 'sit_cut_potato', 'stimulus_set': np.int64(1), 'condition_id': 'it_ic', 'condition_name': 'intransitive_incohesive', 'cohesion': 'incohesive', 'transitivity': 'intransitive', 'n_images': np.int64(3), 'img1': 'MainStimuli/029_sit_cut_potato/ic_1.png', 'img1_role': 'ic_1', 'img2': 'MainStimuli/029_sit_cut_potato/it_target.png', 'img2_role': 'it_target', 'img3': 'MainStimuli/029_sit_cut_potato/end_ic_it.png', 'img3_role': 'end_ic_it', 'img4': None, 'img4_role': None, 'between_image': 'BetweenTrials/img_20260522_165652.jpg', 'audio_probe': np.int64(0), 'between_audio': None, 'between_audio_lock_sec': np.int64(0), 'source_dataset_folder': '/Users/matveikurzukov/Library/CloudStorage/GoogleDrive-apazent@gmail.com/.shortcut-targets-by-id/1exBA-7XrpLfZc6s8oGNYTbmjGsu5dT6p/Gurung stimuli/29_sit_cut potato', 'thisN': 2, 'thisTrialN': 2, 'thisRepN': 0}>
439.2479 	EXP 	Created unnamed ImageStim = ImageStim(__class__=<class 'psychopy.visual.image.ImageStim'>, anchor=('center', 'center'), autoLog=True, color=array([1., 1., 1.]), colorSpace='rgb', contrast=1.0, depth=0, draggable=False, flipHoriz=np.False_, flipVert=np.False_, image=str(...), interpolate=True, mask=None, maskParams=None, name='unnamed ImageStim', opacity=1, ori=0.0, pos=array([-0.27,  0.  ]), size=array([0.22, 0.35]), texRes=128, units='height', win=Window(...))
439.2718 	EXP 	Created unnamed ImageStim = ImageStim(__class__=<class 'psychopy.visual.image.ImageStim'>, anchor=('center', 'center'), autoLog=True, color=array([1., 1., 1.]), colorSpace='rgb', contrast=1.0, depth=0, draggable=False, flipHoriz=np.False_, flipVert=np.False_, image=str(...), interpolate=True, mask=None, maskParams=None, name='unnamed ImageStim', opacity=1, ori=0.0, pos=array([0., 0.]), size=array([0.22, 0.35]), texRes=128, units='height', win=Window(...))
439.2984 	EXP 	Created unnamed ImageStim = ImageStim(__class__=<class 'psychopy.visual.image.ImageStim'>, anchor=('center', 'center'), autoLog=True, color=array([1., 1., 1.]), colorSpace='rgb', contrast=1.0, depth=0, draggable=False, flipHoriz=np.False_, flipVert=np.False_, image=str(...), interpolate=True, mask=None, maskParams=None, name='unnamed ImageStim', opacity=1, ori=0.0, pos=array([0.27, 0.  ]), size=array([0.22, 0.35]), texRes=128, units='height', win=Window(...))
439.3110 	EXP 	Created unnamed ImageStim = ImageStim(__class__=<class 'psychopy.visual.image.ImageStim'>, anchor=('center', 'center'), autoLog=True, color=array([1., 1., 1.]), colorSpace='rgb', contrast=1.0, depth=0, draggable=False, flipHoriz=np.False_, flipVert=np.False_, image=str(...), interpolate=True, mask=None, maskParams=None, name='unnamed ImageStim', opacity=1, ori=0.0, pos=array([-0.135,  0.   ]), size=array([0.035, 0.035]), texRes=128, units='height', win=Window(...))
439.3236 	EXP 	Created unnamed ImageStim = ImageStim(__class__=<class 'psychopy.visual.image.ImageStim'>, anchor=('center', 'center'), autoLog=True, color=array([1., 1., 1.]), colorSpace='rgb', contrast=1.0, depth=0, draggable=False, flipHoriz=np.False_, flipVert=np.False_, image=str(...), interpolate=True, mask=None, maskParams=None, name='unnamed ImageStim', opacity=1, ori=0.0, pos=array([0.135, 0.   ]), size=array([0.035, 0.035]), texRes=128, units='height', win=Window(...))
439.3241 	DATA 	Mouse: wheel shift=(0,0), pos=(409,755)
439.3243 	DATA 	Mouse: wheel shift=(0,0), pos=(409,755)
439.3447 	EXP 	MainTrial_keep_alive: autoDraw = False
439.3447 	EXP 	MainTrial_keep_alive: autoDraw = True
439.3994 	DATA 	Keypress: space
439.4157 	DATA 	Mouse: wheel shift=(0,0), pos=(409,755)
439.4315 	DATA 	Mouse: wheel shift=(0,0), pos=(409,755)
439.5812 	DATA 	Mouse: wheel shift=(0,0), pos=(409,755)
439.6369 	DATA 	Keypress: space
439.6651 	DATA 	Mouse: wheel shift=(0,0), pos=(409,755)
439.8320 	DATA 	Mouse: wheel shift=(0,0), pos=(409,755)
439.8348 	DATA 	Keypress: space
439.8654 	DATA 	Mouse: wheel shift=(0,0), pos=(409,755)
440.0558 	DATA 	Keypress: space
440.1027 	EXP 	New trial (rep=0, index=3): <Trial 3 (3 in rep 0) data={'trial_id': 'd006_set1_tr_ic', 'random_order': np.int64(84), 'dataset_number': np.int64(6), 'dataset_slug': '006_sleep_pluck_tomatoes', 'dataset_label': 'sleep_pluck_tomatoes', 'stimulus_set': np.int64(1), 'condition_id': 'tr_ic', 'condition_name': 'transitive_incohesive', 'cohesion': 'incohesive', 'transitivity': 'transitive', 'n_images': np.int64(3), 'img1': 'MainStimuli/006_sleep_pluck_tomatoes/ic_1.png', 'img1_role': 'ic_1', 'img2': 'MainStimuli/006_sleep_pluck_tomatoes/tr_target.png', 'img2_role': 'tr_target', 'img3': 'MainStimuli/006_sleep_pluck_tomatoes/end_ic_tr.png', 'img3_role': 'end_ic_tr', 'img4': None, 'img4_role': None, 'between_image': 'BetweenTrials/img_20260522_165652.jpg', 'audio_probe': np.int64(0), 'between_audio': None, 'between_audio_lock_sec': np.int64(0), 'source_dataset_folder': '/Users/matveikurzukov/Library/CloudStorage/GoogleDrive-apazent@gmail.com/.shortcut-targets-by-id/1exBA-7XrpLfZc6s8oGNYTbmjGsu5dT6p/Gurung stimuli/6_sleep_pluck tomatoes', 'thisN': 3, 'thisTrialN': 3, 'thisRepN': 0}>
440.1266 	EXP 	Created unnamed ImageStim = ImageStim(__class__=<class 'psychopy.visual.image.ImageStim'>, anchor=('center', 'center'), autoLog=True, color=array([1., 1., 1.]), colorSpace='rgb', contrast=1.0, depth=0, draggable=False, flipHoriz=np.False_, flipVert=np.False_, image=str(...), interpolate=True, mask=None, maskParams=None, name='unnamed ImageStim', opacity=1, ori=0.0, pos=array([-0.27,  0.  ]), size=array([0.22, 0.35]), texRes=128, units='height', win=Window(...))
440.1519 	EXP 	Created unnamed ImageStim = ImageStim(__class__=<class 'psychopy.visual.image.ImageStim'>, anchor=('center', 'center'), autoLog=True, color=array([1., 1., 1.]), colorSpace='rgb', contrast=1.0, depth=0, draggable=False, flipHoriz=np.False_, flipVert=np.False_, image=str(...), interpolate=True, mask=None, maskParams=None, name='unnamed ImageStim', opacity=1, ori=0.0, pos=array([0., 0.]), size=array([0.22, 0.35]), texRes=128, units='height', win=Window(...))
440.1765 	EXP 	Created unnamed ImageStim = ImageStim(__class__=<class 'psychopy.visual.image.ImageStim'>, anchor=('center', 'center'), autoLog=True, color=array([1., 1., 1.]), colorSpace='rgb', contrast=1.0, depth=0, draggable=False, flipHoriz=np.False_, flipVert=np.False_, image=str(...), interpolate=True, mask=None, maskParams=None, name='unnamed ImageStim', opacity=1, ori=0.0, pos=array([0.27, 0.  ]), size=array([0.22, 0.35]), texRes=128, units='height', win=Window(...))
440.1891 	EXP 	Created unnamed ImageStim = ImageStim(__class__=<class 'psychopy.visual.image.ImageStim'>, anchor=('center', 'center'), autoLog=True, color=array([1., 1., 1.]), colorSpace='rgb', contrast=1.0, depth=0, draggable=False, flipHoriz=np.False_, flipVert=np.False_, image=str(...), interpolate=True, mask=None, maskParams=None, name='unnamed ImageStim', opacity=1, ori=0.0, pos=array([-0.135,  0.   ]), size=array([0.035, 0.035]), texRes=128, units='height', win=Window(...))
440.2017 	EXP 	Created unnamed ImageStim = ImageStim(__class__=<class 'psychopy.visual.image.ImageStim'>, anchor=('center', 'center'), autoLog=True, color=array([1., 1., 1.]), colorSpace='rgb', contrast=1.0, depth=0, draggable=False, flipHoriz=np.False_, flipVert=np.False_, image=str(...), interpolate=True, mask=None, maskParams=None, name='unnamed ImageStim', opacity=1, ori=0.0, pos=array([0.135, 0.   ]), size=array([0.035, 0.035]), texRes=128, units='height', win=Window(...))
440.2279 	EXP 	MainTrial_keep_alive: autoDraw = False
440.2279 	EXP 	MainTrial_keep_alive: autoDraw = True
440.2313 	DATA 	Mouse: wheel shift=(0,0), pos=(409,755)
440.2391 	DATA 	Keypress: space
440.2666 	DATA 	Mouse: wheel shift=(0,0), pos=(409,755)
440.4479 	DATA 	Mouse: wheel shift=(0,0), pos=(409,755)
440.4581 	DATA 	Keypress: space
440.4983 	DATA 	Mouse: wheel shift=(0,0), pos=(409,755)
440.6481 	DATA 	Mouse: wheel shift=(0,0), pos=(409,755)
440.6825 	DATA 	Keypress: space
440.7149 	DATA 	Mouse: wheel shift=(0,0), pos=(409,755)
440.8828 	DATA 	Keypress: space
440.8832 	DATA 	Mouse: wheel shift=(0,0), pos=(409,755)
440.9364 	EXP 	New trial (rep=0, index=4): <Trial 4 (4 in rep 0) data={'trial_id': 'd009_set1_tr_coh', 'random_order': np.int64(85), 'dataset_number': np.int64(9), 'dataset_slug': '009_descend_harvest_rice', 'dataset_label': 'descend_harvest_rice', 'stimulus_set': np.int64(1), 'condition_id': 'tr_coh', 'condition_name': 'transitive_cohesive', 'cohesion': 'cohesive', 'transitivity': 'transitive', 'n_images': np.int64(3), 'img1': 'MainStimuli/009_descend_harvest_rice/coh_1.png', 'img1_role': 'coh_1', 'img2': 'MainStimuli/009_descend_harvest_rice/coh_2.png', 'img2_role': 'coh_2', 'img3': 'MainStimuli/009_descend_harvest_rice/tr_target.png', 'img3_role': 'tr_target', 'img4': None, 'img4_role': None, 'between_image': 'BetweenTrials/1752221806065.jpg', 'audio_probe': np.int64(0), 'between_audio': None, 'between_audio_lock_sec': np.int64(0), 'source_dataset_folder': '/Users/matveikurzukov/Library/CloudStorage/GoogleDrive-apazent@gmail.com/.shortcut-targets-by-id/1exBA-7XrpLfZc6s8oGNYTbmjGsu5dT6p/Gurung stimuli/9_descend_harvest rice', 'thisN': 4, 'thisTrialN': 4, 'thisRepN': 0}>
440.9631 	EXP 	Created unnamed ImageStim = ImageStim(__class__=<class 'psychopy.visual.image.ImageStim'>, anchor=('center', 'center'), autoLog=True, color=array([1., 1., 1.]), colorSpace='rgb', contrast=1.0, depth=0, draggable=False, flipHoriz=np.False_, flipVert=np.False_, image=str(...), interpolate=True, mask=None, maskParams=None, name='unnamed ImageStim', opacity=1, ori=0.0, pos=array([-0.54,  0.  ]), size=array([0.22, 0.35]), texRes=128, units='height', win=Window(...))
440.9883 	EXP 	Created unnamed ImageStim = ImageStim(__class__=<class 'psychopy.visual.image.ImageStim'>, anchor=('center', 'center'), autoLog=True, color=array([1., 1., 1.]), colorSpace='rgb', contrast=1.0, depth=0, draggable=False, flipHoriz=np.False_, flipVert=np.False_, image=str(...), interpolate=True, mask=None, maskParams=None, name='unnamed ImageStim', opacity=1, ori=0.0, pos=array([-0.27,  0.  ]), size=array([0.22, 0.35]), texRes=128, units='height', win=Window(...))
441.0128 	EXP 	Created unnamed ImageStim = ImageStim(__class__=<class 'psychopy.visual.image.ImageStim'>, anchor=('center', 'center'), autoLog=True, color=array([1., 1., 1.]), colorSpace='rgb', contrast=1.0, depth=0, draggable=False, flipHoriz=np.False_, flipVert=np.False_, image=str(...), interpolate=True, mask=None, maskParams=None, name='unnamed ImageStim', opacity=1, ori=0.0, pos=array([0., 0.]), size=array([0.22, 0.35]), texRes=128, units='height', win=Window(...))
441.0254 	EXP 	Created unnamed ImageStim = ImageStim(__class__=<class 'psychopy.visual.image.ImageStim'>, anchor=('center', 'center'), autoLog=True, color=array([1., 1., 1.]), colorSpace='rgb', contrast=1.0, depth=0, draggable=False, flipHoriz=np.False_, flipVert=np.False_, image=str(...), interpolate=True, mask=None, maskParams=None, name='unnamed ImageStim', opacity=1, ori=0.0, pos=array([-0.405,  0.   ]), size=array([0.035, 0.035]), texRes=128, units='height', win=Window(...))
441.0380 	EXP 	Created unnamed ImageStim = ImageStim(__class__=<class 'psychopy.visual.image.ImageStim'>, anchor=('center', 'center'), autoLog=True, color=array([1., 1., 1.]), colorSpace='rgb', contrast=1.0, depth=0, draggable=False, flipHoriz=np.False_, flipVert=np.False_, image=str(...), interpolate=True, mask=None, maskParams=None, name='unnamed ImageStim', opacity=1, ori=0.0, pos=array([-0.135,  0.   ]), size=array([0.035, 0.035]), texRes=128, units='height', win=Window(...))
441.0385 	DATA 	Mouse: wheel shift=(0,0), pos=(409,755)
441.0489 	DATA 	Mouse: wheel shift=(0,0), pos=(409,755)
441.0613 	EXP 	MainTrial_keep_alive: autoDraw = False
441.0613 	EXP 	MainTrial_keep_alive: autoDraw = True
441.0893 	DATA 	Keypress: space
441.1151 	DATA 	Mouse: wheel shift=(0,0), pos=(409,755)
441.2984 	DATA 	Mouse: wheel shift=(0,0), pos=(409,755)
441.3009 	DATA 	Keypress: space
441.3327 	DATA 	Mouse: wheel shift=(0,0), pos=(409,755)
441.3985 	DATA 	Mouse: wheel shift=(0,0), pos=(409,755)
441.5322 	DATA 	Keypress: space
441.5649 	DATA 	Mouse: wheel shift=(0,0), pos=(409,755)
441.6810 	DATA 	Mouse: wheel shift=(0,0), pos=(409,755)
441.7356 	DATA 	Keypress: space
441.7860 	EXP 	New trial (rep=0, index=5): <Trial 5 (5 in rep 0) data={'trial_id': 'd020_set1_tr_coh', 'random_order': np.int64(86), 'dataset_number': np.int64(20), 'dataset_slug': '020_come_plant_sapling', 'dataset_label': 'come_plant_sapling', 'stimulus_set': np.int64(1), 'condition_id': 'tr_coh', 'condition_name': 'transitive_cohesive', 'cohesion': 'cohesive', 'transitivity': 'transitive', 'n_images': np.int64(3), 'img1': 'MainStimuli/020_come_plant_sapling/coh_1.png', 'img1_role': 'coh_1', 'img2': 'MainStimuli/020_come_plant_sapling/coh_2.png', 'img2_role': 'coh_2', 'img3': 'MainStimuli/020_come_plant_sapling/tr_target.png', 'img3_role': 'tr_target', 'img4': None, 'img4_role': None, 'between_image': 'BetweenTrials/img_20260522_165652.jpg', 'audio_probe': np.int64(0), 'between_audio': None, 'between_audio_lock_sec': np.int64(0), 'source_dataset_folder': '/Users/matveikurzukov/Library/CloudStorage/GoogleDrive-apazent@gmail.com/.shortcut-targets-by-id/1exBA-7XrpLfZc6s8oGNYTbmjGsu5dT6p/Gurung stimuli/20_come_plant sapling', 'thisN': 5, 'thisTrialN': 5, 'thisRepN': 0}>
441.8133 	EXP 	Created unnamed ImageStim = ImageStim(__class__=<class 'psychopy.visual.image.ImageStim'>, anchor=('center', 'center'), autoLog=True, color=array([1., 1., 1.]), colorSpace='rgb', contrast=1.0, depth=0, draggable=False, flipHoriz=np.False_, flipVert=np.False_, image=str(...), interpolate=True, mask=None, maskParams=None, name='unnamed ImageStim', opacity=1, ori=0.0, pos=array([-0.54,  0.  ]), size=array([0.22, 0.35]), texRes=128, units='height', win=Window(...))
441.8399 	EXP 	Created unnamed ImageStim = ImageStim(__class__=<class 'psychopy.visual.image.ImageStim'>, anchor=('center', 'center'), autoLog=True, color=array([1., 1., 1.]), colorSpace='rgb', contrast=1.0, depth=0, draggable=False, flipHoriz=np.False_, flipVert=np.False_, image=str(...), interpolate=True, mask=None, maskParams=None, name='unnamed ImageStim', opacity=1, ori=0.0, pos=array([-0.27,  0.  ]), size=array([0.22, 0.35]), texRes=128, units='height', win=Window(...))
441.8662 	EXP 	Created unnamed ImageStim = ImageStim(__class__=<class 'psychopy.visual.image.ImageStim'>, anchor=('center', 'center'), autoLog=True, color=array([1., 1., 1.]), colorSpace='rgb', contrast=1.0, depth=0, draggable=False, flipHoriz=np.False_, flipVert=np.False_, image=str(...), interpolate=True, mask=None, maskParams=None, name='unnamed ImageStim', opacity=1, ori=0.0, pos=array([0., 0.]), size=array([0.22, 0.35]), texRes=128, units='height', win=Window(...))
441.8789 	EXP 	Created unnamed ImageStim = ImageStim(__class__=<class 'psychopy.visual.image.ImageStim'>, anchor=('center', 'center'), autoLog=True, color=array([1., 1., 1.]), colorSpace='rgb', contrast=1.0, depth=0, draggable=False, flipHoriz=np.False_, flipVert=np.False_, image=str(...), interpolate=True, mask=None, maskParams=None, name='unnamed ImageStim', opacity=1, ori=0.0, pos=array([-0.405,  0.   ]), size=array([0.035, 0.035]), texRes=128, units='height', win=Window(...))
441.8914 	EXP 	Created unnamed ImageStim = ImageStim(__class__=<class 'psychopy.visual.image.ImageStim'>, anchor=('center', 'center'), autoLog=True, color=array([1., 1., 1.]), colorSpace='rgb', contrast=1.0, depth=0, draggable=False, flipHoriz=np.False_, flipVert=np.False_, image=str(...), interpolate=True, mask=None, maskParams=None, name='unnamed ImageStim', opacity=1, ori=0.0, pos=array([-0.135,  0.   ]), size=array([0.035, 0.035]), texRes=128, units='height', win=Window(...))
441.8919 	DATA 	Mouse: wheel shift=(0,0), pos=(409,755)
441.8978 	DATA 	Mouse: wheel shift=(0,0), pos=(409,755)
441.9112 	EXP 	MainTrial_keep_alive: autoDraw = False
441.9112 	EXP 	MainTrial_keep_alive: autoDraw = True
441.9231 	DATA 	Keypress: space
441.9501 	DATA 	Mouse: wheel shift=(0,0), pos=(409,755)
442.1412 	DATA 	Keypress: space
442.1483 	DATA 	Mouse: wheel shift=(0,0), pos=(409,755)
442.1812 	DATA 	Mouse: wheel shift=(0,0), pos=(409,755)
442.3482 	DATA 	Mouse: wheel shift=(0,0), pos=(409,755)
442.3988 	DATA 	Keypress: space
442.4311 	DATA 	Mouse: wheel shift=(0,0), pos=(409,755)
442.5479 	DATA 	Mouse: wheel shift=(0,0), pos=(409,755)
442.6151 	DATA 	Keypress: space
442.6692 	EXP 	New trial (rep=0, index=6): <Trial 6 (6 in rep 0) data={'trial_id': 'd012_set1_tr_ic', 'random_order': np.int64(87), 'dataset_number': np.int64(12), 'dataset_slug': '012_come_eat_rice', 'dataset_label': 'come_eat_rice', 'stimulus_set': np.int64(1), 'condition_id': 'tr_ic', 'condition_name': 'transitive_incohesive', 'cohesion': 'incohesive', 'transitivity': 'transitive', 'n_images': np.int64(3), 'img1': 'MainStimuli/012_come_eat_rice/ic_1.png', 'img1_role': 'ic_1', 'img2': 'MainStimuli/012_come_eat_rice/tr_target.png', 'img2_role': 'tr_target', 'img3': 'MainStimuli/012_come_eat_rice/end_ic_tr.png', 'img3_role': 'end_ic_tr', 'img4': None, 'img4_role': None, 'between_image': 'BetweenTrials/img-20250813-wa0011.jpg', 'audio_probe': np.int64(0), 'between_audio': None, 'between_audio_lock_sec': np.int64(0), 'source_dataset_folder': '/Users/matveikurzukov/Library/CloudStorage/GoogleDrive-apazent@gmail.com/.shortcut-targets-by-id/1exBA-7XrpLfZc6s8oGNYTbmjGsu5dT6p/Gurung stimuli/12_come_eat rice', 'thisN': 6, 'thisTrialN': 6, 'thisRepN': 0}>
442.6952 	EXP 	Created unnamed ImageStim = ImageStim(__class__=<class 'psychopy.visual.image.ImageStim'>, anchor=('center', 'center'), autoLog=True, color=array([1., 1., 1.]), colorSpace='rgb', contrast=1.0, depth=0, draggable=False, flipHoriz=np.False_, flipVert=np.False_, image=str(...), interpolate=True, mask=None, maskParams=None, name='unnamed ImageStim', opacity=1, ori=0.0, pos=array([-0.27,  0.  ]), size=array([0.22, 0.35]), texRes=128, units='height', win=Window(...))
442.7206 	EXP 	Created unnamed ImageStim = ImageStim(__class__=<class 'psychopy.visual.image.ImageStim'>, anchor=('center', 'center'), autoLog=True, color=array([1., 1., 1.]), colorSpace='rgb', contrast=1.0, depth=0, draggable=False, flipHoriz=np.False_, flipVert=np.False_, image=str(...), interpolate=True, mask=None, maskParams=None, name='unnamed ImageStim', opacity=1, ori=0.0, pos=array([0., 0.]), size=array([0.22, 0.35]), texRes=128, units='height', win=Window(...))
442.7445 	EXP 	Created unnamed ImageStim = ImageStim(__class__=<class 'psychopy.visual.image.ImageStim'>, anchor=('center', 'center'), autoLog=True, color=array([1., 1., 1.]), colorSpace='rgb', contrast=1.0, depth=0, draggable=False, flipHoriz=np.False_, flipVert=np.False_, image=str(...), interpolate=True, mask=None, maskParams=None, name='unnamed ImageStim', opacity=1, ori=0.0, pos=array([0.27, 0.  ]), size=array([0.22, 0.35]), texRes=128, units='height', win=Window(...))
442.7572 	EXP 	Created unnamed ImageStim = ImageStim(__class__=<class 'psychopy.visual.image.ImageStim'>, anchor=('center', 'center'), autoLog=True, color=array([1., 1., 1.]), colorSpace='rgb', contrast=1.0, depth=0, draggable=False, flipHoriz=np.False_, flipVert=np.False_, image=str(...), interpolate=True, mask=None, maskParams=None, name='unnamed ImageStim', opacity=1, ori=0.0, pos=array([-0.135,  0.   ]), size=array([0.035, 0.035]), texRes=128, units='height', win=Window(...))
442.7697 	EXP 	Created unnamed ImageStim = ImageStim(__class__=<class 'psychopy.visual.image.ImageStim'>, anchor=('center', 'center'), autoLog=True, color=array([1., 1., 1.]), colorSpace='rgb', contrast=1.0, depth=0, draggable=False, flipHoriz=np.False_, flipVert=np.False_, image=str(...), interpolate=True, mask=None, maskParams=None, name='unnamed ImageStim', opacity=1, ori=0.0, pos=array([0.135, 0.   ]), size=array([0.035, 0.035]), texRes=128, units='height', win=Window(...))
442.7702 	DATA 	Mouse: wheel shift=(0,0), pos=(409,755)
442.7707 	DATA 	Mouse: wheel shift=(0,0), pos=(409,755)
442.7945 	EXP 	MainTrial_keep_alive: autoDraw = False
442.7945 	EXP 	MainTrial_keep_alive: autoDraw = True
442.8012 	DATA 	Keypress: space
442.8484 	DATA 	Mouse: wheel shift=(0,0), pos=(409,755)
442.9987 	DATA 	Mouse: wheel shift=(0,0), pos=(409,755)
443.0160 	DATA 	Keypress: space
443.0485 	DATA 	Mouse: wheel shift=(0,0), pos=(409,755)
443.1986 	DATA 	Mouse: wheel shift=(0,0), pos=(409,755)
443.2382 	DATA 	Keypress: space
443.2652 	DATA 	Mouse: wheel shift=(0,0), pos=(409,755)
443.3316 	DATA 	Mouse: wheel shift=(0,0), pos=(409,755)
443.4552 	DATA 	Keypress: space
443.5046 	EXP 	New trial (rep=0, index=7): <Trial 7 (7 in rep 0) data={'trial_id': 'd030_set1_it_coh', 'random_order': np.int64(88), 'dataset_number': np.int64(30), 'dataset_slug': '030_smile_make_momos', 'dataset_label': 'smile_make_momos', 'stimulus_set': np.int64(1), 'condition_id': 'it_coh', 'condition_name': 'intransitive_cohesive', 'cohesion': 'cohesive', 'transitivity': 'intransitive', 'n_images': np.int64(4), 'img1': 'MainStimuli/030_smile_make_momos/coh_1.png', 'img1_role': 'coh_1', 'img2': 'MainStimuli/030_smile_make_momos/coh_2.png', 'img2_role': 'coh_2', 'img3': 'MainStimuli/030_smile_make_momos/it_target.png', 'img3_role': 'it_target', 'img4': 'MainStimuli/030_smile_make_momos/end_coh_it.png', 'img4_role': 'end_coh_it', 'between_image': 'BetweenTrials/1752221802086.jpg', 'audio_probe': np.int64(0), 'between_audio': None, 'between_audio_lock_sec': np.int64(0), 'source_dataset_folder': '/Users/matveikurzukov/Library/CloudStorage/GoogleDrive-apazent@gmail.com/.shortcut-targets-by-id/1exBA-7XrpLfZc6s8oGNYTbmjGsu5dT6p/Gurung stimuli/30_smile_make momos', 'thisN': 7, 'thisTrialN': 7, 'thisRepN': 0}>
443.5299 	EXP 	Created unnamed ImageStim = ImageStim(__class__=<class 'psychopy.visual.image.ImageStim'>, anchor=('center', 'center'), autoLog=True, color=array([1., 1., 1.]), colorSpace='rgb', contrast=1.0, depth=0, draggable=False, flipHoriz=np.False_, flipVert=np.False_, image=str(...), interpolate=True, mask=None, maskParams=None, name='unnamed ImageStim', opacity=1, ori=0.0, pos=array([-0.54,  0.  ]), size=array([0.22, 0.35]), texRes=128, units='height', win=Window(...))
443.5538 	EXP 	Created unnamed ImageStim = ImageStim(__class__=<class 'psychopy.visual.image.ImageStim'>, anchor=('center', 'center'), autoLog=True, color=array([1., 1., 1.]), colorSpace='rgb', contrast=1.0, depth=0, draggable=False, flipHoriz=np.False_, flipVert=np.False_, image=str(...), interpolate=True, mask=None, maskParams=None, name='unnamed ImageStim', opacity=1, ori=0.0, pos=array([-0.27,  0.  ]), size=array([0.22, 0.35]), texRes=128, units='height', win=Window(...))
443.5802 	EXP 	Created unnamed ImageStim = ImageStim(__class__=<class 'psychopy.visual.image.ImageStim'>, anchor=('center', 'center'), autoLog=True, color=array([1., 1., 1.]), colorSpace='rgb', contrast=1.0, depth=0, draggable=False, flipHoriz=np.False_, flipVert=np.False_, image=str(...), interpolate=True, mask=None, maskParams=None, name='unnamed ImageStim', opacity=1, ori=0.0, pos=array([0., 0.]), size=array([0.22, 0.35]), texRes=128, units='height', win=Window(...))
443.6068 	EXP 	Created unnamed ImageStim = ImageStim(__class__=<class 'psychopy.visual.image.ImageStim'>, anchor=('center', 'center'), autoLog=True, color=array([1., 1., 1.]), colorSpace='rgb', contrast=1.0, depth=0, draggable=False, flipHoriz=np.False_, flipVert=np.False_, image=str(...), interpolate=True, mask=None, maskParams=None, name='unnamed ImageStim', opacity=1, ori=0.0, pos=array([0.27, 0.  ]), size=array([0.22, 0.35]), texRes=128, units='height', win=Window(...))
443.6198 	EXP 	Created unnamed ImageStim = ImageStim(__class__=<class 'psychopy.visual.image.ImageStim'>, anchor=('center', 'center'), autoLog=True, color=array([1., 1., 1.]), colorSpace='rgb', contrast=1.0, depth=0, draggable=False, flipHoriz=np.False_, flipVert=np.False_, image=str(...), interpolate=True, mask=None, maskParams=None, name='unnamed ImageStim', opacity=1, ori=0.0, pos=array([-0.405,  0.   ]), size=array([0.035, 0.035]), texRes=128, units='height', win=Window(...))
443.6327 	EXP 	Created unnamed ImageStim = ImageStim(__class__=<class 'psychopy.visual.image.ImageStim'>, anchor=('center', 'center'), autoLog=True, color=array([1., 1., 1.]), colorSpace='rgb', contrast=1.0, depth=0, draggable=False, flipHoriz=np.False_, flipVert=np.False_, image=str(...), interpolate=True, mask=None, maskParams=None, name='unnamed ImageStim', opacity=1, ori=0.0, pos=array([-0.135,  0.   ]), size=array([0.035, 0.035]), texRes=128, units='height', win=Window(...))
443.6457 	EXP 	Created unnamed ImageStim = ImageStim(__class__=<class 'psychopy.visual.image.ImageStim'>, anchor=('center', 'center'), autoLog=True, color=array([1., 1., 1.]), colorSpace='rgb', contrast=1.0, depth=0, draggable=False, flipHoriz=np.False_, flipVert=np.False_, image=str(...), interpolate=True, mask=None, maskParams=None, name='unnamed ImageStim', opacity=1, ori=0.0, pos=array([0.135, 0.   ]), size=array([0.035, 0.035]), texRes=128, units='height', win=Window(...))
443.6462 	DATA 	Mouse: wheel shift=(0,0), pos=(409,755)
443.6467 	DATA 	Mouse: wheel shift=(0,0), pos=(409,755)
443.6614 	EXP 	MainTrial_keep_alive: autoDraw = False
443.6614 	EXP 	MainTrial_keep_alive: autoDraw = True
443.6696 	DATA 	Keypress: space
443.6978 	DATA 	Mouse: wheel shift=(0,0), pos=(409,755)
443.7660 	DATA 	Mouse: wheel shift=(0,0), pos=(409,755)
443.9072 	DATA 	Keypress: space
443.9485 	DATA 	Mouse: wheel shift=(0,0), pos=(409,755)
444.0315 	DATA 	Mouse: wheel shift=(0,0), pos=(409,755)
444.1491 	DATA 	Keypress: space
444.1817 	DATA 	Mouse: wheel shift=(0,0), pos=(409,755)
444.2490 	DATA 	Mouse: wheel shift=(0,0), pos=(409,755)
444.3491 	DATA 	Keypress: space
444.4144 	DATA 	Mouse: wheel shift=(0,0), pos=(409,755)
444.4810 	DATA 	Mouse: wheel shift=(0,0), pos=(409,755)
444.5823 	DATA 	Keypress: space
444.6359 	EXP 	New trial (rep=0, index=8): <Trial 8 (8 in rep 0) data={'trial_id': 'd011_set1_tr_ic', 'random_order': np.int64(89), 'dataset_number': np.int64(11), 'dataset_slug': '011_ascend_wipe_plate', 'dataset_label': 'ascend_wipe_plate', 'stimulus_set': np.int64(1), 'condition_id': 'tr_ic', 'condition_name': 'transitive_incohesive', 'cohesion': 'incohesive', 'transitivity': 'transitive', 'n_images': np.int64(3), 'img1': 'MainStimuli/011_ascend_wipe_plate/ic_1.png', 'img1_role': 'ic_1', 'img2': 'MainStimuli/011_ascend_wipe_plate/tr_target.png', 'img2_role': 'tr_target', 'img3': 'MainStimuli/011_ascend_wipe_plate/end_ic_tr.png', 'img3_role': 'end_ic_tr', 'img4': None, 'img4_role': None, 'between_image': 'BetweenTrials/img_20260522_165652.jpg', 'audio_probe': np.int64(0), 'between_audio': None, 'between_audio_lock_sec': np.int64(0), 'source_dataset_folder': '/Users/matveikurzukov/Library/CloudStorage/GoogleDrive-apazent@gmail.com/.shortcut-targets-by-id/1exBA-7XrpLfZc6s8oGNYTbmjGsu5dT6p/Gurung stimuli/11_ascend_wipe plate', 'thisN': 8, 'thisTrialN': 8, 'thisRepN': 0}>
444.6626 	EXP 	Created unnamed ImageStim = ImageStim(__class__=<class 'psychopy.visual.image.ImageStim'>, anchor=('center', 'center'), autoLog=True, color=array([1., 1., 1.]), colorSpace='rgb', contrast=1.0, depth=0, draggable=False, flipHoriz=np.False_, flipVert=np.False_, image=str(...), interpolate=True, mask=None, maskParams=None, name='unnamed ImageStim', opacity=1, ori=0.0, pos=array([-0.27,  0.  ]), size=array([0.22, 0.35]), texRes=128, units='height', win=Window(...))
444.6868 	EXP 	Created unnamed ImageStim = ImageStim(__class__=<class 'psychopy.visual.image.ImageStim'>, anchor=('center', 'center'), autoLog=True, color=array([1., 1., 1.]), colorSpace='rgb', contrast=1.0, depth=0, draggable=False, flipHoriz=np.False_, flipVert=np.False_, image=str(...), interpolate=True, mask=None, maskParams=None, name='unnamed ImageStim', opacity=1, ori=0.0, pos=array([0., 0.]), size=array([0.22, 0.35]), texRes=128, units='height', win=Window(...))
444.7130 	EXP 	Created unnamed ImageStim = ImageStim(__class__=<class 'psychopy.visual.image.ImageStim'>, anchor=('center', 'center'), autoLog=True, color=array([1., 1., 1.]), colorSpace='rgb', contrast=1.0, depth=0, draggable=False, flipHoriz=np.False_, flipVert=np.False_, image=str(...), interpolate=True, mask=None, maskParams=None, name='unnamed ImageStim', opacity=1, ori=0.0, pos=array([0.27, 0.  ]), size=array([0.22, 0.35]), texRes=128, units='height', win=Window(...))
444.7256 	EXP 	Created unnamed ImageStim = ImageStim(__class__=<class 'psychopy.visual.image.ImageStim'>, anchor=('center', 'center'), autoLog=True, color=array([1., 1., 1.]), colorSpace='rgb', contrast=1.0, depth=0, draggable=False, flipHoriz=np.False_, flipVert=np.False_, image=str(...), interpolate=True, mask=None, maskParams=None, name='unnamed ImageStim', opacity=1, ori=0.0, pos=array([-0.135,  0.   ]), size=array([0.035, 0.035]), texRes=128, units='height', win=Window(...))
444.7381 	EXP 	Created unnamed ImageStim = ImageStim(__class__=<class 'psychopy.visual.image.ImageStim'>, anchor=('center', 'center'), autoLog=True, color=array([1., 1., 1.]), colorSpace='rgb', contrast=1.0, depth=0, draggable=False, flipHoriz=np.False_, flipVert=np.False_, image=str(...), interpolate=True, mask=None, maskParams=None, name='unnamed ImageStim', opacity=1, ori=0.0, pos=array([0.135, 0.   ]), size=array([0.035, 0.035]), texRes=128, units='height', win=Window(...))
444.7386 	DATA 	Mouse: wheel shift=(0,0), pos=(409,755)
444.7611 	EXP 	MainTrial_keep_alive: autoDraw = False
444.7611 	EXP 	MainTrial_keep_alive: autoDraw = True
444.7645 	DATA 	Mouse: wheel shift=(0,0), pos=(409,755)
444.8211 	DATA 	Keypress: space
444.8988 	DATA 	Mouse: wheel shift=(0,0), pos=(409,755)
444.9816 	DATA 	Mouse: wheel shift=(0,0), pos=(409,755)
445.0666 	DATA 	Keypress: space
445.2790 	DATA 	Keypress: space
445.2817 	DATA 	Mouse: wheel shift=(0,0), pos=(409,755)
445.4149 	DATA 	Mouse: wheel shift=(0,0), pos=(409,755)
445.4910 	DATA 	Keypress: space
445.5360 	EXP 	New trial (rep=0, index=9): <Trial 9 (9 in rep 0) data={'trial_id': 'd017_set1_it_coh', 'random_order': np.int64(90), 'dataset_number': np.int64(17), 'dataset_slug': '017_rest_hang_picture', 'dataset_label': 'rest_hang_picture', 'stimulus_set': np.int64(1), 'condition_id': 'it_coh', 'condition_name': 'intransitive_cohesive', 'cohesion': 'cohesive', 'transitivity': 'intransitive', 'n_images': np.int64(4), 'img1': 'MainStimuli/017_rest_hang_picture/coh_1.png', 'img1_role': 'coh_1', 'img2': 'MainStimuli/017_rest_hang_picture/coh_2.png', 'img2_role': 'coh_2', 'img3': 'MainStimuli/017_rest_hang_picture/it_target.png', 'img3_role': 'it_target', 'img4': 'MainStimuli/017_rest_hang_picture/end_coh_it.png', 'img4_role': 'end_coh_it', 'between_image': 'BetweenTrials/img-20250813-wa0011.jpg', 'audio_probe': np.int64(0), 'between_audio': None, 'between_audio_lock_sec': np.int64(0), 'source_dataset_folder': '/Users/matveikurzukov/Library/CloudStorage/GoogleDrive-apazent@gmail.com/.shortcut-targets-by-id/1exBA-7XrpLfZc6s8oGNYTbmjGsu5dT6p/Gurung stimuli/17_rest_hang picture', 'thisN': 9, 'thisTrialN': 9, 'thisRepN': 0}>
445.5599 	EXP 	Created unnamed ImageStim = ImageStim(__class__=<class 'psychopy.visual.image.ImageStim'>, anchor=('center', 'center'), autoLog=True, color=array([1., 1., 1.]), colorSpace='rgb', contrast=1.0, depth=0, draggable=False, flipHoriz=np.False_, flipVert=np.False_, image=str(...), interpolate=True, mask=None, maskParams=None, name='unnamed ImageStim', opacity=1, ori=0.0, pos=array([-0.54,  0.  ]), size=array([0.22, 0.35]), texRes=128, units='height', win=Window(...))
445.5856 	EXP 	Created unnamed ImageStim = ImageStim(__class__=<class 'psychopy.visual.image.ImageStim'>, anchor=('center', 'center'), autoLog=True, color=array([1., 1., 1.]), colorSpace='rgb', contrast=1.0, depth=0, draggable=False, flipHoriz=np.False_, flipVert=np.False_, image=str(...), interpolate=True, mask=None, maskParams=None, name='unnamed ImageStim', opacity=1, ori=0.0, pos=array([-0.27,  0.  ]), size=array([0.22, 0.35]), texRes=128, units='height', win=Window(...))
445.6095 	EXP 	Created unnamed ImageStim = ImageStim(__class__=<class 'psychopy.visual.image.ImageStim'>, anchor=('center', 'center'), autoLog=True, color=array([1., 1., 1.]), colorSpace='rgb', contrast=1.0, depth=0, draggable=False, flipHoriz=np.False_, flipVert=np.False_, image=str(...), interpolate=True, mask=None, maskParams=None, name='unnamed ImageStim', opacity=1, ori=0.0, pos=array([0., 0.]), size=array([0.22, 0.35]), texRes=128, units='height', win=Window(...))
445.6344 	EXP 	Created unnamed ImageStim = ImageStim(__class__=<class 'psychopy.visual.image.ImageStim'>, anchor=('center', 'center'), autoLog=True, color=array([1., 1., 1.]), colorSpace='rgb', contrast=1.0, depth=0, draggable=False, flipHoriz=np.False_, flipVert=np.False_, image=str(...), interpolate=True, mask=None, maskParams=None, name='unnamed ImageStim', opacity=1, ori=0.0, pos=array([0.27, 0.  ]), size=array([0.22, 0.35]), texRes=128, units='height', win=Window(...))
445.6469 	EXP 	Created unnamed ImageStim = ImageStim(__class__=<class 'psychopy.visual.image.ImageStim'>, anchor=('center', 'center'), autoLog=True, color=array([1., 1., 1.]), colorSpace='rgb', contrast=1.0, depth=0, draggable=False, flipHoriz=np.False_, flipVert=np.False_, image=str(...), interpolate=True, mask=None, maskParams=None, name='unnamed ImageStim', opacity=1, ori=0.0, pos=array([-0.405,  0.   ]), size=array([0.035, 0.035]), texRes=128, units='height', win=Window(...))
445.6594 	EXP 	Created unnamed ImageStim = ImageStim(__class__=<class 'psychopy.visual.image.ImageStim'>, anchor=('center', 'center'), autoLog=True, color=array([1., 1., 1.]), colorSpace='rgb', contrast=1.0, depth=0, draggable=False, flipHoriz=np.False_, flipVert=np.False_, image=str(...), interpolate=True, mask=None, maskParams=None, name='unnamed ImageStim', opacity=1, ori=0.0, pos=array([-0.135,  0.   ]), size=array([0.035, 0.035]), texRes=128, units='height', win=Window(...))
445.6720 	EXP 	Created unnamed ImageStim = ImageStim(__class__=<class 'psychopy.visual.image.ImageStim'>, anchor=('center', 'center'), autoLog=True, color=array([1., 1., 1.]), colorSpace='rgb', contrast=1.0, depth=0, draggable=False, flipHoriz=np.False_, flipVert=np.False_, image=str(...), interpolate=True, mask=None, maskParams=None, name='unnamed ImageStim', opacity=1, ori=0.0, pos=array([0.135, 0.   ]), size=array([0.035, 0.035]), texRes=128, units='height', win=Window(...))
445.6944 	EXP 	MainTrial_keep_alive: autoDraw = False
445.6944 	EXP 	MainTrial_keep_alive: autoDraw = True
445.7200 	DATA 	Keypress: space
445.7644 	DATA 	Mouse: wheel shift=(0,0), pos=(409,755)
445.8647 	DATA 	Mouse: wheel shift=(0,0), pos=(409,755)
445.9534 	DATA 	Keypress: space
445.9809 	DATA 	Mouse: wheel shift=(0,0), pos=(409,755)
446.0477 	DATA 	Mouse: wheel shift=(0,0), pos=(409,755)
446.1656 	DATA 	Keypress: space
446.1985 	DATA 	Mouse: wheel shift=(0,0), pos=(409,755)
446.2817 	DATA 	Mouse: wheel shift=(0,0), pos=(409,755)
446.3695 	DATA 	Keypress: space
446.3976 	DATA 	Mouse: wheel shift=(0,0), pos=(409,755)
446.4648 	DATA 	Mouse: wheel shift=(0,0), pos=(409,755)
446.5990 	DATA 	Keypress: space
446.6525 	EXP 	New trial (rep=0, index=10): <Trial 10 (10 in rep 0) data={'trial_id': 'd020_set1_tr_ic', 'random_order': np.int64(91), 'dataset_number': np.int64(20), 'dataset_slug': '020_come_plant_sapling', 'dataset_label': 'come_plant_sapling', 'stimulus_set': np.int64(1), 'condition_id': 'tr_ic', 'condition_name': 'transitive_incohesive', 'cohesion': 'incohesive', 'transitivity': 'transitive', 'n_images': np.int64(3), 'img1': 'MainStimuli/020_come_plant_sapling/ic_1.png', 'img1_role': 'ic_1', 'img2': 'MainStimuli/020_come_plant_sapling/tr_target.png', 'img2_role': 'tr_target', 'img3': 'MainStimuli/020_come_plant_sapling/end_ic_tr.png', 'img3_role': 'end_ic_tr', 'img4': None, 'img4_role': None, 'between_image': 'BetweenTrials/img-20250813-wa0011.jpg', 'audio_probe': np.int64(1), 'between_audio': 'Audio/tsakyali.wav', 'between_audio_lock_sec': np.int64(10), 'source_dataset_folder': '/Users/matveikurzukov/Library/CloudStorage/GoogleDrive-apazent@gmail.com/.shortcut-targets-by-id/1exBA-7XrpLfZc6s8oGNYTbmjGsu5dT6p/Gurung stimuli/20_come_plant sapling', 'thisN': 10, 'thisTrialN': 10, 'thisRepN': 0}>
446.6811 	EXP 	Created unnamed ImageStim = ImageStim(__class__=<class 'psychopy.visual.image.ImageStim'>, anchor=('center', 'center'), autoLog=True, color=array([1., 1., 1.]), colorSpace='rgb', contrast=1.0, depth=0, draggable=False, flipHoriz=np.False_, flipVert=np.False_, image=str(...), interpolate=True, mask=None, maskParams=None, name='unnamed ImageStim', opacity=1, ori=0.0, pos=array([-0.27,  0.  ]), size=array([0.22, 0.35]), texRes=128, units='height', win=Window(...))
446.7066 	EXP 	Created unnamed ImageStim = ImageStim(__class__=<class 'psychopy.visual.image.ImageStim'>, anchor=('center', 'center'), autoLog=True, color=array([1., 1., 1.]), colorSpace='rgb', contrast=1.0, depth=0, draggable=False, flipHoriz=np.False_, flipVert=np.False_, image=str(...), interpolate=True, mask=None, maskParams=None, name='unnamed ImageStim', opacity=1, ori=0.0, pos=array([0., 0.]), size=array([0.22, 0.35]), texRes=128, units='height', win=Window(...))
446.7336 	EXP 	Created unnamed ImageStim = ImageStim(__class__=<class 'psychopy.visual.image.ImageStim'>, anchor=('center', 'center'), autoLog=True, color=array([1., 1., 1.]), colorSpace='rgb', contrast=1.0, depth=0, draggable=False, flipHoriz=np.False_, flipVert=np.False_, image=str(...), interpolate=True, mask=None, maskParams=None, name='unnamed ImageStim', opacity=1, ori=0.0, pos=array([0.27, 0.  ]), size=array([0.22, 0.35]), texRes=128, units='height', win=Window(...))
446.7462 	EXP 	Created unnamed ImageStim = ImageStim(__class__=<class 'psychopy.visual.image.ImageStim'>, anchor=('center', 'center'), autoLog=True, color=array([1., 1., 1.]), colorSpace='rgb', contrast=1.0, depth=0, draggable=False, flipHoriz=np.False_, flipVert=np.False_, image=str(...), interpolate=True, mask=None, maskParams=None, name='unnamed ImageStim', opacity=1, ori=0.0, pos=array([-0.135,  0.   ]), size=array([0.035, 0.035]), texRes=128, units='height', win=Window(...))
446.7588 	EXP 	Created unnamed ImageStim = ImageStim(__class__=<class 'psychopy.visual.image.ImageStim'>, anchor=('center', 'center'), autoLog=True, color=array([1., 1., 1.]), colorSpace='rgb', contrast=1.0, depth=0, draggable=False, flipHoriz=np.False_, flipVert=np.False_, image=str(...), interpolate=True, mask=None, maskParams=None, name='unnamed ImageStim', opacity=1, ori=0.0, pos=array([0.135, 0.   ]), size=array([0.035, 0.035]), texRes=128, units='height', win=Window(...))
446.8068 	EXP 	: sampleRate = 48000
446.8068 	EXP 	: channels = None
446.8071 	EXP 	: sampleRate = 48000
446.8076 	EXP 	Sound  reached end of file
446.8076 	EXP 	Playing sound  on speaker MacBook Air Speakers
446.8081 	DATA 	Mouse: wheel shift=(0,0), pos=(409,755)
446.8086 	DATA 	Mouse: wheel shift=(0,0), pos=(409,755)
446.8168 	DATA 	Keypress: space
446.8277 	EXP 	MainTrial_keep_alive: autoDraw = False
446.8277 	EXP 	MainTrial_keep_alive: autoDraw = True
446.8495 	DATA 	Mouse: wheel shift=(0,0), pos=(409,755)
446.9144 	DATA 	Mouse: wheel shift=(0,0), pos=(409,755)
447.0695 	DATA 	Keypress: space
447.0988 	DATA 	Mouse: wheel shift=(0,0), pos=(409,755)
447.1815 	DATA 	Mouse: wheel shift=(0,0), pos=(409,755)
448.2395 	DATA 	Keypress: space
448.3155 	DATA 	Mouse: wheel shift=(0,0), pos=(409,755)
448.3823 	DATA 	Mouse: wheel shift=(0,0), pos=(409,755)
448.7090 	DATA 	Keypress: space
448.9489 	DATA 	Mouse: wheel shift=(0,0), pos=(409,755)
449.0157 	DATA 	Mouse: wheel shift=(0,0), pos=(409,755)
449.0974 	DATA 	Keypress: space
449.2897 	DATA 	Keypress: space
449.3311 	DATA 	Mouse: wheel shift=(0,0), pos=(409,755)
449.4501 	DATA 	Mouse: wheel shift=(0,0), pos=(409,755)
449.5006 	DATA 	Keypress: space
449.5833 	DATA 	Mouse: wheel shift=(0,0), pos=(409,755)
449.6491 	DATA 	Mouse: wheel shift=(0,0), pos=(409,755)
449.6903 	DATA 	Keypress: space
449.7976 	DATA 	Mouse: wheel shift=(0,0), pos=(409,755)
449.8658 	DATA 	Mouse: wheel shift=(0,0), pos=(409,755)
449.9164 	DATA 	Keypress: space
450.0156 	DATA 	Mouse: wheel shift=(0,0), pos=(409,755)
450.2225 	DATA 	Keypress: space
450.4185 	DATA 	Keypress: space
450.6340 	DATA 	Keypress: space
451.0166 	DATA 	Keypress: space
451.2670 	DATA 	Keypress: space
451.5069 	DATA 	Keypress: space
451.8202 	DATA 	Keypress: space
452.2207 	DATA 	Keypress: space
452.4660 	DATA 	Keypress: space
452.7031 	DATA 	Keypress: space
452.9499 	DATA 	Keypress: space
453.1811 	DATA 	Keypress: space
453.4292 	DATA 	Keypress: space
453.6395 	DATA 	Keypress: space
453.8701 	DATA 	Keypress: space
454.1041 	DATA 	Keypress: space
454.3519 	DATA 	Keypress: space
454.6173 	DATA 	Keypress: space
454.8670 	DATA 	Keypress: space
455.0992 	DATA 	Keypress: space
455.3491 	DATA 	Keypress: space
455.5735 	DATA 	Keypress: space
455.7993 	DATA 	Keypress: space
456.0896 	DATA 	Keypress: space
456.3219 	DATA 	Keypress: space
456.5488 	DATA 	Keypress: space
456.8159 	DATA 	Keypress: space
456.8276 	EXP 	Sound  stopped
457.0814 	DATA 	Keypress: space
457.2491 	DATA 	Keypress: space
457.5136 	DATA 	Keypress: space
457.5543 	EXP 	New trial (rep=0, index=11): <Trial 11 (11 in rep 0) data={'trial_id': 'd015_set1_tr_ic', 'random_order': np.int64(92), 'dataset_number': np.int64(15), 'dataset_slug': '015_smile_clean_wall', 'dataset_label': 'smile_clean_wall', 'stimulus_set': np.int64(1), 'condition_id': 'tr_ic', 'condition_name': 'transitive_incohesive', 'cohesion': 'incohesive', 'transitivity': 'transitive', 'n_images': np.int64(3), 'img1': 'MainStimuli/015_smile_clean_wall/ic_1.png', 'img1_role': 'ic_1', 'img2': 'MainStimuli/015_smile_clean_wall/tr_target.png', 'img2_role': 'tr_target', 'img3': 'MainStimuli/015_smile_clean_wall/end_ic_tr.png', 'img3_role': 'end_ic_tr', 'img4': None, 'img4_role': None, 'between_image': 'BetweenTrials/img_20260522_165652.jpg', 'audio_probe': np.int64(0), 'between_audio': None, 'between_audio_lock_sec': np.int64(0), 'source_dataset_folder': '/Users/matveikurzukov/Library/CloudStorage/GoogleDrive-apazent@gmail.com/.shortcut-targets-by-id/1exBA-7XrpLfZc6s8oGNYTbmjGsu5dT6p/Gurung stimuli/15_smile_clean wall', 'thisN': 11, 'thisTrialN': 11, 'thisRepN': 0}>
457.5816 	EXP 	Created unnamed ImageStim = ImageStim(__class__=<class 'psychopy.visual.image.ImageStim'>, anchor=('center', 'center'), autoLog=True, color=array([1., 1., 1.]), colorSpace='rgb', contrast=1.0, depth=0, draggable=False, flipHoriz=np.False_, flipVert=np.False_, image=str(...), interpolate=True, mask=None, maskParams=None, name='unnamed ImageStim', opacity=1, ori=0.0, pos=array([-0.27,  0.  ]), size=array([0.22, 0.35]), texRes=128, units='height', win=Window(...))
457.6095 	EXP 	Created unnamed ImageStim = ImageStim(__class__=<class 'psychopy.visual.image.ImageStim'>, anchor=('center', 'center'), autoLog=True, color=array([1., 1., 1.]), colorSpace='rgb', contrast=1.0, depth=0, draggable=False, flipHoriz=np.False_, flipVert=np.False_, image=str(...), interpolate=True, mask=None, maskParams=None, name='unnamed ImageStim', opacity=1, ori=0.0, pos=array([0., 0.]), size=array([0.22, 0.35]), texRes=128, units='height', win=Window(...))
457.6346 	EXP 	Created unnamed ImageStim = ImageStim(__class__=<class 'psychopy.visual.image.ImageStim'>, anchor=('center', 'center'), autoLog=True, color=array([1., 1., 1.]), colorSpace='rgb', contrast=1.0, depth=0, draggable=False, flipHoriz=np.False_, flipVert=np.False_, image=str(...), interpolate=True, mask=None, maskParams=None, name='unnamed ImageStim', opacity=1, ori=0.0, pos=array([0.27, 0.  ]), size=array([0.22, 0.35]), texRes=128, units='height', win=Window(...))
457.6472 	EXP 	Created unnamed ImageStim = ImageStim(__class__=<class 'psychopy.visual.image.ImageStim'>, anchor=('center', 'center'), autoLog=True, color=array([1., 1., 1.]), colorSpace='rgb', contrast=1.0, depth=0, draggable=False, flipHoriz=np.False_, flipVert=np.False_, image=str(...), interpolate=True, mask=None, maskParams=None, name='unnamed ImageStim', opacity=1, ori=0.0, pos=array([-0.135,  0.   ]), size=array([0.035, 0.035]), texRes=128, units='height', win=Window(...))
457.6597 	EXP 	Created unnamed ImageStim = ImageStim(__class__=<class 'psychopy.visual.image.ImageStim'>, anchor=('center', 'center'), autoLog=True, color=array([1., 1., 1.]), colorSpace='rgb', contrast=1.0, depth=0, draggable=False, flipHoriz=np.False_, flipVert=np.False_, image=str(...), interpolate=True, mask=None, maskParams=None, name='unnamed ImageStim', opacity=1, ori=0.0, pos=array([0.135, 0.   ]), size=array([0.035, 0.035]), texRes=128, units='height', win=Window(...))
457.6773 	EXP 	MainTrial_keep_alive: autoDraw = False
457.6773 	EXP 	MainTrial_keep_alive: autoDraw = True
457.7341 	DATA 	Keypress: space
457.9824 	DATA 	Keypress: space
458.2218 	DATA 	Keypress: space
458.2988 	DATA 	Mouse: Left button down, pos=(409,755)
458.3139 	DATA 	Mouse:  Left button up, pos=(409,755)
458.4280 	DATA 	Keypress: space
458.4711 	EXP 	New trial (rep=0, index=12): <Trial 12 (12 in rep 0) data={'trial_id': 'd011_set1_tr_coh', 'random_order': np.int64(93), 'dataset_number': np.int64(11), 'dataset_slug': '011_ascend_wipe_plate', 'dataset_label': 'ascend_wipe_plate', 'stimulus_set': np.int64(1), 'condition_id': 'tr_coh', 'condition_name': 'transitive_cohesive', 'cohesion': 'cohesive', 'transitivity': 'transitive', 'n_images': np.int64(3), 'img1': 'MainStimuli/011_ascend_wipe_plate/coh_1.png', 'img1_role': 'coh_1', 'img2': 'MainStimuli/011_ascend_wipe_plate/coh_2.png', 'img2_role': 'coh_2', 'img3': 'MainStimuli/011_ascend_wipe_plate/tr_target.png', 'img3_role': 'tr_target', 'img4': None, 'img4_role': None, 'between_image': 'BetweenTrials/img_20260522_165652.jpg', 'audio_probe': np.int64(0), 'between_audio': None, 'between_audio_lock_sec': np.int64(0), 'source_dataset_folder': '/Users/matveikurzukov/Library/CloudStorage/GoogleDrive-apazent@gmail.com/.shortcut-targets-by-id/1exBA-7XrpLfZc6s8oGNYTbmjGsu5dT6p/Gurung stimuli/11_ascend_wipe plate', 'thisN': 12, 'thisTrialN': 12, 'thisRepN': 0}>
458.4989 	EXP 	Created unnamed ImageStim = ImageStim(__class__=<class 'psychopy.visual.image.ImageStim'>, anchor=('center', 'center'), autoLog=True, color=array([1., 1., 1.]), colorSpace='rgb', contrast=1.0, depth=0, draggable=False, flipHoriz=np.False_, flipVert=np.False_, image=str(...), interpolate=True, mask=None, maskParams=None, name='unnamed ImageStim', opacity=1, ori=0.0, pos=array([-0.54,  0.  ]), size=array([0.22, 0.35]), texRes=128, units='height', win=Window(...))
458.5234 	EXP 	Created unnamed ImageStim = ImageStim(__class__=<class 'psychopy.visual.image.ImageStim'>, anchor=('center', 'center'), autoLog=True, color=array([1., 1., 1.]), colorSpace='rgb', contrast=1.0, depth=0, draggable=False, flipHoriz=np.False_, flipVert=np.False_, image=str(...), interpolate=True, mask=None, maskParams=None, name='unnamed ImageStim', opacity=1, ori=0.0, pos=array([-0.27,  0.  ]), size=array([0.22, 0.35]), texRes=128, units='height', win=Window(...))
458.5469 	EXP 	Created unnamed ImageStim = ImageStim(__class__=<class 'psychopy.visual.image.ImageStim'>, anchor=('center', 'center'), autoLog=True, color=array([1., 1., 1.]), colorSpace='rgb', contrast=1.0, depth=0, draggable=False, flipHoriz=np.False_, flipVert=np.False_, image=str(...), interpolate=True, mask=None, maskParams=None, name='unnamed ImageStim', opacity=1, ori=0.0, pos=array([0., 0.]), size=array([0.22, 0.35]), texRes=128, units='height', win=Window(...))
458.5596 	EXP 	Created unnamed ImageStim = ImageStim(__class__=<class 'psychopy.visual.image.ImageStim'>, anchor=('center', 'center'), autoLog=True, color=array([1., 1., 1.]), colorSpace='rgb', contrast=1.0, depth=0, draggable=False, flipHoriz=np.False_, flipVert=np.False_, image=str(...), interpolate=True, mask=None, maskParams=None, name='unnamed ImageStim', opacity=1, ori=0.0, pos=array([-0.405,  0.   ]), size=array([0.035, 0.035]), texRes=128, units='height', win=Window(...))
458.5721 	EXP 	Created unnamed ImageStim = ImageStim(__class__=<class 'psychopy.visual.image.ImageStim'>, anchor=('center', 'center'), autoLog=True, color=array([1., 1., 1.]), colorSpace='rgb', contrast=1.0, depth=0, draggable=False, flipHoriz=np.False_, flipVert=np.False_, image=str(...), interpolate=True, mask=None, maskParams=None, name='unnamed ImageStim', opacity=1, ori=0.0, pos=array([-0.135,  0.   ]), size=array([0.035, 0.035]), texRes=128, units='height', win=Window(...))
458.5729 	DATA 	Mouse: Left button down, pos=(409,755)
458.5733 	DATA 	Mouse:  Left button up, pos=(409,755)
458.5939 	EXP 	MainTrial_keep_alive: autoDraw = False
458.5939 	EXP 	MainTrial_keep_alive: autoDraw = True
458.6496 	DATA 	Keypress: space
458.7146 	DATA 	Mouse: Left button down, pos=(409,755)
458.7148 	DATA 	Mouse:  Left button up, pos=(409,755)
458.8635 	DATA 	Keypress: space
459.0661 	DATA 	Keypress: space
459.2659 	DATA 	Keypress: space
459.3205 	EXP 	New trial (rep=0, index=13): <Trial 13 (13 in rep 0) data={'trial_id': 'd025_set1_it_ic', 'random_order': np.int64(94), 'dataset_number': np.int64(25), 'dataset_slug': '025_yawn_lock_door', 'dataset_label': 'yawn_lock_door', 'stimulus_set': np.int64(1), 'condition_id': 'it_ic', 'condition_name': 'intransitive_incohesive', 'cohesion': 'incohesive', 'transitivity': 'intransitive', 'n_images': np.int64(3), 'img1': 'MainStimuli/025_yawn_lock_door/ic_1.png', 'img1_role': 'ic_1', 'img2': 'MainStimuli/025_yawn_lock_door/it_target.png', 'img2_role': 'it_target', 'img3': 'MainStimuli/025_yawn_lock_door/end_ic_it.png', 'img3_role': 'end_ic_it', 'img4': None, 'img4_role': None, 'between_image': 'BetweenTrials/1752221806065.jpg', 'audio_probe': np.int64(0), 'between_audio': None, 'between_audio_lock_sec': np.int64(0), 'source_dataset_folder': '/Users/matveikurzukov/Library/CloudStorage/GoogleDrive-apazent@gmail.com/.shortcut-targets-by-id/1exBA-7XrpLfZc6s8oGNYTbmjGsu5dT6p/Gurung stimuli/25_yawn_lock door', 'thisN': 13, 'thisTrialN': 13, 'thisRepN': 0}>
459.3460 	EXP 	Created unnamed ImageStim = ImageStim(__class__=<class 'psychopy.visual.image.ImageStim'>, anchor=('center', 'center'), autoLog=True, color=array([1., 1., 1.]), colorSpace='rgb', contrast=1.0, depth=0, draggable=False, flipHoriz=np.False_, flipVert=np.False_, image=str(...), interpolate=True, mask=None, maskParams=None, name='unnamed ImageStim', opacity=1, ori=0.0, pos=array([-0.27,  0.  ]), size=array([0.22, 0.35]), texRes=128, units='height', win=Window(...))
459.3713 	EXP 	Created unnamed ImageStim = ImageStim(__class__=<class 'psychopy.visual.image.ImageStim'>, anchor=('center', 'center'), autoLog=True, color=array([1., 1., 1.]), colorSpace='rgb', contrast=1.0, depth=0, draggable=False, flipHoriz=np.False_, flipVert=np.False_, image=str(...), interpolate=True, mask=None, maskParams=None, name='unnamed ImageStim', opacity=1, ori=0.0, pos=array([0., 0.]), size=array([0.22, 0.35]), texRes=128, units='height', win=Window(...))
459.3986 	EXP 	Created unnamed ImageStim = ImageStim(__class__=<class 'psychopy.visual.image.ImageStim'>, anchor=('center', 'center'), autoLog=True, color=array([1., 1., 1.]), colorSpace='rgb', contrast=1.0, depth=0, draggable=False, flipHoriz=np.False_, flipVert=np.False_, image=str(...), interpolate=True, mask=None, maskParams=None, name='unnamed ImageStim', opacity=1, ori=0.0, pos=array([0.27, 0.  ]), size=array([0.22, 0.35]), texRes=128, units='height', win=Window(...))
459.4117 	EXP 	Created unnamed ImageStim = ImageStim(__class__=<class 'psychopy.visual.image.ImageStim'>, anchor=('center', 'center'), autoLog=True, color=array([1., 1., 1.]), colorSpace='rgb', contrast=1.0, depth=0, draggable=False, flipHoriz=np.False_, flipVert=np.False_, image=str(...), interpolate=True, mask=None, maskParams=None, name='unnamed ImageStim', opacity=1, ori=0.0, pos=array([-0.135,  0.   ]), size=array([0.035, 0.035]), texRes=128, units='height', win=Window(...))
459.4246 	EXP 	Created unnamed ImageStim = ImageStim(__class__=<class 'psychopy.visual.image.ImageStim'>, anchor=('center', 'center'), autoLog=True, color=array([1., 1., 1.]), colorSpace='rgb', contrast=1.0, depth=0, draggable=False, flipHoriz=np.False_, flipVert=np.False_, image=str(...), interpolate=True, mask=None, maskParams=None, name='unnamed ImageStim', opacity=1, ori=0.0, pos=array([0.135, 0.   ]), size=array([0.035, 0.035]), texRes=128, units='height', win=Window(...))
459.4440 	EXP 	MainTrial_keep_alive: autoDraw = False
459.4440 	EXP 	MainTrial_keep_alive: autoDraw = True
459.4503 	DATA 	Keypress: space
459.6581 	DATA 	Keypress: space
459.8979 	DATA 	Keypress: space
460.0823 	DATA 	Keypress: space
460.1357 	EXP 	New trial (rep=0, index=14): <Trial 14 (14 in rep 0) data={'trial_id': 'd016_set1_tr_coh', 'random_order': np.int64(95), 'dataset_number': np.int64(16), 'dataset_slug': '016_sleep_wash_dish', 'dataset_label': 'sleep_wash_dish', 'stimulus_set': np.int64(1), 'condition_id': 'tr_coh', 'condition_name': 'transitive_cohesive', 'cohesion': 'cohesive', 'transitivity': 'transitive', 'n_images': np.int64(3), 'img1': 'MainStimuli/016_sleep_wash_dish/coh_1.png', 'img1_role': 'coh_1', 'img2': 'MainStimuli/016_sleep_wash_dish/coh_2.png', 'img2_role': 'coh_2', 'img3': 'MainStimuli/016_sleep_wash_dish/tr_target.png', 'img3_role': 'tr_target', 'img4': None, 'img4_role': None, 'between_image': 'BetweenTrials/1752221806065.jpg', 'audio_probe': np.int64(0), 'between_audio': None, 'between_audio_lock_sec': np.int64(0), 'source_dataset_folder': '/Users/matveikurzukov/Library/CloudStorage/GoogleDrive-apazent@gmail.com/.shortcut-targets-by-id/1exBA-7XrpLfZc6s8oGNYTbmjGsu5dT6p/Gurung stimuli/16_sleep_wash dish', 'thisN': 14, 'thisTrialN': 14, 'thisRepN': 0}>
460.1649 	EXP 	Created unnamed ImageStim = ImageStim(__class__=<class 'psychopy.visual.image.ImageStim'>, anchor=('center', 'center'), autoLog=True, color=array([1., 1., 1.]), colorSpace='rgb', contrast=1.0, depth=0, draggable=False, flipHoriz=np.False_, flipVert=np.False_, image=str(...), interpolate=True, mask=None, maskParams=None, name='unnamed ImageStim', opacity=1, ori=0.0, pos=array([-0.54,  0.  ]), size=array([0.22, 0.35]), texRes=128, units='height', win=Window(...))
460.1891 	EXP 	Created unnamed ImageStim = ImageStim(__class__=<class 'psychopy.visual.image.ImageStim'>, anchor=('center', 'center'), autoLog=True, color=array([1., 1., 1.]), colorSpace='rgb', contrast=1.0, depth=0, draggable=False, flipHoriz=np.False_, flipVert=np.False_, image=str(...), interpolate=True, mask=None, maskParams=None, name='unnamed ImageStim', opacity=1, ori=0.0, pos=array([-0.27,  0.  ]), size=array([0.22, 0.35]), texRes=128, units='height', win=Window(...))
460.2158 	EXP 	Created unnamed ImageStim = ImageStim(__class__=<class 'psychopy.visual.image.ImageStim'>, anchor=('center', 'center'), autoLog=True, color=array([1., 1., 1.]), colorSpace='rgb', contrast=1.0, depth=0, draggable=False, flipHoriz=np.False_, flipVert=np.False_, image=str(...), interpolate=True, mask=None, maskParams=None, name='unnamed ImageStim', opacity=1, ori=0.0, pos=array([0., 0.]), size=array([0.22, 0.35]), texRes=128, units='height', win=Window(...))
460.2284 	EXP 	Created unnamed ImageStim = ImageStim(__class__=<class 'psychopy.visual.image.ImageStim'>, anchor=('center', 'center'), autoLog=True, color=array([1., 1., 1.]), colorSpace='rgb', contrast=1.0, depth=0, draggable=False, flipHoriz=np.False_, flipVert=np.False_, image=str(...), interpolate=True, mask=None, maskParams=None, name='unnamed ImageStim', opacity=1, ori=0.0, pos=array([-0.405,  0.   ]), size=array([0.035, 0.035]), texRes=128, units='height', win=Window(...))
460.2409 	EXP 	Created unnamed ImageStim = ImageStim(__class__=<class 'psychopy.visual.image.ImageStim'>, anchor=('center', 'center'), autoLog=True, color=array([1., 1., 1.]), colorSpace='rgb', contrast=1.0, depth=0, draggable=False, flipHoriz=np.False_, flipVert=np.False_, image=str(...), interpolate=True, mask=None, maskParams=None, name='unnamed ImageStim', opacity=1, ori=0.0, pos=array([-0.135,  0.   ]), size=array([0.035, 0.035]), texRes=128, units='height', win=Window(...))
460.2605 	EXP 	MainTrial_keep_alive: autoDraw = False
460.2605 	EXP 	MainTrial_keep_alive: autoDraw = True
460.3069 	DATA 	Keypress: space
460.3657 	DATA 	Mouse: Left button down, pos=(409,755)
460.3806 	DATA 	Mouse:  Left button up, pos=(409,755)
460.5347 	DATA 	Keypress: space
460.7593 	DATA 	Keypress: space
460.9652 	DATA 	Keypress: space
461.0185 	EXP 	New trial (rep=0, index=15): <Trial 15 (15 in rep 0) data={'trial_id': 'd014_set1_it_ic', 'random_order': np.int64(96), 'dataset_number': np.int64(14), 'dataset_slug': '014_ascend_weave_raincoat', 'dataset_label': 'ascend_weave_raincoat', 'stimulus_set': np.int64(1), 'condition_id': 'it_ic', 'condition_name': 'intransitive_incohesive', 'cohesion': 'incohesive', 'transitivity': 'intransitive', 'n_images': np.int64(3), 'img1': 'MainStimuli/014_ascend_weave_raincoat/ic_1.png', 'img1_role': 'ic_1', 'img2': 'MainStimuli/014_ascend_weave_raincoat/it_target.png', 'img2_role': 'it_target', 'img3': 'MainStimuli/014_ascend_weave_raincoat/end_ic_it.png', 'img3_role': 'end_ic_it', 'img4': None, 'img4_role': None, 'between_image': 'BetweenTrials/1752221802086.jpg', 'audio_probe': np.int64(0), 'between_audio': None, 'between_audio_lock_sec': np.int64(0), 'source_dataset_folder': '/Users/matveikurzukov/Library/CloudStorage/GoogleDrive-apazent@gmail.com/.shortcut-targets-by-id/1exBA-7XrpLfZc6s8oGNYTbmjGsu5dT6p/Gurung stimuli/14_ascend_weave raincoat', 'thisN': 15, 'thisTrialN': 15, 'thisRepN': 0}>
461.0450 	EXP 	Created unnamed ImageStim = ImageStim(__class__=<class 'psychopy.visual.image.ImageStim'>, anchor=('center', 'center'), autoLog=True, color=array([1., 1., 1.]), colorSpace='rgb', contrast=1.0, depth=0, draggable=False, flipHoriz=np.False_, flipVert=np.False_, image=str(...), interpolate=True, mask=None, maskParams=None, name='unnamed ImageStim', opacity=1, ori=0.0, pos=array([-0.27,  0.  ]), size=array([0.22, 0.35]), texRes=128, units='height', win=Window(...))
461.0755 	EXP 	Created unnamed ImageStim = ImageStim(__class__=<class 'psychopy.visual.image.ImageStim'>, anchor=('center', 'center'), autoLog=True, color=array([1., 1., 1.]), colorSpace='rgb', contrast=1.0, depth=0, draggable=False, flipHoriz=np.False_, flipVert=np.False_, image=str(...), interpolate=True, mask=None, maskParams=None, name='unnamed ImageStim', opacity=1, ori=0.0, pos=array([0., 0.]), size=array([0.22, 0.35]), texRes=128, units='height', win=Window(...))
461.1019 	EXP 	Created unnamed ImageStim = ImageStim(__class__=<class 'psychopy.visual.image.ImageStim'>, anchor=('center', 'center'), autoLog=True, color=array([1., 1., 1.]), colorSpace='rgb', contrast=1.0, depth=0, draggable=False, flipHoriz=np.False_, flipVert=np.False_, image=str(...), interpolate=True, mask=None, maskParams=None, name='unnamed ImageStim', opacity=1, ori=0.0, pos=array([0.27, 0.  ]), size=array([0.22, 0.35]), texRes=128, units='height', win=Window(...))
461.1146 	EXP 	Created unnamed ImageStim = ImageStim(__class__=<class 'psychopy.visual.image.ImageStim'>, anchor=('center', 'center'), autoLog=True, color=array([1., 1., 1.]), colorSpace='rgb', contrast=1.0, depth=0, draggable=False, flipHoriz=np.False_, flipVert=np.False_, image=str(...), interpolate=True, mask=None, maskParams=None, name='unnamed ImageStim', opacity=1, ori=0.0, pos=array([-0.135,  0.   ]), size=array([0.035, 0.035]), texRes=128, units='height', win=Window(...))
461.1273 	EXP 	Created unnamed ImageStim = ImageStim(__class__=<class 'psychopy.visual.image.ImageStim'>, anchor=('center', 'center'), autoLog=True, color=array([1., 1., 1.]), colorSpace='rgb', contrast=1.0, depth=0, draggable=False, flipHoriz=np.False_, flipVert=np.False_, image=str(...), interpolate=True, mask=None, maskParams=None, name='unnamed ImageStim', opacity=1, ori=0.0, pos=array([0.135, 0.   ]), size=array([0.035, 0.035]), texRes=128, units='height', win=Window(...))
461.1440 	EXP 	MainTrial_keep_alive: autoDraw = False
461.1440 	EXP 	MainTrial_keep_alive: autoDraw = True
461.1831 	DATA 	Keypress: space
461.4151 	DATA 	Keypress: space
461.8315 	DATA 	Keypress: space
462.0497 	DATA 	Keypress: space
462.1019 	EXP 	New trial (rep=0, index=16): <Trial 16 (16 in rep 0) data={'trial_id': 'd007_set1_tr_ic', 'random_order': np.int64(97), 'dataset_number': np.int64(7), 'dataset_slug': '007_sit_make_fire', 'dataset_label': 'sit_make_fire', 'stimulus_set': np.int64(1), 'condition_id': 'tr_ic', 'condition_name': 'transitive_incohesive', 'cohesion': 'incohesive', 'transitivity': 'transitive', 'n_images': np.int64(3), 'img1': 'MainStimuli/007_sit_make_fire/ic_1.png', 'img1_role': 'ic_1', 'img2': 'MainStimuli/007_sit_make_fire/tr_target.png', 'img2_role': 'tr_target', 'img3': 'MainStimuli/007_sit_make_fire/end_ic_tr.png', 'img3_role': 'end_ic_tr', 'img4': None, 'img4_role': None, 'between_image': 'BetweenTrials/img-20250813-wa0011.jpg', 'audio_probe': np.int64(0), 'between_audio': None, 'between_audio_lock_sec': np.int64(0), 'source_dataset_folder': '/Users/matveikurzukov/Library/CloudStorage/GoogleDrive-apazent@gmail.com/.shortcut-targets-by-id/1exBA-7XrpLfZc6s8oGNYTbmjGsu5dT6p/Gurung stimuli/7_sit_make fire', 'thisN': 16, 'thisTrialN': 16, 'thisRepN': 0}>
462.1280 	EXP 	Created unnamed ImageStim = ImageStim(__class__=<class 'psychopy.visual.image.ImageStim'>, anchor=('center', 'center'), autoLog=True, color=array([1., 1., 1.]), colorSpace='rgb', contrast=1.0, depth=0, draggable=False, flipHoriz=np.False_, flipVert=np.False_, image=str(...), interpolate=True, mask=None, maskParams=None, name='unnamed ImageStim', opacity=1, ori=0.0, pos=array([-0.27,  0.  ]), size=array([0.22, 0.35]), texRes=128, units='height', win=Window(...))
462.1532 	EXP 	Created unnamed ImageStim = ImageStim(__class__=<class 'psychopy.visual.image.ImageStim'>, anchor=('center', 'center'), autoLog=True, color=array([1., 1., 1.]), colorSpace='rgb', contrast=1.0, depth=0, draggable=False, flipHoriz=np.False_, flipVert=np.False_, image=str(...), interpolate=True, mask=None, maskParams=None, name='unnamed ImageStim', opacity=1, ori=0.0, pos=array([0., 0.]), size=array([0.22, 0.35]), texRes=128, units='height', win=Window(...))
462.1787 	EXP 	Created unnamed ImageStim = ImageStim(__class__=<class 'psychopy.visual.image.ImageStim'>, anchor=('center', 'center'), autoLog=True, color=array([1., 1., 1.]), colorSpace='rgb', contrast=1.0, depth=0, draggable=False, flipHoriz=np.False_, flipVert=np.False_, image=str(...), interpolate=True, mask=None, maskParams=None, name='unnamed ImageStim', opacity=1, ori=0.0, pos=array([0.27, 0.  ]), size=array([0.22, 0.35]), texRes=128, units='height', win=Window(...))
462.1913 	EXP 	Created unnamed ImageStim = ImageStim(__class__=<class 'psychopy.visual.image.ImageStim'>, anchor=('center', 'center'), autoLog=True, color=array([1., 1., 1.]), colorSpace='rgb', contrast=1.0, depth=0, draggable=False, flipHoriz=np.False_, flipVert=np.False_, image=str(...), interpolate=True, mask=None, maskParams=None, name='unnamed ImageStim', opacity=1, ori=0.0, pos=array([-0.135,  0.   ]), size=array([0.035, 0.035]), texRes=128, units='height', win=Window(...))
462.2038 	EXP 	Created unnamed ImageStim = ImageStim(__class__=<class 'psychopy.visual.image.ImageStim'>, anchor=('center', 'center'), autoLog=True, color=array([1., 1., 1.]), colorSpace='rgb', contrast=1.0, depth=0, draggable=False, flipHoriz=np.False_, flipVert=np.False_, image=str(...), interpolate=True, mask=None, maskParams=None, name='unnamed ImageStim', opacity=1, ori=0.0, pos=array([0.135, 0.   ]), size=array([0.035, 0.035]), texRes=128, units='height', win=Window(...))
462.2270 	EXP 	MainTrial_keep_alive: autoDraw = False
462.2270 	EXP 	MainTrial_keep_alive: autoDraw = True
462.3188 	DATA 	Keypress: space
462.5740 	DATA 	Keypress: space
462.8071 	DATA 	Keypress: space
463.0691 	DATA 	Keypress: space
463.1186 	EXP 	New trial (rep=0, index=17): <Trial 17 (17 in rep 0) data={'trial_id': 'd010_set1_tr_coh', 'random_order': np.int64(98), 'dataset_number': np.int64(10), 'dataset_slug': '010_run_cook_pancakes', 'dataset_label': 'run_cook_pancakes', 'stimulus_set': np.int64(1), 'condition_id': 'tr_coh', 'condition_name': 'transitive_cohesive', 'cohesion': 'cohesive', 'transitivity': 'transitive', 'n_images': np.int64(3), 'img1': 'MainStimuli/010_run_cook_pancakes/coh_1.png', 'img1_role': 'coh_1', 'img2': 'MainStimuli/010_run_cook_pancakes/coh_2.png', 'img2_role': 'coh_2', 'img3': 'MainStimuli/010_run_cook_pancakes/tr_target.png', 'img3_role': 'tr_target', 'img4': None, 'img4_role': None, 'between_image': 'BetweenTrials/img_20260522_165652.jpg', 'audio_probe': np.int64(0), 'between_audio': None, 'between_audio_lock_sec': np.int64(0), 'source_dataset_folder': '/Users/matveikurzukov/Library/CloudStorage/GoogleDrive-apazent@gmail.com/.shortcut-targets-by-id/1exBA-7XrpLfZc6s8oGNYTbmjGsu5dT6p/Gurung stimuli/10_run_cook pancakes', 'thisN': 17, 'thisTrialN': 17, 'thisRepN': 0}>
463.1465 	EXP 	Created unnamed ImageStim = ImageStim(__class__=<class 'psychopy.visual.image.ImageStim'>, anchor=('center', 'center'), autoLog=True, color=array([1., 1., 1.]), colorSpace='rgb', contrast=1.0, depth=0, draggable=False, flipHoriz=np.False_, flipVert=np.False_, image=str(...), interpolate=True, mask=None, maskParams=None, name='unnamed ImageStim', opacity=1, ori=0.0, pos=array([-0.54,  0.  ]), size=array([0.22, 0.35]), texRes=128, units='height', win=Window(...))
463.1735 	EXP 	Created unnamed ImageStim = ImageStim(__class__=<class 'psychopy.visual.image.ImageStim'>, anchor=('center', 'center'), autoLog=True, color=array([1., 1., 1.]), colorSpace='rgb', contrast=1.0, depth=0, draggable=False, flipHoriz=np.False_, flipVert=np.False_, image=str(...), interpolate=True, mask=None, maskParams=None, name='unnamed ImageStim', opacity=1, ori=0.0, pos=array([-0.27,  0.  ]), size=array([0.22, 0.35]), texRes=128, units='height', win=Window(...))
463.1975 	EXP 	Created unnamed ImageStim = ImageStim(__class__=<class 'psychopy.visual.image.ImageStim'>, anchor=('center', 'center'), autoLog=True, color=array([1., 1., 1.]), colorSpace='rgb', contrast=1.0, depth=0, draggable=False, flipHoriz=np.False_, flipVert=np.False_, image=str(...), interpolate=True, mask=None, maskParams=None, name='unnamed ImageStim', opacity=1, ori=0.0, pos=array([0., 0.]), size=array([0.22, 0.35]), texRes=128, units='height', win=Window(...))
463.2102 	EXP 	Created unnamed ImageStim = ImageStim(__class__=<class 'psychopy.visual.image.ImageStim'>, anchor=('center', 'center'), autoLog=True, color=array([1., 1., 1.]), colorSpace='rgb', contrast=1.0, depth=0, draggable=False, flipHoriz=np.False_, flipVert=np.False_, image=str(...), interpolate=True, mask=None, maskParams=None, name='unnamed ImageStim', opacity=1, ori=0.0, pos=array([-0.405,  0.   ]), size=array([0.035, 0.035]), texRes=128, units='height', win=Window(...))
463.2227 	EXP 	Created unnamed ImageStim = ImageStim(__class__=<class 'psychopy.visual.image.ImageStim'>, anchor=('center', 'center'), autoLog=True, color=array([1., 1., 1.]), colorSpace='rgb', contrast=1.0, depth=0, draggable=False, flipHoriz=np.False_, flipVert=np.False_, image=str(...), interpolate=True, mask=None, maskParams=None, name='unnamed ImageStim', opacity=1, ori=0.0, pos=array([-0.135,  0.   ]), size=array([0.035, 0.035]), texRes=128, units='height', win=Window(...))
463.2436 	EXP 	MainTrial_keep_alive: autoDraw = False
463.2436 	EXP 	MainTrial_keep_alive: autoDraw = True
463.3211 	DATA 	Keypress: space
463.5850 	DATA 	Keypress: space
463.7813 	DATA 	Keypress: space
463.9874 	DATA 	Keypress: space
464.0353 	EXP 	New trial (rep=0, index=18): <Trial 18 (18 in rep 0) data={'trial_id': 'd017_set1_tr_coh', 'random_order': np.int64(99), 'dataset_number': np.int64(17), 'dataset_slug': '017_rest_hang_picture', 'dataset_label': 'rest_hang_picture', 'stimulus_set': np.int64(1), 'condition_id': 'tr_coh', 'condition_name': 'transitive_cohesive', 'cohesion': 'cohesive', 'transitivity': 'transitive', 'n_images': np.int64(3), 'img1': 'MainStimuli/017_rest_hang_picture/coh_1.png', 'img1_role': 'coh_1', 'img2': 'MainStimuli/017_rest_hang_picture/coh_2.png', 'img2_role': 'coh_2', 'img3': 'MainStimuli/017_rest_hang_picture/tr_target.png', 'img3_role': 'tr_target', 'img4': None, 'img4_role': None, 'between_image': 'BetweenTrials/img_20260522_165652.jpg', 'audio_probe': np.int64(0), 'between_audio': None, 'between_audio_lock_sec': np.int64(0), 'source_dataset_folder': '/Users/matveikurzukov/Library/CloudStorage/GoogleDrive-apazent@gmail.com/.shortcut-targets-by-id/1exBA-7XrpLfZc6s8oGNYTbmjGsu5dT6p/Gurung stimuli/17_rest_hang picture', 'thisN': 18, 'thisTrialN': 18, 'thisRepN': 0}>
464.0587 	EXP 	Created unnamed ImageStim = ImageStim(__class__=<class 'psychopy.visual.image.ImageStim'>, anchor=('center', 'center'), autoLog=True, color=array([1., 1., 1.]), colorSpace='rgb', contrast=1.0, depth=0, draggable=False, flipHoriz=np.False_, flipVert=np.False_, image=str(...), interpolate=True, mask=None, maskParams=None, name='unnamed ImageStim', opacity=1, ori=0.0, pos=array([-0.54,  0.  ]), size=array([0.22, 0.35]), texRes=128, units='height', win=Window(...))
464.0839 	EXP 	Created unnamed ImageStim = ImageStim(__class__=<class 'psychopy.visual.image.ImageStim'>, anchor=('center', 'center'), autoLog=True, color=array([1., 1., 1.]), colorSpace='rgb', contrast=1.0, depth=0, draggable=False, flipHoriz=np.False_, flipVert=np.False_, image=str(...), interpolate=True, mask=None, maskParams=None, name='unnamed ImageStim', opacity=1, ori=0.0, pos=array([-0.27,  0.  ]), size=array([0.22, 0.35]), texRes=128, units='height', win=Window(...))
464.1091 	EXP 	Created unnamed ImageStim = ImageStim(__class__=<class 'psychopy.visual.image.ImageStim'>, anchor=('center', 'center'), autoLog=True, color=array([1., 1., 1.]), colorSpace='rgb', contrast=1.0, depth=0, draggable=False, flipHoriz=np.False_, flipVert=np.False_, image=str(...), interpolate=True, mask=None, maskParams=None, name='unnamed ImageStim', opacity=1, ori=0.0, pos=array([0., 0.]), size=array([0.22, 0.35]), texRes=128, units='height', win=Window(...))
464.1218 	EXP 	Created unnamed ImageStim = ImageStim(__class__=<class 'psychopy.visual.image.ImageStim'>, anchor=('center', 'center'), autoLog=True, color=array([1., 1., 1.]), colorSpace='rgb', contrast=1.0, depth=0, draggable=False, flipHoriz=np.False_, flipVert=np.False_, image=str(...), interpolate=True, mask=None, maskParams=None, name='unnamed ImageStim', opacity=1, ori=0.0, pos=array([-0.405,  0.   ]), size=array([0.035, 0.035]), texRes=128, units='height', win=Window(...))
464.1343 	EXP 	Created unnamed ImageStim = ImageStim(__class__=<class 'psychopy.visual.image.ImageStim'>, anchor=('center', 'center'), autoLog=True, color=array([1., 1., 1.]), colorSpace='rgb', contrast=1.0, depth=0, draggable=False, flipHoriz=np.False_, flipVert=np.False_, image=str(...), interpolate=True, mask=None, maskParams=None, name='unnamed ImageStim', opacity=1, ori=0.0, pos=array([-0.135,  0.   ]), size=array([0.035, 0.035]), texRes=128, units='height', win=Window(...))
464.1603 	EXP 	MainTrial_keep_alive: autoDraw = False
464.1603 	EXP 	MainTrial_keep_alive: autoDraw = True
464.2027 	DATA 	Keypress: space
464.4353 	DATA 	Keypress: space
464.6729 	DATA 	Keypress: space
464.9152 	DATA 	Keypress: space
464.9685 	EXP 	New trial (rep=0, index=19): <Trial 19 (19 in rep 0) data={'trial_id': 'd012_set1_it_ic', 'random_order': np.int64(100), 'dataset_number': np.int64(12), 'dataset_slug': '012_come_eat_rice', 'dataset_label': 'come_eat_rice', 'stimulus_set': np.int64(1), 'condition_id': 'it_ic', 'condition_name': 'intransitive_incohesive', 'cohesion': 'incohesive', 'transitivity': 'intransitive', 'n_images': np.int64(3), 'img1': 'MainStimuli/012_come_eat_rice/ic_1.png', 'img1_role': 'ic_1', 'img2': 'MainStimuli/012_come_eat_rice/it_target.png', 'img2_role': 'it_target', 'img3': 'MainStimuli/012_come_eat_rice/end_ic_it.png', 'img3_role': 'end_ic_it', 'img4': None, 'img4_role': None, 'between_image': 'BetweenTrials/img_20260522_165652.jpg', 'audio_probe': np.int64(0), 'between_audio': None, 'between_audio_lock_sec': np.int64(0), 'source_dataset_folder': '/Users/matveikurzukov/Library/CloudStorage/GoogleDrive-apazent@gmail.com/.shortcut-targets-by-id/1exBA-7XrpLfZc6s8oGNYTbmjGsu5dT6p/Gurung stimuli/12_come_eat rice', 'thisN': 19, 'thisTrialN': 19, 'thisRepN': 0}>
464.9942 	EXP 	Created unnamed ImageStim = ImageStim(__class__=<class 'psychopy.visual.image.ImageStim'>, anchor=('center', 'center'), autoLog=True, color=array([1., 1., 1.]), colorSpace='rgb', contrast=1.0, depth=0, draggable=False, flipHoriz=np.False_, flipVert=np.False_, image=str(...), interpolate=True, mask=None, maskParams=None, name='unnamed ImageStim', opacity=1, ori=0.0, pos=array([-0.27,  0.  ]), size=array([0.22, 0.35]), texRes=128, units='height', win=Window(...))
465.0179 	EXP 	Created unnamed ImageStim = ImageStim(__class__=<class 'psychopy.visual.image.ImageStim'>, anchor=('center', 'center'), autoLog=True, color=array([1., 1., 1.]), colorSpace='rgb', contrast=1.0, depth=0, draggable=False, flipHoriz=np.False_, flipVert=np.False_, image=str(...), interpolate=True, mask=None, maskParams=None, name='unnamed ImageStim', opacity=1, ori=0.0, pos=array([0., 0.]), size=array([0.22, 0.35]), texRes=128, units='height', win=Window(...))
465.0432 	EXP 	Created unnamed ImageStim = ImageStim(__class__=<class 'psychopy.visual.image.ImageStim'>, anchor=('center', 'center'), autoLog=True, color=array([1., 1., 1.]), colorSpace='rgb', contrast=1.0, depth=0, draggable=False, flipHoriz=np.False_, flipVert=np.False_, image=str(...), interpolate=True, mask=None, maskParams=None, name='unnamed ImageStim', opacity=1, ori=0.0, pos=array([0.27, 0.  ]), size=array([0.22, 0.35]), texRes=128, units='height', win=Window(...))
465.0560 	EXP 	Created unnamed ImageStim = ImageStim(__class__=<class 'psychopy.visual.image.ImageStim'>, anchor=('center', 'center'), autoLog=True, color=array([1., 1., 1.]), colorSpace='rgb', contrast=1.0, depth=0, draggable=False, flipHoriz=np.False_, flipVert=np.False_, image=str(...), interpolate=True, mask=None, maskParams=None, name='unnamed ImageStim', opacity=1, ori=0.0, pos=array([-0.135,  0.   ]), size=array([0.035, 0.035]), texRes=128, units='height', win=Window(...))
465.0686 	EXP 	Created unnamed ImageStim = ImageStim(__class__=<class 'psychopy.visual.image.ImageStim'>, anchor=('center', 'center'), autoLog=True, color=array([1., 1., 1.]), colorSpace='rgb', contrast=1.0, depth=0, draggable=False, flipHoriz=np.False_, flipVert=np.False_, image=str(...), interpolate=True, mask=None, maskParams=None, name='unnamed ImageStim', opacity=1, ori=0.0, pos=array([0.135, 0.   ]), size=array([0.035, 0.035]), texRes=128, units='height', win=Window(...))
465.0936 	EXP 	MainTrial_keep_alive: autoDraw = False
465.0936 	EXP 	MainTrial_keep_alive: autoDraw = True
465.1184 	DATA 	Keypress: space
465.3482 	DATA 	Keypress: space
465.5710 	DATA 	Keypress: space
465.7795 	DATA 	Keypress: space
465.8203 	EXP 	New trial (rep=0, index=20): <Trial 20 (20 in rep 0) data={'trial_id': 'd011_set1_it_ic', 'random_order': np.int64(101), 'dataset_number': np.int64(11), 'dataset_slug': '011_ascend_wipe_plate', 'dataset_label': 'ascend_wipe_plate', 'stimulus_set': np.int64(1), 'condition_id': 'it_ic', 'condition_name': 'intransitive_incohesive', 'cohesion': 'incohesive', 'transitivity': 'intransitive', 'n_images': np.int64(3), 'img1': 'MainStimuli/011_ascend_wipe_plate/ic_1.png', 'img1_role': 'ic_1', 'img2': 'MainStimuli/011_ascend_wipe_plate/it_target.png', 'img2_role': 'it_target', 'img3': 'MainStimuli/011_ascend_wipe_plate/end_ic_it.png', 'img3_role': 'end_ic_it', 'img4': None, 'img4_role': None, 'between_image': 'BetweenTrials/1752221802086.jpg', 'audio_probe': np.int64(0), 'between_audio': None, 'between_audio_lock_sec': np.int64(0), 'source_dataset_folder': '/Users/matveikurzukov/Library/CloudStorage/GoogleDrive-apazent@gmail.com/.shortcut-targets-by-id/1exBA-7XrpLfZc6s8oGNYTbmjGsu5dT6p/Gurung stimuli/11_ascend_wipe plate', 'thisN': 20, 'thisTrialN': 20, 'thisRepN': 0}>
465.8464 	EXP 	Created unnamed ImageStim = ImageStim(__class__=<class 'psychopy.visual.image.ImageStim'>, anchor=('center', 'center'), autoLog=True, color=array([1., 1., 1.]), colorSpace='rgb', contrast=1.0, depth=0, draggable=False, flipHoriz=np.False_, flipVert=np.False_, image=str(...), interpolate=True, mask=None, maskParams=None, name='unnamed ImageStim', opacity=1, ori=0.0, pos=array([-0.27,  0.  ]), size=array([0.22, 0.35]), texRes=128, units='height', win=Window(...))
465.8746 	EXP 	Created unnamed ImageStim = ImageStim(__class__=<class 'psychopy.visual.image.ImageStim'>, anchor=('center', 'center'), autoLog=True, color=array([1., 1., 1.]), colorSpace='rgb', contrast=1.0, depth=0, draggable=False, flipHoriz=np.False_, flipVert=np.False_, image=str(...), interpolate=True, mask=None, maskParams=None, name='unnamed ImageStim', opacity=1, ori=0.0, pos=array([0., 0.]), size=array([0.22, 0.35]), texRes=128, units='height', win=Window(...))
465.9016 	EXP 	Created unnamed ImageStim = ImageStim(__class__=<class 'psychopy.visual.image.ImageStim'>, anchor=('center', 'center'), autoLog=True, color=array([1., 1., 1.]), colorSpace='rgb', contrast=1.0, depth=0, draggable=False, flipHoriz=np.False_, flipVert=np.False_, image=str(...), interpolate=True, mask=None, maskParams=None, name='unnamed ImageStim', opacity=1, ori=0.0, pos=array([0.27, 0.  ]), size=array([0.22, 0.35]), texRes=128, units='height', win=Window(...))
465.9142 	EXP 	Created unnamed ImageStim = ImageStim(__class__=<class 'psychopy.visual.image.ImageStim'>, anchor=('center', 'center'), autoLog=True, color=array([1., 1., 1.]), colorSpace='rgb', contrast=1.0, depth=0, draggable=False, flipHoriz=np.False_, flipVert=np.False_, image=str(...), interpolate=True, mask=None, maskParams=None, name='unnamed ImageStim', opacity=1, ori=0.0, pos=array([-0.135,  0.   ]), size=array([0.035, 0.035]), texRes=128, units='height', win=Window(...))
465.9268 	EXP 	Created unnamed ImageStim = ImageStim(__class__=<class 'psychopy.visual.image.ImageStim'>, anchor=('center', 'center'), autoLog=True, color=array([1., 1., 1.]), colorSpace='rgb', contrast=1.0, depth=0, draggable=False, flipHoriz=np.False_, flipVert=np.False_, image=str(...), interpolate=True, mask=None, maskParams=None, name='unnamed ImageStim', opacity=1, ori=0.0, pos=array([0.135, 0.   ]), size=array([0.035, 0.035]), texRes=128, units='height', win=Window(...))
465.9436 	EXP 	MainTrial_keep_alive: autoDraw = False
465.9436 	EXP 	MainTrial_keep_alive: autoDraw = True
466.0014 	DATA 	Keypress: space
466.2189 	DATA 	Keypress: space
466.4519 	DATA 	Keypress: space
466.8708 	DATA 	Keypress: space
466.9187 	EXP 	New trial (rep=0, index=21): <Trial 21 (21 in rep 0) data={'trial_id': 'd018_set1_it_ic', 'random_order': np.int64(102), 'dataset_number': np.int64(18), 'dataset_slug': '018_yawn_put_on_cap', 'dataset_label': 'yawn_put_on_cap', 'stimulus_set': np.int64(1), 'condition_id': 'it_ic', 'condition_name': 'intransitive_incohesive', 'cohesion': 'incohesive', 'transitivity': 'intransitive', 'n_images': np.int64(3), 'img1': 'MainStimuli/018_yawn_put_on_cap/ic_1.png', 'img1_role': 'ic_1', 'img2': 'MainStimuli/018_yawn_put_on_cap/it_target.png', 'img2_role': 'it_target', 'img3': 'MainStimuli/018_yawn_put_on_cap/end_ic_it.png', 'img3_role': 'end_ic_it', 'img4': None, 'img4_role': None, 'between_image': 'BetweenTrials/1752221802086.jpg', 'audio_probe': np.int64(1), 'between_audio': 'Audio/tsakyali.wav', 'between_audio_lock_sec': np.int64(10), 'source_dataset_folder': '/Users/matveikurzukov/Library/CloudStorage/GoogleDrive-apazent@gmail.com/.shortcut-targets-by-id/1exBA-7XrpLfZc6s8oGNYTbmjGsu5dT6p/Gurung stimuli/18_yawn_put on cap', 'thisN': 21, 'thisTrialN': 21, 'thisRepN': 0}>
466.9448 	EXP 	Created unnamed ImageStim = ImageStim(__class__=<class 'psychopy.visual.image.ImageStim'>, anchor=('center', 'center'), autoLog=True, color=array([1., 1., 1.]), colorSpace='rgb', contrast=1.0, depth=0, draggable=False, flipHoriz=np.False_, flipVert=np.False_, image=str(...), interpolate=True, mask=None, maskParams=None, name='unnamed ImageStim', opacity=1, ori=0.0, pos=array([-0.27,  0.  ]), size=array([0.22, 0.35]), texRes=128, units='height', win=Window(...))
466.9700 	EXP 	Created unnamed ImageStim = ImageStim(__class__=<class 'psychopy.visual.image.ImageStim'>, anchor=('center', 'center'), autoLog=True, color=array([1., 1., 1.]), colorSpace='rgb', contrast=1.0, depth=0, draggable=False, flipHoriz=np.False_, flipVert=np.False_, image=str(...), interpolate=True, mask=None, maskParams=None, name='unnamed ImageStim', opacity=1, ori=0.0, pos=array([0., 0.]), size=array([0.22, 0.35]), texRes=128, units='height', win=Window(...))
466.9954 	EXP 	Created unnamed ImageStim = ImageStim(__class__=<class 'psychopy.visual.image.ImageStim'>, anchor=('center', 'center'), autoLog=True, color=array([1., 1., 1.]), colorSpace='rgb', contrast=1.0, depth=0, draggable=False, flipHoriz=np.False_, flipVert=np.False_, image=str(...), interpolate=True, mask=None, maskParams=None, name='unnamed ImageStim', opacity=1, ori=0.0, pos=array([0.27, 0.  ]), size=array([0.22, 0.35]), texRes=128, units='height', win=Window(...))
467.0080 	EXP 	Created unnamed ImageStim = ImageStim(__class__=<class 'psychopy.visual.image.ImageStim'>, anchor=('center', 'center'), autoLog=True, color=array([1., 1., 1.]), colorSpace='rgb', contrast=1.0, depth=0, draggable=False, flipHoriz=np.False_, flipVert=np.False_, image=str(...), interpolate=True, mask=None, maskParams=None, name='unnamed ImageStim', opacity=1, ori=0.0, pos=array([-0.135,  0.   ]), size=array([0.035, 0.035]), texRes=128, units='height', win=Window(...))
467.0205 	EXP 	Created unnamed ImageStim = ImageStim(__class__=<class 'psychopy.visual.image.ImageStim'>, anchor=('center', 'center'), autoLog=True, color=array([1., 1., 1.]), colorSpace='rgb', contrast=1.0, depth=0, draggable=False, flipHoriz=np.False_, flipVert=np.False_, image=str(...), interpolate=True, mask=None, maskParams=None, name='unnamed ImageStim', opacity=1, ori=0.0, pos=array([0.135, 0.   ]), size=array([0.035, 0.035]), texRes=128, units='height', win=Window(...))
467.0666 	EXP 	: sampleRate = 48000
467.0666 	EXP 	: channels = None
467.0668 	EXP 	: sampleRate = 48000
467.0673 	EXP 	Sound  reached end of file
467.0673 	EXP 	Playing sound  on speaker MacBook Air Speakers
467.0935 	EXP 	MainTrial_keep_alive: autoDraw = False
467.0935 	EXP 	MainTrial_keep_alive: autoDraw = True
467.1058 	DATA 	Keypress: space
467.3502 	DATA 	Keypress: space
478.8553 	DATA 	Keypress: space
478.8598 	EXP 	Sound  stopped
479.2817 	DATA 	Keypress: space
479.5221 	DATA 	Keypress: space
479.7610 	DATA 	Keypress: space
479.8041 	EXP 	New trial (rep=0, index=22): <Trial 22 (22 in rep 0) data={'trial_id': 'd023_set1_it_ic', 'random_order': np.int64(103), 'dataset_number': np.int64(23), 'dataset_slug': '023_stand_tear_paper', 'dataset_label': 'stand_tear_paper', 'stimulus_set': np.int64(1), 'condition_id': 'it_ic', 'condition_name': 'intransitive_incohesive', 'cohesion': 'incohesive', 'transitivity': 'intransitive', 'n_images': np.int64(3), 'img1': 'MainStimuli/023_stand_tear_paper/ic_1.png', 'img1_role': 'ic_1', 'img2': 'MainStimuli/023_stand_tear_paper/it_target.png', 'img2_role': 'it_target', 'img3': 'MainStimuli/023_stand_tear_paper/end_ic_it.png', 'img3_role': 'end_ic_it', 'img4': None, 'img4_role': None, 'between_image': 'BetweenTrials/1752221802086.jpg', 'audio_probe': np.int64(0), 'between_audio': None, 'between_audio_lock_sec': np.int64(0), 'source_dataset_folder': '/Users/matveikurzukov/Library/CloudStorage/GoogleDrive-apazent@gmail.com/.shortcut-targets-by-id/1exBA-7XrpLfZc6s8oGNYTbmjGsu5dT6p/Gurung stimuli/23_stand_tear paper', 'thisN': 22, 'thisTrialN': 22, 'thisRepN': 0}>
479.8309 	EXP 	Created unnamed ImageStim = ImageStim(__class__=<class 'psychopy.visual.image.ImageStim'>, anchor=('center', 'center'), autoLog=True, color=array([1., 1., 1.]), colorSpace='rgb', contrast=1.0, depth=0, draggable=False, flipHoriz=np.False_, flipVert=np.False_, image=str(...), interpolate=True, mask=None, maskParams=None, name='unnamed ImageStim', opacity=1, ori=0.0, pos=array([-0.27,  0.  ]), size=array([0.22, 0.35]), texRes=128, units='height', win=Window(...))
479.8576 	EXP 	Created unnamed ImageStim = ImageStim(__class__=<class 'psychopy.visual.image.ImageStim'>, anchor=('center', 'center'), autoLog=True, color=array([1., 1., 1.]), colorSpace='rgb', contrast=1.0, depth=0, draggable=False, flipHoriz=np.False_, flipVert=np.False_, image=str(...), interpolate=True, mask=None, maskParams=None, name='unnamed ImageStim', opacity=1, ori=0.0, pos=array([0., 0.]), size=array([0.22, 0.35]), texRes=128, units='height', win=Window(...))
479.8845 	EXP 	Created unnamed ImageStim = ImageStim(__class__=<class 'psychopy.visual.image.ImageStim'>, anchor=('center', 'center'), autoLog=True, color=array([1., 1., 1.]), colorSpace='rgb', contrast=1.0, depth=0, draggable=False, flipHoriz=np.False_, flipVert=np.False_, image=str(...), interpolate=True, mask=None, maskParams=None, name='unnamed ImageStim', opacity=1, ori=0.0, pos=array([0.27, 0.  ]), size=array([0.22, 0.35]), texRes=128, units='height', win=Window(...))
479.8971 	EXP 	Created unnamed ImageStim = ImageStim(__class__=<class 'psychopy.visual.image.ImageStim'>, anchor=('center', 'center'), autoLog=True, color=array([1., 1., 1.]), colorSpace='rgb', contrast=1.0, depth=0, draggable=False, flipHoriz=np.False_, flipVert=np.False_, image=str(...), interpolate=True, mask=None, maskParams=None, name='unnamed ImageStim', opacity=1, ori=0.0, pos=array([-0.135,  0.   ]), size=array([0.035, 0.035]), texRes=128, units='height', win=Window(...))
479.9097 	EXP 	Created unnamed ImageStim = ImageStim(__class__=<class 'psychopy.visual.image.ImageStim'>, anchor=('center', 'center'), autoLog=True, color=array([1., 1., 1.]), colorSpace='rgb', contrast=1.0, depth=0, draggable=False, flipHoriz=np.False_, flipVert=np.False_, image=str(...), interpolate=True, mask=None, maskParams=None, name='unnamed ImageStim', opacity=1, ori=0.0, pos=array([0.135, 0.   ]), size=array([0.035, 0.035]), texRes=128, units='height', win=Window(...))
479.9263 	EXP 	MainTrial_keep_alive: autoDraw = False
479.9263 	EXP 	MainTrial_keep_alive: autoDraw = True
479.9562 	DATA 	Keypress: space
480.1400 	DATA 	Keypress: space
480.3187 	DATA 	Keypress: space
480.5157 	DATA 	Keypress: space
480.5695 	EXP 	New trial (rep=0, index=23): <Trial 23 (23 in rep 0) data={'trial_id': 'd022_set1_tr_coh', 'random_order': np.int64(104), 'dataset_number': np.int64(22), 'dataset_slug': '022_come_push_chest', 'dataset_label': 'come_push_chest', 'stimulus_set': np.int64(1), 'condition_id': 'tr_coh', 'condition_name': 'transitive_cohesive', 'cohesion': 'cohesive', 'transitivity': 'transitive', 'n_images': np.int64(3), 'img1': 'MainStimuli/022_come_push_chest/coh_1.png', 'img1_role': 'coh_1', 'img2': 'MainStimuli/022_come_push_chest/coh_2.png', 'img2_role': 'coh_2', 'img3': 'MainStimuli/022_come_push_chest/tr_target.png', 'img3_role': 'tr_target', 'img4': None, 'img4_role': None, 'between_image': 'BetweenTrials/img_20260522_165652.jpg', 'audio_probe': np.int64(0), 'between_audio': None, 'between_audio_lock_sec': np.int64(0), 'source_dataset_folder': '/Users/matveikurzukov/Library/CloudStorage/GoogleDrive-apazent@gmail.com/.shortcut-targets-by-id/1exBA-7XrpLfZc6s8oGNYTbmjGsu5dT6p/Gurung stimuli/22_come_push chest', 'thisN': 23, 'thisTrialN': 23, 'thisRepN': 0}>
480.5965 	EXP 	Created unnamed ImageStim = ImageStim(__class__=<class 'psychopy.visual.image.ImageStim'>, anchor=('center', 'center'), autoLog=True, color=array([1., 1., 1.]), colorSpace='rgb', contrast=1.0, depth=0, draggable=False, flipHoriz=np.False_, flipVert=np.False_, image=str(...), interpolate=True, mask=None, maskParams=None, name='unnamed ImageStim', opacity=1, ori=0.0, pos=array([-0.54,  0.  ]), size=array([0.22, 0.35]), texRes=128, units='height', win=Window(...))
480.6215 	EXP 	Created unnamed ImageStim = ImageStim(__class__=<class 'psychopy.visual.image.ImageStim'>, anchor=('center', 'center'), autoLog=True, color=array([1., 1., 1.]), colorSpace='rgb', contrast=1.0, depth=0, draggable=False, flipHoriz=np.False_, flipVert=np.False_, image=str(...), interpolate=True, mask=None, maskParams=None, name='unnamed ImageStim', opacity=1, ori=0.0, pos=array([-0.27,  0.  ]), size=array([0.22, 0.35]), texRes=128, units='height', win=Window(...))
480.6475 	EXP 	Created unnamed ImageStim = ImageStim(__class__=<class 'psychopy.visual.image.ImageStim'>, anchor=('center', 'center'), autoLog=True, color=array([1., 1., 1.]), colorSpace='rgb', contrast=1.0, depth=0, draggable=False, flipHoriz=np.False_, flipVert=np.False_, image=str(...), interpolate=True, mask=None, maskParams=None, name='unnamed ImageStim', opacity=1, ori=0.0, pos=array([0., 0.]), size=array([0.22, 0.35]), texRes=128, units='height', win=Window(...))
480.6603 	EXP 	Created unnamed ImageStim = ImageStim(__class__=<class 'psychopy.visual.image.ImageStim'>, anchor=('center', 'center'), autoLog=True, color=array([1., 1., 1.]), colorSpace='rgb', contrast=1.0, depth=0, draggable=False, flipHoriz=np.False_, flipVert=np.False_, image=str(...), interpolate=True, mask=None, maskParams=None, name='unnamed ImageStim', opacity=1, ori=0.0, pos=array([-0.405,  0.   ]), size=array([0.035, 0.035]), texRes=128, units='height', win=Window(...))
480.6728 	EXP 	Created unnamed ImageStim = ImageStim(__class__=<class 'psychopy.visual.image.ImageStim'>, anchor=('center', 'center'), autoLog=True, color=array([1., 1., 1.]), colorSpace='rgb', contrast=1.0, depth=0, draggable=False, flipHoriz=np.False_, flipVert=np.False_, image=str(...), interpolate=True, mask=None, maskParams=None, name='unnamed ImageStim', opacity=1, ori=0.0, pos=array([-0.135,  0.   ]), size=array([0.035, 0.035]), texRes=128, units='height', win=Window(...))
480.6813 	DATA 	Keypress: space
480.6930 	EXP 	MainTrial_keep_alive: autoDraw = False
480.6930 	EXP 	MainTrial_keep_alive: autoDraw = True
480.8639 	DATA 	Keypress: space
481.0475 	DATA 	Keypress: space
481.2377 	DATA 	Keypress: space
481.2887 	EXP 	New trial (rep=0, index=24): <Trial 24 (24 in rep 0) data={'trial_id': 'd010_set1_it_ic', 'random_order': np.int64(105), 'dataset_number': np.int64(10), 'dataset_slug': '010_run_cook_pancakes', 'dataset_label': 'run_cook_pancakes', 'stimulus_set': np.int64(1), 'condition_id': 'it_ic', 'condition_name': 'intransitive_incohesive', 'cohesion': 'incohesive', 'transitivity': 'intransitive', 'n_images': np.int64(3), 'img1': 'MainStimuli/010_run_cook_pancakes/ic_1.png', 'img1_role': 'ic_1', 'img2': 'MainStimuli/010_run_cook_pancakes/it_target.png', 'img2_role': 'it_target', 'img3': 'MainStimuli/010_run_cook_pancakes/end_ic_it.png', 'img3_role': 'end_ic_it', 'img4': None, 'img4_role': None, 'between_image': 'BetweenTrials/1752221806065.jpg', 'audio_probe': np.int64(0), 'between_audio': None, 'between_audio_lock_sec': np.int64(0), 'source_dataset_folder': '/Users/matveikurzukov/Library/CloudStorage/GoogleDrive-apazent@gmail.com/.shortcut-targets-by-id/1exBA-7XrpLfZc6s8oGNYTbmjGsu5dT6p/Gurung stimuli/10_run_cook pancakes', 'thisN': 24, 'thisTrialN': 24, 'thisRepN': 0}>
481.3164 	EXP 	Created unnamed ImageStim = ImageStim(__class__=<class 'psychopy.visual.image.ImageStim'>, anchor=('center', 'center'), autoLog=True, color=array([1., 1., 1.]), colorSpace='rgb', contrast=1.0, depth=0, draggable=False, flipHoriz=np.False_, flipVert=np.False_, image=str(...), interpolate=True, mask=None, maskParams=None, name='unnamed ImageStim', opacity=1, ori=0.0, pos=array([-0.27,  0.  ]), size=array([0.22, 0.35]), texRes=128, units='height', win=Window(...))
481.3434 	EXP 	Created unnamed ImageStim = ImageStim(__class__=<class 'psychopy.visual.image.ImageStim'>, anchor=('center', 'center'), autoLog=True, color=array([1., 1., 1.]), colorSpace='rgb', contrast=1.0, depth=0, draggable=False, flipHoriz=np.False_, flipVert=np.False_, image=str(...), interpolate=True, mask=None, maskParams=None, name='unnamed ImageStim', opacity=1, ori=0.0, pos=array([0., 0.]), size=array([0.22, 0.35]), texRes=128, units='height', win=Window(...))
481.3698 	EXP 	Created unnamed ImageStim = ImageStim(__class__=<class 'psychopy.visual.image.ImageStim'>, anchor=('center', 'center'), autoLog=True, color=array([1., 1., 1.]), colorSpace='rgb', contrast=1.0, depth=0, draggable=False, flipHoriz=np.False_, flipVert=np.False_, image=str(...), interpolate=True, mask=None, maskParams=None, name='unnamed ImageStim', opacity=1, ori=0.0, pos=array([0.27, 0.  ]), size=array([0.22, 0.35]), texRes=128, units='height', win=Window(...))
481.3824 	EXP 	Created unnamed ImageStim = ImageStim(__class__=<class 'psychopy.visual.image.ImageStim'>, anchor=('center', 'center'), autoLog=True, color=array([1., 1., 1.]), colorSpace='rgb', contrast=1.0, depth=0, draggable=False, flipHoriz=np.False_, flipVert=np.False_, image=str(...), interpolate=True, mask=None, maskParams=None, name='unnamed ImageStim', opacity=1, ori=0.0, pos=array([-0.135,  0.   ]), size=array([0.035, 0.035]), texRes=128, units='height', win=Window(...))
481.3950 	EXP 	Created unnamed ImageStim = ImageStim(__class__=<class 'psychopy.visual.image.ImageStim'>, anchor=('center', 'center'), autoLog=True, color=array([1., 1., 1.]), colorSpace='rgb', contrast=1.0, depth=0, draggable=False, flipHoriz=np.False_, flipVert=np.False_, image=str(...), interpolate=True, mask=None, maskParams=None, name='unnamed ImageStim', opacity=1, ori=0.0, pos=array([0.135, 0.   ]), size=array([0.035, 0.035]), texRes=128, units='height', win=Window(...))
481.4096 	EXP 	MainTrial_keep_alive: autoDraw = False
481.4096 	EXP 	MainTrial_keep_alive: autoDraw = True
481.4157 	DATA 	Keypress: space
481.6035 	DATA 	Keypress: space
481.7825 	DATA 	Keypress: space
481.9690 	DATA 	Keypress: space
482.0178 	EXP 	New trial (rep=0, index=25): <Trial 25 (25 in rep 0) data={'trial_id': 'd029_set1_tr_ic', 'random_order': np.int64(106), 'dataset_number': np.int64(29), 'dataset_slug': '029_sit_cut_potato', 'dataset_label': 'sit_cut_potato', 'stimulus_set': np.int64(1), 'condition_id': 'tr_ic', 'condition_name': 'transitive_incohesive', 'cohesion': 'incohesive', 'transitivity': 'transitive', 'n_images': np.int64(3), 'img1': 'MainStimuli/029_sit_cut_potato/ic_1.png', 'img1_role': 'ic_1', 'img2': 'MainStimuli/029_sit_cut_potato/tr_target.png', 'img2_role': 'tr_target', 'img3': 'MainStimuli/029_sit_cut_potato/end_ic_tr.png', 'img3_role': 'end_ic_tr', 'img4': None, 'img4_role': None, 'between_image': 'BetweenTrials/1752221806065.jpg', 'audio_probe': np.int64(0), 'between_audio': None, 'between_audio_lock_sec': np.int64(0), 'source_dataset_folder': '/Users/matveikurzukov/Library/CloudStorage/GoogleDrive-apazent@gmail.com/.shortcut-targets-by-id/1exBA-7XrpLfZc6s8oGNYTbmjGsu5dT6p/Gurung stimuli/29_sit_cut potato', 'thisN': 25, 'thisTrialN': 25, 'thisRepN': 0}>
482.0455 	EXP 	Created unnamed ImageStim = ImageStim(__class__=<class 'psychopy.visual.image.ImageStim'>, anchor=('center', 'center'), autoLog=True, color=array([1., 1., 1.]), colorSpace='rgb', contrast=1.0, depth=0, draggable=False, flipHoriz=np.False_, flipVert=np.False_, image=str(...), interpolate=True, mask=None, maskParams=None, name='unnamed ImageStim', opacity=1, ori=0.0, pos=array([-0.27,  0.  ]), size=array([0.22, 0.35]), texRes=128, units='height', win=Window(...))
482.0703 	EXP 	Created unnamed ImageStim = ImageStim(__class__=<class 'psychopy.visual.image.ImageStim'>, anchor=('center', 'center'), autoLog=True, color=array([1., 1., 1.]), colorSpace='rgb', contrast=1.0, depth=0, draggable=False, flipHoriz=np.False_, flipVert=np.False_, image=str(...), interpolate=True, mask=None, maskParams=None, name='unnamed ImageStim', opacity=1, ori=0.0, pos=array([0., 0.]), size=array([0.22, 0.35]), texRes=128, units='height', win=Window(...))
482.0968 	EXP 	Created unnamed ImageStim = ImageStim(__class__=<class 'psychopy.visual.image.ImageStim'>, anchor=('center', 'center'), autoLog=True, color=array([1., 1., 1.]), colorSpace='rgb', contrast=1.0, depth=0, draggable=False, flipHoriz=np.False_, flipVert=np.False_, image=str(...), interpolate=True, mask=None, maskParams=None, name='unnamed ImageStim', opacity=1, ori=0.0, pos=array([0.27, 0.  ]), size=array([0.22, 0.35]), texRes=128, units='height', win=Window(...))
482.1094 	EXP 	Created unnamed ImageStim = ImageStim(__class__=<class 'psychopy.visual.image.ImageStim'>, anchor=('center', 'center'), autoLog=True, color=array([1., 1., 1.]), colorSpace='rgb', contrast=1.0, depth=0, draggable=False, flipHoriz=np.False_, flipVert=np.False_, image=str(...), interpolate=True, mask=None, maskParams=None, name='unnamed ImageStim', opacity=1, ori=0.0, pos=array([-0.135,  0.   ]), size=array([0.035, 0.035]), texRes=128, units='height', win=Window(...))
482.1219 	EXP 	Created unnamed ImageStim = ImageStim(__class__=<class 'psychopy.visual.image.ImageStim'>, anchor=('center', 'center'), autoLog=True, color=array([1., 1., 1.]), colorSpace='rgb', contrast=1.0, depth=0, draggable=False, flipHoriz=np.False_, flipVert=np.False_, image=str(...), interpolate=True, mask=None, maskParams=None, name='unnamed ImageStim', opacity=1, ori=0.0, pos=array([0.135, 0.   ]), size=array([0.035, 0.035]), texRes=128, units='height', win=Window(...))
482.1368 	DATA 	Keypress: space
482.1430 	EXP 	MainTrial_keep_alive: autoDraw = False
482.1430 	EXP 	MainTrial_keep_alive: autoDraw = True
482.3321 	DATA 	Keypress: space
482.5140 	DATA 	Keypress: space
482.6864 	DATA 	Keypress: space
482.7348 	EXP 	New trial (rep=0, index=26): <Trial 26 (26 in rep 0) data={'trial_id': 'd003_set1_it_coh', 'random_order': np.int64(107), 'dataset_number': np.int64(3), 'dataset_slug': '003_rest_cook_fish', 'dataset_label': 'rest_cook_fish', 'stimulus_set': np.int64(1), 'condition_id': 'it_coh', 'condition_name': 'intransitive_cohesive', 'cohesion': 'cohesive', 'transitivity': 'intransitive', 'n_images': np.int64(4), 'img1': 'MainStimuli/003_rest_cook_fish/coh_1.png', 'img1_role': 'coh_1', 'img2': 'MainStimuli/003_rest_cook_fish/coh_2.png', 'img2_role': 'coh_2', 'img3': 'MainStimuli/003_rest_cook_fish/it_target.png', 'img3_role': 'it_target', 'img4': 'MainStimuli/003_rest_cook_fish/end_coh_it.png', 'img4_role': 'end_coh_it', 'between_image': 'BetweenTrials/1752221802086.jpg', 'audio_probe': np.int64(0), 'between_audio': None, 'between_audio_lock_sec': np.int64(0), 'source_dataset_folder': '/Users/matveikurzukov/Library/CloudStorage/GoogleDrive-apazent@gmail.com/.shortcut-targets-by-id/1exBA-7XrpLfZc6s8oGNYTbmjGsu5dT6p/Gurung stimuli/3_rest_cook fish', 'thisN': 26, 'thisTrialN': 26, 'thisRepN': 0}>
482.7614 	EXP 	Created unnamed ImageStim = ImageStim(__class__=<class 'psychopy.visual.image.ImageStim'>, anchor=('center', 'center'), autoLog=True, color=array([1., 1., 1.]), colorSpace='rgb', contrast=1.0, depth=0, draggable=False, flipHoriz=np.False_, flipVert=np.False_, image=str(...), interpolate=True, mask=None, maskParams=None, name='unnamed ImageStim', opacity=1, ori=0.0, pos=array([-0.54,  0.  ]), size=array([0.22, 0.35]), texRes=128, units='height', win=Window(...))
482.7867 	EXP 	Created unnamed ImageStim = ImageStim(__class__=<class 'psychopy.visual.image.ImageStim'>, anchor=('center', 'center'), autoLog=True, color=array([1., 1., 1.]), colorSpace='rgb', contrast=1.0, depth=0, draggable=False, flipHoriz=np.False_, flipVert=np.False_, image=str(...), interpolate=True, mask=None, maskParams=None, name='unnamed ImageStim', opacity=1, ori=0.0, pos=array([-0.27,  0.  ]), size=array([0.22, 0.35]), texRes=128, units='height', win=Window(...))
482.8130 	EXP 	Created unnamed ImageStim = ImageStim(__class__=<class 'psychopy.visual.image.ImageStim'>, anchor=('center', 'center'), autoLog=True, color=array([1., 1., 1.]), colorSpace='rgb', contrast=1.0, depth=0, draggable=False, flipHoriz=np.False_, flipVert=np.False_, image=str(...), interpolate=True, mask=None, maskParams=None, name='unnamed ImageStim', opacity=1, ori=0.0, pos=array([0., 0.]), size=array([0.22, 0.35]), texRes=128, units='height', win=Window(...))
482.8392 	EXP 	Created unnamed ImageStim = ImageStim(__class__=<class 'psychopy.visual.image.ImageStim'>, anchor=('center', 'center'), autoLog=True, color=array([1., 1., 1.]), colorSpace='rgb', contrast=1.0, depth=0, draggable=False, flipHoriz=np.False_, flipVert=np.False_, image=str(...), interpolate=True, mask=None, maskParams=None, name='unnamed ImageStim', opacity=1, ori=0.0, pos=array([0.27, 0.  ]), size=array([0.22, 0.35]), texRes=128, units='height', win=Window(...))
482.8518 	EXP 	Created unnamed ImageStim = ImageStim(__class__=<class 'psychopy.visual.image.ImageStim'>, anchor=('center', 'center'), autoLog=True, color=array([1., 1., 1.]), colorSpace='rgb', contrast=1.0, depth=0, draggable=False, flipHoriz=np.False_, flipVert=np.False_, image=str(...), interpolate=True, mask=None, maskParams=None, name='unnamed ImageStim', opacity=1, ori=0.0, pos=array([-0.405,  0.   ]), size=array([0.035, 0.035]), texRes=128, units='height', win=Window(...))
482.8644 	EXP 	Created unnamed ImageStim = ImageStim(__class__=<class 'psychopy.visual.image.ImageStim'>, anchor=('center', 'center'), autoLog=True, color=array([1., 1., 1.]), colorSpace='rgb', contrast=1.0, depth=0, draggable=False, flipHoriz=np.False_, flipVert=np.False_, image=str(...), interpolate=True, mask=None, maskParams=None, name='unnamed ImageStim', opacity=1, ori=0.0, pos=array([-0.135,  0.   ]), size=array([0.035, 0.035]), texRes=128, units='height', win=Window(...))
482.8770 	EXP 	Created unnamed ImageStim = ImageStim(__class__=<class 'psychopy.visual.image.ImageStim'>, anchor=('center', 'center'), autoLog=True, color=array([1., 1., 1.]), colorSpace='rgb', contrast=1.0, depth=0, draggable=False, flipHoriz=np.False_, flipVert=np.False_, image=str(...), interpolate=True, mask=None, maskParams=None, name='unnamed ImageStim', opacity=1, ori=0.0, pos=array([0.135, 0.   ]), size=array([0.035, 0.035]), texRes=128, units='height', win=Window(...))
482.8785 	DATA 	Keypress: space
482.8930 	EXP 	MainTrial_keep_alive: autoDraw = False
482.8930 	EXP 	MainTrial_keep_alive: autoDraw = True
482.9638 	DATA 	Mouse: Left button down, pos=(408,755)
482.9641 	DATA 	Mouse:  Left button up, pos=(408,755)
483.0665 	DATA 	Keypress: space
483.2519 	DATA 	Keypress: space
483.4409 	DATA 	Keypress: space
483.6234 	DATA 	Keypress: space
483.8069 	DATA 	Keypress: space
483.8512 	EXP 	New trial (rep=0, index=27): <Trial 27 (27 in rep 0) data={'trial_id': 'd013_set1_tr_coh', 'random_order': np.int64(108), 'dataset_number': np.int64(13), 'dataset_slug': '013_stand_wash_clothes', 'dataset_label': 'stand_wash_clothes', 'stimulus_set': np.int64(1), 'condition_id': 'tr_coh', 'condition_name': 'transitive_cohesive', 'cohesion': 'cohesive', 'transitivity': 'transitive', 'n_images': np.int64(3), 'img1': 'MainStimuli/013_stand_wash_clothes/coh_1.png', 'img1_role': 'coh_1', 'img2': 'MainStimuli/013_stand_wash_clothes/coh_2.png', 'img2_role': 'coh_2', 'img3': 'MainStimuli/013_stand_wash_clothes/tr_target.png', 'img3_role': 'tr_target', 'img4': None, 'img4_role': None, 'between_image': 'BetweenTrials/img_20260522_165652.jpg', 'audio_probe': np.int64(0), 'between_audio': None, 'between_audio_lock_sec': np.int64(0), 'source_dataset_folder': '/Users/matveikurzukov/Library/CloudStorage/GoogleDrive-apazent@gmail.com/.shortcut-targets-by-id/1exBA-7XrpLfZc6s8oGNYTbmjGsu5dT6p/Gurung stimuli/13_stand_wash clothes', 'thisN': 27, 'thisTrialN': 27, 'thisRepN': 0}>
483.8771 	EXP 	Created unnamed ImageStim = ImageStim(__class__=<class 'psychopy.visual.image.ImageStim'>, anchor=('center', 'center'), autoLog=True, color=array([1., 1., 1.]), colorSpace='rgb', contrast=1.0, depth=0, draggable=False, flipHoriz=np.False_, flipVert=np.False_, image=str(...), interpolate=True, mask=None, maskParams=None, name='unnamed ImageStim', opacity=1, ori=0.0, pos=array([-0.54,  0.  ]), size=array([0.22, 0.35]), texRes=128, units='height', win=Window(...))
483.9033 	EXP 	Created unnamed ImageStim = ImageStim(__class__=<class 'psychopy.visual.image.ImageStim'>, anchor=('center', 'center'), autoLog=True, color=array([1., 1., 1.]), colorSpace='rgb', contrast=1.0, depth=0, draggable=False, flipHoriz=np.False_, flipVert=np.False_, image=str(...), interpolate=True, mask=None, maskParams=None, name='unnamed ImageStim', opacity=1, ori=0.0, pos=array([-0.27,  0.  ]), size=array([0.22, 0.35]), texRes=128, units='height', win=Window(...))
483.9275 	EXP 	Created unnamed ImageStim = ImageStim(__class__=<class 'psychopy.visual.image.ImageStim'>, anchor=('center', 'center'), autoLog=True, color=array([1., 1., 1.]), colorSpace='rgb', contrast=1.0, depth=0, draggable=False, flipHoriz=np.False_, flipVert=np.False_, image=str(...), interpolate=True, mask=None, maskParams=None, name='unnamed ImageStim', opacity=1, ori=0.0, pos=array([0., 0.]), size=array([0.22, 0.35]), texRes=128, units='height', win=Window(...))
483.9401 	EXP 	Created unnamed ImageStim = ImageStim(__class__=<class 'psychopy.visual.image.ImageStim'>, anchor=('center', 'center'), autoLog=True, color=array([1., 1., 1.]), colorSpace='rgb', contrast=1.0, depth=0, draggable=False, flipHoriz=np.False_, flipVert=np.False_, image=str(...), interpolate=True, mask=None, maskParams=None, name='unnamed ImageStim', opacity=1, ori=0.0, pos=array([-0.405,  0.   ]), size=array([0.035, 0.035]), texRes=128, units='height', win=Window(...))
483.9526 	EXP 	Created unnamed ImageStim = ImageStim(__class__=<class 'psychopy.visual.image.ImageStim'>, anchor=('center', 'center'), autoLog=True, color=array([1., 1., 1.]), colorSpace='rgb', contrast=1.0, depth=0, draggable=False, flipHoriz=np.False_, flipVert=np.False_, image=str(...), interpolate=True, mask=None, maskParams=None, name='unnamed ImageStim', opacity=1, ori=0.0, pos=array([-0.135,  0.   ]), size=array([0.035, 0.035]), texRes=128, units='height', win=Window(...))
483.9762 	EXP 	MainTrial_keep_alive: autoDraw = False
483.9762 	EXP 	MainTrial_keep_alive: autoDraw = True
484.0158 	DATA 	Keypress: space
484.2137 	DATA 	Keypress: space
484.4149 	DATA 	Keypress: space
484.5868 	DATA 	Keypress: space
484.6343 	EXP 	New trial (rep=0, index=28): <Trial 28 (28 in rep 0) data={'trial_id': 'd025_set1_it_coh', 'random_order': np.int64(109), 'dataset_number': np.int64(25), 'dataset_slug': '025_yawn_lock_door', 'dataset_label': 'yawn_lock_door', 'stimulus_set': np.int64(1), 'condition_id': 'it_coh', 'condition_name': 'intransitive_cohesive', 'cohesion': 'cohesive', 'transitivity': 'intransitive', 'n_images': np.int64(4), 'img1': 'MainStimuli/025_yawn_lock_door/coh_1.png', 'img1_role': 'coh_1', 'img2': 'MainStimuli/025_yawn_lock_door/coh_2.png', 'img2_role': 'coh_2', 'img3': 'MainStimuli/025_yawn_lock_door/it_target.png', 'img3_role': 'it_target', 'img4': 'MainStimuli/025_yawn_lock_door/end_coh_it.png', 'img4_role': 'end_coh_it', 'between_image': 'BetweenTrials/img-20250813-wa0011.jpg', 'audio_probe': np.int64(0), 'between_audio': None, 'between_audio_lock_sec': np.int64(0), 'source_dataset_folder': '/Users/matveikurzukov/Library/CloudStorage/GoogleDrive-apazent@gmail.com/.shortcut-targets-by-id/1exBA-7XrpLfZc6s8oGNYTbmjGsu5dT6p/Gurung stimuli/25_yawn_lock door', 'thisN': 28, 'thisTrialN': 28, 'thisRepN': 0}>
484.6601 	EXP 	Created unnamed ImageStim = ImageStim(__class__=<class 'psychopy.visual.image.ImageStim'>, anchor=('center', 'center'), autoLog=True, color=array([1., 1., 1.]), colorSpace='rgb', contrast=1.0, depth=0, draggable=False, flipHoriz=np.False_, flipVert=np.False_, image=str(...), interpolate=True, mask=None, maskParams=None, name='unnamed ImageStim', opacity=1, ori=0.0, pos=array([-0.54,  0.  ]), size=array([0.22, 0.35]), texRes=128, units='height', win=Window(...))
484.6886 	EXP 	Created unnamed ImageStim = ImageStim(__class__=<class 'psychopy.visual.image.ImageStim'>, anchor=('center', 'center'), autoLog=True, color=array([1., 1., 1.]), colorSpace='rgb', contrast=1.0, depth=0, draggable=False, flipHoriz=np.False_, flipVert=np.False_, image=str(...), interpolate=True, mask=None, maskParams=None, name='unnamed ImageStim', opacity=1, ori=0.0, pos=array([-0.27,  0.  ]), size=array([0.22, 0.35]), texRes=128, units='height', win=Window(...))
484.7125 	EXP 	Created unnamed ImageStim = ImageStim(__class__=<class 'psychopy.visual.image.ImageStim'>, anchor=('center', 'center'), autoLog=True, color=array([1., 1., 1.]), colorSpace='rgb', contrast=1.0, depth=0, draggable=False, flipHoriz=np.False_, flipVert=np.False_, image=str(...), interpolate=True, mask=None, maskParams=None, name='unnamed ImageStim', opacity=1, ori=0.0, pos=array([0., 0.]), size=array([0.22, 0.35]), texRes=128, units='height', win=Window(...))
484.7406 	EXP 	Created unnamed ImageStim = ImageStim(__class__=<class 'psychopy.visual.image.ImageStim'>, anchor=('center', 'center'), autoLog=True, color=array([1., 1., 1.]), colorSpace='rgb', contrast=1.0, depth=0, draggable=False, flipHoriz=np.False_, flipVert=np.False_, image=str(...), interpolate=True, mask=None, maskParams=None, name='unnamed ImageStim', opacity=1, ori=0.0, pos=array([0.27, 0.  ]), size=array([0.22, 0.35]), texRes=128, units='height', win=Window(...))
484.7533 	EXP 	Created unnamed ImageStim = ImageStim(__class__=<class 'psychopy.visual.image.ImageStim'>, anchor=('center', 'center'), autoLog=True, color=array([1., 1., 1.]), colorSpace='rgb', contrast=1.0, depth=0, draggable=False, flipHoriz=np.False_, flipVert=np.False_, image=str(...), interpolate=True, mask=None, maskParams=None, name='unnamed ImageStim', opacity=1, ori=0.0, pos=array([-0.405,  0.   ]), size=array([0.035, 0.035]), texRes=128, units='height', win=Window(...))
484.7659 	EXP 	Created unnamed ImageStim = ImageStim(__class__=<class 'psychopy.visual.image.ImageStim'>, anchor=('center', 'center'), autoLog=True, color=array([1., 1., 1.]), colorSpace='rgb', contrast=1.0, depth=0, draggable=False, flipHoriz=np.False_, flipVert=np.False_, image=str(...), interpolate=True, mask=None, maskParams=None, name='unnamed ImageStim', opacity=1, ori=0.0, pos=array([-0.135,  0.   ]), size=array([0.035, 0.035]), texRes=128, units='height', win=Window(...))
484.7784 	EXP 	Created unnamed ImageStim = ImageStim(__class__=<class 'psychopy.visual.image.ImageStim'>, anchor=('center', 'center'), autoLog=True, color=array([1., 1., 1.]), colorSpace='rgb', contrast=1.0, depth=0, draggable=False, flipHoriz=np.False_, flipVert=np.False_, image=str(...), interpolate=True, mask=None, maskParams=None, name='unnamed ImageStim', opacity=1, ori=0.0, pos=array([0.135, 0.   ]), size=array([0.035, 0.035]), texRes=128, units='height', win=Window(...))
484.7928 	EXP 	MainTrial_keep_alive: autoDraw = False
484.7928 	EXP 	MainTrial_keep_alive: autoDraw = True
484.8001 	DATA 	Keypress: space
485.0469 	DATA 	Keypress: space
485.2976 	DATA 	Keypress: space
485.5377 	DATA 	Keypress: space
485.7489 	DATA 	Keypress: space
485.8022 	EXP 	New trial (rep=0, index=29): <Trial 29 (29 in rep 0) data={'trial_id': 'd006_set1_it_coh', 'random_order': np.int64(110), 'dataset_number': np.int64(6), 'dataset_slug': '006_sleep_pluck_tomatoes', 'dataset_label': 'sleep_pluck_tomatoes', 'stimulus_set': np.int64(1), 'condition_id': 'it_coh', 'condition_name': 'intransitive_cohesive', 'cohesion': 'cohesive', 'transitivity': 'intransitive', 'n_images': np.int64(4), 'img1': 'MainStimuli/006_sleep_pluck_tomatoes/coh_1.png', 'img1_role': 'coh_1', 'img2': 'MainStimuli/006_sleep_pluck_tomatoes/coh_2.png', 'img2_role': 'coh_2', 'img3': 'MainStimuli/006_sleep_pluck_tomatoes/it_target.png', 'img3_role': 'it_target', 'img4': 'MainStimuli/006_sleep_pluck_tomatoes/end_coh_it.png', 'img4_role': 'end_coh_it', 'between_image': 'BetweenTrials/1752221806065.jpg', 'audio_probe': np.int64(0), 'between_audio': None, 'between_audio_lock_sec': np.int64(0), 'source_dataset_folder': '/Users/matveikurzukov/Library/CloudStorage/GoogleDrive-apazent@gmail.com/.shortcut-targets-by-id/1exBA-7XrpLfZc6s8oGNYTbmjGsu5dT6p/Gurung stimuli/6_sleep_pluck tomatoes', 'thisN': 29, 'thisTrialN': 29, 'thisRepN': 0}>
485.8285 	EXP 	Created unnamed ImageStim = ImageStim(__class__=<class 'psychopy.visual.image.ImageStim'>, anchor=('center', 'center'), autoLog=True, color=array([1., 1., 1.]), colorSpace='rgb', contrast=1.0, depth=0, draggable=False, flipHoriz=np.False_, flipVert=np.False_, image=str(...), interpolate=True, mask=None, maskParams=None, name='unnamed ImageStim', opacity=1, ori=0.0, pos=array([-0.54,  0.  ]), size=array([0.22, 0.35]), texRes=128, units='height', win=Window(...))
485.8538 	EXP 	Created unnamed ImageStim = ImageStim(__class__=<class 'psychopy.visual.image.ImageStim'>, anchor=('center', 'center'), autoLog=True, color=array([1., 1., 1.]), colorSpace='rgb', contrast=1.0, depth=0, draggable=False, flipHoriz=np.False_, flipVert=np.False_, image=str(...), interpolate=True, mask=None, maskParams=None, name='unnamed ImageStim', opacity=1, ori=0.0, pos=array([-0.27,  0.  ]), size=array([0.22, 0.35]), texRes=128, units='height', win=Window(...))
485.8794 	EXP 	Created unnamed ImageStim = ImageStim(__class__=<class 'psychopy.visual.image.ImageStim'>, anchor=('center', 'center'), autoLog=True, color=array([1., 1., 1.]), colorSpace='rgb', contrast=1.0, depth=0, draggable=False, flipHoriz=np.False_, flipVert=np.False_, image=str(...), interpolate=True, mask=None, maskParams=None, name='unnamed ImageStim', opacity=1, ori=0.0, pos=array([0., 0.]), size=array([0.22, 0.35]), texRes=128, units='height', win=Window(...))
485.9060 	EXP 	Created unnamed ImageStim = ImageStim(__class__=<class 'psychopy.visual.image.ImageStim'>, anchor=('center', 'center'), autoLog=True, color=array([1., 1., 1.]), colorSpace='rgb', contrast=1.0, depth=0, draggable=False, flipHoriz=np.False_, flipVert=np.False_, image=str(...), interpolate=True, mask=None, maskParams=None, name='unnamed ImageStim', opacity=1, ori=0.0, pos=array([0.27, 0.  ]), size=array([0.22, 0.35]), texRes=128, units='height', win=Window(...))
485.9187 	EXP 	Created unnamed ImageStim = ImageStim(__class__=<class 'psychopy.visual.image.ImageStim'>, anchor=('center', 'center'), autoLog=True, color=array([1., 1., 1.]), colorSpace='rgb', contrast=1.0, depth=0, draggable=False, flipHoriz=np.False_, flipVert=np.False_, image=str(...), interpolate=True, mask=None, maskParams=None, name='unnamed ImageStim', opacity=1, ori=0.0, pos=array([-0.405,  0.   ]), size=array([0.035, 0.035]), texRes=128, units='height', win=Window(...))
485.9312 	EXP 	Created unnamed ImageStim = ImageStim(__class__=<class 'psychopy.visual.image.ImageStim'>, anchor=('center', 'center'), autoLog=True, color=array([1., 1., 1.]), colorSpace='rgb', contrast=1.0, depth=0, draggable=False, flipHoriz=np.False_, flipVert=np.False_, image=str(...), interpolate=True, mask=None, maskParams=None, name='unnamed ImageStim', opacity=1, ori=0.0, pos=array([-0.135,  0.   ]), size=array([0.035, 0.035]), texRes=128, units='height', win=Window(...))
485.9438 	EXP 	Created unnamed ImageStim = ImageStim(__class__=<class 'psychopy.visual.image.ImageStim'>, anchor=('center', 'center'), autoLog=True, color=array([1., 1., 1.]), colorSpace='rgb', contrast=1.0, depth=0, draggable=False, flipHoriz=np.False_, flipVert=np.False_, image=str(...), interpolate=True, mask=None, maskParams=None, name='unnamed ImageStim', opacity=1, ori=0.0, pos=array([0.135, 0.   ]), size=array([0.035, 0.035]), texRes=128, units='height', win=Window(...))
485.9567 	DATA 	Keypress: space
485.9596 	EXP 	MainTrial_keep_alive: autoDraw = False
485.9596 	EXP 	MainTrial_keep_alive: autoDraw = True
486.1824 	DATA 	Keypress: space
486.3982 	DATA 	Keypress: space
486.6190 	DATA 	Keypress: space
486.8310 	DATA 	Keypress: space
486.8845 	EXP 	New trial (rep=0, index=30): <Trial 30 (30 in rep 0) data={'trial_id': 'd027_set1_it_ic', 'random_order': np.int64(111), 'dataset_number': np.int64(27), 'dataset_slug': '027_jump_pull_blanket', 'dataset_label': 'jump_pull_blanket', 'stimulus_set': np.int64(1), 'condition_id': 'it_ic', 'condition_name': 'intransitive_incohesive', 'cohesion': 'incohesive', 'transitivity': 'intransitive', 'n_images': np.int64(3), 'img1': 'MainStimuli/027_jump_pull_blanket/ic_1.png', 'img1_role': 'ic_1', 'img2': 'MainStimuli/027_jump_pull_blanket/it_target.png', 'img2_role': 'it_target', 'img3': 'MainStimuli/027_jump_pull_blanket/end_ic_it.png', 'img3_role': 'end_ic_it', 'img4': None, 'img4_role': None, 'between_image': 'BetweenTrials/1752221806065.jpg', 'audio_probe': np.int64(0), 'between_audio': None, 'between_audio_lock_sec': np.int64(0), 'source_dataset_folder': '/Users/matveikurzukov/Library/CloudStorage/GoogleDrive-apazent@gmail.com/.shortcut-targets-by-id/1exBA-7XrpLfZc6s8oGNYTbmjGsu5dT6p/Gurung stimuli/27_jump_pull blanket', 'thisN': 30, 'thisTrialN': 30, 'thisRepN': 0}>
486.9140 	EXP 	Created unnamed ImageStim = ImageStim(__class__=<class 'psychopy.visual.image.ImageStim'>, anchor=('center', 'center'), autoLog=True, color=array([1., 1., 1.]), colorSpace='rgb', contrast=1.0, depth=0, draggable=False, flipHoriz=np.False_, flipVert=np.False_, image=str(...), interpolate=True, mask=None, maskParams=None, name='unnamed ImageStim', opacity=1, ori=0.0, pos=array([-0.27,  0.  ]), size=array([0.22, 0.35]), texRes=128, units='height', win=Window(...))
486.9405 	EXP 	Created unnamed ImageStim = ImageStim(__class__=<class 'psychopy.visual.image.ImageStim'>, anchor=('center', 'center'), autoLog=True, color=array([1., 1., 1.]), colorSpace='rgb', contrast=1.0, depth=0, draggable=False, flipHoriz=np.False_, flipVert=np.False_, image=str(...), interpolate=True, mask=None, maskParams=None, name='unnamed ImageStim', opacity=1, ori=0.0, pos=array([0., 0.]), size=array([0.22, 0.35]), texRes=128, units='height', win=Window(...))
486.9666 	EXP 	Created unnamed ImageStim = ImageStim(__class__=<class 'psychopy.visual.image.ImageStim'>, anchor=('center', 'center'), autoLog=True, color=array([1., 1., 1.]), colorSpace='rgb', contrast=1.0, depth=0, draggable=False, flipHoriz=np.False_, flipVert=np.False_, image=str(...), interpolate=True, mask=None, maskParams=None, name='unnamed ImageStim', opacity=1, ori=0.0, pos=array([0.27, 0.  ]), size=array([0.22, 0.35]), texRes=128, units='height', win=Window(...))
486.9793 	EXP 	Created unnamed ImageStim = ImageStim(__class__=<class 'psychopy.visual.image.ImageStim'>, anchor=('center', 'center'), autoLog=True, color=array([1., 1., 1.]), colorSpace='rgb', contrast=1.0, depth=0, draggable=False, flipHoriz=np.False_, flipVert=np.False_, image=str(...), interpolate=True, mask=None, maskParams=None, name='unnamed ImageStim', opacity=1, ori=0.0, pos=array([-0.135,  0.   ]), size=array([0.035, 0.035]), texRes=128, units='height', win=Window(...))
486.9920 	EXP 	Created unnamed ImageStim = ImageStim(__class__=<class 'psychopy.visual.image.ImageStim'>, anchor=('center', 'center'), autoLog=True, color=array([1., 1., 1.]), colorSpace='rgb', contrast=1.0, depth=0, draggable=False, flipHoriz=np.False_, flipVert=np.False_, image=str(...), interpolate=True, mask=None, maskParams=None, name='unnamed ImageStim', opacity=1, ori=0.0, pos=array([0.135, 0.   ]), size=array([0.035, 0.035]), texRes=128, units='height', win=Window(...))
487.0094 	EXP 	MainTrial_keep_alive: autoDraw = False
487.0094 	EXP 	MainTrial_keep_alive: autoDraw = True
487.0520 	DATA 	Keypress: space
487.2652 	DATA 	Keypress: space
487.5057 	DATA 	Keypress: space
487.6812 	DATA 	Keypress: space
487.7343 	EXP 	New trial (rep=0, index=31): <Trial 31 (31 in rep 0) data={'trial_id': 'd008_set1_it_ic', 'random_order': np.int64(112), 'dataset_number': np.int64(8), 'dataset_slug': '008_smile_weave_garland', 'dataset_label': 'smile_weave_garland', 'stimulus_set': np.int64(1), 'condition_id': 'it_ic', 'condition_name': 'intransitive_incohesive', 'cohesion': 'incohesive', 'transitivity': 'intransitive', 'n_images': np.int64(3), 'img1': 'MainStimuli/008_smile_weave_garland/ic_1.png', 'img1_role': 'ic_1', 'img2': 'MainStimuli/008_smile_weave_garland/it_target.png', 'img2_role': 'it_target', 'img3': 'MainStimuli/008_smile_weave_garland/end_ic_it.png', 'img3_role': 'end_ic_it', 'img4': None, 'img4_role': None, 'between_image': 'BetweenTrials/img_20260522_165652.jpg', 'audio_probe': np.int64(0), 'between_audio': None, 'between_audio_lock_sec': np.int64(0), 'source_dataset_folder': '/Users/matveikurzukov/Library/CloudStorage/GoogleDrive-apazent@gmail.com/.shortcut-targets-by-id/1exBA-7XrpLfZc6s8oGNYTbmjGsu5dT6p/Gurung stimuli/8_smile_weave garland', 'thisN': 31, 'thisTrialN': 31, 'thisRepN': 0}>
487.7590 	EXP 	Created unnamed ImageStim = ImageStim(__class__=<class 'psychopy.visual.image.ImageStim'>, anchor=('center', 'center'), autoLog=True, color=array([1., 1., 1.]), colorSpace='rgb', contrast=1.0, depth=0, draggable=False, flipHoriz=np.False_, flipVert=np.False_, image=str(...), interpolate=True, mask=None, maskParams=None, name='unnamed ImageStim', opacity=1, ori=0.0, pos=array([-0.27,  0.  ]), size=array([0.22, 0.35]), texRes=128, units='height', win=Window(...))
487.7826 	EXP 	Created unnamed ImageStim = ImageStim(__class__=<class 'psychopy.visual.image.ImageStim'>, anchor=('center', 'center'), autoLog=True, color=array([1., 1., 1.]), colorSpace='rgb', contrast=1.0, depth=0, draggable=False, flipHoriz=np.False_, flipVert=np.False_, image=str(...), interpolate=True, mask=None, maskParams=None, name='unnamed ImageStim', opacity=1, ori=0.0, pos=array([0., 0.]), size=array([0.22, 0.35]), texRes=128, units='height', win=Window(...))
487.8077 	EXP 	Created unnamed ImageStim = ImageStim(__class__=<class 'psychopy.visual.image.ImageStim'>, anchor=('center', 'center'), autoLog=True, color=array([1., 1., 1.]), colorSpace='rgb', contrast=1.0, depth=0, draggable=False, flipHoriz=np.False_, flipVert=np.False_, image=str(...), interpolate=True, mask=None, maskParams=None, name='unnamed ImageStim', opacity=1, ori=0.0, pos=array([0.27, 0.  ]), size=array([0.22, 0.35]), texRes=128, units='height', win=Window(...))
487.8205 	EXP 	Created unnamed ImageStim = ImageStim(__class__=<class 'psychopy.visual.image.ImageStim'>, anchor=('center', 'center'), autoLog=True, color=array([1., 1., 1.]), colorSpace='rgb', contrast=1.0, depth=0, draggable=False, flipHoriz=np.False_, flipVert=np.False_, image=str(...), interpolate=True, mask=None, maskParams=None, name='unnamed ImageStim', opacity=1, ori=0.0, pos=array([-0.135,  0.   ]), size=array([0.035, 0.035]), texRes=128, units='height', win=Window(...))
487.8330 	EXP 	Created unnamed ImageStim = ImageStim(__class__=<class 'psychopy.visual.image.ImageStim'>, anchor=('center', 'center'), autoLog=True, color=array([1., 1., 1.]), colorSpace='rgb', contrast=1.0, depth=0, draggable=False, flipHoriz=np.False_, flipVert=np.False_, image=str(...), interpolate=True, mask=None, maskParams=None, name='unnamed ImageStim', opacity=1, ori=0.0, pos=array([0.135, 0.   ]), size=array([0.035, 0.035]), texRes=128, units='height', win=Window(...))
487.8593 	EXP 	MainTrial_keep_alive: autoDraw = False
487.8593 	EXP 	MainTrial_keep_alive: autoDraw = True
487.9007 	DATA 	Keypress: space
488.1217 	DATA 	Keypress: space
488.3311 	DATA 	Keypress: space
488.7474 	DATA 	Keypress: space
488.8034 	EXP 	New trial (rep=0, index=32): <Trial 32 (32 in rep 0) data={'trial_id': 'd019_set1_tr_coh', 'random_order': np.int64(113), 'dataset_number': np.int64(19), 'dataset_slug': '019_sit_crack_egg', 'dataset_label': 'sit_crack_egg', 'stimulus_set': np.int64(1), 'condition_id': 'tr_coh', 'condition_name': 'transitive_cohesive', 'cohesion': 'cohesive', 'transitivity': 'transitive', 'n_images': np.int64(3), 'img1': 'MainStimuli/019_sit_crack_egg/coh_1.png', 'img1_role': 'coh_1', 'img2': 'MainStimuli/019_sit_crack_egg/coh_2.png', 'img2_role': 'coh_2', 'img3': 'MainStimuli/019_sit_crack_egg/tr_target.png', 'img3_role': 'tr_target', 'img4': None, 'img4_role': None, 'between_image': 'BetweenTrials/img_20260522_165652.jpg', 'audio_probe': np.int64(1), 'between_audio': 'Audio/tsakyali.wav', 'between_audio_lock_sec': np.int64(10), 'source_dataset_folder': '/Users/matveikurzukov/Library/CloudStorage/GoogleDrive-apazent@gmail.com/.shortcut-targets-by-id/1exBA-7XrpLfZc6s8oGNYTbmjGsu5dT6p/Gurung stimuli/19_sit_crack egg', 'thisN': 32, 'thisTrialN': 32, 'thisRepN': 0}>
488.8292 	EXP 	Created unnamed ImageStim = ImageStim(__class__=<class 'psychopy.visual.image.ImageStim'>, anchor=('center', 'center'), autoLog=True, color=array([1., 1., 1.]), colorSpace='rgb', contrast=1.0, depth=0, draggable=False, flipHoriz=np.False_, flipVert=np.False_, image=str(...), interpolate=True, mask=None, maskParams=None, name='unnamed ImageStim', opacity=1, ori=0.0, pos=array([-0.54,  0.  ]), size=array([0.22, 0.35]), texRes=128, units='height', win=Window(...))
488.8529 	EXP 	Created unnamed ImageStim = ImageStim(__class__=<class 'psychopy.visual.image.ImageStim'>, anchor=('center', 'center'), autoLog=True, color=array([1., 1., 1.]), colorSpace='rgb', contrast=1.0, depth=0, draggable=False, flipHoriz=np.False_, flipVert=np.False_, image=str(...), interpolate=True, mask=None, maskParams=None, name='unnamed ImageStim', opacity=1, ori=0.0, pos=array([-0.27,  0.  ]), size=array([0.22, 0.35]), texRes=128, units='height', win=Window(...))
488.8794 	EXP 	Created unnamed ImageStim = ImageStim(__class__=<class 'psychopy.visual.image.ImageStim'>, anchor=('center', 'center'), autoLog=True, color=array([1., 1., 1.]), colorSpace='rgb', contrast=1.0, depth=0, draggable=False, flipHoriz=np.False_, flipVert=np.False_, image=str(...), interpolate=True, mask=None, maskParams=None, name='unnamed ImageStim', opacity=1, ori=0.0, pos=array([0., 0.]), size=array([0.22, 0.35]), texRes=128, units='height', win=Window(...))
488.8921 	EXP 	Created unnamed ImageStim = ImageStim(__class__=<class 'psychopy.visual.image.ImageStim'>, anchor=('center', 'center'), autoLog=True, color=array([1., 1., 1.]), colorSpace='rgb', contrast=1.0, depth=0, draggable=False, flipHoriz=np.False_, flipVert=np.False_, image=str(...), interpolate=True, mask=None, maskParams=None, name='unnamed ImageStim', opacity=1, ori=0.0, pos=array([-0.405,  0.   ]), size=array([0.035, 0.035]), texRes=128, units='height', win=Window(...))
488.9048 	EXP 	Created unnamed ImageStim = ImageStim(__class__=<class 'psychopy.visual.image.ImageStim'>, anchor=('center', 'center'), autoLog=True, color=array([1., 1., 1.]), colorSpace='rgb', contrast=1.0, depth=0, draggable=False, flipHoriz=np.False_, flipVert=np.False_, image=str(...), interpolate=True, mask=None, maskParams=None, name='unnamed ImageStim', opacity=1, ori=0.0, pos=array([-0.135,  0.   ]), size=array([0.035, 0.035]), texRes=128, units='height', win=Window(...))
488.9528 	EXP 	: sampleRate = 48000
488.9529 	EXP 	: channels = None
488.9530 	EXP 	: sampleRate = 48000
488.9535 	EXP 	Sound  reached end of file
488.9536 	EXP 	Playing sound  on speaker MacBook Air Speakers
488.9745 	DATA 	Keypress: space
488.9763 	EXP 	MainTrial_keep_alive: autoDraw = False
488.9763 	EXP 	MainTrial_keep_alive: autoDraw = True
489.2319 	DATA 	Keypress: space
489.4664 	DATA 	Keypress: space
492.6282 	DATA 	Keypress: space
492.9171 	DATA 	Keypress: space
493.1305 	DATA 	Keypress: space
493.3844 	DATA 	Keypress: space
493.6456 	DATA 	Keypress: space
493.8567 	DATA 	Keypress: space
494.0518 	DATA 	Keypress: space
494.2243 	DATA 	Keypress: space
494.6743 	DATA 	Keypress: space
494.7965 	DATA 	Mouse: Left button down, pos=(408,755)
494.8137 	DATA 	Mouse:  Left button up, pos=(408,755)
494.9666 	DATA 	Keypress: space
495.2142 	DATA 	Keypress: space
495.4980 	DATA 	Keypress: space
495.7242 	DATA 	Keypress: space
495.9382 	DATA 	Keypress: space
496.1903 	DATA 	Keypress: space
496.4159 	DATA 	Keypress: space
496.6637 	DATA 	Keypress: space
496.9144 	DATA 	Keypress: space
497.1517 	DATA 	Keypress: space
497.3694 	DATA 	Keypress: space
497.6504 	DATA 	Keypress: space
497.9082 	DATA 	Keypress: space
498.1346 	DATA 	Keypress: space
498.3547 	DATA 	Keypress: space
498.6026 	DATA 	Keypress: space
498.8511 	DATA 	Keypress: space
499.0606 	DATA 	Keypress: space
499.0609 	EXP 	Sound  stopped
499.3145 	DATA 	Keypress: space
499.5315 	DATA 	Keypress: space
499.7637 	DATA 	Keypress: space
499.8174 	EXP 	New trial (rep=0, index=33): <Trial 33 (33 in rep 0) data={'trial_id': 'd015_set1_it_coh', 'random_order': np.int64(114), 'dataset_number': np.int64(15), 'dataset_slug': '015_smile_clean_wall', 'dataset_label': 'smile_clean_wall', 'stimulus_set': np.int64(1), 'condition_id': 'it_coh', 'condition_name': 'intransitive_cohesive', 'cohesion': 'cohesive', 'transitivity': 'intransitive', 'n_images': np.int64(4), 'img1': 'MainStimuli/015_smile_clean_wall/coh_1.png', 'img1_role': 'coh_1', 'img2': 'MainStimuli/015_smile_clean_wall/coh_2.png', 'img2_role': 'coh_2', 'img3': 'MainStimuli/015_smile_clean_wall/it_target.png', 'img3_role': 'it_target', 'img4': 'MainStimuli/015_smile_clean_wall/end_coh_it.png', 'img4_role': 'end_coh_it', 'between_image': 'BetweenTrials/1752221802086.jpg', 'audio_probe': np.int64(0), 'between_audio': None, 'between_audio_lock_sec': np.int64(0), 'source_dataset_folder': '/Users/matveikurzukov/Library/CloudStorage/GoogleDrive-apazent@gmail.com/.shortcut-targets-by-id/1exBA-7XrpLfZc6s8oGNYTbmjGsu5dT6p/Gurung stimuli/15_smile_clean wall', 'thisN': 33, 'thisTrialN': 33, 'thisRepN': 0}>
499.8427 	EXP 	Created unnamed ImageStim = ImageStim(__class__=<class 'psychopy.visual.image.ImageStim'>, anchor=('center', 'center'), autoLog=True, color=array([1., 1., 1.]), colorSpace='rgb', contrast=1.0, depth=0, draggable=False, flipHoriz=np.False_, flipVert=np.False_, image=str(...), interpolate=True, mask=None, maskParams=None, name='unnamed ImageStim', opacity=1, ori=0.0, pos=array([-0.54,  0.  ]), size=array([0.22, 0.35]), texRes=128, units='height', win=Window(...))
499.8669 	EXP 	Created unnamed ImageStim = ImageStim(__class__=<class 'psychopy.visual.image.ImageStim'>, anchor=('center', 'center'), autoLog=True, color=array([1., 1., 1.]), colorSpace='rgb', contrast=1.0, depth=0, draggable=False, flipHoriz=np.False_, flipVert=np.False_, image=str(...), interpolate=True, mask=None, maskParams=None, name='unnamed ImageStim', opacity=1, ori=0.0, pos=array([-0.27,  0.  ]), size=array([0.22, 0.35]), texRes=128, units='height', win=Window(...))
499.8918 	EXP 	Created unnamed ImageStim = ImageStim(__class__=<class 'psychopy.visual.image.ImageStim'>, anchor=('center', 'center'), autoLog=True, color=array([1., 1., 1.]), colorSpace='rgb', contrast=1.0, depth=0, draggable=False, flipHoriz=np.False_, flipVert=np.False_, image=str(...), interpolate=True, mask=None, maskParams=None, name='unnamed ImageStim', opacity=1, ori=0.0, pos=array([0., 0.]), size=array([0.22, 0.35]), texRes=128, units='height', win=Window(...))
499.9152 	EXP 	Created unnamed ImageStim = ImageStim(__class__=<class 'psychopy.visual.image.ImageStim'>, anchor=('center', 'center'), autoLog=True, color=array([1., 1., 1.]), colorSpace='rgb', contrast=1.0, depth=0, draggable=False, flipHoriz=np.False_, flipVert=np.False_, image=str(...), interpolate=True, mask=None, maskParams=None, name='unnamed ImageStim', opacity=1, ori=0.0, pos=array([0.27, 0.  ]), size=array([0.22, 0.35]), texRes=128, units='height', win=Window(...))
499.9278 	EXP 	Created unnamed ImageStim = ImageStim(__class__=<class 'psychopy.visual.image.ImageStim'>, anchor=('center', 'center'), autoLog=True, color=array([1., 1., 1.]), colorSpace='rgb', contrast=1.0, depth=0, draggable=False, flipHoriz=np.False_, flipVert=np.False_, image=str(...), interpolate=True, mask=None, maskParams=None, name='unnamed ImageStim', opacity=1, ori=0.0, pos=array([-0.405,  0.   ]), size=array([0.035, 0.035]), texRes=128, units='height', win=Window(...))
499.9404 	EXP 	Created unnamed ImageStim = ImageStim(__class__=<class 'psychopy.visual.image.ImageStim'>, anchor=('center', 'center'), autoLog=True, color=array([1., 1., 1.]), colorSpace='rgb', contrast=1.0, depth=0, draggable=False, flipHoriz=np.False_, flipVert=np.False_, image=str(...), interpolate=True, mask=None, maskParams=None, name='unnamed ImageStim', opacity=1, ori=0.0, pos=array([-0.135,  0.   ]), size=array([0.035, 0.035]), texRes=128, units='height', win=Window(...))
499.9529 	EXP 	Created unnamed ImageStim = ImageStim(__class__=<class 'psychopy.visual.image.ImageStim'>, anchor=('center', 'center'), autoLog=True, color=array([1., 1., 1.]), colorSpace='rgb', contrast=1.0, depth=0, draggable=False, flipHoriz=np.False_, flipVert=np.False_, image=str(...), interpolate=True, mask=None, maskParams=None, name='unnamed ImageStim', opacity=1, ori=0.0, pos=array([0.135, 0.   ]), size=array([0.035, 0.035]), texRes=128, units='height', win=Window(...))
499.9757 	EXP 	MainTrial_keep_alive: autoDraw = False
499.9757 	EXP 	MainTrial_keep_alive: autoDraw = True
499.9831 	DATA 	Keypress: space
500.2303 	DATA 	Keypress: space
500.4607 	DATA 	Keypress: space
500.6886 	DATA 	Keypress: space
501.0022 	DATA 	Keypress: space
501.0506 	EXP 	New trial (rep=0, index=34): <Trial 34 (34 in rep 0) data={'trial_id': 'd004_set1_tr_coh', 'random_order': np.int64(115), 'dataset_number': np.int64(4), 'dataset_slug': '004_run_drink_tea', 'dataset_label': 'run_drink_tea', 'stimulus_set': np.int64(1), 'condition_id': 'tr_coh', 'condition_name': 'transitive_cohesive', 'cohesion': 'cohesive', 'transitivity': 'transitive', 'n_images': np.int64(3), 'img1': 'MainStimuli/004_run_drink_tea/coh_1.png', 'img1_role': 'coh_1', 'img2': 'MainStimuli/004_run_drink_tea/coh_2.png', 'img2_role': 'coh_2', 'img3': 'MainStimuli/004_run_drink_tea/tr_target.png', 'img3_role': 'tr_target', 'img4': None, 'img4_role': None, 'between_image': 'BetweenTrials/img_20260522_165652.jpg', 'audio_probe': np.int64(0), 'between_audio': None, 'between_audio_lock_sec': np.int64(0), 'source_dataset_folder': '/Users/matveikurzukov/Library/CloudStorage/GoogleDrive-apazent@gmail.com/.shortcut-targets-by-id/1exBA-7XrpLfZc6s8oGNYTbmjGsu5dT6p/Gurung stimuli/4_run_drink tea', 'thisN': 34, 'thisTrialN': 34, 'thisRepN': 0}>
501.0770 	EXP 	Created unnamed ImageStim = ImageStim(__class__=<class 'psychopy.visual.image.ImageStim'>, anchor=('center', 'center'), autoLog=True, color=array([1., 1., 1.]), colorSpace='rgb', contrast=1.0, depth=0, draggable=False, flipHoriz=np.False_, flipVert=np.False_, image=str(...), interpolate=True, mask=None, maskParams=None, name='unnamed ImageStim', opacity=1, ori=0.0, pos=array([-0.54,  0.  ]), size=array([0.22, 0.35]), texRes=128, units='height', win=Window(...))
501.1043 	EXP 	Created unnamed ImageStim = ImageStim(__class__=<class 'psychopy.visual.image.ImageStim'>, anchor=('center', 'center'), autoLog=True, color=array([1., 1., 1.]), colorSpace='rgb', contrast=1.0, depth=0, draggable=False, flipHoriz=np.False_, flipVert=np.False_, image=str(...), interpolate=True, mask=None, maskParams=None, name='unnamed ImageStim', opacity=1, ori=0.0, pos=array([-0.27,  0.  ]), size=array([0.22, 0.35]), texRes=128, units='height', win=Window(...))
501.1283 	EXP 	Created unnamed ImageStim = ImageStim(__class__=<class 'psychopy.visual.image.ImageStim'>, anchor=('center', 'center'), autoLog=True, color=array([1., 1., 1.]), colorSpace='rgb', contrast=1.0, depth=0, draggable=False, flipHoriz=np.False_, flipVert=np.False_, image=str(...), interpolate=True, mask=None, maskParams=None, name='unnamed ImageStim', opacity=1, ori=0.0, pos=array([0., 0.]), size=array([0.22, 0.35]), texRes=128, units='height', win=Window(...))
501.1409 	EXP 	Created unnamed ImageStim = ImageStim(__class__=<class 'psychopy.visual.image.ImageStim'>, anchor=('center', 'center'), autoLog=True, color=array([1., 1., 1.]), colorSpace='rgb', contrast=1.0, depth=0, draggable=False, flipHoriz=np.False_, flipVert=np.False_, image=str(...), interpolate=True, mask=None, maskParams=None, name='unnamed ImageStim', opacity=1, ori=0.0, pos=array([-0.405,  0.   ]), size=array([0.035, 0.035]), texRes=128, units='height', win=Window(...))
501.1535 	EXP 	Created unnamed ImageStim = ImageStim(__class__=<class 'psychopy.visual.image.ImageStim'>, anchor=('center', 'center'), autoLog=True, color=array([1., 1., 1.]), colorSpace='rgb', contrast=1.0, depth=0, draggable=False, flipHoriz=np.False_, flipVert=np.False_, image=str(...), interpolate=True, mask=None, maskParams=None, name='unnamed ImageStim', opacity=1, ori=0.0, pos=array([-0.135,  0.   ]), size=array([0.035, 0.035]), texRes=128, units='height', win=Window(...))
501.1756 	EXP 	MainTrial_keep_alive: autoDraw = False
501.1756 	EXP 	MainTrial_keep_alive: autoDraw = True
501.3109 	DATA 	Keypress: space
501.6131 	DATA 	Keypress: space
501.8704 	DATA 	Keypress: space
502.1154 	DATA 	Keypress: space
502.1673 	EXP 	New trial (rep=0, index=35): <Trial 35 (35 in rep 0) data={'trial_id': 'd005_set1_tr_coh', 'random_order': np.int64(116), 'dataset_number': np.int64(5), 'dataset_slug': '005_rest_build_wall', 'dataset_label': 'rest_build_wall', 'stimulus_set': np.int64(1), 'condition_id': 'tr_coh', 'condition_name': 'transitive_cohesive', 'cohesion': 'cohesive', 'transitivity': 'transitive', 'n_images': np.int64(3), 'img1': 'MainStimuli/005_rest_build_wall/coh_1.png', 'img1_role': 'coh_1', 'img2': 'MainStimuli/005_rest_build_wall/coh_2.png', 'img2_role': 'coh_2', 'img3': 'MainStimuli/005_rest_build_wall/tr_target.png', 'img3_role': 'tr_target', 'img4': None, 'img4_role': None, 'between_image': 'BetweenTrials/img_20260522_165652.jpg', 'audio_probe': np.int64(0), 'between_audio': None, 'between_audio_lock_sec': np.int64(0), 'source_dataset_folder': '/Users/matveikurzukov/Library/CloudStorage/GoogleDrive-apazent@gmail.com/.shortcut-targets-by-id/1exBA-7XrpLfZc6s8oGNYTbmjGsu5dT6p/Gurung stimuli/5_rest_build wall', 'thisN': 35, 'thisTrialN': 35, 'thisRepN': 0}>
502.1959 	EXP 	Created unnamed ImageStim = ImageStim(__class__=<class 'psychopy.visual.image.ImageStim'>, anchor=('center', 'center'), autoLog=True, color=array([1., 1., 1.]), colorSpace='rgb', contrast=1.0, depth=0, draggable=False, flipHoriz=np.False_, flipVert=np.False_, image=str(...), interpolate=True, mask=None, maskParams=None, name='unnamed ImageStim', opacity=1, ori=0.0, pos=array([-0.54,  0.  ]), size=array([0.22, 0.35]), texRes=128, units='height', win=Window(...))
502.2230 	EXP 	Created unnamed ImageStim = ImageStim(__class__=<class 'psychopy.visual.image.ImageStim'>, anchor=('center', 'center'), autoLog=True, color=array([1., 1., 1.]), colorSpace='rgb', contrast=1.0, depth=0, draggable=False, flipHoriz=np.False_, flipVert=np.False_, image=str(...), interpolate=True, mask=None, maskParams=None, name='unnamed ImageStim', opacity=1, ori=0.0, pos=array([-0.27,  0.  ]), size=array([0.22, 0.35]), texRes=128, units='height', win=Window(...))
502.2504 	EXP 	Created unnamed ImageStim = ImageStim(__class__=<class 'psychopy.visual.image.ImageStim'>, anchor=('center', 'center'), autoLog=True, color=array([1., 1., 1.]), colorSpace='rgb', contrast=1.0, depth=0, draggable=False, flipHoriz=np.False_, flipVert=np.False_, image=str(...), interpolate=True, mask=None, maskParams=None, name='unnamed ImageStim', opacity=1, ori=0.0, pos=array([0., 0.]), size=array([0.22, 0.35]), texRes=128, units='height', win=Window(...))
502.2629 	EXP 	Created unnamed ImageStim = ImageStim(__class__=<class 'psychopy.visual.image.ImageStim'>, anchor=('center', 'center'), autoLog=True, color=array([1., 1., 1.]), colorSpace='rgb', contrast=1.0, depth=0, draggable=False, flipHoriz=np.False_, flipVert=np.False_, image=str(...), interpolate=True, mask=None, maskParams=None, name='unnamed ImageStim', opacity=1, ori=0.0, pos=array([-0.405,  0.   ]), size=array([0.035, 0.035]), texRes=128, units='height', win=Window(...))
502.2755 	EXP 	Created unnamed ImageStim = ImageStim(__class__=<class 'psychopy.visual.image.ImageStim'>, anchor=('center', 'center'), autoLog=True, color=array([1., 1., 1.]), colorSpace='rgb', contrast=1.0, depth=0, draggable=False, flipHoriz=np.False_, flipVert=np.False_, image=str(...), interpolate=True, mask=None, maskParams=None, name='unnamed ImageStim', opacity=1, ori=0.0, pos=array([-0.135,  0.   ]), size=array([0.035, 0.035]), texRes=128, units='height', win=Window(...))
502.2923 	EXP 	MainTrial_keep_alive: autoDraw = False
502.2923 	EXP 	MainTrial_keep_alive: autoDraw = True
502.3710 	DATA 	Keypress: space
502.6302 	DATA 	Keypress: space
502.8879 	DATA 	Keypress: space
503.1306 	DATA 	Keypress: space
503.1837 	EXP 	New trial (rep=0, index=36): <Trial 36 (36 in rep 0) data={'trial_id': 'd027_set1_tr_ic', 'random_order': np.int64(117), 'dataset_number': np.int64(27), 'dataset_slug': '027_jump_pull_blanket', 'dataset_label': 'jump_pull_blanket', 'stimulus_set': np.int64(1), 'condition_id': 'tr_ic', 'condition_name': 'transitive_incohesive', 'cohesion': 'incohesive', 'transitivity': 'transitive', 'n_images': np.int64(3), 'img1': 'MainStimuli/027_jump_pull_blanket/ic_1.png', 'img1_role': 'ic_1', 'img2': 'MainStimuli/027_jump_pull_blanket/tr_target.png', 'img2_role': 'tr_target', 'img3': 'MainStimuli/027_jump_pull_blanket/end_ic_tr.png', 'img3_role': 'end_ic_tr', 'img4': None, 'img4_role': None, 'between_image': 'BetweenTrials/1752221802086.jpg', 'audio_probe': np.int64(0), 'between_audio': None, 'between_audio_lock_sec': np.int64(0), 'source_dataset_folder': '/Users/matveikurzukov/Library/CloudStorage/GoogleDrive-apazent@gmail.com/.shortcut-targets-by-id/1exBA-7XrpLfZc6s8oGNYTbmjGsu5dT6p/Gurung stimuli/27_jump_pull blanket', 'thisN': 36, 'thisTrialN': 36, 'thisRepN': 0}>
503.2127 	EXP 	Created unnamed ImageStim = ImageStim(__class__=<class 'psychopy.visual.image.ImageStim'>, anchor=('center', 'center'), autoLog=True, color=array([1., 1., 1.]), colorSpace='rgb', contrast=1.0, depth=0, draggable=False, flipHoriz=np.False_, flipVert=np.False_, image=str(...), interpolate=True, mask=None, maskParams=None, name='unnamed ImageStim', opacity=1, ori=0.0, pos=array([-0.27,  0.  ]), size=array([0.22, 0.35]), texRes=128, units='height', win=Window(...))
503.2383 	EXP 	Created unnamed ImageStim = ImageStim(__class__=<class 'psychopy.visual.image.ImageStim'>, anchor=('center', 'center'), autoLog=True, color=array([1., 1., 1.]), colorSpace='rgb', contrast=1.0, depth=0, draggable=False, flipHoriz=np.False_, flipVert=np.False_, image=str(...), interpolate=True, mask=None, maskParams=None, name='unnamed ImageStim', opacity=1, ori=0.0, pos=array([0., 0.]), size=array([0.22, 0.35]), texRes=128, units='height', win=Window(...))
503.2645 	EXP 	Created unnamed ImageStim = ImageStim(__class__=<class 'psychopy.visual.image.ImageStim'>, anchor=('center', 'center'), autoLog=True, color=array([1., 1., 1.]), colorSpace='rgb', contrast=1.0, depth=0, draggable=False, flipHoriz=np.False_, flipVert=np.False_, image=str(...), interpolate=True, mask=None, maskParams=None, name='unnamed ImageStim', opacity=1, ori=0.0, pos=array([0.27, 0.  ]), size=array([0.22, 0.35]), texRes=128, units='height', win=Window(...))
503.2771 	EXP 	Created unnamed ImageStim = ImageStim(__class__=<class 'psychopy.visual.image.ImageStim'>, anchor=('center', 'center'), autoLog=True, color=array([1., 1., 1.]), colorSpace='rgb', contrast=1.0, depth=0, draggable=False, flipHoriz=np.False_, flipVert=np.False_, image=str(...), interpolate=True, mask=None, maskParams=None, name='unnamed ImageStim', opacity=1, ori=0.0, pos=array([-0.135,  0.   ]), size=array([0.035, 0.035]), texRes=128, units='height', win=Window(...))
503.2896 	EXP 	Created unnamed ImageStim = ImageStim(__class__=<class 'psychopy.visual.image.ImageStim'>, anchor=('center', 'center'), autoLog=True, color=array([1., 1., 1.]), colorSpace='rgb', contrast=1.0, depth=0, draggable=False, flipHoriz=np.False_, flipVert=np.False_, image=str(...), interpolate=True, mask=None, maskParams=None, name='unnamed ImageStim', opacity=1, ori=0.0, pos=array([0.135, 0.   ]), size=array([0.035, 0.035]), texRes=128, units='height', win=Window(...))
503.3089 	EXP 	MainTrial_keep_alive: autoDraw = False
503.3089 	EXP 	MainTrial_keep_alive: autoDraw = True
503.3740 	DATA 	Keypress: space
503.6649 	DATA 	Keypress: space
503.9469 	DATA 	Keypress: space
504.2359 	DATA 	Keypress: space
504.2840 	EXP 	New trial (rep=0, index=37): <Trial 37 (37 in rep 0) data={'trial_id': 'd026_set1_it_ic', 'random_order': np.int64(118), 'dataset_number': np.int64(26), 'dataset_slug': '026_sleep_drag_log', 'dataset_label': 'sleep_drag_log', 'stimulus_set': np.int64(1), 'condition_id': 'it_ic', 'condition_name': 'intransitive_incohesive', 'cohesion': 'incohesive', 'transitivity': 'intransitive', 'n_images': np.int64(3), 'img1': 'MainStimuli/026_sleep_drag_log/ic_1.png', 'img1_role': 'ic_1', 'img2': 'MainStimuli/026_sleep_drag_log/it_target.png', 'img2_role': 'it_target', 'img3': 'MainStimuli/026_sleep_drag_log/end_ic_it.png', 'img3_role': 'end_ic_it', 'img4': None, 'img4_role': None, 'between_image': 'BetweenTrials/img-20250813-wa0011.jpg', 'audio_probe': np.int64(0), 'between_audio': None, 'between_audio_lock_sec': np.int64(0), 'source_dataset_folder': '/Users/matveikurzukov/Library/CloudStorage/GoogleDrive-apazent@gmail.com/.shortcut-targets-by-id/1exBA-7XrpLfZc6s8oGNYTbmjGsu5dT6p/Gurung stimuli/26_sleep_drag log', 'thisN': 37, 'thisTrialN': 37, 'thisRepN': 0}>
504.3109 	EXP 	Created unnamed ImageStim = ImageStim(__class__=<class 'psychopy.visual.image.ImageStim'>, anchor=('center', 'center'), autoLog=True, color=array([1., 1., 1.]), colorSpace='rgb', contrast=1.0, depth=0, draggable=False, flipHoriz=np.False_, flipVert=np.False_, image=str(...), interpolate=True, mask=None, maskParams=None, name='unnamed ImageStim', opacity=1, ori=0.0, pos=array([-0.27,  0.  ]), size=array([0.22, 0.35]), texRes=128, units='height', win=Window(...))
504.3349 	EXP 	Created unnamed ImageStim = ImageStim(__class__=<class 'psychopy.visual.image.ImageStim'>, anchor=('center', 'center'), autoLog=True, color=array([1., 1., 1.]), colorSpace='rgb', contrast=1.0, depth=0, draggable=False, flipHoriz=np.False_, flipVert=np.False_, image=str(...), interpolate=True, mask=None, maskParams=None, name='unnamed ImageStim', opacity=1, ori=0.0, pos=array([0., 0.]), size=array([0.22, 0.35]), texRes=128, units='height', win=Window(...))
504.3609 	EXP 	Created unnamed ImageStim = ImageStim(__class__=<class 'psychopy.visual.image.ImageStim'>, anchor=('center', 'center'), autoLog=True, color=array([1., 1., 1.]), colorSpace='rgb', contrast=1.0, depth=0, draggable=False, flipHoriz=np.False_, flipVert=np.False_, image=str(...), interpolate=True, mask=None, maskParams=None, name='unnamed ImageStim', opacity=1, ori=0.0, pos=array([0.27, 0.  ]), size=array([0.22, 0.35]), texRes=128, units='height', win=Window(...))
504.3735 	EXP 	Created unnamed ImageStim = ImageStim(__class__=<class 'psychopy.visual.image.ImageStim'>, anchor=('center', 'center'), autoLog=True, color=array([1., 1., 1.]), colorSpace='rgb', contrast=1.0, depth=0, draggable=False, flipHoriz=np.False_, flipVert=np.False_, image=str(...), interpolate=True, mask=None, maskParams=None, name='unnamed ImageStim', opacity=1, ori=0.0, pos=array([-0.135,  0.   ]), size=array([0.035, 0.035]), texRes=128, units='height', win=Window(...))
504.3861 	EXP 	Created unnamed ImageStim = ImageStim(__class__=<class 'psychopy.visual.image.ImageStim'>, anchor=('center', 'center'), autoLog=True, color=array([1., 1., 1.]), colorSpace='rgb', contrast=1.0, depth=0, draggable=False, flipHoriz=np.False_, flipVert=np.False_, image=str(...), interpolate=True, mask=None, maskParams=None, name='unnamed ImageStim', opacity=1, ori=0.0, pos=array([0.135, 0.   ]), size=array([0.035, 0.035]), texRes=128, units='height', win=Window(...))
504.4088 	EXP 	MainTrial_keep_alive: autoDraw = False
504.4088 	EXP 	MainTrial_keep_alive: autoDraw = True
504.5311 	DATA 	Keypress: space
504.8304 	DATA 	Keypress: space
505.1446 	DATA 	Keypress: space
505.4649 	DATA 	Keypress: space
505.5171 	EXP 	New trial (rep=0, index=38): <Trial 38 (38 in rep 0) data={'trial_id': 'd019_set1_tr_ic', 'random_order': np.int64(119), 'dataset_number': np.int64(19), 'dataset_slug': '019_sit_crack_egg', 'dataset_label': 'sit_crack_egg', 'stimulus_set': np.int64(1), 'condition_id': 'tr_ic', 'condition_name': 'transitive_incohesive', 'cohesion': 'incohesive', 'transitivity': 'transitive', 'n_images': np.int64(3), 'img1': 'MainStimuli/019_sit_crack_egg/ic_1.png', 'img1_role': 'ic_1', 'img2': 'MainStimuli/019_sit_crack_egg/tr_target.png', 'img2_role': 'tr_target', 'img3': 'MainStimuli/019_sit_crack_egg/end_ic_tr.png', 'img3_role': 'end_ic_tr', 'img4': None, 'img4_role': None, 'between_image': 'BetweenTrials/img_20260522_165652.jpg', 'audio_probe': np.int64(1), 'between_audio': 'Audio/tsakyali.wav', 'between_audio_lock_sec': np.int64(10), 'source_dataset_folder': '/Users/matveikurzukov/Library/CloudStorage/GoogleDrive-apazent@gmail.com/.shortcut-targets-by-id/1exBA-7XrpLfZc6s8oGNYTbmjGsu5dT6p/Gurung stimuli/19_sit_crack egg', 'thisN': 38, 'thisTrialN': 38, 'thisRepN': 0}>
505.5404 	EXP 	Created unnamed ImageStim = ImageStim(__class__=<class 'psychopy.visual.image.ImageStim'>, anchor=('center', 'center'), autoLog=True, color=array([1., 1., 1.]), colorSpace='rgb', contrast=1.0, depth=0, draggable=False, flipHoriz=np.False_, flipVert=np.False_, image=str(...), interpolate=True, mask=None, maskParams=None, name='unnamed ImageStim', opacity=1, ori=0.0, pos=array([-0.27,  0.  ]), size=array([0.22, 0.35]), texRes=128, units='height', win=Window(...))
505.5666 	EXP 	Created unnamed ImageStim = ImageStim(__class__=<class 'psychopy.visual.image.ImageStim'>, anchor=('center', 'center'), autoLog=True, color=array([1., 1., 1.]), colorSpace='rgb', contrast=1.0, depth=0, draggable=False, flipHoriz=np.False_, flipVert=np.False_, image=str(...), interpolate=True, mask=None, maskParams=None, name='unnamed ImageStim', opacity=1, ori=0.0, pos=array([0., 0.]), size=array([0.22, 0.35]), texRes=128, units='height', win=Window(...))
505.5904 	EXP 	Created unnamed ImageStim = ImageStim(__class__=<class 'psychopy.visual.image.ImageStim'>, anchor=('center', 'center'), autoLog=True, color=array([1., 1., 1.]), colorSpace='rgb', contrast=1.0, depth=0, draggable=False, flipHoriz=np.False_, flipVert=np.False_, image=str(...), interpolate=True, mask=None, maskParams=None, name='unnamed ImageStim', opacity=1, ori=0.0, pos=array([0.27, 0.  ]), size=array([0.22, 0.35]), texRes=128, units='height', win=Window(...))
505.6032 	EXP 	Created unnamed ImageStim = ImageStim(__class__=<class 'psychopy.visual.image.ImageStim'>, anchor=('center', 'center'), autoLog=True, color=array([1., 1., 1.]), colorSpace='rgb', contrast=1.0, depth=0, draggable=False, flipHoriz=np.False_, flipVert=np.False_, image=str(...), interpolate=True, mask=None, maskParams=None, name='unnamed ImageStim', opacity=1, ori=0.0, pos=array([-0.135,  0.   ]), size=array([0.035, 0.035]), texRes=128, units='height', win=Window(...))
505.6159 	EXP 	Created unnamed ImageStim = ImageStim(__class__=<class 'psychopy.visual.image.ImageStim'>, anchor=('center', 'center'), autoLog=True, color=array([1., 1., 1.]), colorSpace='rgb', contrast=1.0, depth=0, draggable=False, flipHoriz=np.False_, flipVert=np.False_, image=str(...), interpolate=True, mask=None, maskParams=None, name='unnamed ImageStim', opacity=1, ori=0.0, pos=array([0.135, 0.   ]), size=array([0.035, 0.035]), texRes=128, units='height', win=Window(...))
505.6622 	EXP 	: sampleRate = 48000
505.6622 	EXP 	: channels = None
505.6624 	EXP 	: sampleRate = 48000
505.6629 	EXP 	Sound  reached end of file
505.6629 	EXP 	Playing sound  on speaker MacBook Air Speakers
505.6921 	EXP 	MainTrial_keep_alive: autoDraw = False
505.6921 	EXP 	MainTrial_keep_alive: autoDraw = True
505.7765 	DATA 	Keypress: space
506.7642 	DATA 	Keypress: space
506.9907 	DATA 	Keypress: space
507.4387 	DATA 	Keypress: space
507.6897 	DATA 	Keypress: space
507.9802 	DATA 	Keypress: space
508.2342 	DATA 	Keypress: space
508.4823 	DATA 	Keypress: space
508.7076 	DATA 	Keypress: space
508.9291 	DATA 	Keypress: space
509.1885 	DATA 	Keypress: space
509.4385 	DATA 	Keypress: space
509.6829 	DATA 	Keypress: space
509.9180 	DATA 	Keypress: space
510.3778 	DATA 	Keypress: space
510.6385 	DATA 	Keypress: space
510.8855 	DATA 	Keypress: space
511.1308 	DATA 	Keypress: space
511.3813 	DATA 	Keypress: space
511.6053 	DATA 	Keypress: space
511.8544 	DATA 	Keypress: space
512.1132 	DATA 	Keypress: space
512.4132 	DATA 	Mouse: Left button down, pos=(408,755)
512.4289 	DATA 	Mouse:  Left button up, pos=(408,755)
512.5374 	DATA 	Keypress: space
512.7931 	DATA 	Keypress: space
513.0043 	DATA 	Keypress: space
513.2567 	DATA 	Keypress: space
513.4887 	DATA 	Keypress: space
513.7233 	DATA 	Keypress: space
513.9703 	DATA 	Keypress: space
514.1966 	DATA 	Keypress: space
514.4291 	DATA 	Keypress: space
514.6553 	DATA 	Keypress: space
514.8863 	DATA 	Keypress: space
515.1140 	DATA 	Keypress: space
515.3470 	DATA 	Keypress: space
515.5487 	DATA 	Keypress: space
515.8132 	DATA 	Keypress: space
515.8256 	EXP 	Sound  stopped
516.0307 	DATA 	Keypress: space
516.2382 	DATA 	Keypress: space
516.4772 	DATA 	Keypress: space
516.5185 	EXP 	New trial (rep=0, index=39): <Trial 39 (39 in rep 0) data={'trial_id': 'd020_set1_it_ic', 'random_order': np.int64(120), 'dataset_number': np.int64(20), 'dataset_slug': '020_come_plant_sapling', 'dataset_label': 'come_plant_sapling', 'stimulus_set': np.int64(1), 'condition_id': 'it_ic', 'condition_name': 'intransitive_incohesive', 'cohesion': 'incohesive', 'transitivity': 'intransitive', 'n_images': np.int64(3), 'img1': 'MainStimuli/020_come_plant_sapling/ic_1.png', 'img1_role': 'ic_1', 'img2': 'MainStimuli/020_come_plant_sapling/it_target.png', 'img2_role': 'it_target', 'img3': 'MainStimuli/020_come_plant_sapling/end_ic_it.png', 'img3_role': 'end_ic_it', 'img4': None, 'img4_role': None, 'between_image': 'BetweenTrials/img-20250813-wa0011.jpg', 'audio_probe': np.int64(0), 'between_audio': None, 'between_audio_lock_sec': np.int64(0), 'source_dataset_folder': '/Users/matveikurzukov/Library/CloudStorage/GoogleDrive-apazent@gmail.com/.shortcut-targets-by-id/1exBA-7XrpLfZc6s8oGNYTbmjGsu5dT6p/Gurung stimuli/20_come_plant sapling', 'thisN': 39, 'thisTrialN': 39, 'thisRepN': 0}>
516.5469 	EXP 	Created unnamed ImageStim = ImageStim(__class__=<class 'psychopy.visual.image.ImageStim'>, anchor=('center', 'center'), autoLog=True, color=array([1., 1., 1.]), colorSpace='rgb', contrast=1.0, depth=0, draggable=False, flipHoriz=np.False_, flipVert=np.False_, image=str(...), interpolate=True, mask=None, maskParams=None, name='unnamed ImageStim', opacity=1, ori=0.0, pos=array([-0.27,  0.  ]), size=array([0.22, 0.35]), texRes=128, units='height', win=Window(...))
516.5735 	EXP 	Created unnamed ImageStim = ImageStim(__class__=<class 'psychopy.visual.image.ImageStim'>, anchor=('center', 'center'), autoLog=True, color=array([1., 1., 1.]), colorSpace='rgb', contrast=1.0, depth=0, draggable=False, flipHoriz=np.False_, flipVert=np.False_, image=str(...), interpolate=True, mask=None, maskParams=None, name='unnamed ImageStim', opacity=1, ori=0.0, pos=array([0., 0.]), size=array([0.22, 0.35]), texRes=128, units='height', win=Window(...))
516.6023 	EXP 	Created unnamed ImageStim = ImageStim(__class__=<class 'psychopy.visual.image.ImageStim'>, anchor=('center', 'center'), autoLog=True, color=array([1., 1., 1.]), colorSpace='rgb', contrast=1.0, depth=0, draggable=False, flipHoriz=np.False_, flipVert=np.False_, image=str(...), interpolate=True, mask=None, maskParams=None, name='unnamed ImageStim', opacity=1, ori=0.0, pos=array([0.27, 0.  ]), size=array([0.22, 0.35]), texRes=128, units='height', win=Window(...))
516.6151 	EXP 	Created unnamed ImageStim = ImageStim(__class__=<class 'psychopy.visual.image.ImageStim'>, anchor=('center', 'center'), autoLog=True, color=array([1., 1., 1.]), colorSpace='rgb', contrast=1.0, depth=0, draggable=False, flipHoriz=np.False_, flipVert=np.False_, image=str(...), interpolate=True, mask=None, maskParams=None, name='unnamed ImageStim', opacity=1, ori=0.0, pos=array([-0.135,  0.   ]), size=array([0.035, 0.035]), texRes=128, units='height', win=Window(...))
516.6277 	EXP 	Created unnamed ImageStim = ImageStim(__class__=<class 'psychopy.visual.image.ImageStim'>, anchor=('center', 'center'), autoLog=True, color=array([1., 1., 1.]), colorSpace='rgb', contrast=1.0, depth=0, draggable=False, flipHoriz=np.False_, flipVert=np.False_, image=str(...), interpolate=True, mask=None, maskParams=None, name='unnamed ImageStim', opacity=1, ori=0.0, pos=array([0.135, 0.   ]), size=array([0.035, 0.035]), texRes=128, units='height', win=Window(...))
516.6585 	EXP 	MainTrial_keep_alive: autoDraw = False
516.6585 	EXP 	MainTrial_keep_alive: autoDraw = True
516.7046 	DATA 	Keypress: space
516.9300 	DATA 	Keypress: space
517.1601 	DATA 	Keypress: space
517.3807 	DATA 	Keypress: space
517.4796 	EXP 	Created unnamed ImageStim = ImageStim(__class__=<class 'psychopy.visual.image.ImageStim'>, anchor=('center', 'center'), autoLog=True, color=array([1., 1., 1.]), colorSpace='rgb', contrast=1.0, depth=0, draggable=False, flipHoriz=np.False_, flipVert=np.False_, image=str(...), interpolate=True, mask=None, maskParams=None, name='unnamed ImageStim', opacity=1, ori=0.0, pos=array([0., 0.]), size=array([0.55, 0.55]), texRes=128, units='height', win=Window(...))
517.5085 	EXP 	MainTrial_keep_alive: autoDraw = False
517.5085 	EXP 	EndExperiment_keep_alive: autoDraw = True
517.6042 	DATA 	Keypress: space
517.7421 	EXP 	EndExperiment_keep_alive: autoDraw = False
517.7422 	EXP 	gurung_120_v1: status = STOPPED
517.7753 	INFO 	saved data to '/Users/matveikurzukov/gurung/psychopy_gurung_v1/data/875233_gurung_120_v1_2026-06-06_21h40.38.978.csv'
517.7795 	INFO 	saved data to /Users/matveikurzukov/gurung/psychopy_gurung_v1/data/875233_gurung_120_v1_2026-06-06_21h40.38.978.psydat
518.0024 	INFO 	Stopping keyboard key buffers.
